name,category,latitude,longitude
Swaminarayana Gurukul,bus_stop,12.8669312,77.4371016
Veeranjaneya Temple,bus_stop,12.8298144,77.412732
Lakshmisagar Gate,bus_stop,12.822675,77.4110126
Railway Station,bus_stop,12.7996321,77.3909676
Wonderla,bus_stop,12.8382537,77.4026801
Tataguni,bus_stop,12.8432537,77.5107392
Swanandashrama Bus stop,bus_stop,12.8440238,77.4942945
Agara,bus_stop,12.8443568,77.4870329
Hosapallya,bus_stop,12.8422314,77.4837859
Devagere Colony,bus_stop,12.8568358,77.4653322
Tagachaguppe,bus_stop,12.8669183,77.4551257
Pinto bore,bus_stop,12.8709751,77.4503707
Seegehalli Cross,bus_stop,12.8256583,77.4493647
Seegehalli,bus_stop,12.81874,77.4525324
Dodda Kuntanahalli,bus_stop,12.8124032,77.4497321
Eradu kamba,bus_stop,12.8490257,77.4513817
"Bgs College,B.G.S.International School",bus_stop,12.8481674,77.4610162
Gerupalya,bus_stop,12.8879964,77.4438567
Subbarayappana Palya Cross,bus_stop,12.8895024,77.4375481
Bheemanakuppe Cross,bus_stop,12.894924,77.4365954
MGM School,bus_stop,12.8972165,77.4329218
Ashrama Ramohalli,bus_stop,12.9064712,77.4285585
Hejjala,railway_station,12.8484112,77.4183276
Gollarapalya,bus_stop,12.8015038,77.425314
Vasudevapura,bus_stop,12.7979499,77.5208615
Hosa Doddi Gate,bus_stop,12.7645682,77.4874168
Gantakanadoddi cross,bus_stop,12.7410603,77.4883767
Vajramuneshwara Gate,bus_stop,12.8642963,77.5327174
Kuppa Reddy Kere,bus_stop,12.8426053,77.5178602
Chinnayyanapalya Silk Farm,bus_stop,12.8491937,77.5220679
Silk Farm,bus_stop,12.8538203,77.5234663
Dayananda Sagar College,bus_stop,12.8251632,77.5137672
Shanimahathma Temple,bus_stop,12.8367727,77.5160345
Saalu Hunase,bus_stop,12.8112779,77.5117083
Udi Palya Udayapalya,bus_stop,12.8203216,77.5139901
APS College Somanahalli,bus_stop,12.7857013,77.502223
Hejjala,bus_stop,12.85596,77.41726
Uddandahalli,bus_stop,12.8863531,77.3837731
Koluru,bus_stop,12.8913046,77.4131622
Kundalpura,bus_stop,12.8951699,77.4153901
Gandhinagara,bus_stop,12.7967519,77.5017843
Nowkal Palya,bus_stop,12.7944055,77.4892798
Nice Road Junction,bus_stop,12.9043928,77.4704723
BMTC Depot-12 Gate,bus_stop,12.9068713,77.4734496
Nice Road Junction,bus_stop,12.9045073,77.4706865
BGS Gleneagles Hospitals,hospital,12.90306,77.4974982
BGS Public School,school,12.9022641,77.4974982
Nallakkanadoddi,bus_stop,12.8228997,77.5286083
Vaddarapalya,bus_stop,12.8350827,77.5270503
Nallakkanadoddi Cross,bus_stop,12.7982935,77.5260766
Nallakkanadoddi,bus_stop,12.8099119,77.5305143
Anchipura Cross,bus_stop,12.7898492,77.4414912
Parasanapalya,bus_stop,12.799457,77.4374536
Utthari,bus_stop,12.81802,77.4928871
Thippuru,bus_stop,12.814553,77.4414172
Channegowdana Doddi,bus_stop,12.8071178,77.4292857
Lingapura,bus_stop,12.8216686,77.444154
Nalku Kamba,bus_stop,12.8558559,77.4527907
Kodipalya,bus_stop,12.7825584,77.4527334
Talaguppe,bus_stop,12.8117171,77.4334706
Bade Katte,bus_stop,12.818027,77.4899621
Chikka Kuntanahalli,bus_stop,12.7936092,77.4383924
Hemmigepura,bus_stop,12.8820567,77.4848368
Doddabele,bus_stop,12.8888387,77.4775546
Muneshwara Layout,bus_stop,12.8743403,77.4715126
Nettigere,bus_stop,12.7590689,77.4940941
Ravugodlu,bus_stop,12.7480936,77.4987126
Nishane,bus_stop,12.7398456,77.5227799
Girigowdana Doddi,bus_stop,12.7459431,77.5233677
Mukkodlu,bus_stop,12.7563615,77.5284294
Girigowdana Doddi Cross,bus_stop,12.7607119,77.5216351
Rayara Doddi,bus_stop,12.7625478,77.5174579
Tattaguppe,bus_stop,12.7722389,77.52876
Taralu,bus_stop,12.7892102,77.5223282
RNS Institute of Technology,college,12.9017846,77.5183793
Glass House Halage Vaderahalli,bus_stop,12.9067912,77.5122943
Patalamma Temple,bus_stop,12.9047275,77.5301838
Nagegowdana Palya,bus_stop,12.8678913,77.5133838
Christ University Faculty Of Engineering,college,12.863041,77.4379186
Avaragere Cross,bus_stop,12.8012215,77.384336
Bidadi,railway_station,12.8006228,77.3901726
Canara Bank,bank,12.9022871,77.5185188
Gundanjaneya Swamy Temple,bus_stop,12.7494463,77.512287
Chowkahalli,bus_stop,12.7380104,77.4113986
Bokipura,bus_stop,12.7361955,77.4736973
Vaderahalli,bus_stop,12.7409237,77.4810729
Hosuru,bus_stop,12.7427395,77.4488698
Allalasandra,bus_stop,12.7432873,77.4629165
Thokathimmanadoddi Cross,bus_stop,12.7439839,77.4789928
Kodipalya,bus_stop,12.7482219,77.4472926
Kariyana Palya,bus_stop,12.8918219,77.5208883
Ganakkal,bus_stop,12.89827,77.512036
Nagegowdana Palya Cross,bus_stop,12.8552914,77.5145498
CK Thandya Cross,bus_stop,12.8761595,77.4013324
Kaggalipura Colony,bus_stop,12.8047274,77.5049727
Gulaka Malai,bus_stop,12.8204781,77.5224844
Basapanpalya,bus_stop,12.8313708,77.5004868
Somanahalli,bus_stop,12.7722038,77.5037232
Gopalnagara,bus_stop,12.8770641,77.4166514
Subbarayappana Palya,bus_stop,12.8787185,77.4202343
Hakki Pikki Colony Cross,bus_stop,12.8389951,77.3995252
Jadenahalli,bus_stop,12.8397391,77.3955207
Thimmappana Palya,bus_stop,12.8415328,77.3926769
Bannikuppe,bus_stop,12.8471828,77.3838508
Basavanapura,bus_stop,12.8501577,77.3831226
Kurubara Karenahalli,bus_stop,12.8545857,77.383872
Ketaganahalli,bus_stop,12.813335,77.3904944
CK Thandya,bus_stop,12.8705623,77.3975649
Hakki Pikki Colony,bus_stop,12.8451436,77.4009297
Devalingayyana Palya,bus_stop,12.8497459,77.4159428
Hejjala Colony,bus_stop,12.8523585,77.4154162
Thoredoddi,bus_stop,12.7574619,77.3982225
Kadumane Hotel,bus_stop,12.8156894,77.4076601
Anchepalya,bus_stop,12.8926535,77.4574515
Rajarajeshwari Medical College,bus_stop,12.8966015,77.460929
Kaniminike,bus_stop,12.8634312,77.4338481
Pepsi Gate,bus_stop,12.8730716,77.4398093
Kaniminike Colony,bus_stop,12.8580199,77.4288005
Swaminarayana Gurukul,bus_stop,12.8668122,77.4368213
Sheshagiri Halli,bus_stop,12.8436969,77.4210532
Lakshmisagar Gate,bus_stop,12.8225183,77.4104631
Sheshagiri Halli,bus_stop,12.8438488,77.421585
Tibetan College,bus_stop,12.8504871,77.4241787
Pepsi Gate,bus_stop,12.8728736,77.4401625
Tibetan College,bus_stop,12.8505948,77.4247269
Rajarajeshwari Medical College,bus_stop,12.8965388,77.4611007
Anche Palya,bus_stop,12.8921999,77.4575065
Kadumane Hotel,bus_stop,12.8156931,77.4074981
Railway Station,bus_stop,12.7997785,77.3907557
Byramangala Cross,bus_stop,12.8035626,77.3981197
Bidadi,bus_stop,12.7968079,77.3845511
Bananduru,bus_stop,12.7772754,77.3977885
Channasandra,bus_stop,12.9028393,77.5214275
Chanasandra Colony,bus_stop,12.9033405,77.5161464
Indo American Hybrid Farm,bus_stop,12.9039806,77.512583
Omkar Hills,bus_stop,12.9047297,77.50464
Byramangala Cross,bus_stop,12.8036044,77.3983334
Bidadi,bus_stop,12.7966117,77.3846242
Karubele,bus_stop,12.8747102,77.4657556
Jyothi Farm,bus_stop,12.8597084,77.5286548
Lakshmipura,bus_stop,12.8333438,77.5137889
Saala Doddi,bus_stop,12.8301684,77.513055
Kaggalipura,bus_stop,12.8001372,77.5082934
Gandhinagara Kaggalipura,bus_stop,12.7900321,77.5044125
KEB Office Somanahalli,bus_stop,12.7823184,77.4994431
Somanahalli gate,bus_stop,12.7804293,77.4967485
Vajramuneshwara Temple,bus_stop,12.8527766,77.5302443
Vasudevapura,bus_stop,12.8180141,77.5206294
Chudahalli,bus_stop,12.7822519,77.4894448
Naganayakanahalli,bus_stop,12.792354,77.4777332
Aladamara,bus_stop,12.7887297,77.4837065
Mallipalya,bus_stop,12.795825,77.4740076
Nellagulli Cross,bus_stop,12.7741183,77.4920344
Sundaram Estate,bus_stop,12.7747802,77.4784485
Karenahalli,bus_stop,12.7824994,77.4688298
Gudipalya,bus_stop,12.7941412,77.4838084
Nettigere Gate,bus_stop,12.7612292,77.4865598
Bolare,bus_stop,12.7542962,77.4847004
Ravogodlu gate,bus_stop,12.7491919,77.4864717
Shanumangala Cross,bus_stop,12.7920171,77.438897
Shanumangala,bus_stop,12.7949408,77.4320021
Eagleton Gate,bus_stop,12.8105131,77.4163524
Narayanapura,bus_stop,12.7924856,77.4608619
Kattalepalya,bus_stop,12.7969777,77.4642613
Jogana Palya,bus_stop,12.7811904,77.4394225
Anchipura Colony,bus_stop,12.7673832,77.4388688
Banjarapalya,bus_stop,12.8305974,77.4856477
Gangasandra,bus_stop,12.8463637,77.4705664
BGS College Gate,bus_stop,12.8466337,77.4624613
Gollahalli,bus_stop,12.8433644,77.4515227
Gonipura,bus_stop,12.8323434,77.4510969
Thittahalli,bus_stop,12.8217557,77.4604137
MRV Bricks Factory,bus_stop,12.8194527,77.4607345
BGS College Cross,bus_stop,12.8474259,77.4688917
Kumbalagodu,bus_stop,12.8794234,77.4462211
Kumbalagodu,bus_stop,12.8793226,77.4457076
Ramohalli Cross,bus_stop,12.8868428,77.4513116
Ramohalli Cross,bus_stop,12.8866203,77.4508184
Basavanagara,bus_stop,12.900973,77.4671249
Basavanagara,bus_stop,12.9010645,77.4676251
Bannigiri,bus_stop,12.7472328,77.4333103
Matada Bailu,bus_stop,12.7486995,77.42858
Byramangala,bus_stop,12.7488172,77.4244934
Jettipalya,bus_stop,12.7504657,77.4730145
Thokathimmanadoddi,bus_stop,12.7482539,77.479879
Apco Factory,bus_stop,12.7621096,77.4702763
Gollahalli,bus_stop,12.75352,77.4521834
Kodi Palya Cross,bus_stop,12.7539386,77.4475539
Bannigiri,bus_stop,12.7562454,77.4363965
Hosa Doddi,bus_stop,12.7654624,77.4837514
Sadanapalya gate,bus_stop,12.768029,77.4885449
Sadanapalya,bus_stop,12.7687806,77.4829138
Veerasandra,bus_stop,12.7567375,77.4806078
Gulaka Malai,bus_stop,12.7977364,77.5241965
Gadipalya,bus_stop,12.7663591,77.5284248
Dinnepalya,bus_stop,12.811453,77.4923823
Thimmegowdana Palya,bus_stop,12.8245059,77.4845607
Ganigara Palya,bus_stop,12.8759616,77.5332439
Chikkegowdana Palya,bus_stop,12.8785727,77.5151455
Gattigere Palya,bus_stop,12.8820003,77.5013924
Sompura,bus_stop,12.8778149,77.4966267
Dasegowdana Palya,bus_stop,12.8805375,77.5055475
Lakshmi Devastana,bus_stop,12.8863796,77.4983439
Sridhara Gudda,bus_stop,12.8991288,77.4876092
Konasandra Cross,bus_stop,12.892572,77.4863349
Madarasa School,bus_stop,12.8808129,77.4594177
St Bentic School,bus_stop,12.8871039,77.4588222
Kambipura,bus_stop,12.8718914,77.4617673
Jandemara,bus_stop,12.8748044,77.4612498
Kengeri RWS Gate,bus_stop,12.9041118,77.4757893
Bhimanakuppe,bus_stop,12.9040883,77.4383518
Vinayaka Nagara,bus_stop,12.9029695,77.4301728
H Gollahalli,bus_stop,12.8760451,77.4801467
Channaveeraiahna Palya,bus_stop,12.8756058,77.4870034
Varahasandra,bus_stop,12.8774351,77.4902322
Doddipalya,bus_stop,12.8578812,77.4726031
JSS College,bus_stop,12.9039299,77.5094821
BEML Layout 5th Stage,bus_stop,12.9066721,77.5215371
Kaniminike,bus_stop,12.8631592,77.43384
Kaniminike Colony,bus_stop,12.8580771,77.4291287
Hejjala Cross,bus_stop,12.8550579,77.4269368
Hejjala Cross,bus_stop,12.855291,77.426377
Manchanayakanahalli Gate,bus_stop,12.8343257,77.4146461
Manchanayakanahalli Gate,bus_stop,12.8346215,77.4140239
Veeranjaneya Temple,bus_stop,12.8297726,77.4123046
Billa Kempanahalli,bus_stop,12.8102832,77.4064424
Hampapura,bus_stop,12.8307318,77.4289288
J. U. Industrial Training Institute,bus_stop,12.8366277,77.4104438
Vajara Halli,bus_stop,12.8239118,77.391568
KHB Colony,bus_stop,12.8025383,77.3864275
Billakempanahalli,bus_stop,12.8121239,77.4040288
Billakempana Halli,bus_stop,12.8119936,77.403806
Devagere Cross,bus_stop,12.864357,77.4569097
Bychohalli,bus_stop,12.8062693,77.438157
Pichaguntarya Palya,bus_stop,12.8049754,77.4223172
Anchipura,bus_stop,12.770235,77.4320434
Ittamadu,bus_stop,12.7566154,77.4045923
Ramanahalli,bus_stop,12.7416832,77.401627
Chikkaluru Cross,bus_stop,12.8918045,77.4217798
Lakkayyanapalya,bus_stop,12.8894582,77.4024734
Ram pura,bus_stop,12.8902501,77.3988205
Donnenahalli,bus_stop,12.8921937,77.392031
Kenchanapalya,bus_stop,12.8443722,77.4453831
Kallegoudana Palya,bus_stop,12.8468691,77.4471008
Gaviyana Palya,bus_stop,12.8408987,77.4700551
Aladamara,bus_stop,12.8244819,77.48989
Muthurayana Pura,bus_stop,12.8595929,77.4005088
Karenahalli Cross,bus_stop,12.8620188,77.3950577
CK Thandya Cross,bus_stop,12.8653248,77.3922746
Dodderei Colony,bus_stop,12.8673631,77.3840262
Canara Bank,bank,12.8013009,77.3947239
Jnana Vikas Degree College,college,12.8000409,77.3962371
Jnana Vikas School,school,12.7982308,77.394607
Syndicate Bank,bank,12.8010775,77.3944351
Anand Clinic,hospital,12.8002465,77.5088745
Sanjeevani Clinic,hospital,12.8011096,77.5084507
Government Hospital,hospital,12.8047243,77.5109371
Rajarajeshwari Hospital and Medical College,hospital,12.896052,77.4618775
State Bank of India,bank,12.9043665,77.5053944
UCO Bank,bank,12.9048448,77.5050195
SJB Institute of Technology,college,12.8990538,77.4963065
IBS business school,school,12.8982,77.4640772
Unnamed,bus_stop,12.7968405,77.3835939
The Study,school,12.8499585,77.5060551
Unnamed,school,12.7742046,77.5297573
State Bank of India,bank,12.8026883,77.5088247
Abbanakuppe,bus_stop,12.7739716,77.4096801
YMCA Public School Mysore Road,bus_stop,12.8734534,77.4484346
Byramangala Cross,bus_stop,12.8668247,77.4538993
Kodipalya,bus_stop,12.9044751,77.4879509
Konasandra,bus_stop,12.8897814,77.4856871
Thimmappana Palya,bus_stop,12.8415069,77.3927479
"Prashanthi Hospital, Ramanagara",hospital,12.7975651,77.3844726
Chitrakala Parishattu,college,12.902777,77.5073782
"Government Hospital, Byramangala",hospital,12.7501642,77.4223844
"Government Hospital, Bidadi",hospital,12.7962258,77.3850964
Ganakkal,bus_stop,12.8984779,77.5122102
Chinkurchi,bus_stop,12.8274696,77.4595899
Block 5,college,12.8619368,77.4385339
Provident Sunworth Apartments,bus_stop,12.8824672,77.4718418
Challaghatta,railway_station,12.8973539,77.4612877
Silk Institute,railway_station,12.8617298,77.5299545
Sai Krupa Hospital,hospital,12.8629885,77.4330082
S.G.K. Modern Public School,school,12.899218,77.4681595
Chikkegowdana Palya,bus_stop,12.8786603,77.5151815
Abbanakuppe,bus_stop,12.7741232,77.4093904
Mantri Alpyne Apartment,bus_stop,12.9044908,77.5271876
Patalamma Temple,bus_stop,12.9049353,77.5299919
Mantri Alpyne Apartment,bus_stop,12.904517,77.526961
Channasandra,bus_stop,12.9029038,77.5213632
Channasandra Colony,bus_stop,12.9034398,77.5161114
Indo American Hybrid Farm,bus_stop,12.9041209,77.5122826
JSS College,bus_stop,12.9039101,77.5079723
Omkar Hills,bus_stop,12.9048235,77.5045243
St. Benedict's Church,bus_stop,12.8845469,77.4630332
Doddabele,bus_stop,12.8884898,77.4716806
Shanimahathma Temple,bus_stop,12.8368122,77.5158748
Lakshmipura,bus_stop,12.833359,77.5136882
Dayananda Sagar College,bus_stop,12.8251148,77.5135674
Kariyanapalya,bus_stop,12.8928366,77.5217736
Srinivasapura Uttarahalli Road,bus_stop,12.90139,77.5109321
Srinivasapura,bus_stop,12.9038372,77.5106478
Srinivasapura Uttarahalli Road,bus_stop,12.9015731,77.5107148
Kariyanapalya,bus_stop,12.8926522,77.5217005
Silk Institute Metro Station,bus_stop,12.8610895,77.5297183
Jyothi Farm,bus_stop,12.8600704,77.5290906
Vajramuneshwara Gate,bus_stop,12.8646641,77.5333004
Petrichor,shopping,12.8857784,77.4641664
Sommanahalli Toll,bus_stop,12.7828808,77.5004219
Kaggalipura,bus_stop,12.8001885,77.5084551
Silk Institute Metro Station,bus_stop,12.8619812,77.5299396
Art of Living Sri Ravishankar Ashram,bus_stop,12.8280322,77.5126179
Ganigarapalya,bus_stop,12.8761419,77.5331984
Chikkegowdanapalya Junction,bus_stop,12.878082,77.5166827
MRB Grand Hotel,bus_stop,12.8882806,77.5161691
Kariyanapalya Cross (80 Foot Road Junction),bus_stop,12.8922601,77.5144109
Srinivasapura,bus_stop,12.9039352,77.5108355
JSS College,bus_stop,12.9037869,77.507973
Vishal Mega Mart,shopping,12.9036676,77.5078566
Top in Town,shopping,12.9040944,77.5080064
Shopping City Hyper Market,shopping,12.9038987,77.5122395
Happy Home Super Mart,shopping,12.9006554,77.4876132
Mamtha Super Market,shopping,12.9033332,77.4875944
JSS Academy of Technical Education,college,12.9025617,77.5050775
Jnana Sweekar Public School,school,12.8664621,77.5339062
Unnamed,park,12.9018662,77.5326071
Canara Bank,bank,12.9021129,77.5190255
ACS College of Engineering,college,12.8912228,77.4653706
Rajarajeshwari College of Engineering,college,12.886691,77.4496199
Rajarajeswari Dental College and Hospital,college,12.8877537,77.450487
JSS School,school,12.9030917,77.5103778
Adichunchanagiri Shikshana Trust,college,12.9012695,77.4972635
The Valley School,school,12.8535766,77.5101577
SDM Institute of Ayurveda & Hospital,hospital,12.8938602,77.4572342
Maharishi Institute of Management,college,12.8198006,77.411327
Rajarajeshwari Medical College and Hospital,college,12.8939067,77.462609
Marigold International School,school,12.8916785,77.4540001
Unnamed,college,12.8565148,77.4555819
Jnana Vikas Institute of Technology,college,12.7997426,77.3947066
JIT's mini park,park,12.8417209,77.5122472
Unnamed,park,12.8595647,77.5291674
Open Air Auditorium,college,12.862723,77.4385794
"National Public School, Banashankari",school,12.8985074,77.5274508
Sri Sri Ayurveda hospital,hospital,12.8222,77.5217734
Dayananda Sagar Academy of Technology and Management,college,12.8250806,77.515023
Deeksha PU College,school,12.8620252,77.5313659
Unnamed,park,12.8806072,77.4656068
Unnamed,park,12.8834892,77.4637963
Unnamed,park,12.8814609,77.4652782
Unnamed,park,12.8807955,77.4647183
Unnamed,park,12.8805398,77.4640289
Unnamed,park,12.8807934,77.4637547
Unnamed,park,12.8797757,77.464099
Unnamed,park,12.8800875,77.4643301
Unnamed,park,12.8801607,77.4638929
Unnamed,park,12.8846041,77.4639103
E,park,12.8815284,77.4637824
D,park,12.8817044,77.4632182
C,park,12.8822204,77.4632645
F,park,12.8821375,77.4638372
B,park,12.8827876,77.4634114
A,park,12.8828019,77.4638865
Unnamed,park,12.8823473,77.4643622
Unnamed,park,12.8823139,77.4646298
Shree Swaminarayana Gurukul International,school,12.8655143,77.4385704
The Dalai Lama Institute for Higher Education,college,12.8483709,77.4262486
Tyagaraju Central School,school,12.8037894,77.3973325
Unnamed,park,12.8808103,77.4703932
Unnamed,park,12.7875695,77.5111668
Unnamed,park,12.7864477,77.5114978
Unnamed,park,12.7879087,77.5121358
Unnamed,park,12.7880122,77.51192
Unnamed,park,12.7880645,77.5116133
Edify School,school,12.787678,77.5025126
Unnamed,park,12.7896097,77.5135003
Unnamed,park,12.7877813,77.5124039
Unnamed,park,12.7857496,77.5119238
Unnamed,park,12.7872909,77.5178549
Unnamed,park,12.7878752,77.5147566
Unnamed,park,12.7864474,77.514957
Unnamed,park,12.8152203,77.5095581
Childrens Park,park,12.8133833,77.5085754
Unnamed,park,12.7974056,77.4225513
Chirst University - Kengeri Campus,college,12.860892,77.4387988
Elders,park,12.8865066,77.4540595
Unnamed,park,12.8622285,77.4381969
Unnamed,park,12.860952,77.4372535
Arch ground,park,12.8601708,77.4389307
S Mart,shopping,12.8968989,77.4620195
APS College Somanahalli,college,12.7857346,77.4979261
Amphitheater,park,12.8829709,77.4644213
DBIT Playgroud,park,12.8828096,77.4456321
Don Bosco Institute of Technology,college,12.8822865,77.4444334
Basket Ball Court,park,12.8803473,77.4698935
Badminton Court,park,12.8802874,77.4702063
BGS College,college,12.8488998,77.4636448
Basava Residential Girls School,school,12.8904886,77.4691111
St. Benedict's Academy,college,12.8882897,77.4598763
Chitrakala Parishattu,college,12.902964,77.5074479
RNS Institute of Technology,college,12.9007364,77.5173828
Unnamed,park,12.7905422,77.4119384
Unnamed,park,12.883567,77.4732159
Unnamed,school,12.8502749,77.5074211
Unnamed,park,12.8590519,77.513357
Unnamed,park,12.9066177,77.5289512
Unnamed,park,12.9035901,77.5289619
"National Public School, Uttarahalli",school,12.9029418,77.5321289
Unnamed,park,12.8996396,77.529611
BDA Sculpture Park,park,12.8961623,77.5252416
Indus Business Academy,college,12.8332195,77.5121822
Unnamed,park,12.8774271,77.5060129
Unnamed,park,12.8838456,77.463817
Unnamed,park,12.7849942,77.5187899
Unnamed,park,12.7844425,77.5168354
Unnamed,park,12.7852363,77.5149312
Unnamed,park,12.8149252,77.508449
IBS Business School,college,12.8972748,77.4650489
Toyota Eco Zone,park,12.7884581,77.4233495
Unnamed,school,12.8504651,77.5207248
Jyothy Institute of Technology,college,12.8422553,77.5129468
"Government High School, Kumbalagodu",college,12.8782421,77.4503115
National Academy of RUDSETI,college,12.8780656,77.4516438
RV College of Architecture,college,12.8781579,77.5130235
Chinmaya Vidyalaya Banashankari,school,12.8875805,77.4874923
Unnamed,park,12.8626481,77.4723626
St. John's Health Centre,hospital,12.8137466,77.5104134
De Paul Institute of Religion and Philosopgy,college,12.9052987,77.4469199
Unnamed,park,12.900052,77.4355211
East West College,college,12.8930771,77.439036
Unnamed,school,12.8967192,77.5293574
Unnamed,park,12.9064785,77.5323113
Unnamed,park,12.8957165,77.5311915
Unnamed,park,12.9015561,77.5134393
Unnamed,park,12.8131921,77.5075719
Unnamed,school,12.8932634,77.5223903
Unnamed,park,12.8929767,77.5329293
Unnamed,park,12.8613174,77.5212029
Unnamed,park,12.8683274,77.5243603
Unnamed,park,12.8377974,77.4203955
Unnamed,park,12.8958094,77.5301333
Fiscal Policy Institute,college,12.8986489,77.4667132
Unnamed,school,12.8386094,77.482852
Unnamed,park,12.8168919,77.4600724
Unnamed,school,12.8340419,77.4926385
St. Mary's Global Academy,college,12.9049222,77.4948419
Unnamed,school,12.9007541,77.4884411
Shubham Karoti Maitreyi Gurukul,school,12.907687,77.4285253
Amrutha Institute of Engineering,college,12.7622314,77.4107033
Unnamed,school,12.8011556,77.5259866
Cadambam's Psychiatric Hospital,hospital,12.7964954,77.5274237
Sri Sri Institute,college,12.8250586,77.520875
Unnamed,park,12.8777989,77.434274
Unnamed,park,12.8785644,77.4357083
Tattva School,school,12.8758987,77.4354091
Unnamed,park,12.8779728,77.4410477
St. Philomena's High School,school,12.8767779,77.4437984
Youth Training Centre,college,12.8769292,77.4454621
Unnamed,park,12.8930353,77.5162214
Unnamed,school,12.8318609,77.5260758
Unnamed,school,12.8490423,77.5071837
Unnamed,college,12.8883276,77.4364189
Unnamed,school,12.8920927,77.4352281
Unnamed,college,12.7816985,77.3937222
Unnamed,college,12.795194,77.388563
Unnamed,school,12.8870281,77.4846513
Unnamed,college,12.8884283,77.3998524
Unnamed,school,12.7987133,77.5118735
Kaggalipura Government Hospital,hospital,12.8050377,77.5121793
NGS Madrasa Ashraful Banat,school,12.8579776,77.5306716
Unnamed,park,12.8607117,77.5283808
State Bank of India,bank,12.8952509,77.6019087
Unnamed,school,12.8772119,77.6025994
Utharahalli Circle,bus_stop,12.9059216,77.5418887
Wipro Gate,bus_stop,12.8410319,77.6600262
International Business School,college,12.8630037,77.6594242
Swamy Hospital,hospital,12.8550625,77.6642727
Unnamed,bus_stop,12.8347115,77.6564143
Surabhi Layout,bus_stop,12.8676135,77.5819244
Jambu Savari Dinne,bus_stop,12.8656785,77.5810417
Royal Layout,bus_stop,12.8685299,77.5767089
Sarathi Nagara,bus_stop,12.8740314,77.5732065
Glass Factory,bus_stop,12.876373,77.5670619
Konanakunte Reliance Fresh,bus_stop,12.8829627,77.5661611
Konanakunte,bus_stop,12.8854474,77.5668298
Kothnuru Dinne,bus_stop,12.8769496,77.5840405
Sarala Birla Academy,bus_stop,12.8115345,77.584486
Nisarga Gate,bus_stop,12.7946749,77.6200681
Mantapa Cross,bus_stop,12.8024845,77.5964761
Jaraganahalli Cross,bus_stop,12.9014849,77.5734716
Ganapathipura,bus_stop,12.8921358,77.5720595
Bayyanapalya,bus_stop,12.874969,77.5423699
Kumaraswamy Layout Police Station,bus_stop,12.9054878,77.5627988
ISRO Layout,bus_stop,12.8990521,77.5578197
Ragi Machine,bus_stop,12.8916486,77.5603924
DAV Public School,bus_stop,12.8939792,77.5563911
Pipeline Vasanthapura,bus_stop,12.8950921,77.5550909
Vasanthapura,bus_stop,12.8963443,77.5524195
Yadalam Nagara,bus_stop,12.8964116,77.5483851
Subramanyapura KEB,bus_stop,12.8975842,77.5464565
Utharahalli,bus_stop,12.9049372,77.5434901
State Bank of India,bank,12.8986538,77.5578162
Karur Vysya Bank,bank,12.8989528,77.5575938
Jayanagar HBCS Layout,bus_stop,12.8926306,77.5429315
Nandi Garden Kothanur,bus_stop,12.8675836,77.5657088
Kidwai Layout,bus_stop,12.8589342,77.5632589
HDFC Bank,bank,12.8394263,77.6615551
Ramakrishna Hospital,hospital,12.8500655,77.6624706
ICICI Bank,bank,12.8500125,77.6627342
AMC College,bus_stop,12.8294155,77.5877321
Sampangiram Nagara,bus_stop,12.8254027,77.5863275
Hulimavu,bus_stop,12.8766497,77.6088757
Kashinagara,bus_stop,12.8986418,77.5665904
State Bank of India,bank,12.8452765,77.6649125
The Oxford Dental College & Hospital,college,12.9001507,77.630134
PESIT Bengaluru South,college,12.8617178,77.6643703
HDFC Bank,bank,12.894433,77.5683437
Gubbalala Cross,bus_stop,12.8844598,77.5516935
Konanakunte Cross,bus_stop,12.8905128,77.5646755
Metro Hospital,hospital,12.8915893,77.560715
Shobha Tulip JP Nagara,bus_stop,12.8977428,77.585959
Gubbalala School,school,12.8886669,77.5411424
State Bank of India,bank,12.9019316,77.5611814
Insight Academy,school,12.8929689,77.5596739
Chunchaghatta,bus_stop,12.8854954,77.5750342
Reliance Smart Point,shopping,12.8830441,77.565967
Adithya Nagara,bus_stop,12.8760626,77.5737784
Vinayaka Nagara Telecom Layout,bus_stop,12.8993288,77.5913849
MK Ahmed Bazar,shopping,12.9052591,77.5951539
Kudlu Gate,bus_stop,12.8895775,77.6394582
Taralu Estate,bus_stop,12.7853732,77.5341017
State Bank of India,bank,12.9061186,77.5418693
Government School,school,12.9056118,77.5434456
South Indian Bank,bank,12.872045,77.5931718
Unnamed,shopping,12.9044398,77.649016
St Francis ICSE school,school,12.8889212,77.6252612
Bommanahalli,bus_stop,12.904862,77.6300651
Singasandra,bus_stop,12.8773381,77.6469899
Sri Sapthagiri Clinic,hospital,12.8736928,77.6449626
Aralekatte Bus Stop,bus_stop,12.8797812,77.6245363
Yelenahalli Bus Stop,bus_stop,12.8678276,77.6159932
Government Primary School Yelenahalli,school,12.867378,77.6162668
Garavebhavipalaya,bus_stop,12.8962931,77.6357338
Apollo Clinic,hospital,12.8517246,77.6681472
Smart Supermarket,shopping,12.8948991,77.6093817
Daily fresh supermarket,shopping,12.8946896,77.6092646
Nilgiri's,shopping,12.841522,77.6475948
Wipro Gate,bus_stop,12.8385045,77.6586055
More,shopping,12.9055748,77.6057437
Canara Bank,bank,12.8403072,77.6637887
Indian Bank,bank,12.8498474,77.6628201
National Co-operative Bank Ltd.,bank,12.8896145,77.639937
Bommanahalli,bus_stop,12.9053733,77.6301576
Garavebhavipalaya,bus_stop,12.8962015,77.6353965
Kudlu Gate,bus_stop,12.8899174,77.6396808
Konappana Agrahara,bus_stop,12.8541313,77.6661087
Singasandra,bus_stop,12.8787449,77.6465392
Vinayaka Specialty Hospital,hospital,12.8990004,77.6218548
Hebbagodi,bus_stop,12.8256264,77.6829138
Four Points,shopping,12.840586,77.6512633
Hebbagodi,bus_stop,12.8257037,77.6832319
"Government Primary School, Vittasandra",school,12.8594794,77.6344242
"Government Primary Healthcare Center, Begur",hospital,12.8778532,77.6246582
Shanubhoganahalli,bus_stop,12.8267018,77.5613418
Maruthi Badavane,bus_stop,12.8400106,77.5806403
More,shopping,12.8378668,77.6559722
Everfine Super Market,shopping,12.8903823,77.5819754
Capitol Public School,school,12.8880679,77.5810131
Smart Bazaar,shopping,12.8872149,77.5817813
Nayantara Opticals,hospital,12.8924828,77.6198497
Vijaya Bank,bank,12.8923796,77.6112261
HDFC Bank,bank,12.8915522,77.6045379
Kalkere,bus_stop,12.8327396,77.5891907
Weavers Colony,bus_stop,12.844515,77.583665
Andhra Bank,bank,12.8894723,77.5820065
State Bank of India,bank,12.8891563,77.5820091
Axis Bank,bank,12.8868474,77.5819283
HDFC Bank,bank,12.8844534,77.5825987
Corporation Bank,bank,12.8823536,77.5835185
Pearl City Super Market,shopping,12.8831879,77.6102566
Electronics City Depot No: 19 Gate,bus_stop,12.8482046,77.6707682
T.R.Hospital,hospital,12.8807554,77.5841671
Capitol College of Nursing,college,12.8849462,77.5818317
Rainbow Clinic and Diagnostic Laboratory,hospital,12.891484,77.5816961
Cambridge School Kothanur,school,12.886025,77.5856544
ICICI Bank,bank,12.8904007,77.5824633
Chunchagatta,bus_stop,12.8914833,77.575556
Green Mart,shopping,12.8815935,77.5835331
UCO Bank,bank,12.890184,77.5823622
Syndicate Bank,bank,12.8842357,77.5826768
Konappana Agrahara,bus_stop,12.853297,77.6663956
"Rajnandani Hospital, Bangalore",hospital,12.8845448,77.5701276
Ten Ten Nimma Supermarket,shopping,12.8953157,77.5863222
Puttenahalli,bus_stop,12.8981831,77.5824632
Bangalore Scottish School,school,12.8803576,77.5796579
Karnataka Bank,bank,12.8881605,77.5820229
Srinidhi Public School,school,12.8828036,77.5704042
Vaddarapalya,bus_stop,12.8603818,77.5740779
Thippasandra,bus_stop,12.8736611,77.5568263
Benison,shopping,12.8836585,77.5959959
Arekere Gate,bus_stop,12.8902593,77.5979064
Arekere BPL,bus_stop,12.8867874,77.5967537
Arakere BPL,bus_stop,12.8868411,77.5969514
Hulimavu Gate,bus_stop,12.8808897,77.5959519
Hulimaavu Gate,bus_stop,12.881492,77.5958581
State Bank of India,bank,12.8844132,77.596128
HyperCITY,shopping,12.876118,77.5953397
Ample Mart,shopping,12.8759179,77.6167938
Royal Supermarket,shopping,12.900724,77.5869656
Grand Supermarket,shopping,12.9063471,77.6445546
Hebbagodi,bus_stop,12.8271766,77.6824768
Hosa Road Jn,bus_stop,12.8707281,77.652939
Hosa Road,bus_stop,12.8691514,77.6537524
Kumaraswamy Layout 2nd Stage,bus_stop,12.9057639,77.5580003
GHPS Bettadasana Pura,school,12.8405143,77.6310921
Yelachenahalli,bus_stop,12.8973609,77.5714206
Metro Konanakunte,bus_stop,12.8944928,77.5687546
Konanakunte Cross,bus_stop,12.890447,77.5640809
Subramanyapura Police Station,bus_stop,12.9014036,77.5441537
Canara Bank,bus_stop,12.9007967,77.5598926
Bekary Ganapathi Pura,bus_stop,12.8861484,77.5706409
Poornapragna Layout,bus_stop,12.9022049,77.5358062
Gubbalala,bus_stop,12.8856256,77.5417937
Kumaraswamy Layout West,bus_stop,12.9022009,77.5576007
Chandranagara Cross,bus_stop,12.9019656,77.5624021
Chandranagara,bus_stop,12.9007208,77.565277
Raghuvanahalli Gate,bus_stop,12.8811509,77.5461593
Thalaghattapura,bus_stop,12.8692859,77.5365553
BCC Layout,bus_stop,12.8798877,77.5487527
Muninagara,bus_stop,12.7483985,77.5364442
Avalahalli,bus_stop,12.8728416,77.5665732
Anjanapura Cross,bus_stop,12.861752,77.5607972
Vajragiri Estate,bus_stop,12.8577176,77.5567241
Amruth Nagara,bus_stop,12.8395442,77.5496693
Harinagara,bus_stop,12.8772768,77.5706271
Kothnuru Last Bus stop,bus_stop,12.876558,77.577147
Avalahalli BDA Layout,bus_stop,12.8725257,77.5606665
Brigade Millennium,bus_stop,12.8922892,77.5818304
RBI Layout,bus_stop,12.8879987,77.5818506
Gowrava Nagar,bus_stop,12.8847863,77.582685
Navodaya Nagara,bus_stop,12.8812821,77.5838693
Narayana Nagara,bus_stop,12.8836579,77.5546431
Vaddarapalya Cross,bus_stop,12.8642338,77.5752249
Chamundeshwari Temple,bus_stop,12.8592461,77.5701666
J Srinivasa Reddy Layout,bus_stop,12.864703,77.563068
Ganapathipura Cross,bus_stop,12.8943642,77.571877
Maruthi School,bus_stop,12.8814877,77.575728
Kalyani Magnum JP Nagara,bus_stop,12.9019552,77.5949811
Arekere MICO Layout,bus_stop,12.8894455,77.5938362
Tulasipura,bus_stop,12.8450136,77.5578836
Auto Gas/Royal School,bus_stop,12.9010682,77.5859397
Kulumepalya,bus_stop,12.8326743,77.55296
Byatarayana Doddi Cross,bus_stop,12.8162708,77.5508276
Kenchanayakanadoddi,bus_stop,12.8225001,77.5570748
Bilavaradahalli,bus_stop,12.8362516,77.5767564
Koli Farm Gate,bus_stop,12.8413015,77.5886734
Tulip Resort Cross,bus_stop,12.8346247,77.5891575
Vijaya Bank Bannerughatta,bus_stop,12.8156657,77.5832022
Mantapa Cross,bus_stop,12.7987987,77.6009812
Begihalli,bus_stop,12.7978222,77.6037363
Koppa Gate,bus_stop,12.796407,77.6158042
Harapanahalli,bus_stop,12.7919251,77.6232997
Jigani Tent,bus_stop,12.7874886,77.6328992
Jigani,bus_stop,12.7844194,77.6401008
Jigani Bus Stand,bus_stop,12.7792774,77.6435615
KEB,bus_stop,12.7763471,77.6451729
Madapatna,bus_stop,12.7721552,77.6484691
Haragadde,bus_stop,12.7643649,77.6539918
Kumbarahalli,bus_stop,12.7491024,77.659788
Suragajakkanahalli,bus_stop,12.7397994,77.6691417
Manjunatha Kalyana Mantapa,bus_stop,12.8749283,77.5374892
Blossoms Hospital,hospital,12.9064393,77.6308237
Live100,hospital,12.8791713,77.6454925
J P Nagar 6th Phase,bus_stop,12.906363,77.577628
J P Nagar Powerhouse,bus_stop,12.9062976,77.580895
J P Nagar 6th Phase Terminus,bus_stop,12.9065613,77.5776167
South Indian Bank,bank,12.8327806,77.6809399
State Bank of India,bank,12.8694872,77.5655782
E K Retail,shopping,12.8917971,77.5777119
Electronic City Depot No: 19 Gate,bus_stop,12.8476007,77.670661
Srujana Hospital,hospital,12.8413465,77.6475451
Bilekahalli,bus_stop,12.9007941,77.6011827
Bilekahalli,bus_stop,12.9002893,77.6008782
Canara Bank,bank,12.8760411,77.616299
Andhra Bank,bank,12.876223,77.6133183
State Bank of India,bank,12.8762726,77.6163531
Concord Apartment Electronic City,bus_stop,12.8406381,77.6517192
HP,bus_stop,12.8475946,77.6581866
Siemens,bus_stop,12.8449776,77.6600659
Siemens,bus_stop,12.8455057,77.6621117
Velankani,bus_stop,12.8510779,77.6577483
Wipro Gate,bus_stop,12.8390686,77.6585846
Huskur Gate,bus_stop,12.837131,77.6786401
Huskur Gate,bus_stop,12.8372622,77.6789864
Village Supermarket,shopping,12.8417635,77.6462476
Vatsalya Chidren's Clinic,hospital,12.8948505,77.6109105
Sri Ram Driving School,school,12.9003488,77.6271298
Kottakkal Arya Vaidya Sala,hospital,12.9002599,77.6271003
Aradhana Academy,school,12.8847019,77.5917498
New Arvind Memorial School,school,12.8947594,77.6150069
St Teresa Hps Begur,school,12.8730251,77.6260135
St Teresa Hs,school,12.8737507,77.6259345
Begur,bus_stop,12.8739338,77.6257894
Vijaya Bank,bank,12.8910556,77.5950031
Kodichikkanahalli,bus_stop,12.8982379,77.6180258
Andhra Bank,bank,12.8925844,77.6116519
IIM Apollo,bus_stop,12.896274,77.5998603
IIM,bus_stop,12.8959965,77.5996317
Canara Bank,bank,12.8910593,77.5816806
Axis Bank,bank,12.8923687,77.597989
Corporation Bank,bank,12.8924256,77.5977824
Bank of Maharashtra,bank,12.9049455,77.5856013
Allahabad Bank,bank,12.9020984,77.5859455
Cloud Nine Fertility,hospital,12.9055088,77.5858347
IDBI Bank,bank,12.903812,77.5858613
Canara Bank,bank,12.8884874,77.5970745
The Big Market,shopping,12.8971318,77.5858778
Aikya Healthcare,hospital,12.8827229,77.5466715
State Bank of India,bank,12.9025994,77.601482
Konanakunte Government Hospital,hospital,12.8840897,77.5664029
Canara Bank,bank,12.8896722,77.5633449
Amaravathy PU College,college,12.8872703,77.5817854
The Oxford College of Engineering,college,12.9020523,77.631261
Canara Bank,bank,12.90648,77.5901751
Citi Union Bank,bank,12.9058455,77.5858943
State Bank of India,bank,12.8922269,77.5811949
Aralekatte Bus Stop,bus_stop,12.879753,77.624602
Government Hospital,hospital,12.8870605,77.603414
Rajashree Granthim hospital,hospital,12.8893134,77.602422
Family Food House,shopping,12.8865458,77.6063814
Sri Laxmi Hospital,hospital,12.8504718,77.6553058
Sunshine Supermarket,shopping,12.8509264,77.653502
Wipro First Aid Clinic,hospital,12.8377272,77.6584571
Reliance Smart Point,shopping,12.893592,77.586205
ICICI Bank,bank,12.900609,77.594713
State Bank of India,bank,12.900542,77.594905
Lakshmi Vilas Bank,bank,12.9012855,77.623539
Magizh Groceries,shopping,12.87924,77.6383068
State Bank of India,bank,12.8918925,77.579749
State Bank of India,bank,12.8824311,77.5838923
Prashanth Hospital,hospital,12.9066637,77.6287463
Loyal World Retail Mart,shopping,12.8899392,77.6733771
Little Aryans,school,12.8819897,77.5825547
Doddakallasandra,bus_stop,12.8857355,77.5557448
State Bank of India,bank,12.88809,77.5802594
HDFC Bank,bank,12.9010386,77.5859577
GHPS Yellukunte,school,12.9056484,77.6414765
Myo Medex - Ace Speciality Clinic,hospital,12.8615976,77.5999324
Raksha Orthopaedic And Multi Speciality Centre,hospital,12.9041502,77.6741043
Narayana Nethralaya,hospital,12.8750879,77.5950098
Greenvalley high school,school,12.8920481,77.5719005
Anurag Medical Centre,hospital,12.9060641,77.6049776
Hani Foundation Montessori,school,12.8867987,77.5675026
Narayana e-Techno School,school,12.8963221,77.5784799
Parimala Health Care,hospital,12.9003193,77.6008061
Brahmi Ayurvedic Center,hospital,12.8830054,77.6073285
Spring Leaf Health Care Pvt Ltd,hospital,12.8526731,77.6676459
"Green City Hospital, Bengaluru Urban",hospital,12.9062193,77.580682
Oxford Hospital,hospital,12.8584183,77.6653346
R R Hospital & Trauma Centre,hospital,12.9059465,77.5904192
M N Speciality Clinic,hospital,12.9039905,77.5859569
Prashanth Hospital,hospital,12.9067129,77.6265085
Parimala Health Care,hospital,12.9009278,77.5986641
Springleaf Hospital,hospital,12.853228,77.6653506
HDFC Bank,bank,12.8408906,77.6506057
Andhra Bank,bank,12.8525505,77.6676337
State Bank of India,bank,12.8452422,77.6653606
ICICI Bank,bank,12.8405322,77.6502201
State Bank of India,bank,12.8409333,77.650497
Vijaya Bank,bank,12.8405023,77.650537
IDBI Bank,bank,12.8404083,77.6627051
Corporation Bank,bank,12.8792546,77.5672683
State Bank of India,bank,12.8799338,77.567328
"CMS Business School, Jain University",school,12.9030471,77.5851583
RMS International School,school,12.8922387,77.5655484
Indian Overseas Bank,bank,12.8947916,77.5687362
NIIT,school,12.8915698,77.5652629
Sri Sai Ram Hospital,hospital,12.8943049,77.5682821
Bright Way School,school,12.9053331,77.5533196
Vishal Mega Mart,shopping,12.8974942,77.5998505
South India Shopping Mall,shopping,12.8908667,77.597713
Hypercity Retail India Pvt Ltd,shopping,12.8758755,77.5958084
Four Point Supermarket,shopping,12.8405937,77.65114
The Big Market,shopping,12.8977213,77.6209903
Span Retail,shopping,12.8925021,77.6116554
Heritage Fresh,shopping,12.9051928,77.6113706
Unnamed,shopping,12.8684675,77.5755685
Day To Day Super Market,shopping,12.8964974,77.6109057
Reliance Fresh,shopping,12.8985629,77.6267808
Jambu Savari Bus Stop,bus_stop,12.8661088,77.5808539
Uttarahalli Bus Stop,bus_stop,12.9065651,77.5439239
Nagarathna Hospital,hospital,12.9056092,77.5426964
Galaxy mart,shopping,12.8698557,77.597124
Galaxy mart,shopping,12.8698577,77.5970827
Canara Bank,bank,12.8663845,77.59779
Government School,school,12.8763018,77.6030612
Hulimavu Bus Stop,bus_stop,12.8774812,77.6025003
More,shopping,12.8810319,77.5988542
State Bank of India,bank,12.8808233,77.6009711
Government School,school,12.8782079,77.6026104
Lords School,school,12.8771444,77.6021148
Central Bank,bank,12.8784346,77.6035728
Yellukunte,bus_stop,12.9055448,77.641275
Central Bank & ATM,bank,12.8797542,77.6039308
Poorna enterprises,shopping,12.8983322,77.6079663
Karnataka Bank,bank,12.8416139,77.6443624
Reliance Fresh,shopping,12.8996788,77.6753159
ICICI Bank,bank,12.9047595,77.6759172
Banagalore Fresh & Fresh,shopping,12.9037265,77.5917721
Rays Academy For Learning,school,12.8938836,77.556381
Sharadanagara,bus_stop,12.8924991,77.5595422
Safa Supermarket,shopping,12.8853147,77.6560561
DMart,shopping,12.8429283,77.6740709
State Bank of India,bus_stop,12.8455152,77.6649677
Jaraganahalli Cross,bus_stop,12.9014789,77.5734953
Konanakunte,bus_stop,12.8854267,77.5669172
Avalahalli,bus_stop,12.8728036,77.5664556
Glass Factory,bus_stop,12.8763324,77.5670399
Metro Konanakunte,bus_stop,12.8944811,77.5687665
Yelachenahalli,bus_stop,12.8973375,77.5714561
Konanakunte Cross,bus_stop,12.89049,77.5646461
Avalahalli BDA Layout Cross,bus_stop,12.8739977,77.5612276
Konanakunte Reliance Fresh,bus_stop,12.8828951,77.5660649
Hari Nagara Cross,bus_stop,12.879171,77.5673463
Ayush Fresh Patanjali,shopping,12.8759246,77.6131681
Huskur Road,railway_station,12.8391572,77.6773716
Infosys Foundation Konappana Agrahara,railway_station,12.8464399,77.6711872
Electronic City,railway_station,12.8565053,77.6635228
Beratena Agrahara,railway_station,12.863878,77.6579036
Hosa Road,railway_station,12.8707491,77.652447
Singasandra,railway_station,12.8808178,77.6448456
Kudlu Gate,railway_station,12.8899259,77.6392156
Hongasandra,railway_station,12.9016952,77.6319861
Unnamed,shopping,12.9056908,77.6510831
Bank of India,bank,12.8876583,77.5507012
Hulimavu Bus Stop,bus_stop,12.8768645,77.6028013
Canara Bank,bank,12.8851776,77.6248502
Canara Bank Bus Stop,bus_stop,12.8851411,77.6250809
Canara Bank Bus Stop,bus_stop,12.8851471,77.6251035
Tent Bus Stop,bus_stop,12.8918009,77.6258799
Tent Bus Stop,bus_stop,12.8917728,77.6259154
State Bank of India,bank,12.8899329,77.625551
Vishwapriyanagar Bus Stop,bus_stop,12.8820078,77.624724
Vishwapriyanagar Bus Stop,bus_stop,12.8820137,77.6247555
Jayashree Multi Specilaity Hospital,hospital,12.881611,77.6260763
Deccan Bus Stop,bus_stop,12.9027599,77.6274121
Deccan Bus Stop,bus_stop,12.9027726,77.6273648
Kalyana Mantapa Bus Stop,bus_stop,12.8982875,77.6265661
Kalyana Mantapa Bus Stop,bus_stop,12.8982918,77.6264158
State Bank of India,bank,12.9020805,77.6008605
Tiny Angels English Primary School,school,12.8999597,77.5856543
Arogya Organic,shopping,12.9001386,77.5859319
Reliance Smart,shopping,12.8909043,77.5978268
Arakere Gate,bus_stop,12.8906648,77.5982694
GHPS Anjanapura,school,12.8620102,77.5641166
Ujjivan Bank,bank,12.8823052,77.5959468
Inchara Hotel JP Nagara,bus_stop,12.9026711,77.5858729
GHPS Aralakunate,school,12.8982752,77.6515095
GHPS Arakere,school,12.8841602,77.6017702
BET Mahadeshwar Nagar,school,12.9066742,77.6109339
GHPS Beratena Agrahara,school,12.8673681,77.6559799
St Peter Ntm School Doresanipalya,school,12.8982373,77.5980542
Gnanaprakasham KHPS Bilekalli,school,12.8992326,77.6033285
GHPS Bilekalli,school,12.8998165,77.6083074
GKHPS Bommanahalli,school,12.9064542,77.629646
GUHPS Bommanahalli,school,12.9057047,77.6271138
GHPS Venugopal Nagar,school,12.8722269,77.5995362
GUHPS Subhash Nagar,school,12.8733,77.6392183
GHPS Chunchaghatta,school,12.885891,77.5738805
GHPS Doddathoguru,school,12.8516643,77.6559357
GHPS Doddanagamangala,school,12.8621626,77.6750136
GHPS Devarachikkana Halli,school,12.8887812,77.6158231
GHPS Gottigere,school,12.8590074,77.5890223
GHPS Kembathhalli,school,12.8572549,77.576942
GMPS Hongassandra,school,12.896159,77.6243027
Svs HPS Hongasandra,school,12.8910839,77.627282
GHPS Kothanur,school,12.8764315,77.5786186
GHPS Parappana Agrahara Centra,school,12.8814541,77.6674463
GHPS Konanakunte,school,12.8873821,77.5688673
GHPS Jambusavari Dinne,school,12.8655347,77.5815146
Jnanajyothi HPS Nekarara Colony,school,12.8474735,77.5840074
GMPS Nekarara Colony,school,12.8435532,77.5850056
GHPS Kodichikkana Halli,school,12.9006028,77.6201862
GHPS Vittasandra,school,12.8584295,77.6354127
GMPS Puttenhalli,school,12.8975384,77.582022
GUHPS Mangammana Palya,school,12.9042134,77.6350512
GKHPS Hari Nagar,school,12.8772854,77.5701703
GULPS Hari Nagar,school,12.8779168,77.5704224
GMPS Hulimavu,school,12.8763234,77.6028969
GHPS Govindashetty Palya,school,12.8539353,77.6717128
Bommanahalli bus stop,bus_stop,12.906732,77.6284051
apollo medical shop,hospital,12.8437851,77.6659275
"Florence Public School 4th Blk, Anjanapura",school,12.8586411,77.5626375
"Mvs HPS, Anjanapura",school,12.8598087,77.5677765
Aradhana KHPS Arakere,school,12.8851154,77.5917402
Dayana Memorial HPS Arakere,school,12.8888039,77.6057027
"Marry Immaculate School, Arakere",school,12.8869151,77.6028827
"Divya Jyothi HS, Arakere",school,12.8847701,77.6080296
"J P Vidyakendra School, Arakere",school,12.884049,77.6042452
"Shine Eng School, Arakere",school,12.884934,77.5906518
Shri Sharada Vidyanikethana Arkere,school,12.8863886,77.6095157
"Aradhana EHPS Arakere, Arakere",school,12.8846325,77.5920843
Unnamed,park,12.8538531,77.6635259
"GLPS(U) Madina Nagar, B T M Layout W No 65",school,12.9063746,77.6097578
"Star Ablaze Trust Sch, B T M Layout W No 65",school,12.9061539,77.6112382
GLPS Basavanapura,school,12.8450701,77.5941913
"Jnanabindu, Basavanapura",school,12.8439382,77.5959453
"St Joseph Eng Sch Hosur Road, Beratena Agrahara",school,12.8685514,77.6557291
"Oxford School, Beratena Agrahara",school,12.8757154,77.6568415
Silicon City HPS Bommana Halli,school,12.8984964,77.6203713
Royal Convent HPS Bommana Hall,school,12.902802,77.6049954
St Joseph HPS Bommana Halli,school,12.9061288,77.6243998
Dileep HPS Bilekalli,school,12.8966211,77.6075885
Mgs Infant LPS Bilekalli,school,12.8986518,77.6073698
"Blue Star Education Trust, Bilekalli",school,12.8953975,77.6108776
"Shantinketan Trust Sch, Bilekalli",school,12.9008131,77.6088442
Teresa Pub Sch Bilekahalli,school,12.8952857,77.6082654
Ankith HPS Bilekalli,school,12.900731,77.6047963
"Orchid English School, Bilekalli",school,12.8909372,77.6091428
Al Rahi Edu Sch Bommanahalli,school,12.9050686,77.6351798
"Chinmaya Vidya Mandira, Bommana Halli",school,12.8996038,77.6515434
"EHPS New Francis, Bommana Halli",school,12.9043475,77.6205177
English Higher Primary School,school,12.9065455,77.6214942
"New Bharat International Kudlu Gate, Bommana Halli",school,12.8901178,77.6409735
"Lorven Pub Sch, Bommanahalli",school,12.9037178,77.6257972
The Selony LPS Begur,school,12.8826959,77.6265059
"St Pauls School, Begur",school,12.8780562,77.6167931
"Preethidhama, Begur",school,12.8376165,77.6197366
"Priyadarshini School, Begur",school,12.8755953,77.6388735
"Cresent Eng School, Begur",school,12.8714779,77.6355626
Yelachenahalli,railway_station,12.8960498,77.5701194
"Little Angel Eng School, Begur",school,12.8706196,77.638
"GLPS Subhash Nagar, Begur",school,12.8707092,77.6384891
"GLPS Mylasandra, Begur",school,12.8514983,77.6204097
"Jnanajyothi Eng School, Begur",school,12.8808502,77.6370167
"Tilak English School, Bommana Halli Cmc",school,12.9013007,77.6363305
"Janak Vidyalaya, Bommana Halli Cmc",school,12.8838456,77.5952932
"New Nobal School Arkere, Bommana Halli Cmc",school,12.8903452,77.5906449
"GLPS Basapura, Basapura",school,12.8655289,77.6471089
"The Paradise Residential Sch, Basapura",school,12.8657376,77.645392
"Carmel Jyothi LPS, Chunchanagatta",school,12.8898311,77.5728954
GLPS Chikkabegur,school,12.8801561,77.6341829
"Begur Channarayappa Ramiya, Chikkabegur",school,12.8818317,77.6358456
GLPS Chikkatoru,school,12.8575245,77.6534136
"Pragathi School, Chikkatoru",school,12.8628345,77.6508047
Mme Sch Konnappana Agrahara,school,12.854687,77.6592678
Sacretis School,school,12.8507072,77.6529146
New Horizon Eng School,school,12.8506548,77.6546922
St Gasper School,school,12.8625525,77.6783059
New Shanthiniketan Eng Convent,school,12.8775539,77.6700895
Newton Public School,school,12.9066837,77.6354232
Sujana Convent,school,12.872912,77.6581646
Bloosom Sch,school,12.8946717,77.6234961
Blue Bel Public School,school,12.8719195,77.6590904
Infont Pub Sch,school,12.8523461,77.6709539
New Pecidencny Public School Icse,school,12.9057779,77.6221591
New Madar Teresa,school,12.9000115,77.6452749
St Philomina English School,school,12.8892307,77.6184252
Nightingale English School,school,12.8933125,77.6134451
Silicon Vally LPS Gottigere,school,12.8569301,77.5854776
"Sri Ramakrishna C E Kendra,Gottigere",school,12.8656934,77.5860168
GHS Gottigere,school,12.8525231,77.5877651
"Little Angels, Gottigere",school,12.8546645,77.5879146
"Sudarshan Public School (cbse), Gottigere",school,12.859947,77.590048
Sham's LPS Govindashetty Palya,school,12.8552691,77.6701683
"Bright Future LPS Garvebhavi Palya,",school,12.8946113,77.633992
Mekale HPS,school,12.8935005,77.6442533
Mathas Education Society,school,12.891396,77.6340809
"Rajrajeshwari HS, Garvebhavi Palya",school,12.8911632,77.6359252
"Ves HS, Garvebhavi Palya",school,12.8959096,77.6352778
"Adarsha Edu Centre HPS , Hongasandra 1",school,12.8915456,77.6250974
"Sahyadri EHPS, Garvebhavi Palya",school,12.8866375,77.6344577
"Mother Theresa HS, Hongasandra 1",school,12.8934705,77.6307067
"Gnanabharathi HPS , Hongasandra 1",school,12.8974858,77.6302097
"Oxford HPS, Hongasandra 2",school,12.8956428,77.6265101
"Anikethan Pub Sch , Hongasandra 1",school,12.8999361,77.6264784
"Thrishool School J P Nagar, Jaragana Halli 1",school,12.9032482,77.5787159
"Holy Mother HPS J P Nagara, Jaragana Halli 1",school,12.8959609,77.5886375
"Jyothi Kendriya Vidyalaya HPS, Jaragana Halli 1",school,12.8951036,77.5703915
"Sri Vidyanikethan HPS Jaragana, Jaragana Halli 1",school,12.9020965,77.57588
"Vivekananda HPS, Jaragana Halli 1",school,12.8991056,77.5763195
"Shreyas School Jaraganahalli, Jaragana Halli 1",school,12.9040441,77.574382
Sincere Vidyalaya Jaraganahalli 1,school,12.8996164,77.5756288
"Image School J P Nagar, Jaraganahalli 2",school,12.9004587,77.5851709
"The Little Angels School, Kothanur",school,12.8773193,77.5834526
Sri Maruthi Edu Trust School Kothanur,school,12.881709,77.5759556
"Sri Sarathy English School, Kothanur",school,12.8732088,77.5744133
"Ennar School Aadithya Nagar, Kothanur",school,12.8767474,77.5725941
"A E T School Sree Annapoornesh, Kothanur",school,12.8755011,77.5806222
"Glissy Public School, Kothanur",school,12.8825158,77.5758676
"Lady Wellington School, Kothanur",school,12.8833878,77.5837275
"Jnanavikas HPS, Kothanur",school,12.8787866,77.5777581
"Vidyakirana Public School, Kothanur",school,12.8686079,77.5841946
"Clever Land Kottanuru Dinne, Kothanur",school,12.8779934,77.5846361
"Silicon Valley School, Konappana Agrahara",school,12.8507016,77.6709723
"Arunodaya Vidya Samsthe, Konappana Agrahara",school,12.8517345,77.668652
ICICI Bank,bank,12.8789656,77.6378674
State Bank of India,bank,12.8790819,77.6381758
FreshCo,shopping,12.8985449,77.6582915
BES Naganathapura,school,12.8717726,77.6714141
Sahana Vidya Mandira,school,12.8717058,77.6687097
GLPS Pillagana Halli,school,12.8493518,77.5819746
Shree Vidyanikethan,school,12.8821255,77.6559921
GLPS Parappana Agrahara,school,12.8817347,77.6597705
Podium 2,park,12.8211031,77.6573919
Electronic City,bus_stop,12.847791,77.6711196
Y K Hospital,hospital,12.7796608,77.6347804
Supra South City Hospital,hospital,12.8919509,77.5799654
"Indira Hospital, Bengaluru Urban",hospital,12.7893233,77.6272005
Fosa Humanitarian Hospital,hospital,12.8130672,77.5825109
"Vasan Eye Care Hospital, Bannergatta Road",hospital,12.8822813,77.5957945
"Ganesh Nursing Home, Bengaluru Urban",hospital,12.8957636,77.6330289
Kavya Hospital,hospital,12.8987442,77.6263127
Vijayashree Hospitals,hospital,12.8579673,77.5892687
Blossom Hospital,hospital,12.8705439,77.6595353
"Srushti Hospital, Bengaluru Rural",hospital,12.8981572,77.6207364
Parimala Speciality Hospital,hospital,12.9004567,77.6005474
Banashankari Hospital,hospital,12.8443653,77.583809
Anugrahaa Hospital,hospital,12.8548947,77.6681162
North Star Maternity and Nursing Home,hospital,12.9067079,77.5849275
Vasan Eye Care Hospital,hospital,12.8980516,77.6339279
Samastha Hospitals Pvt Ltd,hospital,12.89708,77.5473364
Vinayaka Health Care and Maternity Home,hospital,12.8919999,77.6257829
"Metro Hospital, Bengaluru Rural",hospital,12.8914666,77.5612113
Apex Bank,bank,12.9065609,77.5952791
Bannerughatta Circle,bus_stop,12.8135824,77.5810195
Bannerughatta National Park,bus_stop,12.8007292,77.5776748
Sampigehalli,bus_stop,12.8056079,77.5789744
Vijaya Bank Bannerughatta,bus_stop,12.815712,77.5831061
Ryan International School,bus_stop,12.8190924,77.5848348
AMC College,bus_stop,12.8294848,77.5875575
Basavanapura Gate,bus_stop,12.846154,77.5883406
Gottigere,bus_stop,12.8568494,77.588979
Himagiri,bus_stop,12.8625173,77.5907318
Kalena Agrahara,bus_stop,12.8661075,77.59192
Loyola School,bus_stop,12.8702731,77.5934063
Meenakshi Temple,bus_stop,12.8749691,77.5950421
Unnamed,bus_stop,12.8552525,77.6638138
Crown Plaza,bus_stop,12.8508834,77.6603337
Electronic City Bus Station,bus_stop,12.850569,77.661702
Ramakrishna Hospital,hospital,12.8541208,77.6624811
DMart,shopping,12.853936,77.5882726
Begihalli,bus_stop,12.7980047,77.6037105
Mantapa Cross,bus_stop,12.7986962,77.6014557
Mantapa Cross,bus_stop,12.8027613,77.5964946
Sarala Birla Academy,bus_stop,12.8117316,77.5844602
Tulip Resort Cross,bus_stop,12.8345371,77.5894094
Corporation Bank,bank,12.7955336,77.6596862
Velankani Drive,bus_stop,12.8511902,77.6577616
Springleaf Hospital,hospital,12.852699,77.667688
Hospitec Multispeciality Hospital,hospital,12.8859649,77.6489078
Sri Venkateswara Hospital,hospital,12.9056165,77.6122688
Rajashri Grandhim Hospitals,hospital,12.895426,77.607662
Goldage Hospital,hospital,12.8908362,77.6040715
Best E City Hospital,hospital,12.850377,77.6567056
Bhumika Hospital,hospital,12.826249,77.678792
Perfetual Help Hospital,hospital,12.9055752,77.5425258
St. Martha's Hospital,hospital,12.906113,77.542548
HDFC Bank,bank,12.88485,77.650304
G.r. Correspondence College,college,12.905931,77.54275
Union Bank of India,bank,12.8291096,77.5868076
Reliance SMART Point,shopping,12.8730816,77.5666726
Reliance SMART Point,shopping,12.8677963,77.5769733
HSR KEB Junction,bus_stop,12.903547,77.6499433
Neo Hospital,hospital,12.8474,77.6439378
Vishal Mega Mart,shopping,12.9015659,77.6758023
HDFC Bank,bank,12.8729728,77.6513578
Cloudnine Hospital,hospital,12.8832909,77.5500857
Thalaghattapura,railway_station,12.8714097,77.5383958
Vajarahalli,railway_station,12.8774369,77.5447414
Doddakallasandra,railway_station,12.8846435,77.5527546
Konanakunte Cross,railway_station,12.8889671,77.5626665
Ratnadeep Supermarket,shopping,12.8833886,77.5493843
State Bank of India,bus_stop,12.8453804,77.6648625
BHEL,bus_stop,12.8448107,77.6603155
Wipro Gate,bus_stop,12.8392965,77.6595579
Sampangiram Nagara,bus_stop,12.8254804,77.5861467
Shree Sai Sadhbhavaana School,school,12.8093661,77.5789306
Unnamed,bus_stop,12.8137212,77.5808351
HDFC Bank,bank,12.8832665,77.5663985
Lulu Daily,shopping,12.8884506,77.5633076
Jaraganahalli,bus_stop,12.9001606,77.5728931
Jaraganahalli,bus_stop,12.9001207,77.5728831
Reliance Smart Superstore,shopping,12.8951857,77.656994
Simpli Namdhari's,shopping,12.9019561,77.5857322
Dr. Ramanah Manohar College of Law,college,12.8582964,77.5896874
Sampigehalli,bus_stop,12.8056182,77.5788932
Ryan International School,bus_stop,12.8191468,77.5845714
Kalkere,bus_stop,12.8328087,77.5889897
Tulip Resort Cross,bus_stop,12.8345567,77.5890794
Koli Farm Gate,bus_stop,12.841319,77.5884758
Basavanapura Gate,bus_stop,12.8461791,77.5880729
Gottigere,bus_stop,12.8568559,77.5888492
Himagiri,bus_stop,12.8625695,77.5905278
Kalena Agrahara,bus_stop,12.8661194,77.5917508
Meenakshi Temple,bus_stop,12.8740279,77.5943862
Loyola School,bus_stop,12.8703356,77.593153
IIM Apollo,bus_stop,12.8959986,77.5995958
Chethana Public School,school,12.8708103,77.5426386
SVR College,bus_stop,12.9023182,77.6505236
Somasundarapalya,bus_stop,12.8987938,77.6512063
Sowdamini Kalyana Mantapa,bus_stop,12.8838461,77.5666087
Karnataka Bank,bank,12.9066122,77.6310591
ICICI Bank,bank,12.8657795,77.5392947
Cohesion Montessori,school,12.8606762,77.5427075
Fresho,shopping,12.8915279,77.5776152
Everfine Supermarket,shopping,12.8919377,77.580094
Ojas Nisarga,shopping,12.8896074,77.5824523
Organic Mandya,shopping,12.8914742,77.5816905
Garden Fresh Mart,shopping,12.8882497,77.577855
Mallasandra Purvankara Bus Stop,bus_stop,12.8551373,77.5419708
HDFC Bank,bank,12.9068917,77.5998225
Unnamed,shopping,12.9068092,77.5980072
Zymus Hospitals,hospital,12.8784742,77.5450234
Chikka Begur,bus_stop,12.8790241,77.6372193
Cadabam's Hospitals,hospital,12.906071,77.5869281
State Bank of India,bank,12.9060151,77.579232
Federal Bank,bank,12.9061991,77.5794423
ICICI Bank,bank,12.9060772,77.5880885
The organic world,shopping,12.9065841,77.5886336
IndusInd Bank,bank,12.9066859,77.5768602
The Big Market,shopping,12.9063706,77.5777546
Bank of India,bank,12.9062077,77.5754154
RBL Bank,bank,12.8352808,77.6836858
Bindass Basket,shopping,12.891681,77.5786041
Indian Bank,bank,12.8354463,77.6808819
Karnataka Bank,bank,12.882822,77.5659984
Biocon Hebbagodi,railway_station,12.8290325,77.6813744
KSRTC,bus_stop,12.8468497,77.6721066
Uttarahalli,bus_stop,12.905749,77.5426096
Uttarahalli,bus_stop,12.9059052,77.5428276
Electronic City,bus_stop,12.8470967,77.6702848
BHEL,bus_stop,12.8452099,77.6603379
Neeladri Nagar,bus_stop,12.8415946,77.6479125
Thogur Cross,bus_stop,12.8434539,77.6443197
Vittasandra Cross,bus_stop,12.8438213,77.6346114
Bettadasanapura,bus_stop,12.8416246,77.6318501
Jalli Machine,bus_stop,12.8364015,77.6250487
Mylasandra Road Junction,bus_stop,12.8422941,77.6187247
Mylasandra Cross,bus_stop,12.8435265,77.6133824
Vaddarapalya,bus_stop,12.8439272,77.6119106
St Mary's School,bus_stop,12.8459448,77.6094402
Basavanna Devasthana CK Palya,bus_stop,12.8439835,77.6060285
Hommadevanahalli,bus_stop,12.8444398,77.598018
Hommadevanahalli Cross,bus_stop,12.8408571,77.5973448
CK Palya Cross,bus_stop,12.840559,77.593575
Koli Farm Gate,bus_stop,12.8417802,77.5886598
T John College,bus_stop,12.8510428,77.5883983
Bhagya Nagara,bus_stop,12.8608816,77.5855485
Vinayaka Chitramandira,bus_stop,12.8747228,77.5702871
Sowdamini Kalyana Mantapa,bus_stop,12.8838991,77.5666872
Subramanyapura Post Office,bus_stop,12.8987729,77.5439957
Subramanyapura Police Station,bus_stop,12.9015155,77.5440929
Subramanyapura Post Office,bus_stop,12.8987481,77.5438857
Subramanyapura KEB,bus_stop,12.8975781,77.546356
Yadalam Nagara,bus_stop,12.8964277,77.5482195
Vasanthapura,bus_stop,12.8962094,77.5524822
Pipeline Vasanthapura,bus_stop,12.8950425,77.5547491
Sharadanagara,bus_stop,12.8926732,77.5593781
Ragi Machine,bus_stop,12.8916803,77.5601352
Hari Nagara Cross,bus_stop,12.8791724,77.5672719
Glass Factory,bus_stop,12.8762737,77.5668962
Vinayaka Chitramandira,bus_stop,12.8746484,77.5702335
Sarathi Nagara,bus_stop,12.8738631,77.573213
Royal Layout,bus_stop,12.8692835,77.5756453
Jambu Savari Dinne,bus_stop,12.8655505,77.5809941
Bhagya Nagara,bus_stop,12.8609692,77.5852896
T John College,bus_stop,12.8493365,77.5881985
Koli Farm Gate,bus_stop,12.8416992,77.5887389
CK Palya Cross,bus_stop,12.8404413,77.5937212
Hommadevanahalli Cross,bus_stop,12.8407276,77.5972657
Hommadevanahalli,bus_stop,12.8443528,77.5981019
Basavanna Devasthana CK Palya,bus_stop,12.8439109,77.6061076
St Mary's School,bus_stop,12.8456846,77.609514
Vaddarapalya,bus_stop,12.8437782,77.6120822
Mylasandra Cross,bus_stop,12.843433,77.6134662
Mylasandra Road Junction,bus_stop,12.8422653,77.6186322
Jalli Machine,bus_stop,12.8362806,77.6249984
Bettadasanapura,bus_stop,12.8415691,77.6319433
Vittasandra Cross,bus_stop,12.8438082,77.6348227
Thogur Cross,bus_stop,12.8434291,77.6442111
Ajmeer Apartment Neeladri Road,bus_stop,12.8417868,77.6467296
Neeladri Nagar,bus_stop,12.8414612,77.6479661
Concord Apartment Electronic City,bus_stop,12.8405171,77.6518272
Siemens,bus_stop,12.8454257,77.6622798
Electronic City,bus_stop,12.8467986,77.6704404
Koppa Gate,bus_stop,12.7963554,77.6163194
Ragihalli Gate,bus_stop,12.8003899,77.5989394
Ragihalli Gate,bus_stop,12.8002605,77.5988924
Jungepalya Gate,bus_stop,12.8083816,77.5905065
Booathanahalli,bus_stop,12.8045042,77.5604752
Booathanahalli,bus_stop,12.8044649,77.5602888
Kesaraguppe,bus_stop,12.8165535,77.5669554
Kesaraguppe,bus_stop,12.8172727,77.5672987
Weavers Colony,bus_stop,12.8444293,77.5838681
Muneshwara Temple,bus_stop,12.8357026,77.5721817
Muneshwara Temple,bus_stop,12.8357758,77.5720704
Kulumepalya,bus_stop,12.8326579,77.5531608
Onti Mane,bus_stop,12.8438056,77.5509708
Onti Mane,bus_stop,12.8438148,77.5511411
Vajragiri Estate,bus_stop,12.8577137,77.5565055
Kidwai Layout,bus_stop,12.8588851,77.5631091
Nisarga Gate,bus_stop,12.7946085,77.6200399
Safari Super Mart,shopping,12.8749232,77.6167526
Smile Smart Dental & Implant Centre,hospital,12.8804891,77.6552588
Sai Sparsh Hospital,hospital,12.8933895,77.6368614
State Bank of India,bank,12.9068996,77.5637704
Kumaraswamy Layout Police Station,bus_stop,12.9053118,77.5627658
Samskruthi Public School,school,12.9054582,77.5597765
New Era Primary & High School,school,12.9043117,77.568727
St. Thomas International School,school,12.9036411,77.5680175
Dhee Hospital,hospital,12.8835095,77.550214
Olive Mart Supermarket,shopping,12.9069046,77.6040856
Chirag Global Hospital,hospital,12.9058817,77.6037517
Food Palace Supermarket,shopping,12.9048145,77.6488354
Ayush Hyper Market,shopping,12.9052662,77.6488723
ESAF Small Finance Bank,bank,12.9052092,77.6491024
Green's Fresh Supermarket,shopping,12.8889433,77.6027595
Crown Plaza,bus_stop,12.8510899,77.660193
Konnappana Agrahara,bus_stop,12.856112,77.6639508
Gottigere NICE Road Junction,bus_stop,12.8529034,77.5880308
Anjanapura 10th Block,bus_stop,12.8559276,77.5694311
Anjanapura 2nd Cross,bus_stop,12.8606476,77.5596115
Anjanapura,bus_stop,12.8620335,77.5639594
Narayana Nagara Cross,bus_stop,12.8797005,77.5538515
Karishma Hills,bus_stop,12.8885159,77.5363688
Karishma Hills,bus_stop,12.8883774,77.5362951
Gubbalala,bus_stop,12.8837102,77.5413403
Raghuvanahalli Gate,bus_stop,12.8808392,77.5462675
Narayana Nagara Cross,bus_stop,12.8789462,77.5542793
Avalahalli BDA Layout Cross,bus_stop,12.8738709,77.5611363
Avalahalli,bus_stop,12.8726158,77.5665142
Nandi Garden Kothanur,bus_stop,12.8677117,77.5656693
Anjanapura,bus_stop,12.8621257,77.563952
Anjanapura Cross,bus_stop,12.8618975,77.5609278
Anjanapura 2nd Cross,bus_stop,12.8608581,77.5595994
Anjanapura 10th Block,bus_stop,12.8557786,77.5694941
Gottigere NICE Road Junction,bus_stop,12.8527635,77.5879598
Aratt Requizza Multi-Purpose Court,park,12.8294495,77.664488
Abiramm Hospital,hospital,12.8728525,77.6515698
Bank of Baroda,bank,12.8806944,77.6529533
Sri Sai Hospital,hospital,12.871395,77.6542581
Unnamed,hospital,12.8841477,77.6492549
Raksha Hospital,hospital,12.8892622,77.6505317
Kidzee Pre School,school,12.9003661,77.6397981
Lulu Hypermarket,shopping,12.8414259,77.6766054
BK Circle,bus_stop,12.8705684,77.5830835
Water Tank Kothnuru Dinne,bus_stop,12.8745665,77.5842181
RBI Layout,bus_stop,12.887959,77.5820133
Brigade Millenium,bus_stop,12.8919437,77.5819892
Nayara Petrol Pump Lakshmi Layout,bus_stop,12.8913057,77.5878632
Nandini Hotel JP Nagara,bus_stop,12.9052961,77.5858167
JP Nagara 15th Cross,bus_stop,12.9065667,77.585814
Shubhodhini English Medium High School,school,12.9009812,77.6400573
Axis Bank,bank,12.9067271,77.648918
Manjunatha Kalyana Mantapa,bus_stop,12.8747129,77.5374323
Electronic City,bus_stop,12.8466888,77.6715401
Dream Mart,shopping,12.8360018,77.6651941
Freshco Hyperbazaar,shopping,12.8940089,77.6558713
Sana Super Mart,shopping,12.8975646,77.5858239
HDFC Bank,bank,12.8968052,77.6584541
KSRTC Pickup Point - Electronic City,bus_stop,12.8467776,77.6720227
Nisarga Club House Bus Stop,bus_stop,12.7880719,77.6178167
HDFC Bank,bank,12.8657435,77.5395313
Thalaghattapura,bus_stop,12.8693996,77.5369616
Bayyanapalya,bus_stop,12.8754829,77.543757
Gubbalala Gate,bus_stop,12.8840566,77.5511773
Doddakallasandra,bus_stop,12.8857647,77.5567047
State Bank of India,bank,12.868371,77.6550611
Axis Bank,bank,12.8543918,77.6661871
BCR Public school,school,12.8814976,77.6352146
Orchids The International School,school,12.8803607,77.5796688
Axis Bank,bank,12.891725,77.5655194
Unnamed,bank,12.8917665,77.565456
HDFC Bank,bank,12.8699117,77.576084
Axis Bank,bank,12.8713791,77.583156
BK Circle,bus_stop,12.8713756,77.5832935
Doddakallasandra Metro Station,bus_stop,12.8846358,77.5522663
Vajarahalli,bus_stop,12.8771394,77.5444517
Sri Channakeshava English School,school,12.8703911,77.6534148
AECS Layout Singasandra,bus_stop,12.8829572,77.6500831
Kudlu Panchayath Office,bus_stop,12.8896572,77.6490618
BTR Garden,bus_stop,12.890354,77.6462978
Veerasandra,bus_stop,12.8399235,77.6771392
BHEL,bus_stop,12.8450668,77.6599831
Kasavanahalli,bus_stop,12.9048811,77.6759314
Amrita University - Kasavanahalli,bus_stop,12.8968817,77.6751329
Choodasandra Circle,bus_stop,12.8885865,77.672959
KSRP Training Centre,bus_stop,12.8863615,77.6724601
Rayasandra,bus_stop,12.8795774,77.6719842
Rayasandra Circle,bus_stop,12.8757671,77.6711906
Bengaluru Central Jail,bus_stop,12.8736931,77.6660536
New MICO Gate,bus_stop,12.8704467,77.6580426
Hosa Road,bus_stop,12.8703422,77.6536923
Electronic City PESIT College,bus_stop,12.8591368,77.6616468
SFS High School Hebbagodi,bus_stop,12.8339482,77.6802638
Smondo 3 Apartment,bus_stop,12.8203417,77.6604097
Atal Bihari Vajpayee Circle Thirupalya,bus_stop,12.8176285,77.6683209
Veerasandra,bus_stop,12.8397342,77.6768796
SFS High School Hebbagodi,bus_stop,12.8338356,77.6798873
Konnappana Agrahara,bus_stop,12.8555229,77.6639549
Unnamed,bus_stop,12.8432122,77.6602772
Dream Mart,shopping,12.8201768,77.6603394
State Bank of India,bank,12.8716311,77.5834317
IIMB Bus Station,bus_stop,12.8960047,77.6034493
meenakshi temple bus stop,bus_stop,12.8732729,77.5942077
Meenakshi Temple,bus_stop,12.8741873,77.5944319
"veggie's lover - Tea, vegetables & groceries",shopping,12.8720023,77.5701117
Doddakammnahalli Bus stop,bus_stop,12.861396,77.5997263
Axis Bank,bank,12.8737909,77.5718585
Thalagattapura Metro Station,bus_stop,12.8712967,77.5385602
HDFC Bank,bank,12.8130859,77.6828967
Market Fresh,shopping,12.8607846,77.5426461
Maple Bear Canadian Pre-School,school,12.861704,77.6011643
"Healing Hands Clinic - J.P Nagar, Bengaluru",hospital,12.9061361,77.5868707
R V College,college,12.8940033,77.5620847
Star Bazar,shopping,12.8762997,77.6167172
Apollo Cradle & Children's Hospital,hospital,12.8695143,77.6542531
Kauvery hospital,hospital,12.855088,77.6631602
MK Ahmed,shopping,12.871405,77.5941368
Mesa School of Business,college,12.8872525,77.5971792
Mariya Maty Super Market,shopping,12.8746877,77.5372256
Axis Bank,bank,12.8832924,77.5894662
Axis Bank - Holiday Village Road,bank,12.8624037,77.5430742
Maaruti Dental College Campus,college,12.8657691,77.6013598
Indian Institute of Management Bangalore,college,12.8958685,77.6023239
CKN English Medium School,school,12.8710715,77.6536342
Delhi Public School,school,12.8933521,77.5636714
Alpine Public School,school,12.8938182,77.5627707
"Fortis Hospitals, Bannerghatta Road",hospital,12.8947511,77.5985816
Apollo Hospital,hospital,12.89632,77.5983495
KS Institute of Technology,college,12.8792524,77.544629
City Engineering College,college,12.8887443,77.5506312
Kumaraswamy Layout Park,park,12.9021504,77.5588106
Gurukul School,school,12.8682046,77.5673977
Silicon City Public School,school,12.8810703,77.568899
Loyola Industrial Training Centre,college,12.8694537,77.5924812
Unnamed,park,12.8650826,77.6128932
Ryan International School,school,12.8199248,77.5827898
Sarala Birla Academy,school,12.8081007,77.5837918
Sadhguru Sainath International School and College,college,12.888835,77.6625981
Xavier Institute of Management and Entrepreneurship,college,12.8482756,77.6748978
Unnamed,park,12.8062223,77.6712519
Unnamed,park,12.8049583,77.6735928
Unnamed,park,12.8065813,77.6696003
Unnamed,park,12.804825,77.6706423
BBMP Park,park,12.8889766,77.5784217
Nightingales English High School,school,12.8932733,77.613473
The Samhitha Acdemy,school,12.8183609,77.6010213
PSBB Learning Leaderhip Academy,school,12.8183831,77.6000451
Unnamed,park,12.8880561,77.5805909
Unnamed,park,12.8909522,77.5802609
Unnamed,park,12.8870769,77.5816341
Unnamed,park,12.8641083,77.5385117
Unnamed,park,12.8663283,77.533856
Lady Wellington High School,school,12.8835032,77.5838983
Unnamed,park,12.8883127,77.5835148
Unnamed,park,12.9068696,77.536812
Sri Maruthi Primary & High School,school,12.8817151,77.5758856
Unnamed,school,12.8975086,77.5820337
Janak Vidhyalaya,school,12.8838433,77.5952314
ICICI Bank,bank,12.9029398,77.6303587
infosys - fountain park,park,12.8502435,77.6663778
Unnamed,park,12.8373366,77.6522584
Unnamed,park,12.83937,77.6527261
St. Xavier's School,school,12.8436612,77.6384596
International Institute of Information Technology Bangalore,college,12.8442717,77.6632889
Infosys Fountain,park,12.8502416,77.6663792
NTTF,college,12.847096,77.6690976
"AECS Magnolia Maruthi Public School, Arakere",school,12.8847076,77.597022
Unnamed,park,12.8929276,77.6139569
Silicon City High School,school,12.8984865,77.6203664
Dr Abdul Kalam Park,park,12.8952439,77.5590033
Dr Satish Dhawan Park,park,12.8965422,77.5583021
Rastrakavi Kuvempu Playground,park,12.8982316,77.5605454
Canara Bank,bank,12.90134,77.5579681
Triangle Park ISRO Layout,park,12.900548,77.5584899
Unnamed,park,12.8909108,77.6085585
Unnamed,park,12.8900493,77.6075948
Unnamed,park,12.8889212,77.609993
SFS High School,school,12.8332699,77.681306
SFS Degree College,college,12.8320355,77.6827612
Suvidya College,college,12.8330573,77.6822436
Fullinfaws College,college,12.8682011,77.6165729
Shantiniketan Park,park,12.8816232,77.6076027
Unnamed,park,12.8823909,77.6069298
IFIM Business School,college,12.8494542,77.6624983
Symbiosis Institute of Business Mangament,college,12.8411504,77.66877
Symbiosis Institute of Business Mangament,college,12.8411306,77.6682417
Children's Park,park,12.8995957,77.5575497
Unnamed,park,12.9052976,77.5810468
Virat Nagar Park,park,12.9036079,77.6208549
Punjab National Bank,bank,12.8452433,77.6624932
Sacred Oak,hospital,12.8433084,77.6754789
Unnamed,park,12.8948785,77.6062912
Reliance Mart,shopping,12.8908812,77.5976985
BGS National Public School,school,12.877533,77.5997011
Government Higher Primary School,school,12.8255099,77.6822499
Ekya,school,12.8846993,77.5513878
Christ Academy ICSE School,school,12.8245307,77.6206863
Trees,park,12.8878405,77.578451
Trees,park,12.8874841,77.5779472
Trees,park,12.8867528,77.578667
Unnamed,park,12.8859304,77.5790196
Unnamed,park,12.8905336,77.593524
Government High School,school,12.8828291,77.6241711
Unnamed,park,12.8917125,77.6051759
Unnamed,park,12.9043896,77.6500887
Easy Shopping Mart,shopping,12.8641013,77.5992231
Loyola Primary School,school,12.8706024,77.5927175
Government Lower Primary School,school,12.8816137,77.6236081
Kiran General and Rice Store,shopping,12.8552066,77.669072
Sakhi Hospital (A Unit Of Prasad Healthcare Services),hospital,12.9052747,77.6031945
Oxford College,college,12.90101,77.6309346
PESU Electronic City Campus,college,12.861641,77.6654393
South City Park,park,12.889091,77.5904551
Unnamed,park,12.8783453,77.5563216
Unnamed,park,12.8790983,77.5579758
Unnamed,park,12.883375,77.5549854
Unnamed,park,12.8801869,77.5488096
Unnamed,park,12.8663897,77.5621456
Unnamed,park,12.8656444,77.5646091
Unnamed,park,12.8647821,77.6040901
Unnamed,park,12.8668557,77.5994251
Unnamed,park,12.8683951,77.6196899
Unnamed,park,12.8847146,77.6134907
Unnamed,park,12.8849559,77.6147838
Unnamed,park,12.8859171,77.6159813
Unnamed,park,12.8861207,77.618457
Unnamed,park,12.9038268,77.6074431
Vijaya Bank Layout Park,park,12.8919306,77.6081055
Unnamed,park,12.8908859,77.5995845
BBMP,park,12.9001845,77.562125
ITI Layout Park,park,12.9003193,77.6408965
Unnamed,park,12.891643,77.5843737
The Brigade School,school,12.8923091,77.5853171
Dayanand Sagar Institutions,college,12.9077922,77.5667401
Indira Vidya Mandir School,school,12.8943726,77.5557969
Jaraganahalli Park,park,12.9028846,77.5755502
Atal Bihari Vajpayee Park,park,12.9042459,77.5625
Ambabhavi park,park,12.9048447,77.5621046
Unnamed,school,12.9061459,77.5577684
Unnamed,park,12.8885498,77.5929019
BBMP Panduranga Park,park,12.8952667,77.595422
Dollars Colony Park,park,12.9030054,77.596625
Unnamed,park,12.9011375,77.5911455
Unnamed,park,12.9057589,77.5908606
ISRO Layout Children's Park,park,12.8972207,77.5576885
Unnamed,park,12.859711,77.6630077
7 Days,shopping,12.9036406,77.6022033
ಚೌಡೇಶ್ವರಿ ಮತ್ತು ಶನಿಮಹಾತ್ಮ,shopping,12.8918499,77.5423822
Unnamed,park,12.891868,77.5428686
Unnamed,park,12.8914218,77.5429901
Unnamed,park,12.8910873,77.5430927
Unnamed,park,12.9012242,77.6643306
Unnamed,park,12.9010679,77.6662731
Unnamed,park,12.9021705,77.6645535
Unnamed,park,12.902174,77.6640182
BHCS Park,park,12.9068214,77.5504097
Unnamed,park,12.9061278,77.551345
Unnamed,park,12.9066599,77.5547625
touchwood,hospital,12.9059995,77.6511229
Notre Dame Academy,school,12.8834187,77.6794502
Mantri Mall Kanakpura Road,shopping,12.8856584,77.5526591
Big Market,shopping,12.8859906,77.555902
Hipower hangout,park,12.8539155,77.6623059
Unnamed,park,12.8797554,77.5887342
Unnamed,park,12.8883776,77.5517564
Royal High School,school,12.8999451,77.5855117
Royal Meenakshi Mall,shopping,12.8758758,77.5957621
SOS Children's Village,school,12.8728096,77.5975747
Freedom Park,park,12.905193,77.5998021
Butterfly Park,park,12.8412511,77.6519847
Children's Park,park,12.8418418,77.6518747
E.N.Rao Plaza,shopping,12.897561,77.5857742
Raja Rajeshwari Apartment Common Area,park,12.8978289,77.6320545
Unnamed,hospital,12.8980981,77.6338265
Aradhana Academy,school,12.884787,77.5920495
Shobha Supermarket,shopping,12.8832065,77.6073556
Unnamed,park,12.8712711,77.6624169
Unnamed,school,12.8924953,77.5872933
B Phase Park 1,park,12.8947814,77.577033
B Phase Park 2,park,12.8947967,77.5762675
FAB Hypermarket,shopping,12.8744868,77.6469881
Falkon Hypermarket,shopping,12.8787253,77.6368111
The Mutha School,school,12.8739355,77.5595153
Large Arekere Trees Park,park,12.8848842,77.6061833
Little Kaveri road park,park,12.8844328,77.6066769
Unnamed,park,12.886215,77.5615524
Sri Kumaran Children's Academy,school,12.8833467,77.560624
Sri Kumaran Children's Home CBSE,school,12.8479203,77.5428464
Sri Kumaran Children's Home ICSE,school,12.8453011,77.542489
The Cambridge International School,school,12.8907538,77.6673653
Unnamed,park,12.8792047,77.5449465
Unnamed,park,12.896001,77.5805193
Unnamed,park,12.8958822,77.5806477
Karnataka Bank,bank,12.8137691,77.6836491
Unnamed,park,12.9047941,77.6639045
Unnamed,park,12.9026038,77.6621282
Unnamed,school,12.903718,77.665559
Unnamed,school,12.9000244,77.6113234
Candor International School,school,12.8200187,77.6209078
Narayana CO-Kaveri Bhavan,school,12.8958024,77.6789688
Government School,school,12.8972738,77.6833476
Amatra Academy,school,12.8960717,77.6726794
Unnamed,park,12.8731231,77.5636683
Unnamed,park,12.8635495,77.6092905
Unnamed,park,12.8422002,77.6615011
M5 ECity Mall,shopping,12.8419784,77.6768224
"National Public School, Hosur Road",school,12.8295935,77.6823045
Christ University Bannerghatta Road,college,12.8778683,77.596113
Holy Spirit School ICSE,school,12.8719667,77.593117
Holy Spirit PU College,school,12.8729809,77.5905601
Jeevalaya Institute of Philosophy,college,12.8622781,77.5829112
Mount St. Joseph,school,12.8688525,77.5903201
Unnamed,school,12.827241,77.5856423
Union Bank of India Staff College,college,12.8310931,77.5868658
AMC Engineering College,college,12.8284764,77.5889213
Rainbow Children's Hospital,hospital,12.9033828,77.6007409
Delhi Public School Electronic City,school,12.8473688,77.6286454
Unnamed,park,12.8614334,77.5349352
Forum South Bengaluru,shopping,12.8880458,77.562808
Unnamed,park,12.8578033,77.5405276
GMPS Jaraganahalli,school,12.900122,77.5733646
Unnamed,school,12.9058082,77.6415363
PNR Felicity,shopping,12.8951331,77.6571353
Carmel Academy,school,12.8625119,77.5896117
Sherwood High School,school,12.8474387,77.5890874
Swami Vivekananda Yoga Anusandhana Samsthana,college,12.7542356,77.6240033
Unnamed,park,12.8719713,77.5560321
Doddakalasandra Government High School,school,12.8758843,77.5615653
Unnamed,park,12.8787667,77.5597161
"DPS Bengaluru South, Junior School",school,12.8775146,77.5686277
Unnamed,park,12.8840452,77.5670415
Unnamed,college,12.8241733,77.6075278
Sudarshan Vidhya Mandira CBSE Campus,school,12.8240504,77.5967158
Greenwood High Bannerghatta,school,12.8379595,77.6008244
T John College,college,12.8507133,77.5945708
Unnamed,school,12.850542,77.6403741
Unnamed,park,12.8873478,77.5630005
Unnamed,school,12.9013686,77.6477352
Unnamed,park,12.8561826,77.5732073
Unnamed,park,12.8536022,77.5726886
Unnamed,park,12.852166,77.5761178
Unnamed,park,12.8783193,77.5414764
Unnamed,park,12.8774721,77.5407549
Unnamed,park,12.8549618,77.5936226
Vibgyor High School,school,12.8588181,77.6050465
Unnamed,park,12.8639538,77.6126979
Unnamed,park,12.8637416,77.6117999
Unnamed,park,12.8624018,77.6105386
"St Anns School, Begur",school,12.8736628,77.6122458
Unnamed,park,12.8748718,77.6124765
Unnamed,park,12.8740272,77.6088642
Unnamed,park,12.8635379,77.6106145
Unnamed,park,12.8645294,77.6093281
Unnamed,college,12.8736599,77.5989796
Islamia Institute of Technology,college,12.8745052,77.5966313
Unnamed,park,12.8686492,77.5908886
Unnamed,park,12.8682221,77.5907831
Unnamed,school,12.8178481,77.6034281
Unnamed,park,12.8449482,77.5874491
Unnamed,park,12.8455953,77.5863196
Unnamed,park,12.8462506,77.5874658
Unnamed,park,12.8526846,77.60538
Unnamed,park,12.8519431,77.6034576
St. Joseph Nivas Special School,school,12.8504622,77.5973448
Unnamed,park,12.8434565,77.6531891
Unnamed,park,12.8955827,77.5403851
Unnamed,park,12.8921712,77.5395365
Unnamed,park,12.8981148,77.5385555
The Happy Valley School,school,12.9028633,77.534034
Unnamed,park,12.9035215,77.5574108
Unnamed,park,12.8953459,77.6643682
Unnamed,park,12.9032862,77.5655639
Unnamed,park,12.9057145,77.566493
Unnamed,park,12.9032764,77.5628899
Unnamed,park,12.9037019,77.5641337
Unnamed,park,12.902641,77.5628291
Unnamed,park,12.9011652,77.5617478
Unnamed,park,12.8956904,77.5392793
Unnamed,park,12.8964059,77.5395405
Unnamed,park,12.9053337,77.5936977
Unnamed,park,12.8881179,77.6112737
Unnamed,park,12.8886604,77.6112931
Bosch Learning Campus,college,12.8883329,77.6113151
Unnamed,park,12.8878217,77.5444295
Unnamed,park,12.884562,77.5627726
Unnamed,park,12.886537,77.563214
Unnamed,park,12.8411637,77.6735501
Unnamed,park,12.8356078,77.6674779
Unnamed,park,12.8366594,77.6668717
Unnamed,park,12.8324919,77.6633533
Unnamed,park,12.8345931,77.6627338
Unnamed,park,12.8321003,77.6741854
Amrita International Vidyalayam,school,12.8837912,77.6840136
Unnamed,park,12.8902144,77.6372764
Unnamed,park,12.8804372,77.5552609
Skalvi International School,school,12.8781997,77.5857334
Unnamed,park,12.8742468,77.5885718
SFS Kannada Medium School,school,12.8342647,77.6811624
Unnamed,park,12.863439,77.5437548
Unnamed,park,12.8630896,77.5369253
Unnamed,park,12.8611159,77.5336059
Unnamed,park,12.8593864,77.5350797
Unnamed,park,12.8580589,77.5366159
Unnamed,park,12.8960497,77.6645006
Unnamed,park,12.894706,77.6657022
Unnamed,park,12.8949871,77.6651216
Unnamed,park,12.9020502,77.5947278
Unnamed,park,12.9023169,77.5940576
Clarence Public School,school,12.9035053,77.5958832
Unnamed,park,12.8642097,77.5361165
ITI Layout Lake Park,park,12.902166,77.6396091
Unnamed,park,12.8945883,77.6458331
Unnamed,school,12.8887656,77.6447307
Bande park,park,12.8841259,77.618015
Kalluballu Garden and Lake Park,park,12.7735712,77.6213135
"St. Teresa School, Begur",school,12.8733846,77.6261578
Unnamed,park,12.8736489,77.6184985
Unnamed,park,12.8751601,77.6180915
Unnamed,park,12.8657402,77.6204137
Unnamed,park,12.8763876,77.5491073
Unnamed,park,12.875914,77.5489599
Unnamed,park,12.9064232,77.6004308
Madiwala Lake Park,park,12.9095516,77.6137211
Kalanikethan School,school,12.8859026,77.65116
PESU HOSPITAL,hospital,12.8627925,77.6662881
Unnamed,park,12.8673177,77.6606205
Yelachenahalli Kere Park,park,12.8996612,77.5656458
Unnamed,park,12.901644,77.5616509
Government Urdu Higher Primary School,school,12.90408,77.5665779
Unnamed,park,12.9063696,77.5604393
Blossom School,school,12.9042667,77.5615543
Unnamed,park,12.9066207,77.67077
Sarakki Lake Park,park,12.8983062,77.5778787
Narayana e-Techno School,school,12.9002593,77.5717324
Vasavi Hospital,hospital,12.9031532,77.5603082
Dore Kere Park,park,12.9027273,77.5508723
State Bank of India,bank,12.8995204,77.5580505
Unnamed,school,12.9029904,77.5671103
Unnamed,park,12.9001635,77.6538266
St. Anthony's School,school,12.8609843,77.6178516
Unnamed,park,12.8621271,77.6075365
"Chrysalis High School, Begur",school,12.8614136,77.610613
Unnamed,park,12.8651786,77.6119319
Unnamed,park,12.8731388,77.6114344
Unnamed,park,12.8736107,77.6101363
DMart,shopping,12.8762935,77.610434
Unnamed,park,12.8743593,77.6114726
Unnamed,park,12.8926517,77.6100439
Treamis World School,school,12.8172891,77.6522927
Unnamed,park,12.8903229,77.6047391
Unnamed,park,12.8929362,77.5532513
Unnamed,park,12.8819721,77.6530013
Village Market (Supermarket),shopping,12.8299214,77.6648352
Unnamed,school,12.9055709,77.5887259
Unnamed,park,12.8524824,77.681139
Unnamed,school,12.8524504,77.6805898
Unnamed,park,12.858523,77.589617
Unnamed,park,12.8949242,77.6677032
Janaki Ammal Park,park,12.8981117,77.6713276
Somasundarapalya Lake Park,park,12.8989203,77.6479446
Centro Mall,shopping,12.8916568,77.5977538
Veerasandra Lake Park,park,12.8399333,77.6756838
Unnamed,school,12.8604359,77.5683769
Krishna Nagara Lake Park,park,12.8738206,77.5797828
Unnamed,park,12.8744868,77.5754453
RV Institute of Technology and Management,college,12.8727754,77.5758246
Unnamed,park,12.7941595,77.6667147
Achiever's Academy,school,12.7995726,77.6668154
Unnamed,park,12.8014187,77.6562593
Unnamed,school,12.7793286,77.673388
Unnamed,school,12.9038855,77.5472231
Unnamed,school,12.8535865,77.5702914
Unnamed,park,12.8612667,77.5796852
Deeksha,school,12.8667376,77.5403277
EuroSchool Electronic City,school,12.8189608,77.6577973
Unnamed,college,12.8412265,77.6684158
Unnamed,park,12.8808484,77.5532915
Unnamed,college,12.8866517,77.5462158
Unnamed,school,12.9031061,77.6369758
Unnamed,school,12.8609987,77.6718878
Unnamed,park,12.8754391,77.5517706
Unnamed,school,12.884623,77.5513579
Hillside College of Nursing,college,12.8836678,77.5461093
Siddaganga National School,school,12.8806176,77.5465073
Unnamed,park,12.8907065,77.5352312
Vidyashilp Banashankari,school,12.888805,77.5375169
Unnamed,park,12.8810165,77.5440049
Gubbalala Lake Park,park,12.8807487,77.5406157
Nirmala Jyothi Technical Institute Salesian Sisters,college,12.8669346,77.5912825
Unnamed,park,12.7840326,77.6835598
Unnamed,park,12.772663,77.6843133
Unnamed,park,12.7715969,77.6828583
Unnamed,park,12.7703814,77.6837665
Unnamed,park,12.7633129,77.6778824
Unnamed,park,12.7614327,77.6742261
Unnamed,school,12.8471608,77.5950582
Unnamed,park,12.8546646,77.6022761
Unnamed,park,12.8548764,77.6019314
Unnamed,park,12.8550522,77.6016096
Unnamed,school,12.8541978,77.5978256
Saint Francis Xavier HPS Chikkana Halli,school,12.8497843,77.6003362
Unnamed,school,12.848352,77.5992907
Sri Ramakrishna Samagra Shikshana Kendra,school,12.864519,77.5864983
Unnamed,school,12.861861,77.5914237
Unnamed,park,12.860555,77.5903171
Unnamed,college,12.8568683,77.5895168
Unnamed,school,12.8660552,77.5971711
Sri Chaitanya Techno School,school,12.863864,77.5779813
Frank Public School,school,12.9052591,77.5799249
Orchids the International School,school,12.8999391,77.6659796
Narayana,school,12.8955025,77.6796803
Vibgyor School,school,12.8993951,77.6572331
Unnamed,park,12.8395616,77.6563414
Unnamed,park,12.8404342,77.6559151
Hillstone Rock park,park,12.8507927,77.6128294
Hillstone Park,park,12.8504392,77.6133384
Hillstone Park,park,12.8503214,77.6141066
Mahaveer Hillsotne Park,park,12.8515799,77.614052
Unnamed,park,12.8514222,77.613459
Unnamed,park,12.8512458,77.6145131
Unnamed,school,12.762907,77.6281152
Unnamed,school,12.889663,77.5683005
Unnamed,park,12.8865824,77.5502213
"R K gardens, BBMP Park",park,12.8669351,77.5446663
Unnamed,park,12.864941,77.5936866
Unnamed,park,12.8704966,77.5879444
Universal College of Nursing,college,12.8804042,77.5894824
Unnamed,park,12.9005514,77.5525787
Vimalaya Hospital,hospital,12.8348606,77.6807681
More,shopping,12.8801318,77.6464004
Karnataka Reddyjana Sangha Medical College,college,12.8957568,77.6740463
Unnamed,park,12.8754042,77.6533074
Unnamed,school,12.8756228,77.6517045
GHPS Singasandra,school,12.8776611,77.6475551
GHPS Bandepalya,school,12.8958924,77.6416837
Unnamed,school,12.8242393,77.6711706
Unnamed,school,12.8650367,77.5339052
ICAT Design & Media College,college,12.903684,77.6303209
Unnamed,park,12.8822826,77.5866774
Unnamed,park,12.880314,77.5862475
Unnamed,park,12.8808157,77.5872087
Unnamed,park,12.8274192,77.6619026
White Academy,school,12.8166247,77.669891
Government School,school,12.817191,77.6678356
Unnamed,park,12.8247433,77.6566981
Unnamed,park,12.8228849,77.6650183
Unnamed,park,12.8850528,77.6668551
Unnamed,park,12.9025348,77.675326
Unnamed,park,12.8935063,77.6606761
Unnamed,park,12.8939837,77.6592834
Unnamed,school,12.813789,77.5866348
Unnamed,school,12.818949,77.5854387
Unnamed,school,12.8247918,77.5819833
Narsee Monjee Institute of Management Studies,college,12.8248703,77.5879955
Orchids The International School - Yelahanka,school,12.8397174,77.5940275
Unnamed,school,12.8462442,77.6080099
Aarogya Hastha Hospital,hospital,12.9005656,77.6757868
Unnamed,park,12.8787092,77.6471417
Unnamed,park,12.8730007,77.5888849
Unnamed,park,12.8742624,77.5911983
Unnamed,park,12.8747738,77.591988
Unnamed,park,12.8737839,77.5866913
Unnamed,college,12.8238582,77.6200604
Unnamed,college,12.8107211,77.6265755
Tapovan School,school,12.7952451,77.6176995
Unnamed,school,12.7898137,77.6071169
Unnamed,college,12.8138074,77.6054639
New Baldwin international school,school,12.9054869,77.6504
Nemmadhi Layout Children's Park,park,12.7859239,77.6619414
Unnamed,school,12.9049906,77.6064888
"Orchids The International School, BTM",school,12.9044397,77.6054015
Unnamed,park,12.8702423,77.5772092
Unnamed,school,12.8710893,77.5827942
Unnamed,park,12.8689293,77.5770663
Unnamed,park,12.8722883,77.5771763
Unnamed,school,12.7786146,77.6212728
Unnamed,park,12.8444038,77.6739641
Unnamed,park,12.8448837,77.67371
Unnamed,park,12.8588793,77.5401494
Unnamed,park,12.8714052,77.5481786
Unnamed,park,12.8634358,77.5376994
DMart,shopping,12.875632,77.5445007
Unnamed,park,12.8806146,77.651873
Unnamed,park,12.8812224,77.6519936
Unnamed,park,12.8803637,77.6506263
Unnamed,park,12.8967872,77.5565994
Unnamed,school,12.8944167,77.5554224
Unnamed,park,12.8998118,77.5595385
VRR Nest Children's Park,park,12.8644971,77.6628557
"Act Secondary HPS , Beratena Agrahara",school,12.8662015,77.6583284
Papareddy Palya,bus_stop,12.9723136,77.5079205
Aladamara,bus_stop,12.9751302,77.5094207
Nagarabhavi BDA Complex,bus_stop,12.9795534,77.5106479
Papareddypalya,bus_stop,12.9721349,77.5079442
Aladamara Papareddypalya,bus_stop,12.9753322,77.5096764
Nagarabhavi 9th Block,bus_stop,12.9697447,77.5091394
NGEF Layout,bus_stop,12.9611226,77.5098771
Vinayaka Layout Bus Stop,bus_stop,12.9607472,77.5074459
Ambedkar College,bus_stop,12.9604446,77.504936
Mallathalli Cross,bus_stop,12.9571672,77.5030961
Mariyappanapalya,bus_stop,12.9452578,77.4955665
Kenchapura Cross,bus_stop,12.941617,77.4936019
Shirke KHB Quarters,bus_stop,12.9319209,77.4878839
Kengeri Ganesha Temple,bus_stop,12.9115964,77.4804738
BMTC Depot-12 Gate,bus_stop,12.9069409,77.4740071
RV College,bus_stop,12.9253246,77.4991719
Kengeri Police Station,bus_stop,12.9104413,77.4819132
Peenya 1st stage,bus_stop,13.0352642,77.5269388
Kengeri,railway_station,12.9176571,77.4837568
Nayandahalli,railway_station,12.9413253,77.5212118
Chandra Layout,bus_stop,12.9581731,77.5269422
Jyothi Nagara,bus_stop,12.9593821,77.5217937
Gandhi Bhavan,bus_stop,12.9488494,77.5110793
Press Layout Ullal Road,bus_stop,12.9514665,77.4923596
Vidyanikethan Public School,bus_stop,12.9507573,77.4867329
Manganahalli Cross,bus_stop,12.9526755,77.4841408
Nagarabhavi Village,bus_stop,12.9593813,77.5167128
Beedi Karmikara Colony Gate,bus_stop,12.9223672,77.4746339
Kengeri Club,bus_stop,12.9234006,77.4728741
Kommaghatta,bus_stop,12.9296969,77.4653413
Ramasandra Cross,bus_stop,12.9325343,77.4615695
Banglow Sulikere,bus_stop,12.9328402,77.4520974
Nursery Maragondanahalli,bus_stop,12.9361406,77.4383344
Chikkammanapalya,bus_stop,12.9506068,77.4227937
Yalachaguppe,bus_stop,12.9593287,77.4210094
Manjunath Nagara,bus_stop,12.9642757,77.4040765
Machohalli Cross,bus_stop,12.9908634,77.4543067
Byadarahalli,bus_stop,12.9850752,77.4826274
Kottigepalya,bus_stop,12.987854,77.5145347
Kamakshipalya,bus_stop,12.9838135,77.5292847
Devasthana,bus_stop,13.0208584,77.5294589
Rajagopalanagara Police Station,bus_stop,13.02371,77.5216866
Jalahalli West,bus_stop,13.0533332,77.5306036
Chikka Banavara,railway_station,13.0746787,77.5056373
Vokkaligara School,bus_stop,12.9859865,77.5116928
Vokkaligara School,bus_stop,12.9854461,77.5111646
BWSSB Tavarekere,bus_stop,12.9701482,77.3993721
Yale Kodigehalli,bus_stop,12.9772628,77.4652831
Bharath Nagara 1st Phase,bus_stop,12.9823464,77.4801057
Varthuru,bus_stop,12.9854464,77.4022048
Karikalpalya Cross,bus_stop,13.070082,77.4021128
Hullegowdanahalli,bus_stop,13.0604602,77.4065323
Kenganahalli,bus_stop,13.0518156,77.4115028
Harti palya,bus_stop,13.0374566,77.426236
Ravuthanahalli,bus_stop,13.0264584,77.424014
Chamundi Nagara,bus_stop,13.0199191,77.421894
Devananjayyana Palya,bus_stop,13.0146758,77.4203834
Kittanahalli,bus_stop,13.0089055,77.4194221
Machohalli,bus_stop,13.006545,77.4530554
Peenya 1st stage,bus_stop,13.0354596,77.5269947
Ravindra Nagara,bus_stop,13.0498855,77.5164759
Medarahalli Railway Gate,bus_stop,13.0762424,77.5050696
Jaibhuvaneshwari Nagar,bus_stop,13.0145156,77.5308407
Lakshmidevi Nagar Cross,bus_stop,13.0189809,77.5226018
Swathantra Yodhara Nagar,bus_stop,13.0103801,77.5290268
Laggere,bus_stop,13.015213,77.5293199
Kamalanagara,bus_stop,12.9969558,77.5273984
Sonal Garments,bus_stop,13.0217404,77.5258111
Jyothi Nagara 6th Cross,bus_stop,12.9575939,77.523409
Sports Authority of India,bus_stop,12.9415222,77.5157036
Maruthi Nagara,bus_stop,12.9618378,77.5216743
Saraswathi Nagara,bus_stop,12.9736313,77.5302829
Ashraya Badavane,bus_stop,12.9886748,77.4726248
Kudhurgere colony,bus_stop,13.0686238,77.4765245
Siddana Hosahalli,bus_stop,13.0571489,77.4603031
Dombarahalli,bus_stop,13.0494582,77.459986
Nisarga Layout,bus_stop,13.0737412,77.4521283
Syndicate Bank Colony,bus_stop,12.9978617,77.4894408
Balaji Nagar,bus_stop,13.0139019,77.4966426
Laggere Bridge,bus_stop,13.0085607,77.5268696
Balaji Nagara,bus_stop,13.0100902,77.4967077
Byraveshwara Nagara,bus_stop,13.0372658,77.4911456
BWSSB Quarters,bus_stop,12.9398137,77.5234553
Nayandahalli,bus_stop,12.9436734,77.5262824
Jayaram Das Factory,bus_stop,12.9297858,77.5056548
Mylasandra Cross,bus_stop,12.9171955,77.4905218
RV College,bus_stop,12.9253978,77.4995421
Kengeri TTMC,bus_stop,12.9137317,77.4871216
Anjaneya Temple,bus_stop,12.9384714,77.5288048
Sulikere,bus_stop,12.9392858,77.4481808
Hosahalli,bus_stop,12.9630714,77.4538575
Kenchanapura,bus_stop,12.957147,77.4498784
Jalahalli Cross,bus_stop,13.0399581,77.5187543
Anchepalya,bus_stop,13.0554769,77.4791781
Widia School,bus_stop,13.0489301,77.4973612
Nagarbhavi Village,bus_stop,12.9588588,77.5167104
Nagarabhavi Village,bus_stop,12.9569358,77.5161259
Nrupatunga Nagar,bus_stop,12.9583156,77.5093107
Nagarabhavi 1st Stage 3rd Block,bus_stop,12.9521436,77.520418
Nagarabhavi 1st Stage 3rd Block,bus_stop,12.9516696,77.5212224
Kengeri Police Station,bus_stop,12.9103981,77.4842374
Hullala Cross,bus_stop,12.9518239,77.4777583
Bhuvaneshwari Nagara 2nd Stage,bus_stop,12.9425223,77.4869048
Ullalu,bus_stop,12.9556877,77.4801366
Mallathahalli,bus_stop,12.958835,77.5006817
Bilikallu,bus_stop,12.9748467,77.479779
Thammenahalli Palya,bus_stop,13.0763334,77.4883159
Mallasandra,bus_stop,13.0026901,77.3942032
Gayathri Nagara Cross,bus_stop,13.0148938,77.3833642
Kerekodi Sondekoppa,bus_stop,13.0195387,77.3841356
Hullegowdanahalli Cross,bus_stop,13.0685487,77.3946009
Byregowdana Halli Cross,bus_stop,13.0595501,77.3936668
Global Chess Academy India,school,12.962267,77.530001
Mount Senora School,school,13.0055371,77.5254587
"Vasan Eye Care Hospital, Nagarabhavi",hospital,12.9746134,77.5129757
Bangalore Blaze Girls High School,school,12.9582352,77.517911
Vice Chancellor's Lodge,school,12.9377048,77.50855
Star Bazaar,shopping,12.9358801,77.5176749
ICICI Bank,bank,12.9312478,77.5154648
Rc Hospital,hospital,12.930936,77.5153776
Veturi Child Health Centre,hospital,12.9263226,77.5156579
Food World,shopping,12.9209843,77.5202713
Swargarani,school,12.9125086,77.5271968
Ragavendra Hospital,hospital,13.0425433,77.5155377
Canara Bank,bank,13.0376208,77.5222091
RNS Vidyaniketan School,school,12.9619713,77.5327333
Income Tax Layout,bus_stop,12.9600015,77.5317178
KVV High School,school,12.9646688,77.5330893
Axis Bank,bank,12.931206,77.5153867
Rajarajeshwarinagara Gate,bus_stop,12.9355816,77.5184637
Munikondappa Badavane,bus_stop,13.0440634,77.5179214
Shettty Halli,bus_stop,13.0647697,77.5173296
Medarahalli Railway Cross,bus_stop,13.0672443,77.5159428
Chikka Banawara Railway Gate,bus_stop,13.0753344,77.5045233
Siddaganga School,bus_stop,12.954513,77.5224516
Vinayaka Layout,bus_stop,12.965621,77.5304054
Moodalapalya,bus_stop,12.9706816,77.5248635
Cauvery Nagara,bus_stop,12.9998012,77.5305215
Jai Maruthi Nagara,bus_stop,13.0099244,77.5325737
Sakamma Badavane,bus_stop,13.0087813,77.5304051
Hegganahalli Cross,bus_stop,12.9997138,77.5041185
Neelagiri Thopu,bus_stop,12.9958612,77.5025557
Kebbala,bus_stop,12.987464,77.5044863
Kareem Sab Layout,bus_stop,13.004064,77.5097263
MEI Colony,bus_stop,13.0200072,77.5207089
Rajkumar Samadhi,bus_stop,13.018559,77.5319991
Lakshmidevi Nagara,bus_stop,13.0155262,77.5262039
Rajani Farm,bus_stop,13.0197535,77.5190795
Rajagopalanagar Rajni Farms,bus_stop,13.0140998,77.5090774
Veeranna Palya,bus_stop,12.9749057,77.4999832
Madavara,railway_station,13.0574214,77.4728055
Chikkabidarakallu,railway_station,13.0523616,77.4879154
Manjunathanagara,railway_station,13.0500898,77.4944461
MK Ahmed Super Market,shopping,12.9607559,77.5070056
Shoprite,shopping,12.9606694,77.5122249
Vigneshwara Nagara,bus_stop,12.9944842,77.5044409
Gangondanahalli Cross,bus_stop,13.0293215,77.4645807
Gangondanahalli,bus_stop,13.0217203,77.4677183
Kachohalli,bus_stop,13.0003721,77.4705492
Lakshmipura,bus_stop,13.0371439,77.4612522
Rajeshwarinagara,bus_stop,13.0455346,77.4612535
Thigalara Palya,bus_stop,13.0170955,77.4829741
G Hosahalli,bus_stop,12.995243,77.478282
Manganahalli,bus_stop,12.9539464,77.4692125
Upkar Residency Layout,bus_stop,12.9607352,77.4831822
Ramasandra,bus_stop,12.9454423,77.4678817
Bramha Devara Gudda,bus_stop,12.9749403,77.475418
Seegehalli,bus_stop,12.9732468,77.4489464
Dodda Aladamara,bus_stop,12.9098609,77.3952967
Dubasi Palya,bus_stop,12.9274161,77.4951526
Bagalagunte Village,bus_stop,13.0571339,77.501909
Thotada Guddadahalli,bus_stop,13.0683203,77.4893818
MEI Layout,bus_stop,13.0607746,77.5009314
Sidedahalli,bus_stop,13.0625424,77.4953754
Meenakshi Layout,bus_stop,13.065434,77.4927168
Kadabagere Cross,bus_stop,12.988996,77.4492145
Forest Gate,bus_stop,12.9917411,77.4591022
Mutturayaswamy Temple,bus_stop,12.9918561,77.4427372
Bayyandahalli Colony,bus_stop,13.0033032,77.442387
Janapriya Township,bus_stop,12.9992158,77.4427719
Gurushree Hitech Multispeciality Hospital,hospital,12.9593144,77.5265054
"Shobha Hospital, Bengaluru Urban",hospital,12.9755854,77.5313495
Allahabad Bank,bank,12.9727782,77.5296785
"Saraswathi Nagar, Police Chowky",bus_stop,12.9719567,77.5290443
Gnanabodhini English Pre-Primary School,school,12.9263122,77.4945152
MEDSOL Hospital,hospital,12.9309944,77.4929837
Sumanahalli,bus_stop,12.9867833,77.5207241
Summanahalli,bus_stop,12.9867218,77.5195211
Summanahalli,bus_stop,12.9876896,77.5191931
Government Primary Health Centre,hospital,13.003447,77.504284
Unnamed,school,13.0034513,77.5042307
Unnamed,bus_stop,13.0081727,77.5056024
Rajagopalanagara Police Station,bus_stop,13.0237865,77.5217729
Kanteerava Nagar,bus_stop,13.0216202,77.5269261
Devasthana,bus_stop,13.0209486,77.5294031
HDFC Bank,bank,13.03557,77.5185873
State Bank of India,bank,13.0271609,77.5148644
Canara Bank,bank,13.0198648,77.5048222
GKW Layout,bus_stop,12.9682338,77.5285165
Marenahalli,bus_stop,12.9699014,77.5320623
Bharathy Hospital,hospital,12.9761294,77.5326369
Ashrama Savandarbar,bus_stop,12.9096102,77.4923086
Raja Rajeshwari School,bus_stop,12.9296555,77.5147243
BHEL Concrode Layout,bus_stop,12.9078152,77.5094358
Pattanagere,bus_stop,12.9195676,77.5115655
Raja Rajeshwari Temple,bus_stop,12.9269842,77.5111944
Haridasa Nagara,bus_stop,12.9186152,77.5273725
Krishnappa Layout,bus_stop,12.9230604,77.5295868
Shaneshwara Temple,bus_stop,12.926515,77.5313975
Karnataka Bank,bank,12.9760451,77.5311984
"Shobha Hospital, Prashant Nagar",bus_stop,12.9757654,77.5311667
Shopper City,shopping,12.9762502,77.5320438
State Bank of India,bank,12.9746886,77.5310295
East West Institue of Technology,school,12.9759458,77.4832366
Dasanapura,bus_stop,13.0751191,77.4359092
Dasanapura,bus_stop,13.0755778,77.4360035
Mylasandra Cross,bus_stop,12.9184781,77.4909157
Jayaram Das Factory,bus_stop,12.9307347,77.5059954
Nandini Layout Ring Road,bus_stop,13.0119992,77.529111
Kempegowda Arch,bus_stop,13.0024805,77.5259388
Kempegowda Arch,bus_stop,13.0025745,77.5256814
MEI layout,bus_stop,13.060893,77.5003917
8th Mile Dasarahalli,bus_stop,13.0454221,77.507706
Malligondanahalli,bus_stop,12.9159817,77.4153475
Thavarekatte,bus_stop,12.9114493,77.3829259
"GM Hospital, Nagarabhavi",hospital,12.9613237,77.511726
Bychakuppe,bus_stop,12.9702965,77.3886166
Gangena Halli,bus_stop,12.9836362,77.3925769
Lakshmipura,bus_stop,12.9896277,77.3831371
Halubhavi Palya,bus_stop,12.9420654,77.4160584
Chikkaveeraiahana Palya,bus_stop,12.9455107,77.4004872
Puttaiahna Palya,bus_stop,12.9567247,77.4106416
Estate Gate,bus_stop,12.9595368,77.4067449
Maimanapalya,bus_stop,12.9857167,77.427429
Giddenahalli,bus_stop,12.9928046,77.4186374
Kadabagere,bus_stop,12.9968992,77.4332254
Doddamarana Halli,bus_stop,12.9304973,77.382837
Geleyara Balaga,bus_stop,13.0712135,77.5059782
Abbigere,bus_stop,13.0769515,77.5258623
Government Sub-Urban Press,bus_stop,12.9345995,77.5022911
Bangalore University Gate,bus_stop,12.9354397,77.5131619
Indira Priyadarshini Nagara,bus_stop,13.00708,77.5173404
KHB Colony,bus_stop,12.913173,77.3942936
Punugumaranahalli,bus_stop,12.916565,77.4034719
Ganapathi Halli,bus_stop,12.9182093,77.3953053
Basavana Palya,bus_stop,12.9325355,77.4000388
Punugumaranahalli Cross,bus_stop,12.9289772,77.4000637
BGS Health City,bus_stop,12.9070226,77.4992167
D Souza Nagara,bus_stop,12.9320088,77.5328435
Pramodha Layout,bus_stop,12.9361654,77.5280071
Chandra Public School,bus_stop,12.9604515,77.5295473
Ganesha Temple Chandra Layout,bus_stop,12.9581078,77.5286816
Gangondahalli Water Tank,bus_stop,12.9528075,77.5273651
Gangagondanahalli Church,bus_stop,12.9512445,77.5271235
Gangagondanahalli Masjid,bus_stop,12.9496141,77.5268242
Nayandahalli Railway Gate,bus_stop,12.9468096,77.5259576
14th Cross Chandra Layout,bus_stop,12.9591161,77.5237534
Chandra Layout 1st Stage,bus_stop,12.9529689,77.5217571
BCC Layout,bus_stop,12.951354,77.5297858
Nanjarasappa Badavane,bus_stop,12.9631773,77.528433
Vidyagiri Layout,bus_stop,12.9556355,77.5211562
Kanteerava Nagar,bus_stop,13.0214275,77.5270781
Sanjay Gandhi Nagar,bus_stop,13.0188369,77.5261816
Vidhanasoudha Layout,bus_stop,13.015628,77.5237044
SSVB Bakery,bus_stop,13.0141467,77.5326604
Ravi Badavane,bus_stop,13.006795,77.532459
Ashraya Nagara,bus_stop,13.0163604,77.531995
Jn of Gollahalli Road,bus_stop,12.9075203,77.4889005
Dubasi Palya Cross,bus_stop,12.9227574,77.4961638
Dubasi Palya Cross,bus_stop,12.9227444,77.495504
Bangalore University Gate,bus_stop,12.9357958,77.5132857
Rajarajeshwarinagara Gate,bus_stop,12.9364872,77.5182304
Rajarajeshwarinagara Gate,bus_stop,12.9362323,77.5175665
BWSSB Quarters,bus_stop,12.9392534,77.5233361
Nayandahalli,bus_stop,12.9429714,77.5262823
Jn of Kommaghatta Road,bus_stop,12.9146219,77.4816161
Robin Talkies,bus_stop,12.9160549,77.4797513
Kengeri Bande Mata,bus_stop,12.9198409,77.4767902
Sulikere Cross,bus_stop,12.9348358,77.4462092
Byrohalli Cross,bus_stop,12.9342683,77.4483297
Maragondanahalli Cross,bus_stop,12.9224812,77.4169025
Gulganjanahall,bus_stop,12.9367766,77.4189266
Maragondanahalli Cross,bus_stop,12.9346351,77.4318703
Krishnasagara,bus_stop,12.936358,77.4283936
Tavarekere,bus_stop,12.9658432,77.4001213
Hunisemarada Palya,bus_stop,12.9134597,77.4505312
New Byrohalli,bus_stop,12.9194369,77.4559033
Archakara Badavane,bus_stop,12.9189628,77.4528882
Hosa Palya,bus_stop,12.9108209,77.4501754
Bettana Palya,bus_stop,12.9119274,77.4430529
Dodda Aladamara Cross,bus_stop,12.9639014,77.4072508
Metipalya,bus_stop,12.9934544,77.4024592
Gerahalli,bus_stop,13.0372107,77.390473
Hunnigere Cross,bus_stop,13.0392623,77.3910061
Lakkenahalli Junction Sondekoppa Road,bus_stop,13.0447767,77.392639
Bairegowdana Halli Colony,bus_stop,13.0644629,77.3936663
Mallapura Gate,bus_stop,13.0728371,77.3936133
Kengeri Railway Station,bus_stop,12.9165843,77.4823461
Society Kengeri Satellite Town,bus_stop,12.9189691,77.4832425
Nagadevanahalli RR Temple,bus_stop,12.935699,77.4924157
BEML Complex,bus_stop,12.920158,77.5204954
Double Road BEML Layout,bus_stop,12.914526,77.5207669
Petrol Bunk RR Nagar,bus_stop,12.932582,77.5162034
Ramohalli,bus_stop,12.9073287,77.4182239
Kethohalli,bus_stop,12.9073134,77.4034803
SLN City,bus_stop,12.9519719,77.3864838
Peddanapalya School,bus_stop,12.9597165,77.3893807
Jnana Bharthi Layout,bus_stop,12.9313242,77.4897507
Ladies Hostel University Campus,bus_stop,12.9422645,77.505853
Library University,bus_stop,12.9443231,77.5044462
Administrative Block,bus_stop,12.9491302,77.501359
PVP School,bus_stop,12.9486439,77.4972184
Sonnenahalli Bridge,bus_stop,12.9420013,77.4833693
Sonnenahalli,bus_stop,12.9421151,77.4801004
Kengunte Circle,bus_stop,12.9602707,77.5042973
Deepa Complex,bus_stop,12.9666747,77.5051865
Deepa Complex,bus_stop,12.9668119,77.5051018
Maruthi Nagara,bus_stop,12.9383443,77.4790752
Balaji Badavane,bus_stop,12.9586133,77.4957742
Jnana Jyothi Nagara 2nd Phase,bus_stop,12.9572123,77.4954054
Nagarabhavi Circle,bus_stop,12.9580712,77.5186179
Bengaluru Children Hospital,bus_stop,12.9097783,77.5134738
Double Road,bus_stop,12.9151912,77.5135577
Halage Vaderahalli,bus_stop,12.919989,77.5139568
Halage Vaderahalli,bus_stop,12.9224408,77.5144605
BHEL Layout Cross,bus_stop,12.9157937,77.5107921
Krishna Garden,bus_stop,12.9132498,77.5071063
Javaregowdanagara Cross,bus_stop,12.9299784,77.5206938
Bangarappa Nagara,bus_stop,12.924845,77.5263047
Shakthi Hill Resorts,bus_stop,12.9115009,77.5274468
Shanmuka Temple,bus_stop,12.9132268,77.5283118
Javaregowda Nagara,bus_stop,12.9298898,77.5243085
Koli Farm,bus_stop,12.951812,77.4974244
Amma Ashrama Cross,bus_stop,12.9494923,77.4886482
Chunchanakuppe,bus_stop,12.9102758,77.3862278
Ullalu Upanagara,bus_stop,12.9623714,77.4750841
Byraveshwaranagara Bank Colony,bus_stop,12.9648841,77.5234607
Kalyana Nagara,bus_stop,12.9676588,77.5238617
Priyadarshini Layout,bus_stop,12.971471,77.5267719
Bhavani Nagara 2nd Stage,bus_stop,12.9567368,77.4871568
"National Law College, Jnana Bharathi",bus_stop,12.9528101,77.5163913
Bande Maramma Bus Station,bus_stop,12.9669671,77.5158357
Nagarabhavi 12th Block,bus_stop,12.9607501,77.5123818
Patteghar Circle,bus_stop,12.9763305,77.5258159
Panchsheela Nagara,bus_stop,12.9743262,77.5208194
Malagala,bus_stop,12.9754631,77.515267
Ramakrishnappa Layout,bus_stop,12.9778951,77.5164792
Unnamed,bus_stop,12.9694666,77.5148639
Annapoorneshwari Nagara,bus_stop,12.9807721,77.5069825
Srigandha Kaval,bus_stop,12.9787344,77.5017501
D Group Employees Layout,bus_stop,12.9782389,77.4986652
Narasipura,bus_stop,12.9770105,77.494631
Amma Ashrama,bus_stop,12.9463898,77.4868805
Herohalli Cross,bus_stop,12.9876847,77.4932046
Anjananagar Gollarahatti,bus_stop,12.9862442,77.4885444
College Stop Gollarahatti,bus_stop,12.9861912,77.4779524
Gollarahatti,bus_stop,12.9879822,77.4741074
Chikka Gollarahatti,bus_stop,12.9914136,77.4657955
Machohalli Colony,bus_stop,12.9973548,77.451548
Vinayaka Talkies,bus_stop,12.9925949,77.5081883
Siddartha Badavane,bus_stop,12.9945673,77.5112021
Kachohalli Cross,bus_stop,12.990475,77.4689491
Bylakonenahalli,bus_stop,13.0109535,77.4598985
TCI,bus_stop,13.0586246,77.4661321
Madanayakanahalli,bus_stop,13.060974,77.4609941
Makali,bus_stop,13.0655449,77.4533438
Adakimaranahalli,bus_stop,13.0703692,77.4445812
Devannanapalya,bus_stop,13.0769185,77.4323231
Devannana Palya,bus_stop,13.0773717,77.4323023
TCI,bus_stop,13.0590498,77.4659882
Adakimaranahalli,bus_stop,13.0708771,77.444609
Madanayakanahalli,bus_stop,13.0612674,77.4612791
Makali,bus_stop,13.0659494,77.4533884
Madeshwara Nagara,bus_stop,12.9923026,77.4943652
Prasanna Layout,bus_stop,12.9972668,77.4967859
Nagaravale,bus_stop,12.9992771,77.4961909
Sigehalli Gate,bus_stop,12.9841702,77.4440112
Hamsa Farm,bus_stop,12.9818471,77.4398431
Channenahalli,bus_stop,12.9779212,77.4305361
Honnagana Hatti,bus_stop,12.9742391,77.4210658
Channadasi Palya,bus_stop,12.970958,77.414868
"Sub Register Office, Lakkuppe",bus_stop,12.970023,77.4101371
Ganesha Temple,bus_stop,12.966868,77.4029049
Kannalli,bus_stop,12.9672288,77.4590501
Bharathnagar 2nd Stage,bus_stop,12.9785713,77.4778584
Gnanashakti Nagar,bus_stop,12.9855416,77.4586502
Eshwari Form,bus_stop,12.9885211,77.4663643
Sulikere Palya,bus_stop,12.9445732,77.4495942
Tunganagara Cross,bus_stop,12.985503,77.485068
Thunga Nagara,bus_stop,12.991877,77.4851534
Hunnigere,bus_stop,13.0328536,77.3963032
Mantanakurchi,bus_stop,13.0438093,77.3850231
Hosa Palya Gate,bus_stop,12.9834751,77.3871528
Vidyamanyanagar,bus_stop,13.0047026,77.4872663
Muddinapalya,bus_stop,12.9663246,77.4878545
Venkateshwara Layout,bus_stop,12.9933298,77.4885321
Vidyamanyanagar,bus_stop,13.0046069,77.4874872
Anjaneya Temple Thigalarapalya,bus_stop,13.0137744,77.4834344
Upkar Residency Layout,bus_stop,12.959248,77.4877338
Lingadeeranahalli,bus_stop,13.0000996,77.4793945
Nagarabhavi 2nd Phase 11th Block,bus_stop,12.9777974,77.5138386
Bayyandahalli,bus_stop,13.0070265,77.4424779
Bettahalli Cross,bus_stop,13.0081299,77.4349299
Kittanahalli,bus_stop,13.0090369,77.421661
Kadirenahalli Village,bus_stop,13.0418661,77.4482852
Kammasandra,bus_stop,13.0346342,77.4395654
Kamadenu Kshetra,bus_stop,13.0298454,77.4391367
Kamadhenu Kshethra,bus_stop,13.0256601,77.4476441
Vaddarahalli BMTC Training Centre,bus_stop,13.0201687,77.448566
Vaddarahalli Cross,bus_stop,13.0150369,77.4471027
Bettahalli Cross,bus_stop,13.0154005,77.4434612
Bettenahalli,bus_stop,13.0168799,77.4372605
Vaddarahalli,bus_stop,13.0146034,77.4496166
Averehalli Cross,bus_stop,13.0334071,77.4218979
Averahalli,bus_stop,13.0349289,77.4160517
Papaiahnapalya,bus_stop,13.0657122,77.404131
Mallapura Tavare Kere,bus_stop,13.0745717,77.3995507
Baleveerana Halli,bus_stop,13.0190461,77.3939341
Dairy Hegganahalli,bus_stop,13.0082282,77.5056125
Peenya 14th Cross,bus_stop,13.0164785,77.5057386
Brundavana Peenya 2nd Stage,bus_stop,13.0202404,77.5081111
NTTF,bus_stop,13.0246025,77.5108657
Rolling Mill,bus_stop,13.0265402,77.5147174
TVS Cross Peenya 2nd Stage,bus_stop,13.0285288,77.519548
Systems Peenya,bus_stop,13.0354412,77.5181727
System Jalahalli Cross,bus_stop,13.0349433,77.5179665
Jalahalli Cross,bus_stop,13.0398186,77.5183133
T Dasarahalli,bus_stop,13.0430177,77.5130488
T Dasarahalli,bus_stop,13.0427796,77.5129645
8th Mile Dasarahalli,bus_stop,13.0455636,77.5055104
8th Mile Dasarahalli,bus_stop,13.0450201,77.5076896
Rukmini Nagara,bus_stop,13.0410361,77.5048282
Nagasandra Cross Bus Stop,bus_stop,13.0385761,77.5045157
HMT Layout,bus_stop,13.0337754,77.5040962
Nelagedaranahalli,bus_stop,13.0315243,77.5034567
Gruhalaxmi Layout,bus_stop,13.0298063,77.4997531
Indiranagara,bus_stop,13.0277238,77.4937718
Shanthinagara,bus_stop,13.0262298,77.4731558
Thippenahalli Cross,bus_stop,13.0293894,77.4835383
Gangondanahalli Colony,bus_stop,13.024254,77.4708342
KG Lakkenahalli Cross,bus_stop,13.0258508,77.4596723
Jyothinagar,bus_stop,13.0237039,77.4589838
KG Lakkenahalli,bus_stop,13.0161627,77.4565858
Laggere Cross,bus_stop,13.0226124,77.5235453
Parvathi Nagara,bus_stop,13.0163723,77.5203387
Laggere,bus_stop,13.0139134,77.5208472
Widia School,bus_stop,13.0486783,77.4967136
Morision Factory,bus_stop,13.0507435,77.492188
Marison Factory,bus_stop,13.0504136,77.4918735
Chikka Bidarakallu,bus_stop,13.0523528,77.4877306
Chikkabidarakallu,bus_stop,13.0519047,77.4877084
Jindal,bus_stop,13.0536615,77.4840545
Jindal,bus_stop,13.0532831,77.4838143
Anchepalya,bus_stop,13.0550002,77.4789572
Madavara,bus_stop,13.0572169,77.4731579
Widia School Bagalagunte,bus_stop,13.0510007,77.5077223
Bagalagunte,bus_stop,13.0564209,77.5072784
Bone Mill,bus_stop,13.0640151,77.5048674
Sapthagiri College,bus_stop,13.0669701,77.5032715
Janapriya Apartments,bus_stop,13.0734812,77.5030691
Ayyappa Temple,bus_stop,13.045979,77.5222447
Shetty Halli Cross,bus_stop,13.0502833,77.525675
KG Halli Bridge,bus_stop,13.0545787,77.5327276
Aralimara,bus_stop,12.992196,77.5046705
Sheshadri Nagara,bus_stop,13.0642011,77.4886424
Kirloskar Badavane,bus_stop,13.0673669,77.5001184
Nagasandra,bus_stop,13.0395465,77.4997629
KRS Gowda Layout,bus_stop,13.0345127,77.4992483
Mallasandra,bus_stop,13.0572477,77.5098468
Chimney Hills,bus_stop,13.0720035,77.4995979
Kudhurgere Madhanayakanahalli,bus_stop,13.0757683,77.4726196
Soundarya Layout,bus_stop,13.06697,77.497335
Bireshwara Circle,bus_stop,13.0654638,77.4948226
Rajiv Gandhi Nagara,bus_stop,13.0128664,77.5178149
Annapurna Nagara,bus_stop,13.0000654,77.5173591
Gejjagadahalli Cross,bus_stop,13.0714274,77.4228309
Adarshanagara,bus_stop,13.0764997,77.4238654
Vinayaka Nagara,bus_stop,13.067515,77.4208264
Thimmabhovi Palya,bus_stop,13.0596837,77.4193132
Shivanapura,bus_stop,13.0493086,77.4214289
Gejjagadahalli,bus_stop,13.0609325,77.4280874
Gejjagadahalli Colony,bus_stop,13.0654002,77.430505
Muniswamappa Layout,bus_stop,13.0441349,77.4906379
Anjaneya Temple,bus_stop,13.0357452,77.4844357
Shivanapura gate,bus_stop,13.0432754,77.42896
Hegde Devanapura,bus_stop,13.0764541,77.4585122
Harokyatanahalli,bus_stop,13.0499185,77.4454029
Shivajyothi Nagara,bus_stop,13.0594664,77.4487864
Adakimaranahalli,bus_stop,13.0648967,77.4434208
Shivanapura Cross,bus_stop,13.0414303,77.4222746
Bairegowdana Halli,bus_stop,13.0602161,77.3884437
Rockline Studio,bus_stop,13.0406363,77.4960981
Venugopala Nagara,bus_stop,13.0396553,77.4940725
Sri Shaneshwara Swamy Temple,bus_stop,13.0379874,77.4938686
Doddabidarakallu,bus_stop,13.0358455,77.4937472
Ganesh Circle Vaddarahalli,bus_stop,13.0257039,77.4550167
Maranna Layout,bus_stop,13.0368521,77.4884874
Indiranagara,bus_stop,13.0283303,77.4894359
Channa Nayakanapalya,bus_stop,13.0438902,77.4850998
Sapthagiri Layout,bus_stop,13.0360433,77.497501
GCL Factory,bus_stop,13.0129632,77.5036103
Manjushree Garments,bus_stop,13.0144888,77.5004995
Shiva Bar,bus_stop,13.0137269,77.4892996
Vigneshwara Nagara,bus_stop,12.993314,77.4995913
KG Halli Post Office,bus_stop,13.0568608,77.5327052
SRS Mathikere,bus_stop,13.0611724,77.5311682
Rama Temple,bus_stop,13.0637498,77.5306365
Abbigere Dinne,bus_stop,13.0710107,77.5280137
Abbigere Gate,bus_stop,13.0724477,77.5235219
RMG,bus_stop,13.0759197,77.5171325
Kempegowda Arch,bus_stop,13.0025448,77.5257484
Laggere,bus_stop,13.0110786,77.522013
LB Samudaya Bhavana,bus_stop,12.9977242,77.5233832
LB Samudaya Bhavana,bus_stop,12.9972017,77.5234883
Vishweshwaraiah Enclave,bus_stop,13.0669703,77.5319695
Muthkuru,bus_stop,13.0776134,77.5303478
Pinewood High School,school,12.9751013,77.5311252
ASC Study Center,college,12.9753608,77.5313481
ASC Degree College,college,12.9761551,77.5305492
Cordial High School,school,12.9754931,77.5324927
Rishi Women and Child Clinic,hospital,12.9745812,77.532699
Karnataka Bank,bank,12.9606617,77.5271701
Anurag Medical Center,hospital,12.9612829,77.5271683
Chandra Gymkhana Institute,college,12.9608934,77.527289
Behtar Super Market,shopping,12.9682121,77.5303413
Kanteerava Studio,bus_stop,13.022661,77.5326098
Rajkumar Samadhi,bus_stop,13.0181896,77.5315886
Nandini Layout Ring Road,bus_stop,13.012176,77.5289456
Laggere Bridge,bus_stop,13.0084989,77.5266205
Soundarya Institute of Management,school,13.0706671,77.4939828
Village Super Market,shopping,12.961299,77.5265056
Akshaya Super Market,shopping,12.9606854,77.5286993
Namdhari's Fresh,shopping,12.9244128,77.5190496
Carmel School Ground,school,12.9242219,77.518945
"Vasan Eye Care Hospital, Rajarajeswari Nagar",hospital,12.931334,77.5154779
Rajarajeshwari Dental College,hospital,12.9069608,77.418604
Canara Bank,bank,13.0188018,77.5201262
Laggere Cross Bus Stop,bus_stop,13.0227517,77.5242358
Kuvempu Circle,bus_stop,12.9098411,77.5210794
State Bank of India,bank,12.926408,77.5158466
Apex Bank,bank,12.9198566,77.5142588
Mysore Road Metro,bus_stop,12.9463164,77.5305272
Bangalore University Bus stop,bus_stop,12.9520859,77.4999894
Quarters stop,bus_stop,12.9528321,77.5000678
Vijaya Bank,bank,13.0371446,77.5230437
Nammura Government Model Primary School,school,13.0353468,77.5263173
BET Convent,school,12.9209531,77.5213014
Madavara,bus_stop,13.0566825,77.473046
Nagarabhavi Circle/Coconut Garden Layout,bus_stop,12.9601806,77.519829
Urban DIET,college,12.9313595,77.5135774
Unnamed,bus_stop,12.93119,77.5062185
Jalahalli Cross,bus_stop,13.0397865,77.5184458
Star Bazar,shopping,12.9760478,77.5319661
Vijaya Bank extension counter,bank,13.0717613,77.5115092
Deepak Factory,bus_stop,13.0469642,77.501634
Gudde Devastana Kamalanagara,bus_stop,12.9952849,77.5331941
Kamalanagar BEML layout,bus_stop,12.9926916,77.5304167
Shankararnag Bus Stop,bus_stop,12.9946168,77.5267989
Hopcoms,shopping,12.9188235,77.5203753
State Bank of India,bank,12.9178772,77.5204317
M S Ramaiah University of Applied Sciences,school,13.0184747,77.5091024
Sri Vinayaka Hospital,hospital,12.9575029,77.5276466
Shathayu Ayurveda Wellness Centre,hospital,12.9573897,77.5276882
Shri Vishnu Ent Speciality Center,hospital,13.0226079,77.4748015
Hospital Sharavathi,hospital,12.9594984,77.5275515
Manasa Hospital,hospital,12.968821,77.5246297
Prasad Nethralaya,hospital,12.9603312,77.5300796
Unnamed,hospital,12.9639998,77.5302683
Dhanush Hospital,hospital,12.9706209,77.5151893
"S K Hospital, Bengaluru Urban",hospital,12.957572,77.5184436
Modern Family Doctor Pvt Ltd,hospital,12.9698405,77.5327211
KSRTC Pickup Point,bus_stop,13.0413227,77.5166301
Sri Balaji Planet Supermarket,shopping,13.0597062,77.460692
Ambika Provision Store,shopping,12.9881358,77.4733815
R R Provision Store,shopping,12.9841382,77.5289161
Royal Mart,shopping,12.985304,77.4798633
State Bank of India,bank,12.982076,77.5313241
Anupama Hospital,hospital,12.9838763,77.4788534
Corporation Bank,bank,12.9858942,77.4879367
Karnataka Bank,bank,12.9824941,77.4788347
State Bank of India,bank,12.9834972,77.4860976
Federal Bank,bank,12.9617879,77.4727085
Government school,school,12.984899,77.4812378
Kengeri Church,bus_stop,12.9284785,77.4867183
Vinayaka Layout Nagarbhavi,bus_stop,12.9606356,77.5074495
NGEF Layout Nagarbhavi,bus_stop,12.9609998,77.5099767
Jnanabharati,railway_station,12.9350669,77.5109716
Canara Bank,bank,12.9368059,77.517737
Kaniminike,bus_stop,12.9266638,77.4896129
Swaminarayana Gurukul,bus_stop,12.930044,77.4925848
Kanaminaki Colony,bus_stop,12.9212627,77.4845731
Metro Cash and Carry,shopping,12.9263972,77.502667
Usha Vikranth Diagnostic Center and Hospital,hospital,12.9138086,77.5273633
Nagarabhavi BDA Complex,bus_stop,12.9796252,77.510692
Nagarabhavi BDA Complex,bus_stop,12.9796016,77.5107812
Peenya 2nd Stage,bus_stop,13.0108926,77.5068223
Lakshmidevi Nagara,bus_stop,13.0155385,77.5261972
Kanteerava Nagar,bus_stop,13.0213819,77.5270556
Vidhanasoudha Layout,bus_stop,13.0155714,77.5237107
Sanjay Gandhi Nagar,bus_stop,13.0188496,77.5261915
Mysore Road Metro,bus_stop,12.9464096,77.5299195
Dasarahalli,railway_station,13.0432607,77.5125535
Jalahalli,railway_station,13.0394104,77.5197351
Maruthi Nagara,bus_stop,12.9383153,77.4791883
Ambedkar Institute of Technology,bus_stop,12.9630048,77.5051247
Kanteerva Studio,bus_stop,13.0225851,77.5329712
Shivanahalli,bus_stop,12.9283964,77.4907404
Police Quarters,bus_stop,12.9234894,77.488887
Dhananayakanahalli,bus_stop,12.9430303,77.4768412
Kamala Nagar Market,bus_stop,12.9959683,77.5309876
RV College,bus_stop,12.9254906,77.4993812
HDFC Bank,bank,12.9263673,77.5156313
Mysore Road,railway_station,12.9467183,77.5301588
Peenya,railway_station,13.0330189,77.533201
Peenya Industry,railway_station,13.0363176,77.5254924
Nayandahalli,bus_stop,12.9453248,77.5277688
Peenya Metro Station,bus_stop,13.0358031,77.5255837
SRS Peenya,bus_stop,13.0344195,77.5299516
Academic Block Sapthagiri College,college,13.0682855,77.5044244
Kengeri Upanagara Government Hospital,hospital,12.9156896,77.4808065
Vidya Vikas Polytechnic,college,12.938738,77.5230114
Abhay Hospital,hospital,12.9517481,77.4939886
"Shreyas Hospital, Bengaluru Urban",hospital,12.9829857,77.5309655
Chandana Hospital,hospital,12.9579894,77.5114394
Panchamukhi Specialityu Hospital,hospital,12.9957177,77.5031644
Sri Lakshmi Multi Speciality Hospital,hospital,12.9881868,77.5087273
Essential Hospital,hospital,12.974865,77.5096312
"Shreya Hospital, Bengaluru Rural",hospital,12.9215104,77.4832503
Sri Annapoorneshwari Hospital,hospital,12.9255704,77.4857756
Mathru Hospital - Bangalore,hospital,12.9110975,77.4806057
Dhanush Hospital,hospital,12.9654318,77.52312
Belaku Eye Hospital,hospital,12.9110766,77.4800451
Unity Lifline Hospital Pvt Ltd,hospital,12.9819768,77.5108275
"Unity Hospital, Bengaluru Urban",hospital,12.910823,77.5207892
HK Hospital,hospital,12.9085981,77.4784157
S.S.G. Hospital,hospital,12.9868695,77.4794832
Sri Venkateshwara Eye Hospital,hospital,13.0423919,77.5136653
A.M. Hospital,hospital,12.9601022,77.5315556
"Shridevi Hospital, Bengaluru Urban",hospital,12.9617045,77.5217172
Ashraya Medinova Pvt Ltd,hospital,12.988865,77.5078006
K.T.G. Hospital,hospital,13.0004769,77.5054027
Jai Maruthi Hospital,hospital,13.0068811,77.5055636
"Vijaya Hospital, Bengaluru Urban",hospital,12.9418827,77.48376
Sandhyashree Hospital,hospital,12.9761802,77.5261763
Brinda Hospital,hospital,12.978053,77.5115959
Sankalpa Hospital,hospital,12.95119,77.4918039
Deepashri Hospital,hospital,12.9705902,77.5108503
Sai Baba Hospital,hospital,13.0093599,77.5222108
Pantarapalya,bus_stop,12.9453791,77.5286172
Jalahalli Cross,bus_stop,13.0384932,77.520588
Income Tax Layout,bus_stop,12.9611543,77.5331126
Mysore Road Metro,bus_stop,12.946243,77.5303258
More,shopping,12.9647768,77.5305308
B M Valley School,school,12.9417677,77.5258988
Government Hospital SULIKERE,hospital,12.938541,77.4485
Thippenalli Government Hospital,hospital,13.031132,77.483923
Laggere Government Hospital,hospital,13.009817,77.5231852
Ullalu Government Hospital,hospital,12.9629127,77.4751834
NELAMAHESHWARI Government Hospital,hospital,13.049152,77.510442
Sree Ranga Hospital,hospital,12.9358669,77.4927128
Janatha Seva Cooperative Bank Limited,bank,12.9706278,77.5258392
HDFC Bank,bank,12.9193249,77.4831524
Canara Bank,bank,12.921534,77.4842736
Axis Bank,bank,12.9237561,77.4847363
UCO Bank,bank,12.9109393,77.4843889
Siddeshwara layout park,park,13.064719,77.4963174
Lawn area at Siddeshwara temple,park,13.0659184,77.4952395
naveen clinc,hospital,13.0413777,77.5050224
Pai Bhavan,shopping,13.0404348,77.5174608
Benaka Hospital,hospital,12.9835824,77.5289448
Vijaya Hospital,hospital,12.96767,77.5226459
Government Hospital,hospital,12.9780731,77.5251934
Shree Dhanvantari Ayurveda Hospital,hospital,12.9615606,77.5222312
Srinivasam Cancer Care Multi Speciality Hospital,hospital,12.961509,77.523151
Jagjeevanram Hospital,hospital,12.968292,77.524492
Abivrud Cancer Care & Research Centre,hospital,12.963967,77.4973049
Panchsheela Nagar Hospital,hospital,12.9745497,77.5208943
Government Hospital,hospital,12.9639829,77.5188899
Revathi Hospital,hospital,12.9679971,77.5015759
Shanthakumari Hospital,hospital,12.9637162,77.5188263
Sumati Hospital,hospital,12.976379,77.524439
Sastry Memorial Hospital,hospital,12.9698787,77.5332834
Department of Geology,college,12.9454491,77.509215
"Orchids The International School, Mysore Road",school,12.9254097,77.4986469
NRI Institute,college,12.969788,77.508044
Axis Bank,bank,12.9828242,77.5107928
Axis Bank,bank,13.042909,77.513435
Corporation Bank,bank,13.0283797,77.5196385
Canara Bank,bank,13.0009029,77.5046255
State Bank of India,bank,13.0000414,77.5330938
Canara Bank,bank,12.9801316,77.5106987
Canara Bank,bank,12.9755713,77.4836808
Indian Bank,bank,12.9737273,77.5098419
Andhra Bank,bank,12.967716,77.5054094
State Bank of India,bank,12.9605743,77.5127492
HDFC Bank,bank,12.9144145,77.5208702
Kruthika Hospital,hospital,13.0650144,77.5041964
Dr Saju George Kottakkal,hospital,13.0621628,77.5177637
Fathima Hospital,hospital,13.0559513,77.5329456
Esi Dispensary,hospital,13.0439933,77.5065494
Ashwini Hospital,hospital,13.0313399,77.5055985
Esi Hospital Peenya 1st Stage,hospital,13.0280728,77.5231858
Anupama Hospital,hospital,12.9831814,77.4787872
Bsv Pu College Malagala,college,12.979487,77.510375
East West College of Nursing And Management,college,12.97713,77.4824667
East West College of Pharmacy,college,12.9764149,77.4825255
Union Bank of India,bank,12.9557788,77.5182766
State Bank of India,bank,12.9130094,77.5210675
Dus Minute,shopping,13.0459291,77.5006967
Reliance Smart Point,shopping,12.9084569,77.5119601
Jnanabharathi,railway_station,12.9354357,77.5124063
Pantharapalya - Nayandahalli,railway_station,12.9416715,77.5251166
Kengeri Bus Terminal,railway_station,12.914689,77.4878557
Kengeri,railway_station,12.9079105,77.4765784
Rajarajeshwari Nagar,railway_station,12.9365996,77.5196788
Pattanagere,railway_station,12.9242505,77.4983509
Nagarbhavi Circle,bus_stop,12.9580737,77.5189278
Unnamed,bus_stop,12.9595234,77.5206544
Bangalore University Quarters,bus_stop,12.9517777,77.4997562
Adarsh Hospital,hospital,12.9208444,77.4847891
Government School,school,12.9141593,77.4816613
Mariappanapalya,bus_stop,12.945414,77.4954923
Ambedkar College,bus_stop,12.9652036,77.5047583
Summanahalli,bus_stop,12.9877707,77.5191572
Mallathahalli,bus_stop,12.9580697,77.5032946
Kenchapura Bus Stop,bus_stop,12.942324,77.4937189
University quarters bus stop,bus_stop,12.9527254,77.4999694
Deepa Complex,bus_stop,12.9665643,77.5048879
Nagarbhavi BDA complex,bus_stop,12.9793561,77.5105425
PVP School,bus_stop,12.9483134,77.4969824
Kottigepalya,bus_stop,12.9879079,77.5145253
Kengunte cross,bus_stop,12.96047,77.5042369
Unnamed,bank,13.0264015,77.5210156
Kengeri Church Stop,bus_stop,12.9290165,77.4867571
Canara Bank,bank,12.9958863,77.5228518
HDFC Bank,bank,12.98113,77.5111923
State Bank of India,bank,12.9701824,77.5068243
Society,bus_stop,12.9212141,77.483849
Nagarabhavi 12th Block,bus_stop,12.9610494,77.5124747
Forest Gate,bus_stop,12.9916762,77.4591106
Machohalli Cross,bus_stop,12.9907989,77.454317
Kadabagere Cross,bus_stop,12.9888745,77.4492686
Sigehalli Gate,bus_stop,12.9841118,77.4440363
Hamsa Farm,bus_stop,12.9817861,77.4398636
Channenahalli,bus_stop,12.9778584,77.4305523
Honnagana Hatti,bus_stop,12.9741071,77.4209797
Channadasi Palya,bus_stop,12.9708979,77.4148902
"Sub Register Office, Lakkuppe",bus_stop,12.9699365,77.4101179
Vishal Mega Mart,shopping,13.0335166,77.5038993
Nagaravale,bus_stop,12.9991701,77.4964908
Bank of Baroda,bank,12.9330518,77.5158827
Gnanabodhini Kannada Higher Primary School,school,12.9266736,77.4943694
Gnanabodhini English Higher Primary School,school,12.9264043,77.4942917
Jalahalli KSRTC Stop,bus_stop,13.0400545,77.5186045
Federal Bank,bank,12.9599103,77.5313926
Unnamed,school,12.9106208,77.4835688
Family Shopping Center,shopping,13.0142084,77.4930091
Malagala,bus_stop,12.9780471,77.5149608
Nagarabhavi Village,bus_stop,12.9592625,77.5168068
BDA Complex Nagarbhavi,bus_stop,12.9682351,77.5126621
Nayandahalli,bus_stop,12.94583,77.528168
"Fortis Hospital, Nagarbhavi",hospital,12.9596032,77.5112481
Reliance Smart,shopping,12.9553443,77.5282394
WIMAC Junction,bus_stop,13.0687297,77.5299691
Andrahalli,bus_stop,13.0080767,77.4848449
Gollahalli Road Junction,bus_stop,12.9075354,77.4890372
BGS Health City,bus_stop,12.9072249,77.4989855
Ashrama Savandarbar,bus_stop,12.9095981,77.4921875
Gollahalli Road Junction,bus_stop,12.9077393,77.4888186
Depot 31 Gate,bus_stop,12.9931081,77.5215167
Nandini Layout Ring Road,bus_stop,13.0146767,77.5306745
Nandhini Layout,bus_stop,13.0147335,77.5305055
Depot 31 Gate,bus_stop,12.9931878,77.5212707
Malagala,bus_stop,12.9785777,77.5149648
BDA Complex Nagarbhavi,bus_stop,12.9721571,77.5127466
Kommaghatta Junction,bus_stop,12.9142936,77.4814653
Kengeri Post Office,bus_stop,12.9153576,77.4818355
Kengeri Satellite Town,bus_stop,12.9239162,77.4850018
Kottigepalya,bus_stop,12.9877247,77.5145511
Kottigepalya,bus_stop,12.9877503,77.514997
Summanahalli,bus_stop,12.9873779,77.5190914
Bandhan Bank,bank,12.9594192,77.5266507
Axis Bank,bank,12.9593539,77.5266218
Karur Vysya Bank,bank,12.9600961,77.5270763
Bagalkunte,bus_stop,13.0568493,77.5073341
Nagasandra,railway_station,13.0479536,77.5001422
GPS Institute of Agricultural Management,college,13.0378544,77.5215723
Unnamed,school,13.0349336,77.5278295
Sacred Heart College of Nursing,college,13.0473955,77.50291
Chandra Layout Circle,bus_stop,12.958394,77.5262944
Nagarbhavi Circle,bus_stop,12.9584907,77.5190122
Canara Bank,bank,12.9609896,77.4879289
All Season Market,shopping,12.9606513,77.4880845
Seshadripuram Independent Pre-University College,college,12.915418,77.4809643
Seshadripuram Academy of Business Studies,college,12.9155804,77.4811537
ICICI Bank,bank,13.0681196,77.5304445
A to Z,shopping,12.9521586,77.4994998
The Bengaluru City Co-operative Bank,bank,12.9519538,77.4987844
Unnamed,shopping,12.95208,77.4977918
Mangaluru Stores,shopping,12.9511672,77.4948779
Surya Department Store,shopping,12.9546117,77.4967995
Jettipalya,bus_stop,12.975704,77.4005645
Kittanahalli Palya,bus_stop,13.0097767,77.4137476
Sunkadakatte,bus_stop,12.9899522,77.5023973
Smart Point,shopping,12.9289537,77.486678
State Bank of India,bank,12.9321659,77.5155657
Shopers Shope,shopping,12.9245345,77.4854041
Shopping City Hypermarket,shopping,12.9132031,77.5209553
Royalmart Supermarket Abbigere,shopping,13.0735994,77.5191931
Sondekoppa Government Hospital,hospital,13.0230115,77.3845954
"Shri Mokambika Women's Clinic, Child care and Nethralaya",hospital,12.9519863,77.4989075
Suraksha Diagnostic Centre,hospital,12.9519538,77.4990341
RV University,college,12.9233711,77.499694
Unnamed,bus_stop,13.0074142,77.5268859
Mount Carmel College of Nursing,college,12.9516069,77.4718966
Federal Bank,bank,12.9516134,77.4722573
Herohalli Cross,bus_stop,12.9874647,77.4924724
Bharath Nagara 1st Phase,bus_stop,12.9813678,77.4851178
Ganga International School,bus_stop,13.0282993,77.4962185
Siddhartha School Cross,bus_stop,13.0261472,77.4889283
Kari Obanahalli,bus_stop,13.0250536,77.4865981
Garudappa Circle Thigalarapalya,bus_stop,13.015734,77.4840822
Andrahalli Government School,bus_stop,13.00966,77.4828739
Andrahalli,bus_stop,13.0080359,77.4847652
Acharya College,bus_stop,13.0023468,77.488142
Arch Lingadeeranahalli,bus_stop,12.9994091,77.4887163
Herohalli,bus_stop,12.9904626,77.4874399
Gidadakonenahalli Cross,bus_stop,12.9746219,77.4877942
Muddinapalya Junction,bus_stop,12.9712095,77.4882468
Annapoorneshwari Nagara Cross,bus_stop,12.9699736,77.4963448
Nagarbhavi Vishweshwariah Sports Club,bus_stop,12.9690723,77.4993612
ITI Layout,bus_stop,12.9677746,77.5023634
Ambedkar Institute of Technology,bus_stop,12.9629691,77.5049269
Kengunte Circle,bus_stop,12.9607534,77.5043407
Mallathalli Cross,bus_stop,12.9574836,77.5030522
University Quarters,bus_stop,12.9523715,77.4998029
BUC Admin Block,bus_stop,12.9491271,77.5010908
BUC Library,bus_stop,12.9442791,77.5042329
BUC Ladies Hostel,bus_stop,12.942176,77.505647
Bengaluru University Gate,bus_stop,12.9359016,77.5127142
Peddanapalya Cross,bus_stop,12.9675497,77.3885067
Tavarekere,bus_stop,12.9656579,77.3999141
Gulaganjahalli Cross,bus_stop,12.9412148,77.4253589
Kommaghatta Junction,bus_stop,12.9143883,77.4813909
Kengeri Ganesha Temple,bus_stop,12.9116465,77.4804039
Kengunte Circle,bus_stop,12.9602851,77.5049897
12th Block Nagarbhavi,bus_stop,12.9601427,77.5140361
Jyothi Nagara,bus_stop,12.9592141,77.5217669
Chandra Layout Circle,bus_stop,12.9581731,77.526391
Ganesha Temple Chandra Layout,bus_stop,12.9577209,77.5286803
Chandra Public School,bus_stop,12.9602969,77.5295748
Income Tax Layout,bus_stop,12.9599323,77.5314765
AIT Information Science,college,12.9637093,77.5064206
AIT Medical Electronics,college,12.963542,77.505565
AIT Mechanical Engineering,college,12.9640334,77.5065815
AIT Civil Engineering,college,12.9647601,77.5068685
High School Sondekoppa,bus_stop,13.025506,77.3844284
Sondekoppa,bus_stop,13.0211419,77.3841333
Mallasandra,bus_stop,13.0026656,77.3939556
Chowdeshwarinagara,bus_stop,12.9975537,77.3992073
Metipalya,bus_stop,12.9934609,77.4022168
Varthuru,bus_stop,12.9856045,77.4020585
Jettipalya,bus_stop,12.9757954,77.4004036
Gangenahalli Cross,bus_stop,12.9731451,77.3998833
BWSSB Tavarekere,bus_stop,12.9701837,77.3992315
Dombarahatti Dongadipura Cross,bus_stop,12.9721009,77.4604784
Yale Kodigehalli Colony,bus_stop,12.98274,77.468411
Gollarahatti,bus_stop,12.9885723,77.4725886
College Cross Byadarahalli,bus_stop,12.9855091,77.4795744
Byadarahalli,bus_stop,12.9850165,77.481873
East West College Cross,bus_stop,12.9855483,77.4863859
Anjananagara,bus_stop,12.9860998,77.4884525
Herohalli Cross,bus_stop,12.987472,77.4932536
Janapriya Apartment,bus_stop,12.9887853,77.4991626
Hegganahalli,bus_stop,13.0038168,77.5047469
Milk Dairy Hegganahalli,bus_stop,13.0075671,77.5056374
NTTF Peenya,bus_stop,13.024871,77.5111105
Rolling Mill,bus_stop,13.0264677,77.5147408
TVS Cross Peenya,bus_stop,13.0287032,77.5197794
Mataji Supermart,shopping,12.9972246,77.4431833
Jnanakshi Layout,bus_stop,12.9130243,77.5137162
Maramma Temple,bus_stop,12.9228908,77.5143398
Pattanagere Jayanna Circle,bus_stop,12.9263141,77.5146268
Rajarajeshwari Nagar,bus_stop,12.9364702,77.519719
Indian Bank,bank,12.925836,77.5180757
Shop@rite,shopping,12.9734732,77.5104541
Unnamed,bus_stop,13.0363152,77.505214
Bus stop near Boulangerie Bakery,bus_stop,13.0388704,77.5024087
Shettyhalli main road Bus Stop,bus_stop,13.0592475,77.5201408
Sukanpalya,bus_stop,12.9078583,77.4918507
Sukanpalya,bus_stop,12.9075581,77.4911578
University Law College & Department Of Studies In Law,college,12.953181,77.5021489
HDFC Bank,bank,12.9074115,77.4891363
All - Mart,shopping,13.0509934,77.5148541
Reliance Smart Point,shopping,13.0544194,77.5111956
Indian Plywood Industries Research and Training Institute,college,13.0342791,77.5326462
"Naadaprabhu Kempegowda Park, Mallasandra",park,13.0563934,77.5134138
Unnamed,park,13.0366892,77.5326947
Unnamed,park,13.0363154,77.5329366
Unnamed,park,13.0358608,77.5331304
Unnamed,park,13.0353166,77.5331626
Ministry of Fisheries Training,college,13.0456314,77.5333949
Foremen Training Institute - FTI,college,13.0237647,77.5312839
R. V. College of Engineering,college,12.9232,77.5006374
Dr. Ambedkar Institute of Technology,college,12.9645962,77.5066686
Indian Institute of Plantation Management,college,12.9617018,77.5054516
Indian Statistical Institute,college,12.9324122,77.5041669
Manipal Speciality Hospital,hospital,12.908884,77.5136186
Dr Ambedkar Park,park,12.919261,77.5196974
Soundarya School,school,13.0491979,77.5054344
Unnamed,park,13.0002469,77.5328793
Unnamed,park,12.9999013,77.5313317
Gopalan Arcade Mall,shopping,12.9355908,77.5177172
Bapuji Layout Park,park,12.9625209,77.5270011
Subbana Garden Park,park,12.9654598,77.5296602
Unnamed,park,12.9651448,77.5240595
Balalayanna Kere Park,park,12.9782911,77.5278275
Unnamed,park,12.9515547,77.519147
Unnamed,park,12.9680366,77.5178655
Unnamed,park,12.9931166,77.5319509
Unnamed,park,12.9921312,77.5294014
Sri Krishna Institute of Technology,college,13.074814,77.4992054
National Institute of Unani Medicine,college,12.9909868,77.513684
BHBCS Park,park,12.9583619,77.5279643
Dodda Alada Mara,park,12.9094601,77.395651
Unnamed,park,12.9465949,77.5253412
Unnamed,park,12.9462834,77.5260867
Jnana Ganapati Temple Park,park,12.9469939,77.4918554
Unnamed,park,12.9433793,77.4856774
Unnamed,park,12.9404836,77.4912106
Unnamed,park,12.9399557,77.49378
Unnamed,park,12.933002,77.484888
MEI Layout Park,park,13.0606365,77.5064898
Bangalore Institute of Management Studies,college,12.9258463,77.4993799
NTTF Technical Training Institute,college,13.0250286,77.508529
Unnamed,park,12.9771539,77.5301802
Unnamed,park,12.9781827,77.5307531
Unnamed,park,12.9725584,77.5298576
Unnamed,park,12.970928,77.5333063
Unnamed,park,12.9581836,77.5270014
Government High School and PU College,school,12.9550848,77.5323257
East West Group of Institutions,college,12.9770958,77.4831157
Sangameshwara Park,park,12.9161336,77.5218978
Unnamed,park,12.9119509,77.5204567
Unnamed,park,12.9747605,77.5290558
Unnamed,park,12.976047,77.529633
Sarvodaya School,school,12.9740798,77.5310831
KLE School,school,12.9787543,77.5111914
Buddha Shanti Kanive,park,12.9796599,77.513564
Ramakrishna Hegde Park,park,12.9769572,77.5123
Unnamed,park,13.058534,77.5052589
UCO Bank,bank,13.059863,77.5063966
Max Muller School,school,12.9940136,77.5319539
ISI Park,park,12.9302966,77.502963
BBMP Park,park,12.958176,77.5311508
Abbigere Park,park,13.0715856,77.5289245
Jindal Government School,school,13.0704311,77.5289365
Ecological Park,park,13.0232712,77.5235566
Vivekananda Park,park,12.9210796,77.519083
Rajarajeshwari Nagar Park,park,12.928623,77.5165144
Vidyanikethan Public School,school,12.951567,77.4876253
bmtc park,park,13.035367,77.5026789
Ravi Kirloskar Memorial Hospital,hospital,13.0384676,77.527802
Unnamed,park,12.9225765,77.4832987
St. John's High School,school,12.9698883,77.5076631
Chitrakoota School,school,12.9345622,77.4939746
Sri Sharadadevi Park,park,12.9559445,77.5281528
Unnamed,park,12.9177032,77.4815343
Kids Playground,park,12.9189066,77.4819706
Unnamed,park,12.9201481,77.4824172
Unnamed,park,12.9211121,77.4827536
Unnamed,park,12.916814,77.508714
Unnamed,park,12.9175529,77.5200831
Unnamed,park,12.9265922,77.5186791
Netaji Memorial Park,park,12.92941,77.5177585
Siddalingaiah Park,park,12.9295564,77.5212498
Unnamed,park,12.9161686,77.4809949
Unnamed,park,12.947956,77.4769187
Vishveshwaraiah Layout 5th Block Park,park,12.9524808,77.4799089
Unnamed,park,12.9793466,77.4766009
Unnamed,park,12.982169,77.4766638
Unnamed,park,12.9820947,77.4846316
BBMP PARK,park,12.9950183,77.4878637
Unnamed,park,12.9963038,77.4879337
BBMP Park,park,12.9969187,77.4864089
Unnamed,park,13.0304543,77.4840501
Unnamed,park,13.0184668,77.5326293
Unnamed,park,12.9775542,77.5297934
Unnamed,park,13.0111543,77.531594
Unnamed,park,13.0183558,77.5190516
Vishwamānava Kuvempu Park,park,12.9537975,77.5281294
Unnamed,park,12.9528891,77.5294999
Unnamed,college,12.9311425,77.513619
Soundarya Institute of Management,college,13.0709875,77.4945382
Unnamed,park,13.0705644,77.5089863
National Public School Chikkabanavara,school,13.0715063,77.5099902
Silver Spring International School,school,13.073166,77.510151
RR College of Pharmacy,college,13.0735071,77.5108905
Garden Villas Park,park,12.96327,77.5190795
BBMP Park,park,13.0028203,77.4840436
National Hill View Public School,school,12.9237378,77.5233068
Unnamed,park,12.9988695,77.5267772
Unnamed,park,12.9994536,77.5294902
Unnamed,park,12.9130348,77.4813867
National Public School Kengeri,school,12.9224218,77.4889292
KLE Law College,college,12.9684192,77.4819509
Geleyara Balaga Association Playground,park,13.0746727,77.5048846
Orchard International School,school,12.9253736,77.4985971
Bethesda International School,school,12.9282567,77.4855385
Unnamed,park,13.026435,77.529902
RHBCS Park,park,12.9791116,77.4983592
Unnamed,park,12.9776381,77.5031242
Unnamed,park,13.0097604,77.5143613
PES University,college,12.9348535,77.5321405
Medical Centre,hospital,12.9246391,77.5006239
Bangalore Integrated Management Academy,college,12.9244411,77.4968578
KPSC Layout Mini Park,park,12.945187,77.4871548
KPSC Layout Park,park,12.9451426,77.4863448
Nrr Hospital,hospital,13.0725243,77.5035875
Triveni School,school,13.0548347,77.5071044
State Bank of India,bank,13.0587384,77.5066743
Arunodaya Hospitals,hospital,13.057066,77.508511
Dr Ramachandra Hospital,hospital,13.048319,77.5080361
Unnamed,park,12.9219676,77.4885539
Unnamed,park,12.9196133,77.4910425
Unnamed,park,12.9204091,77.4907494
Unnamed,park,12.9117658,77.4938608
Unnamed,shopping,12.9403168,77.5250986
National Hill View Public School,school,12.9287127,77.5291
Unnamed,park,12.9676013,77.5270562
Puneeth Rajkumar Multispeciality Hospital,hospital,12.9414292,77.5226387
Global Academy of Technology,college,12.9272671,77.5262224
Global Academy for Learning,school,12.9252677,77.5044626
Unnamed,park,13.0369456,77.5322811
Natus Woman and Children Hospital,hospital,12.9427199,77.525514
Sonnenahalli Park,park,12.9357157,77.4836253
Unnamed,park,12.9225718,77.4891291
Unnamed,park,12.9239461,77.4874947
Unnamed,park,12.9244536,77.4860231
Unnamed,park,12.922894,77.4887549
Unnamed,park,12.9231535,77.489982
Balmuri Ganesh Temple Children's Park,park,12.925473,77.4917391
Unnamed,park,12.9355867,77.4877685
Karnataka State Labour Institute,college,13.0532657,77.4965581
MEI Layout Triangular Park,park,13.0625547,77.5010855
Ramaiah Park,park,13.0489233,77.5042602
DMart,shopping,13.0600344,77.5072697
Jindal Naturecure Institute hospital,hospital,13.0507482,77.4832827
Unnamed,park,12.9530609,77.5315475
Unnamed,park,12.9299413,77.4981728
St. Anthony's PU College,college,12.926725,77.49845
Unnamed,park,12.9395614,77.5261861
Unnamed,park,12.9409884,77.526448
Children Park,park,13.0495317,77.5296335
Paschim Udayan,park,13.0514322,77.5286514
Pipeline Road Park,park,13.0471723,77.5211748
State Bank of India,bank,13.051014,77.528803
Kempegowda Institute of Management Studies and Research,college,12.9834643,77.5099921
"National School of Drama, Bengaluru",college,12.9566063,77.5057463
Institute for Social and Economic Change,college,12.9533957,77.5138572
Unnamed,park,12.9526644,77.5160362
Unnamed,park,12.9551799,77.5173569
National Law School of India University,college,12.9528954,77.5159691
Unnamed,park,12.9620283,77.5137585
Unnamed,park,12.9580834,77.5126278
Unnamed,park,12.9597462,77.5120696
"BDA Park, 12th Block Nagarbhavi",park,12.9594394,77.5141914
"Dr. B. R. Ambedkar School of Economics University, Bengaluru",college,12.9494982,77.5171654
Maulana Azad National Urdu University,college,12.9525207,77.5188318
Unnamed,park,12.9285885,77.5070206
Schoenstatt St. Mary's Public School,school,13.0331263,77.5051815
Chirst University Yeshwantpur Campus,college,13.0357273,77.5056937
Prakriya Hospital,hospital,13.0463371,77.5065296
Janaseva Vidya Kendra,school,12.97739,77.4322215
Unnamed,park,13.0527716,77.4889502
Inventure Academy @ Jindal City,school,13.0528918,77.4880809
Unnamed,school,12.9515474,77.5282461
Unnamed,park,13.0347866,77.501767
Unnamed,park,13.0333049,77.5015463
Unnamed,park,13.0382594,77.501033
St. Paul's College,college,13.0346158,77.5056378
Unnamed,park,13.0476421,77.4897225
Unnamed,park,13.0393602,77.5024899
Unnamed,park,13.0379464,77.5022584
Unnamed,park,13.0362656,77.5019976
Shri Jnanakshi Vidyaniketan,school,12.9126949,77.5124865
IIHS Kengeri Campus,college,12.9189899,77.4382913
Vokkaligara School,school,12.9862801,77.5112768
Unnamed,park,13.0025637,77.4854323
Acharya Bangalore Business School,college,13.0034333,77.4842662
Gnanodhaya International School,school,13.0091958,77.514716
"National Public School, Jalahalli",school,13.0735501,77.5333272
Unnamed,park,13.0541824,77.488652
Lawn Area At Siddeshwara Temple,park,13.0658903,77.4953412
Unnamed,park,13.0622429,77.4934227
Unnamed,park,13.0658352,77.4959218
Pipeline Park,park,13.0553008,77.5104917
Pipeline Park,park,13.0517203,77.5140491
Pipeline Road Park,park,13.0471828,77.5204439
Gnanabodhini School,school,12.926331,77.493935
Maulana Azad National Urdu University,college,12.9276077,77.4981982
Darshan College,college,12.9263091,77.4976197
Unnamed,park,12.922681,77.4927976
St. Theresa's School,school,12.9097857,77.4899319
Centre for Nano and Soft Matter Sciences,college,13.042418,77.4247433
SS Sparsh Hospital,hospital,12.9264187,77.5216783
"M.S. Ramaiah University of Applied Sciences, Peenya Campus",college,13.0184908,77.5079984
Ramaiah Park,park,13.0478683,77.5039861
Unnamed,park,13.0243561,77.4826657
Unnamed,park,13.0261822,77.496949
Unnamed,park,13.0296842,77.4990996
Unnamed,park,13.0324851,77.4983257
Unnamed,park,13.0412311,77.5107699
Unnamed,park,12.9658122,77.508785
Unnamed,school,12.9659167,77.5098632
Unnamed,park,12.9639446,77.5093254
Unnamed,park,12.9599414,77.5160068
Unnamed,park,12.9661742,77.5165614
Nagarbavi 2nd Stage BDA Park,park,12.9688314,77.5144954
Unnamed,park,12.9710835,77.5160913
Unnamed,park,12.9495379,77.5157179
Unnamed,park,12.9518402,77.5213746
Harihara Park,park,12.9557774,77.5220995
Siddaganga Public School,school,12.953998,77.5230229
Chandragiri Park,park,12.9543706,77.5218587
Unnamed,park,12.9585936,77.5108345
Unnamed,park,12.9582992,77.5062516
Unnamed,park,12.9560474,77.5123729
Unnamed,park,12.9783608,77.494173
Unnamed,park,12.9795044,77.50757
Unnamed,park,12.976407,77.5082009
Unnamed,park,12.9730079,77.5123027
Unnamed,school,12.9755508,77.5142791
St. Joseph's Convent High School,school,12.97968,77.5180802
Jindal Government School,school,12.959927,77.5164926
Unnamed,park,12.9665204,77.5084437
Unnamed,park,12.9713148,77.509878
Unnamed,park,12.9702569,77.5094622
Salumarada Thimmakka Park,park,12.9604938,77.5262461
Basaveshwara HBCS Layout Park,park,12.9603286,77.5276789
School Ground,park,13.0148798,77.5270213
Cricket Ground,park,13.0145337,77.5285528
Unnamed,park,13.026143,77.4824028
Delhi World Public School,school,13.0283733,77.4811046
Unnamed,park,13.0565226,77.4880998
Unnamed,park,12.9846673,77.4889974
Unnamed,park,12.9811586,77.4832432
Unnamed,park,12.9749836,77.5037827
Malathhalli Lake Park,park,12.9654757,77.4948464
Unnamed,park,12.9587423,77.4857919
Unnamed,park,12.9594509,77.4820429
Vishveshwaraiah Layout 6th Block Park,park,12.9558074,77.4762626
Karnataka Institute of Leather & Fashion Techology,college,12.9628808,77.4767205
Unnamed,park,12.9914713,77.520289
Unnamed,park,12.9910315,77.5170909
Nurture International School,school,13.0626841,77.5045082
Unnamed,park,13.0661035,77.5006597
Unnamed,park,13.0656937,77.502016
Sapthagiri Institute of Allied Health Sciences,college,13.0727709,77.5009673
KMV Red Hills High School,school,13.073856,77.5015198
Sapthagiri School of Nursing,college,13.0740179,77.500558
Unnamed,park,12.9595635,77.5294219
Unnamed,park,12.9606825,77.4493619
Unnamed,school,12.9740847,77.4335718
Unnamed,park,12.9663839,77.5265345
Unnamed,park,12.95745,77.5305374
Unnamed,park,12.9575223,77.5288132
Unnamed,park,12.9583979,77.5290136
Hill Rock National Public School,school,12.9667681,77.4722704
SBS PU and Degree College,college,12.918389,77.477391
Unnamed,park,12.9244658,77.4718663
Unnamed,park,13.0602407,77.5074115
Nayandahalli Lake Park,park,12.9396787,77.5214591
Unnamed,park,12.9312596,77.52128
Unnamed,park,12.9331674,77.5133036
Unnamed,park,12.9380802,77.5184413
Unnamed,park,12.91304,77.5073386
Unnamed,park,12.9095538,77.5097798
ESI Hospital Peenya,hospital,13.0249864,77.530936
Unnamed,park,13.0256894,77.5134037
Unnamed,park,13.0293045,77.5232467
Unnamed,park,13.0486696,77.4723157
Widia Poornaprajna School,school,13.0510604,77.5016177
Edify School,school,13.0779604,77.4938973
Unnamed,park,13.0402025,77.5030746
Schoenstatt St Mary's High School,school,13.040973,77.5062637
Unnamed,park,12.9105203,77.4747659
Unnamed,park,13.0434946,77.5091804
Unnamed,park,12.9206857,77.4992256
Unnamed,school,12.9659664,77.4742073
Vishveshwaraiah Layout 1st Block Park,park,12.9295714,77.4755229
Unnamed,park,12.9368604,77.4867902
"National Public School, SMV",school,12.9407888,77.4802785
Unnamed,park,13.0333807,77.500163
Dasarahalli Lake Park,park,13.0410098,77.5124524
"Government PU College, Peenya",college,13.0328569,77.5298236
GFGC Peenya,college,13.033209,77.5311007
Padmashree Institute of Management & Sciences,college,12.925892,77.4532753
Unnamed,park,12.9546652,77.4887442
Unnamed,park,12.9518186,77.4891204
Ashoka College,college,13.0649412,77.5326224
Vishweshwaraiah Enclave Park,park,13.0655317,77.5336314
Unnamed,school,12.9093315,77.4813071
Panchasheela Polytechnic School,college,12.9111596,77.5096932
Unnamed,park,13.068571,77.5012479
Unnamed,park,13.0683215,77.5017878
Unnamed,park,13.0642031,77.4985444
Unnamed,park,13.0601804,77.5077543
Unnamed,park,12.9220627,77.5011313
Unnamed,school,12.9079151,77.5251633
Unnamed,park,12.9099158,77.5239548
Unnamed,park,12.9128335,77.5241356
Unnamed,park,12.9131802,77.5241406
Unnamed,park,12.9135289,77.5241779
Unnamed,park,12.9140204,77.5241895
Unnamed,park,12.912038,77.5240965
Unnamed,school,13.0512916,77.4876968
Unnamed,school,13.0563577,77.4791111
Unnamed,park,13.0654543,77.4683338
Vishal Mega Mart,shopping,13.0334493,77.5038612
Ganga International School,school,13.0287378,77.4956837
Unnamed,park,13.0026578,77.4826087
Unnamed,school,12.9948226,77.4785934
Unnamed,school,12.9924338,77.4776955
KTSV PU College,college,12.9749836,77.5327686
YGR Signature Mall,shopping,12.9094652,77.5130242
Unnamed,park,13.0448177,77.5281941
Unnamed,park,12.997103,77.4847154
Unnamed,park,12.9929933,77.5090794
Unnamed,park,12.9909598,77.504771
Unnamed,park,12.9924455,77.5067163
Unnamed,park,12.991143,77.5025955
Unnamed,park,12.9903828,77.5003622
Unnamed,park,13.0454115,77.4997713
Unnamed,park,12.9317693,77.4925083
Unnamed,park,12.9301753,77.4938082
Govt. First Grade College,college,13.0457712,77.5191873
Unnamed,park,12.9509338,77.4718689
Unnamed,park,12.9526519,77.4740665
Unnamed,park,12.95387,77.4741557
Unnamed,school,12.9538046,77.4772844
Unnamed,park,12.9719983,77.4743685
Janani Vidya Mandira,school,12.9507195,77.4836097
Government Multi-Speciality Hospital,hospital,12.9510658,77.4810597
Unnamed,park,12.9283177,77.529625
Unnamed,park,12.9334026,77.5273969
Unnamed,park,12.9266958,77.5070802
Unnamed,park,12.9263964,77.5080296
Ramasandra Government Higher Primary School,school,12.9449151,77.4634731
Unnamed,school,12.9529518,77.4668111
Sunrise International School,school,12.9187445,77.4611349
Unnamed,park,12.9423877,77.4543202
Unnamed,park,12.9475775,77.4454688
AVIN International School,school,12.9411024,77.4527255
LNR College,college,12.9108033,77.4249272
NPS Mysore Road,school,12.9153426,77.4401505
Unnamed,school,12.9704771,77.4676293
Unnamed,park,12.9491746,77.4527436
Unnamed,park,12.9462969,77.4113196
Unnamed,park,12.9444654,77.4116817
Unnamed,park,12.9443386,77.4106429
Unnamed,park,12.9441842,77.409204
Unnamed,park,12.9433263,77.4093809
Bunts Sangha RNS Vidyaniketan,school,12.9542208,77.4206731
Unnamed,school,12.9653338,77.4363184
Unnamed,park,12.959916,77.5061497
Unnamed,school,13.0462742,77.4906022
Unnamed,park,12.9410421,77.5031936
Airforce Park,park,13.0601219,77.5164032
Narayana e-Techno School,school,13.0593505,77.5168202
Unnamed,park,13.0287983,77.4982154
Unnamed,park,13.0377926,77.5029461
Sri Chaitanya Techno School,school,13.0399847,77.4972233
Unnamed,school,13.0275927,77.4981822
Unnamed,school,13.0276632,77.4992001
Unnamed,school,13.0268564,77.4998231
Unnamed,school,13.0251142,77.494361
Unnamed,school,13.0289201,77.4889457
RVS College of Nursing Sciences,college,12.9864958,77.5092195
Vokkaligara Sangha Industrial Training Institute,college,12.9837378,77.5092114
Unnamed,park,12.9832647,77.5110293
St. Clare School,school,12.9148005,77.4479983
Unnamed,park,12.914176,77.4429924
Unnamed,park,12.918035,77.4431976
Unnamed,college,12.9871577,77.4635046
Embassy Public School,school,12.9909624,77.4634999
Unnamed,college,12.9892009,77.497977
Unnamed,college,12.9918313,77.4989305
GT College,college,12.9899715,77.5067244
Unnamed,park,12.9521156,77.4729597
Vishveshwaraiah Layout 4th Block Park,park,12.9387915,77.4708076
Vishveshwaraiah Layout 3rd Block Park,park,12.941145,77.4830817
Unnamed,park,12.9831049,77.4870141
Unnamed,park,12.9817902,77.486339
Unnamed,park,12.96749,77.5178065
Mount Carmel School,school,12.9241038,77.5186018
Ashwini School,school,12.9298852,77.5226436
RR Park,park,12.9643667,77.4843286
New Baldwin Public School,school,12.9891237,77.478603
Rajarajeshwari Vidya Shala,school,12.9287182,77.513014
Vijayashree International Public School,school,13.0597237,77.50738
Unnamed,school,13.0588071,77.5198553
Unnamed,school,13.0557114,77.4586639
Unnamed,college,13.0453315,77.4634865
Unnamed,school,13.0307924,77.4556357
Unnamed,school,13.0562222,77.3978126
Sri Venkateshwara College of Nursing,college,13.0728134,77.4377024
Navkis Residential Pre-University College,college,13.0653044,77.4331802
Navkis Residential Pre-University College,college,13.0640111,77.4331843
JES Public School,school,12.9578228,77.5099169
Unnamed,park,12.961452,77.5072423
MPM Layout Park,park,12.9654655,77.5018981
Unnamed,school,12.959284,77.4941281
Rajiv Gandhi Memorial Polytechnic,college,12.9602319,77.5035162
J S Pre-University College,college,12.9597621,77.5033435
Unnamed,park,12.9629742,77.5102548
"Orchids The International School, Nagarbhavi",school,12.9766527,77.5077684
Jubilee International Public School,school,12.9747394,77.5065234
HMV International School,school,12.9756759,77.505386
Unnamed,park,12.977363,77.5130745
Unnamed,park,12.9758732,77.5090633
Gangothri International Public School,school,12.98346,77.5037397
Unnamed,school,12.9760032,77.5013539
Unnamed,school,12.9741802,77.493373
Unnamed,school,12.9749182,77.4882655
Unnamed,park,12.9733033,77.4937552
National Public School West,school,12.9713299,77.4907646
Upkara Park,park,12.9597721,77.4840905
Unnamed,park,12.9583999,77.4941992
Unnamed,park,12.957253,77.4943205
Unnamed,school,12.974716,77.4981708
Unnamed,park,12.9711151,77.4997173
Unnamed,park,12.9704202,77.4996091
Unnamed,park,12.9648803,77.4989829
Unnamed,park,12.9815416,77.5095963
Unnamed,park,12.979197,77.5069831
Unnamed,park,12.9526015,77.4897534
Unnamed,park,12.954554,77.4921714
Unnamed,school,12.9535077,77.4918878
Unnamed,park,12.9530125,77.4917757
Unnamed,park,12.9498268,77.4908182
Unnamed,park,12.9482296,77.4903046
Unnamed,park,12.945149,77.4878477
Unnamed,park,12.9462861,77.4895763
Unnamed,park,12.9458914,77.4904655
Unnamed,college,12.9516487,77.4921123
Unnamed,school,12.9542503,77.4905936
Indian National Public School,school,12.954725,77.4928996
Chitrakoota Kaushalya School,school,12.9382589,77.4920567
Indian High School,school,12.9450399,77.4921286
Jnanaprakash Academy for Competitive Examinations,college,12.947338,77.4924502
Unnamed,park,12.9457502,77.4907927
Unnamed,park,12.943142,77.4866823
VSS International Public School,school,12.9427768,77.4948576
Narayana PU College,college,12.9432784,77.4954229
Unnamed,school,12.9503869,77.4976733
PVP School,school,12.9484639,77.4979212
Unnamed,park,12.9408279,77.4853633
Gnana Bodhini High School,school,12.9327984,77.4986236
JNS Public School,school,12.9777335,77.4810033
Unnamed,college,12.980768,77.4818905
Unnamed,school,12.9795625,77.4816162
Kautilya PU College,college,12.9724884,77.4795905
Unnamed,school,12.9664656,77.4730394
Unnamed,school,12.9799388,77.4692466
Prajawal Nursing school,school,12.985417,77.4790889
Annie Besant Convent and High School,school,12.9893516,77.4733436
Vishal Park,park,12.9612771,77.5300007
Bhagat Singh Park,park,12.957651,77.52471
Unnamed,school,12.9577196,77.5245993
Unnamed,park,12.9541699,77.5319213
Unnamed,park,12.9508025,77.5292127
Unnamed,park,12.9574786,77.5203174
Unnamed,park,12.9580683,77.5203963
Unnamed,park,12.9577833,77.5203403
Unnamed,park,12.9566812,77.5201649
Unnamed,park,12.9560728,77.5200248
Unnamed,park,12.9505444,77.5211996
Unnamed,park,12.9497415,77.5211036
Unnamed,park,12.948759,77.5209364
Unnamed,park,12.9473186,77.5206953
Bangalore Cantonment,railway_station,12.9936865,77.5980003
Anepalya,bus_stop,12.9523885,77.6045397
Banashankari BMTC,bus_stop,12.9178645,77.5735761
Kohinoor Ground,bus_stop,12.947308,77.5663055
Naga Talkies,bus_stop,12.9843505,77.6117556
Cantonment Railway Station,bus_stop,12.9934767,77.5972227
MCTC Bus Stand,bus_stop,12.9539007,77.5436416
Magadi Road 1st Cross,bus_stop,12.9758097,77.5635002
Mysore Bank,bus_stop,12.9723865,77.5821246
Sajjan Rao Circle,bus_stop,12.9531166,77.5767721
New Guddadahalli,bus_stop,12.9560697,77.546516
Thyagaraja Nagar,bus_stop,12.9320356,77.5675801
Kaveri Nagara,bus_stop,12.9198852,77.569261
KR Puram Railway Station,bus_stop,13.0003856,77.6762486
Helicopter Division,bus_stop,12.9565103,77.6759082
Bengaluru East,railway_station,13.0011462,77.6183453
HAL Market,bus_stop,12.960813,77.6659653
Trinity Circle,bus_stop,12.9706175,77.6195628
"Telephone Exchange AGO, Vasantha Nagara",bus_stop,12.9827325,77.5871188
Canara Bank Koramangala,bus_stop,12.9345847,77.6239627
Tippasandra Market,bus_stop,12.9725701,77.6508281
Angel Heart Montessori Play School,school,12.9187503,77.6518327
Agara,bus_stop,12.9244709,77.6506375
Bank of Baroda,bank,12.917181,77.6493619
Bellanduru Gate,bus_stop,12.9187985,77.6695326
HDFC Bank,bank,12.9185253,77.6704998
Clinic,hospital,12.9134182,77.6774852
Kempapura Hebbala,bus_stop,13.0496616,77.5925984
RM Guttahalli,bus_stop,12.9998922,77.5839209
Hasanath College,bus_stop,12.9793859,77.6142554
Lingarajapuram,bus_stop,13.0122527,77.6256288
Clarence School,bus_stop,13.0022377,77.6166917
Hosmat Hospital,bus_stop,12.9698902,77.6118531
Helicopter Division,bus_stop,12.9568779,77.6747733
ICICI Bank,bank,12.9331091,77.5835191
Shanti Hospital,hospital,12.9235041,77.5857517
John Fowler,bus_stop,12.9240905,77.6299274
1st Block Koramangala,bus_stop,12.9248167,77.6342492
State Bank of India,bank,12.9365346,77.627846
Apollo Hospital,hospital,12.9263714,77.6765455
Tavarekere Aladamara,bus_stop,12.9222089,77.6105348
Foodworld,shopping,12.9328185,77.5830433
Canara Bank,bank,12.9309193,77.5837775
State Bank of India,bank,12.9289702,77.5839921
Fathima Church,bus_stop,13.0544834,77.5400092
ASC Supply Point,bus_stop,13.0412807,77.5457455
Devi Nagara,bus_stop,13.0468096,77.5690797
Nanjappa Circle,bus_stop,13.0685251,77.5600191
Chamundeshwari Layout,bus_stop,13.0647746,77.5596849
Diwanarapalya,bus_stop,13.0262678,77.5619055
ISKCON Temple,bus_stop,13.0116837,77.5516458
Mahalakshmi Layout Entarence,bus_stop,13.0074112,77.5486115
Periyar Nagara Circle,bus_stop,13.0087731,77.6134348
Muslim Colony,bus_stop,13.0106546,77.6151919
Venkateshapura,bus_stop,13.0157181,77.6175909
Arabic College,bus_stop,13.0300103,77.6208765
Glass Factory,bus_stop,13.0339172,77.622515
Nagavara,bus_stop,13.0379362,77.6233891
ICICI Bank,bank,12.9353555,77.6148616
3rd Block Jayanagara,bus_stop,12.9336915,77.583999
Narayana Hrudayalaya Dental Clinic,hospital,12.9155759,77.6349897
State Bank of India,bank,12.9156177,77.6347321
Nayanappa Shettipalya,bus_stop,12.9086939,77.6037357
Jai Bheema Nagara,bus_stop,12.9194378,77.6168963
NIMHANS Hospital,bus_stop,12.9388385,77.5981785
MICO Gate,bus_stop,12.9443605,77.6029747
Dr Ganesh Medical and Diabetic Clinic,hospital,12.9129006,77.6419101
Family Mall,shopping,12.9588137,77.6382484
Spencers Express,shopping,12.9591813,77.6382984
More,shopping,12.9595527,77.638381
Unnamed,shopping,12.9621752,77.6373877
Link Road,bus_stop,12.9941182,77.5739265
Kodihalli,bus_stop,12.959948,77.6468477
Jakkur 18th Cross,bus_stop,13.0688336,77.6034132
Jakkur Layout,bus_stop,13.0695751,77.6016847
Amrutahalli,bus_stop,13.0656864,77.6007336
SBM ATM,bus_stop,13.0665976,77.5959473
Mariyappana Palya,bus_stop,13.0500885,77.6118696
Domlur Herohonda Stop,bus_stop,12.9550697,77.6412492
Sathyanagara,bus_stop,13.0001817,77.6400341
Old Bayappanahalli,bus_stop,12.9946486,77.6440476
Horamavu Petrol Bunk,bus_stop,13.0196848,77.6536054
Vaddarapalya,bus_stop,13.0386319,77.646528
Baiyappanahalli Metro Station Back Gate,bus_stop,12.9919374,77.6515996
Indian Oil,bus_stop,13.0059596,77.6387258
Maruthi School,bus_stop,13.0099173,77.6442101
Bagmane Tech Park,bus_stop,12.9807706,77.6563527
Horamavu Petrol Bunk,bus_stop,13.0199271,77.6537003
Sun Shine School,bus_stop,13.0308231,77.6683898
Kalkere,bus_stop,13.0337338,77.6747398
Reliance Fresh,shopping,13.0316253,77.6357141
Chandrika Soap Factory,bus_stop,13.0144946,77.6270198
Byrathi,bus_stop,13.0564988,77.6517137
Dodda Gubbi,bus_stop,13.0709002,77.6739661
Shoba,shopping,13.0306094,77.6349359
Smart,shopping,13.0298925,77.6347682
JBS Hospital,hospital,12.9207173,77.5745968
Jayanagar heart Centre,hospital,12.9231684,77.584433
CPRI Quarters,bus_stop,13.0219498,77.5722288
Patalappa Layout,bus_stop,13.0464805,77.5726083
Big Bazaar,shopping,13.0476857,77.5742994
Rachenahalli,bus_stop,13.0579435,77.6233589
Jawaharlal Nehru Research Centre,bus_stop,13.0679383,77.6113853
Srirampura,bus_stop,13.0659006,77.6199862
Swamy Vivekananda Primary and High School,school,13.0483112,77.6342169
Canara Bank,bus_stop,12.995675,77.6004641
Manasa Public School,school,13.0557708,77.6327504
DRDO Quarters,bus_stop,12.9839372,77.6608916
Kaggadasapura,bus_stop,12.9838304,77.6793971
Konena Agrahara,bus_stop,12.9589468,77.6596713
United Public School,school,13.0384174,77.6387738
Anagalipura,bus_stop,13.0684965,77.6824191
Goraguntepalya,bus_stop,13.0289398,77.5395021
RMC Yard,bus_stop,13.0235782,77.5488081
Richmond Circle,bus_stop,12.9657481,77.6043001
State Bank India Garage,bus_stop,12.9746797,77.6014262
Gopalapura,bus_stop,12.9806131,77.5581149
Ajantha Talkies,bus_stop,12.9825889,77.6143059
Matadahalli,bus_stop,13.01346,77.5935361
Dinnuru Main Road,bus_stop,13.0240248,77.5989205
P&T Quarters,bus_stop,13.0216098,77.6045404
HMT Watch Factory,bus_stop,13.0490504,77.5356954
Kathalipalya,bus_stop,12.9926072,77.6379819
K Channsandra,bus_stop,13.0402048,77.6794539
Pooja Garden,bus_stop,13.0391741,77.6775047
Horamavu Agara,bus_stop,13.0366459,77.6548087
Banjara Layout,bus_stop,13.0383011,77.6652515
Mini Tajmahal,bus_stop,13.0014282,77.6675075
Sri RajaRajeshwari colony,bus_stop,12.9882627,77.6786308
Ramamurthy Nagara Church,bus_stop,13.011703,77.6790581
Koshys Hospitals,bus_stop,13.020547,77.6759774
Muneshwara Layout,bus_stop,13.0182036,77.6718331
HBR Layout Ist Stage,bus_stop,13.0211755,77.6249677
Chikka Banasawadi,bus_stop,13.0064054,77.6455841
Fairland Shop,bus_stop,12.9496465,77.6265836
Sri Vijayalakshmi Pragathi Hospital,hospital,13.0371728,77.6409543
Sinclairs High School,school,13.0317498,77.6437784
Regulated Market,bus_stop,13.022983,77.5500534
Krishnaiahnapalya,bus_stop,12.9953663,77.652157
Banaswadi,railway_station,13.0058357,77.6281321
Channasandra,railway_station,13.0118566,77.6628136
Centre for Product Design and Manufacturing (CPDM),college,13.0151185,77.5681179
CiSTUP,college,13.0132383,77.5686174
Interdisciplinary Centre for Energy Research,college,13.0155209,77.5681206
Interdisciplinary Centre for Water Research,college,13.0158581,77.5683888
Organic Chemistry,college,13.0164088,77.5682496
Inorganic and Physical Chemistry,college,13.016856,77.5682738
Central Purchase and Stores,college,13.0173833,77.5659752
Insdoc,college,13.0171773,77.5648502
Canara Bank,bank,13.0169379,77.5645125
Electronic Systems Engineering,college,13.0186339,77.5709242
Joint Advanced Technology Programme,college,13.0175447,77.5700198
Amenities Hall,college,13.0185648,77.5645301
Tata Memorial Club,college,13.018047,77.5649882
MEI Factory,bus_stop,13.026732,77.5433714
ISKCON Temple,bus_stop,13.011855,77.5514407
Krishnananda Nagar (Police quarters),bus_stop,13.0189181,77.5400501
Ramakrishna Nagara,bus_stop,13.020202,77.5350138
Nandhini Layout Quaters,bus_stop,13.0107628,77.533807
Havanuru Circle,bus_stop,12.9883126,77.5374346
Saneguruvana Halli,bus_stop,12.9890498,77.5425333
Dasarahalli,bus_stop,12.9851404,77.5427433
Manjunatha Nagar,bus_stop,12.9919438,77.5432725
ESI Hospital Rajajinagara (Towards Yashawanthapura),bus_stop,12.9916485,77.5508207
Manjunatha Nagara,bus_stop,12.9956021,77.5506629
Navarang Theatre,bus_stop,12.9994184,77.5497993
JC Nagar,bus_stop,13.0034339,77.5372655
Shankara Matha,bus_stop,13.002108,77.5407249
Galayara Balaga,bus_stop,13.0063048,77.5406215
Saraswathipuram,bus_stop,13.0092079,77.5382069
Mahalakshmi Layout,bus_stop,13.0119077,77.5440645
Shankar Nagar,bus_stop,13.0158357,77.5438924
Mohan Kumar Nagar,bus_stop,13.0307503,77.5495369
Alidsa,bus_stop,13.0376067,77.5417542
Jalahalli Village Gate,bus_stop,13.0411408,77.5457631
Jalahalli Bakery,bus_stop,13.0426967,77.5504594
Mysore Lamps,bus_stop,13.0134465,77.5605155
Chowdeshwari Nagar,bus_stop,13.0467217,77.5671136
Nagashettihalli,bus_stop,13.0472069,77.579325
Devasandra,bus_stop,13.0365564,77.5663707
ITI Colony,bus_stop,13.0339065,77.568773
UAS Campus,bus_stop,13.0300745,77.5870619
Ananda Nagar,bus_stop,13.0295976,77.5925517
CBI,bus_stop,13.0268657,77.5864354
Vasanthappa Block,bus_stop,13.026324,77.5889682
Ganga Nagar,bus_stop,13.0206843,77.5886129
Mekhri Circle,bus_stop,13.0135799,77.5836905
Sadhashivanagara,bus_stop,13.0084825,77.5800648
TV Tower,bus_stop,13.0091619,77.5912345
Malleshwaram 15th Cross,bus_stop,13.0049476,77.5711671
Vyalikaval Police Station,bus_stop,13.0005071,77.5782091
Palace Guttahalli,bus_stop,12.999489,77.5843469
RMS Sheshadripuram,bus_stop,12.9943817,77.5780701
Dattatreya Temple,bus_stop,12.9989456,77.5743026
8th Cross Malleshwaram,bus_stop,13.0003553,77.5653984
Devaiah Park,bus_stop,12.9964968,77.5630859
Basaveshwara College,bus_stop,12.9943751,77.5527944
Old Police Station Rajajinagara,bus_stop,12.989337,77.5543331
"Aruna Talkies, Gandhi School",bus_stop,12.9884321,77.5665837
Bashyam Nagar,bus_stop,12.9907699,77.5679782
Bashyam Nagara Okalipuram,bus_stop,12.9872719,77.5676609
Ramachandra Pura Market,bus_stop,12.9856891,77.563
Malleshwaram Circle,bus_stop,12.9969268,77.5687532
Ramamandira,bus_stop,12.9934619,77.568174
Chowdeshwari Temple,bus_stop,12.9949147,77.5663946
Malleshwaram Circle,bus_stop,12.9974389,77.5695102
MEI Polytechnic College,bus_stop,12.984718,77.5569509
Old Gudahalli Cross,bus_stop,12.9601434,77.5549629
Balajinagara,bus_stop,12.9279748,77.6032967
Corporation Circle (Cubbon Park),bus_stop,12.9685475,77.5896602
Canara Bank,bank,13.0313492,77.6355039
Fresh Supermarket,shopping,13.0263233,77.6319846
Hennur Depot,bus_stop,13.0258248,77.6318246
Florida College of Management and Computer Science,college,13.0268228,77.6329007
Florida College of Education,college,13.0269256,77.6329391
Florence College of Physiotherapy,college,13.0271338,77.6330115
Foodworld Supermarket,shopping,13.0245569,77.6369992
ICICI Bank,bank,13.0247406,77.6369933
Sathya Hospital,hospital,13.0185503,77.6364728
State Bank of India,bank,12.9730205,77.5804826
Bank of India,bank,12.9738444,77.578582
Indian Bank,bank,12.973729,77.578957
Sacred Hearts Girls School,school,12.9694218,77.6033897
Cunningham Road,bus_stop,12.9875909,77.5945006
Sangam Circle,bus_stop,12.91767,77.5774638
Chinmaya Mission Hospital,bus_stop,12.9784826,77.6462222
Mahila Samaja,bus_stop,12.9530434,77.5737413
Chord Road Hospital Pvt Ltd,hospital,12.9981215,77.5404836
Nilgiris,shopping,13.0492252,77.5474051
Marenahalli Bus Stop,bus_stop,12.9171092,77.588786
Smart Bazaar,shopping,12.9172203,77.5923138
Ragigudda,bus_stop,12.9169845,77.5933628
East End Bus Stop,bus_stop,12.9171428,77.5969184
State Bank of India,bank,12.9990578,77.5695202
Devi Nagara Cross,bus_stop,13.0446421,77.5638436
Devi Nagara,bus_stop,13.0470509,77.5687712
Carmel High School,school,12.9885908,77.5442935
JC Nagara,bus_stop,13.0067177,77.5929165
Mekhri Circle,bus_stop,13.0146244,77.5852695
Pristline Hospital,hospital,12.9978931,77.5436127
Reliance Fresh,shopping,13.0042882,77.5710889
Stella Maris School,school,13.0064539,77.5780313
CSI Hospital,bus_stop,12.9897471,77.5993652
Nilgiri Wines,bus_stop,13.075777,77.605016
Reliance smart,shopping,13.0061977,77.5693737
ICICI Bank,bank,12.996974,77.5678633
Central,bus_stop,12.9896127,77.5719793
Malleswaram Circle,bus_stop,12.9977309,77.5713107
Corporation Bank,bank,12.9933312,77.57187
Madrasa-e Arabiya,school,12.9430867,77.5994637
"Bengaluru Hospital, Susruta Medical Aid AndResearch Home Limited",hospital,12.9376734,77.5802836
Anandanagar,bus_stop,13.0329207,77.5919443
LR Bande home,bus_stop,13.029541,77.6092934
Thimmayya Garden,bus_stop,13.0185344,77.5988368
City Supermarket,shopping,13.0397585,77.5555028
Spencers Daily,shopping,13.0400303,77.5555993
Unnamed,shopping,12.9250029,77.664274
National Bureau of Agriculturally Important Insects,college,13.026313,77.5845772
More,shopping,13.0224257,77.6508337
Karnataka Bank,bank,13.0218507,77.6501901
Shivajinagar Bus Station,bus_stop,12.9834081,77.6031044
Vijaya Vittala Institute of Technology,college,13.0769358,77.6665076
Alpha College of Engineering,college,13.0763297,77.6654991
Hudson Circle,bus_stop,12.9679518,77.5911788
Bank of India,bank,13.0016893,77.5694475
B. P. Indian,school,13.0011737,77.5683395
Father Mathews School,school,13.0457661,77.5416305
IndusInd Bank,bank,13.0333714,77.5689251
ING Vysya,bank,13.033237,77.5690007
Reliance Fresh,shopping,13.0068052,77.5645334
Kalyananagara Bus Stand,bus_stop,13.0264671,77.6387345
Govinda Pura,bus_stop,13.0343322,77.6144323
Veterinary College,bus_stop,13.0324779,77.5875158
HDFC Bank,bank,13.0085194,77.5688573
Vani Vilas,school,13.0092653,77.5621798
UCO Bank,bank,13.0055316,77.56985
SVC Bank,bank,13.0019378,77.5665159
Veerabhadra Nagara,bus_stop,12.9378692,77.533544
Kotak Mahindra Bank,bank,13.0011328,77.5691982
Syndicate Bank,bank,13.0084832,77.5692697
Parangipalya,bus_stop,12.9089682,77.6492718
Reliance Fresh,shopping,13.0342258,77.5691996
State Bank of India,bank,13.0183173,77.5645529
Manipal Northside Hospital,hospital,13.0011275,77.5639285
Reliance Fresh,shopping,13.0290015,77.5615609
Computer Aided Design Laboratory,college,13.0184079,77.5707285
Families Hypermarket,shopping,12.9186665,77.6708407
RRI Hostel,college,13.0245647,77.5783085
State Bank of India,bank,12.9819402,77.5955017
Kotak Mahindra Bank,bank,12.9762175,77.5993135
Canara Bank,bank,12.9885568,77.5923112
HDFC Bank,bank,12.9888226,77.592415
CQAL,bus_stop,13.011327,77.5924253
St. Sara's School,school,12.946945,77.6175314
St Marthas Hospital,bus_stop,12.9697786,77.5871659
Canara Bank,bank,12.9681567,77.5876645
State Bank of India,bank,12.9681499,77.5880527
State Bank of India,bank,13.0074751,77.5793045
Vidhana Soudha,bus_stop,12.9802701,77.5929782
Vidhana Soudha,bus_stop,12.9772093,77.5900021
Kasturba Road,bus_stop,12.9741152,77.5960335
Dhanlaxmi Bank,bank,12.9751175,77.5976204
Yes Bank,bank,12.9756522,77.597345
Indian Express,bus_stop,12.9839163,77.5973764
Corporation Bank,bank,12.9723026,77.5863596
Deccan school,school,12.9921674,77.5683888
Anganavadi,school,12.991587,77.5684205
Government School,school,12.9496275,77.6139658
Methodist church school,school,12.9497624,77.6143357
Adithya public school,school,12.9499206,77.6151518
Government Primary Health Centre,hospital,12.9503234,77.6162619
Nagasena Vidyalaya,school,13.0140892,77.5760778
State Bank of India,bank,13.0139649,77.57891
Bird and Rabbit park,park,12.9770068,77.5969363
Punjab National Bank,bank,13.0077699,77.5794951
Bank of Baroda,bank,13.0071676,77.5790958
Karnataka Bank,bank,13.0080052,77.5796762
Syndicate Bank,bank,13.0080972,77.5797261
Advanced Animation Academy,school,13.0089647,77.580665
Vasavi Education Trust School,school,12.9081457,77.5929709
Divakars speciality Hospital,hospital,12.9100629,77.5924585
Canara Bank,bank,12.98693,77.5951971
Family Super Market,shopping,12.9967968,77.6045046
Indian Bank,bank,12.9993627,77.6008367
More,shopping,12.9998077,77.5996733
Arafa Stores,shopping,12.9969644,77.6041292
"Namdhari Fresh, Frazer Town",shopping,13.0009809,77.6138953
Sri Balaji Stores,shopping,13.014268,77.5737154
Light and Matter Physics,college,13.0137034,77.5816225
Unnamed,bus_stop,12.9855479,77.5791192
ICICI Bank,bank,12.9706824,77.599609
Bank of India,bank,12.9708631,77.6010396
"Lalbagh West Gate, V V Puram",bus_stop,12.9475769,77.5801087
Krumbigal Road,bus_stop,12.9531016,77.583614
MD Block,bus_stop,12.993211,77.5697205
BMTC Hospital,hospital,12.9234317,77.5923374
Hosa Guddadahalli,bus_stop,12.9561513,77.5461656
Student Amenities Center,college,13.0145591,77.5608745
Student Council Office,college,13.0179477,77.5661498
Hostel Office,college,13.0163759,77.5651518
Society for Innovation and Development,college,13.0129211,77.5690015
Ramakrishna Nursing Home and Hospital,hospital,12.9364329,77.583477
Jalahalli Village,bus_stop,13.0452406,77.5481702
Binnamangala,bus_stop,12.9831592,77.6378465
Andhra Bank,bank,13.0254978,77.5931058
Ganga Nagar,bus_stop,13.025065,77.5916809
Mini Bazaar,shopping,13.0068553,77.6241647
Naasih Montessori Public School,school,13.0016772,77.6138117
HDFC Bank,bank,12.9356089,77.6151797
"St Josephs Eng Pri Sch, B T M Layout W No 65",school,12.9141469,77.6116922
More,shopping,12.9409932,77.544655
Unnamed,bank,12.9394898,77.5451718
Auden Public School,school,12.9381024,77.543378
Muneshwara Block,bus_stop,12.9423156,77.548584
Big Bazaar,shopping,12.9265852,77.5509047
Food World,shopping,12.925511,77.5501686
Auden School,school,12.9323436,77.5437984
Hosakerehalli Cross,bus_stop,12.9326884,77.5452951
SBM Colony,bus_stop,12.9386882,77.5535885
Apex Bank,bus_stop,12.941781,77.5558894
Maruthi Circle,bus_stop,12.9433335,77.5581671
Subramanya Swamy Temple,bus_stop,12.9435401,77.5618941
Ganesha Bhavan,bus_stop,12.9437945,77.5642273
Sri Vinayaka Poly Clinic,hospital,12.939058,77.5510802
"Avalahalli Cross, Girinagar Cross",bus_stop,12.9432005,77.5450571
"Nagendra Block,Banashankari 3Rd Stage",bus_stop,12.9420196,77.552003
Karnataka Housing Complex,bus_stop,12.9453201,77.6228551
Ejipura School,bus_stop,12.9427087,77.6307137
RMV Hospital,hospital,13.0322788,77.576876
Mother Montessori House of Children Pre-school,school,12.985118,77.679021
LR International School,school,12.977267,77.679729
State Bank of India,bank,12.981538,77.680174
Mallya Audikesh Diagnostics Center,hospital,12.9815051,77.6011944
Mallige Medical Centre,hospital,12.985247,77.5803846
Vijaya Pre-University College,college,12.9279136,77.5866159
Holy Saint English School,school,12.9217736,77.5925109
Saraswati Vidya Mandir,school,12.9340338,77.5874849
Good Shepherd School,school,12.9229013,77.5816474
Nehru Smaraka Vidya Kendra,school,12.9271452,77.5778773
Community English High School,school,12.9387689,77.5841184
Bank of India,bank,12.9899522,77.5378467
Axis Bank,bank,12.9958306,77.5401339
Devine Hospital,hospital,13.0038999,77.6039313
Chinnappa Garden,bus_stop,13.0030365,77.6035146
Marappa Garden,bus_stop,13.0044872,77.5998357
Brigade Road,bus_stop,12.9715106,77.6067611
Banashankari TTMC,bus_stop,12.917235,77.5738847
Banashankari Bus Station (Towards Kadirenahalli),bus_stop,12.9166305,77.5730685
Banashankari TTMC,bus_stop,12.9175634,77.5732782
St. John's Hospital,bus_stop,12.9293446,77.6158906
Koramangala Water Tank,bus_stop,12.9291313,77.6214852
New City Super Market,shopping,12.9851864,77.6736268
Reliance Fresh,shopping,12.985926,77.6688553
State Bank of India,bank,12.9852309,77.6636329
Nilgiri's,shopping,12.9859601,77.6689329
ICICI Bank,bank,12.994176,77.6638974
BEL Circle,bus_stop,13.0438058,77.5581362
Binnypet,bus_stop,12.9643587,77.5614856
Canara Bank,bank,12.9443687,77.573044
Lalbagh Nursing Home,hospital,12.9452313,77.5861734
Bangalore International Public School,school,12.9095131,77.5502862
Government Soap Factory,bus_stop,13.0131425,77.5544949
Mahalakshmi Layout,bus_stop,13.0118943,77.5438575
Green Country Public School,school,13.0592352,77.5939566
Axis Bank,bank,12.9809052,77.5754392
Gandhi Nagar High School,school,12.9910826,77.5789046
Government Maternity Hospital,hospital,12.9988604,77.5817424
The New Cambridge High School,school,12.9655564,77.5417627
Pipeline RPC layout,bus_stop,12.9677004,77.5450862
Soujanya Clinic,hospital,12.9681189,77.54325
Kanva Diagnostics Collection Centre,hospital,12.967291,77.5429164
Unnamed,bank,12.9685151,77.5371276
Malleshwaram 8th Cross,bus_stop,12.9998968,77.5694116
Ubhaya Vedanta Pravarthana Sabha,school,13.0008128,77.5701799
Baiyyappanahalli Junction,railway_station,12.9912092,77.6517139
Society of Biological Chemists,college,13.0155366,77.5687483
Indiranagar 6th Main,bus_stop,12.9740536,77.6411934
Indiranagar 6th main,bus_stop,12.973626,77.6409736
Hebbal BIAS,bus_stop,13.0429393,77.5901048
Srinivas Clinic,hospital,12.9073391,77.5830655
City Pearl,shopping,13.022202,77.6507704
Karnataka Bank,bank,12.916193,77.6053993
7 Days,shopping,13.0228757,77.6509402
MK Retail Super Market,shopping,12.9118085,77.6512869
Domlur Bridge,bus_stop,12.9583971,77.6413321
Hockey Ground,bus_stop,12.9894017,77.6160405
Nirmala Rani High School,school,13.0092904,77.5614979
Unnamed,hospital,13.0043642,77.5652959
Homely Organic,shopping,13.0043093,77.5653307
Canara Bank Hebbal,bus_stop,13.0359019,77.58927
Unnamed,bus_stop,12.9303421,77.5533292
Bangalore Institute of Technology,college,12.9551259,77.5741985
Kempegowda Institute of Medical Sciences,college,12.9564316,77.5741194
VV Puram College of Arts and Commerce,college,12.9541058,77.5741524
Makkala Koota,bus_stop,12.9576092,77.5736663
Indian Overseas Bank,bank,12.9785592,77.6414856
MK Retail,shopping,12.9787623,77.6446428
Prarthana School,school,12.9119447,77.5581363
Reliance Fresh,shopping,12.9107281,77.5792052
15th Cross Malleshwaram,bus_stop,13.0064485,77.5645696
ICICI Bank,bank,12.9241258,77.671756
Reliance Fresh,shopping,12.9733041,77.6511018
Dayanand Sagar College of Engineering,college,12.9089389,77.5664343
Total Superstore,shopping,12.9827809,77.5592036
HDFC Bank,bank,12.978084,77.6377484
Basava Bhavan,bus_stop,12.9857937,77.5884792
Reliance Fresh,shopping,13.0303875,77.6079607
Unnamed,school,13.0365701,77.6064886
Kanaka Nagar,bus_stop,13.0395699,77.6073304
Timber Yard Layout,bus_stop,12.948072,77.5430925
Gem Plaza,shopping,12.9803877,77.6046163
City Union Bank,bank,12.9127092,77.6061623
Homeneeds,shopping,12.9106552,77.6063086
Ramanjaneya Layout Cross,bus_stop,12.914587,77.5471118
Mahesh Medicals,bus_stop,12.9140778,77.5499424
Nilgiri's,shopping,13.0236679,77.592064
HDFC Bank,bank,12.9701438,77.6376584
Maha Bank,bank,12.9638721,77.6400982
HAL 2nd Stage,bus_stop,12.9636711,77.6414969
Super Market,shopping,13.0231839,77.6004176
More,shopping,13.0252349,77.6054904
Sultanpalya Cross Pushpanjali Talkies,bus_stop,13.0221707,77.6022429
Murugeshpallya,bus_stop,12.9592148,77.6561107
ESI Hospital,hospital,12.995242,77.6523255
Sadananda Nagar Bus Stop,bus_stop,12.9962665,77.6571776
SDS Tuberculosis Research Centre and Rajiv Gandhi Institute of Chest diseases,hospital,12.9367955,77.5907094
HDFC Bank,bank,12.9365,77.582432
Canara Bank,bank,12.98568,77.5421189
Karnataka State Co-op Apex Bank,bank,12.9860568,77.5418754
Maiya Multispecialty Hospital,hospital,12.942614,77.5854533
Lalbagh Siddapura (Lalbagh East Gate),bus_stop,12.9461961,77.5881666
"Madavan Park, Jayanagara 3Rd Block",bus_stop,12.9367107,77.5837112
Wilson Garden 10th Cross,bus_stop,12.9465769,77.5959207
Ashoka Pillar,bus_stop,12.9432815,77.5853342
Ashoka Pillar,bus_stop,12.9437023,77.5846389
Corporation Bank,bank,12.932818,77.5842985
Byrasandra,bus_stop,12.9330035,77.5895276
Lakkasandra,bus_stop,12.9438411,77.5970971
Lakkasandra,bus_stop,12.9429415,77.5973913
HAL Main Gate,bus_stop,12.9583169,77.6658243
Command Hospital,bus_stop,12.9645337,77.6257392
Narayana Netralaya,hospital,12.9671401,77.6094485
Akshya Complex,shopping,13.0694057,77.5451149
State Bank of India,bank,13.0511982,77.5526747
HMT Kinder Garden School,school,13.0474055,77.5445463
Mallige School Of Nursing,school,13.0478654,77.5442244
St. Claret PU College,school,13.0441027,77.5439669
Saint Claret School,school,13.043392,77.5451578
State Bank of India,bank,13.0325342,77.5587342
Maha Bazaar,shopping,13.0049266,77.5787343
State Bank of India,bank,13.002535,77.578333
Canara Bank,bank,13.0022031,77.5783102
Smart Bazaar,shopping,12.9260569,77.6753253
More,shopping,12.9341298,77.6109889
Standard Chartered,bank,12.9333844,77.6132413
Axis Bank,bank,12.9355699,77.6142407
Quality Nursing Institute,school,12.9081687,77.5373087
State Bank of India,bank,13.0767862,77.558223
Syndicate Bank,bank,13.0757025,77.558427
Ketham's Hospital Pvt. Ltd,hospital,13.0686568,77.5582571
Lottegollahalli,railway_station,13.04347,77.5630839
Shanthi Park Apartments,bus_stop,12.9170791,77.5910055
Unnamed,school,12.9170955,77.5905046
Air Force School,school,13.0721308,77.5492982
State Bank of India,bank,13.0730662,77.5463531
Axis Bank,bank,12.9338627,77.6304381
State Bank of India,bank,12.9353385,77.6138382
More Supermarket,shopping,12.9423147,77.6150065
Guru Kripa Clinic,hospital,13.0349833,77.5676844
Punjab National Bank,bank,13.0341967,77.5682745
Canara Bank,bank,12.9344222,77.6240149
Kotak Mahindra Bank,bank,12.9336643,77.6231619
IDBI Bank,bank,12.9338891,77.6232852
Bethany High School Koramangala,school,12.9404971,77.6207624
Tata Silk Farm,bus_stop,12.9360201,77.573808
Chirag Hospital and Maternity Center,hospital,12.9126298,77.5913594
State Bank of India,bank,12.9139266,77.5854371
Karur Vysya Bank,bank,12.936103,77.6251968
MM industries,bus_stop,12.929282,77.5737367
Dhanalakshmi Bank,bank,12.9358758,77.6259621
Koramangala Police Station,bus_stop,12.9410328,77.6207095
SSM Public School,school,12.9328395,77.5638317
Corporation Bank,bank,12.9442215,77.5725983
Food world,shopping,12.9444504,77.5722351
Unnamed,park,12.9293305,77.5483881
Bank of India,bank,12.9257438,77.5498097
State Bank of India,bank,12.9296755,77.5519983
St. Theresa Hospital,bus_stop,13.0064815,77.5542161
HDFC Bank,bank,12.9144392,77.5858525
ICICI Bank,bank,12.9226921,77.5935766
Sowbhagya Traders,shopping,12.935012,77.6233499
Syndicate Bank,bank,12.9372141,77.568841
Udhbhava Hospital,hospital,12.9256842,77.5489346
Sacred Heart College,college,12.9659306,77.6616713
State Bank of India,bank,12.9599648,77.6503055
DG Hospital,hospital,12.9206648,77.5598673
Unnamed,shopping,12.9228555,77.5600873
Srinivasa Nursing Home,hospital,12.9423039,77.6174893
Karnataka Bank,bank,12.9100191,77.5925018
"Nirmala Stores, Hanumantha Nagara",bus_stop,12.9416092,77.559347
16th Main BTM Layout,bus_stop,12.9167951,77.6093088
HAL Main Gate,bus_stop,12.9585349,77.6667825
HDFC Bank,bank,13.0283015,77.5726596
Kamala Nehru Patashala (Emmanual English School),school,12.9339482,77.5664867
Kangila Clinic,hospital,12.9336501,77.5660602
Safal Supermarket,shopping,12.9364151,77.6144033
HDFC Bank,bank,12.9123516,77.6411691
Canara Bank,bank,12.940921,77.5457658
HDFC Bank,bank,12.9405681,77.5459187
State Bank of India,bank,12.9366883,77.5488033
Namdhari's fresh,shopping,12.9382962,77.626001
"Vasan Eye Care Hospital, Koramangala",hospital,12.9402371,77.6253403
Brown Tree Super,shopping,12.937363,77.626659
State Bank of India,bank,12.9120609,77.6493739
health nest,hospital,12.9075992,77.6488507
Dhobi Ghat Rajajinagara,bus_stop,12.9866618,77.5497593
Dasarahalli Kere,bus_stop,12.9850456,77.5450126
Dhobi Ghat Rajajinagara,bus_stop,12.9871136,77.550811
Amma's ENT Clinic,hospital,13.0281613,77.5793947
Krishna Specialty Clinic,hospital,13.026721,77.5789272
Seventh Day Adventist Hospital,hospital,12.995625,77.6113272
Fathima's Girls High School,school,12.9968818,77.6109656
Reliance Fresh,shopping,12.9970256,77.611258
Coles Park,bus_stop,12.9932421,77.6098881
Santosh Institute of Nursing & Research,school,12.9916626,77.6024335
St. Francis Xavier's High School,school,12.9933042,77.6131994
St. Joseph's Convent Girls High School,school,12.992426,77.6135802
Holy Angel's High School,school,12.9938162,77.6144766
RTC Girls High School,school,12.9926871,77.6141548
ICICI Bank,bank,12.9947968,77.6152664
Srinivasa Nursing Home,hospital,12.9965077,77.6220456
Vijaya Bank,bank,12.9963828,77.6202753
Axis Bank,bank,12.9969092,77.6198773
ICICI Bank,bank,12.9255307,77.6371758
Kripanidhi Cambridge Public School,school,12.9246365,77.6384508
Safa,shopping,12.913486,77.6374501
Federal Bank,bank,12.9420162,77.6219426
Food City Super Market,shopping,12.9232149,77.612864
Mahalakshmi Layout Entrance,bus_stop,13.0077115,77.5481333
Fooddays,shopping,12.9154345,77.6321713
Harishchandra Ghat Bus Stop,bus_stop,12.9973631,77.5601119
Sri Kumaran Children's Home,school,12.9333166,77.5726226
SSM Primary School,school,12.9356689,77.5699296
Kumaran Children's High School,school,12.9329402,77.5717482
Sir M. Visvesvaraya Co-Operative Bank Limited,bank,12.9149827,77.605687
Kids Care Clinic,hospital,12.914434,77.6050207
Union Bank of India,bank,12.9134789,77.6065671
Oriental Bank of Commerce,bank,12.9366085,77.6181363
Union Bank of India,bank,12.9377559,77.6239822
Pristine Health care,hospital,12.9382768,77.6186753
Koramangala Kalyana Mantapa,bus_stop,12.9370255,77.6182202
State Bank of India,bank,12.9386399,77.6188173
Canara Bank,bank,12.9165198,77.6355672
New Sapna Store,shopping,12.9184754,77.6321554
Prerana Dental Clinic,hospital,12.9186845,77.630774
Mamtha Health Center,hospital,12.9180492,77.6318764
Suprabha Hospital,hospital,13.0079383,77.5469059
Sangolli Nursing Home,hospital,13.0083564,77.5469273
Reliance Fresh,shopping,13.0085603,77.5433815
Corporation Bank,bank,13.0087092,77.5433895
Srinivasa Temple,bus_stop,13.0085772,77.5439447
Diacon Hospital,hospital,13.0037682,77.5498337
1st Block Rajajinagara Diacon Hospital,bus_stop,13.0037738,77.5499931
Domlur Herohonda Stop,bus_stop,12.9545191,77.6414375
Reliance Fresh,shopping,12.9070482,77.5457118
Shop Rite,shopping,12.9196818,77.559736
State Bank of India,bank,12.927395,77.621901
Agarwal Eye Hospital,hospital,12.9273417,77.6221301
Vijaya Bank,bank,13.0345529,77.5758254
Sagar Dental Clinic,hospital,12.9169725,77.6300572
Sharada School,school,13.0583621,77.5982875
Reliance Fresh,shopping,13.0553806,77.6026206
Amrutha Nagar,bus_stop,13.0580537,77.5985128
State Bank of India,bank,13.0337321,77.5680068
Venkateshwara Hospital,hospital,12.9257842,77.6170828
Little Lilly's English School,school,13.0092391,77.5478152
Namratha Hospital,hospital,13.0047859,77.543073
Sri Vani Education Society,school,13.0037708,77.5547591
Unity Small Finance Bank,bank,12.9322872,77.6320394
Kormangala 7th Block,bus_stop,12.9302496,77.6332091
Wipro Park,bus_stop,12.9288562,77.6332979
Devi Eye Hospital,hospital,12.9162576,77.6374069
Holy Child Convent School,school,12.9373897,77.56002
Mysore Hospital,hospital,13.0275337,77.5397051
Karnataka Bank,bank,13.0370609,77.5744676
Axis Bank,bank,13.0349108,77.5752718
State Bank of India,bank,13.0359923,77.5749695
Corporation Bank,bank,13.0298437,77.5782954
Srinagara Bus Station,bus_stop,12.9442619,77.5545923
Jayanagar Orthopaedic Centre,hospital,12.9293288,77.5877091
Madiwala Market,bus_stop,12.9214943,77.6211976
HDFC Bank,bank,12.9386872,77.6304956
ICICI Bank,bank,12.9285393,77.6001599
Jayanagar 5th Block,bus_stop,12.9172031,77.5849405
Kurubarahalli Main Road,bus_stop,13.0008414,77.5359036
Niveditha school,school,12.9453673,77.5672085
SSVM GP Branch,school,12.9444263,77.5651593
Allahabad Bank,bank,12.940021,77.5651693
Shekar Hospital,hospital,12.9458714,77.5675192
BASE,school,12.9455787,77.5679644
Unnamed,school,13.0004716,77.5346306
HSBC,bank,12.9473887,77.568194
ICICI Bank,bank,12.950339,77.5673443
"Indira Gandhi Circle, Shakambari Nagara",bus_stop,12.9109432,77.5787511
Sangam Circle,bus_stop,12.9170647,77.5785453
Punya Hospital,hospital,13.0011459,77.5359798
Gautham College of Nursing,school,13.001119,77.5411129
Anupama English School,school,13.0000789,77.5409358
Union Bank of India,bank,12.928559,77.5823467
Vasan Eye Care,hospital,12.9102705,77.6265538
Karnataka Bank,bank,12.9786184,77.64187
ICICI Bank,bank,12.9782465,77.6427852
Nature's Basket,shopping,12.978261,77.6431384
HAL 2nd Stage,bus_stop,12.9698439,77.6411842
Axis Bank,bank,12.9692201,77.6411398
Andhra Bank,bank,12.9783314,77.6448308
State Bank of India,bank,12.9705339,77.6415074
Reliance Fresh,shopping,12.932994,77.5852313
Namdhari's Fresh,shopping,12.9232135,77.5850336
Parimala Clinic,hospital,12.9135707,77.5788941
More,shopping,12.91702,77.5782971
Union Bank of India,bank,12.9918131,77.6116694
Corp Bank,bank,12.9826498,77.6104195
Karanth Speciality Hospital,hospital,12.9160081,77.6193573
Gangothri Hospital,hospital,12.9162878,77.6138218
Jyothi Nivas College,bus_stop,12.9356088,77.6145966
Spurthy Hospital,hospital,12.9239335,77.61116
Prasad Eye Hospital,hospital,12.9351929,77.6086817
NIMHANS Screening block,hospital,12.9387115,77.5937737
NIMHANS OPD,hospital,12.9388056,77.5942994
State Bank of India,bank,12.9395395,77.5959949
Manjunath Hospital,hospital,12.9483598,77.5940621
Karthik Hospital,hospital,12.9484356,77.5942592
State Bank of India,bank,12.9218725,77.5857558
Syndicate Bank,bank,12.9198472,77.5782896
Canara Bank,bank,12.9169333,77.5802356
Aswad Hospital,hospital,12.9147871,77.6247622
Andhra Bank,bank,13.0263622,77.5930491
TSR heart care,hospital,13.0264438,77.5933686
ICICI Bank,bank,13.0265699,77.5866871
Indus Bank,bank,13.0266169,77.586655
Ashirwad Super Market,shopping,12.9151822,77.6059587
Fortis Hospital,hospital,13.0022409,77.5490879
Manjunatha Nagara,bus_stop,12.9958434,77.5507765
Health and Glow,shopping,12.9963776,77.5514093
Citi Hospital,hospital,12.9956506,77.5510696
"Vasan Eye Care Hospital, Rajaji Nagar",hospital,12.9995223,77.5505328
Ananya Hospital,hospital,12.9998205,77.55045
State Bank of India,bank,12.9950177,77.5716418
Baptist,hospital,12.9970915,77.5719766
Canara Bank,bank,12.923688,77.5535473
Axis Bank,bank,12.9236725,77.5536141
State Bank of India,bank,12.978954,77.5493836
Industrial Area Rajajiangara,bus_stop,12.9819588,77.5492029
State Bank of India,bank,12.9243266,77.5653238
Hopcoms,shopping,12.9247045,77.5648373
Prasanna Talkies,bus_stop,12.9740655,77.5513914
Manu Vana,bus_stop,12.9738809,77.5418392
Shivakrupa Hospital,hospital,12.973967,77.5479135
Vasavi Polytechnic College,school,12.9737683,77.5442442
Reebok Store,shopping,12.9246981,77.5508112
ICICI Bank,bank,12.9706632,77.5368842
Vijayanagar,bus_stop,12.9734849,77.5384944
Maruti Mandira,bus_stop,12.9677402,77.5360222
City Union Bank,bank,12.9686453,77.5362586
Federal Bank,bank,12.9684833,77.5361547
BHEL Gate,bus_stop,12.9481302,77.5349754
Deepanjalinagara,bus_stop,12.9537543,77.5363876
Jai Bharath Nagar,bus_stop,13.0015102,77.6307431
Maruthi Sevanagar,bus_stop,13.0027048,77.6346165
Maruthi Sevanagar,bus_stop,13.0026039,77.6347249
Jai Bharath Nagara,bus_stop,13.0015258,77.6299816
Indo-German School,school,13.0042548,77.6580406
Dr. Ambedkar Medical College Hospital,hospital,13.0248621,77.6139585
Kacharakanahalli,bus_stop,13.0210038,77.6298897
Jyothi School,bus_stop,13.016685,77.6294852
Lulu Hypermarket,shopping,12.9936382,77.6640329
Jeevanahalli,bus_stop,12.9949718,77.6280208
Indira Nagar Police Station,bus_stop,12.9829803,77.6378479
Double Road Indiranagara,bus_stop,12.9781439,77.6362677
Indira Nagar Double Road,bus_stop,12.9782961,77.6369094
Jagadeesha nagar,bus_stop,12.9716047,77.6656229
Dhobi Ghat Rajajinagara,bus_stop,12.9855178,77.549117
Rama Mandira Rajajinagara,bus_stop,12.9861053,77.556424
Magadi Road 5th Cross,bus_stop,12.9757998,77.5605585
Magadi Road 10th Cross,bus_stop,12.9757116,77.5567775
Basavanagudi Police Station,bus_stop,12.9411299,77.5736696
Military Accounts Office,bus_stop,12.9655617,77.6173316
CPRI,bus_stop,13.0146911,77.5750744
Unnamed,park,13.012224,77.5755205
State Bank of India,bank,13.0201633,77.6565925
Ankur Nursery School,school,12.9719967,77.6278036
Dattatraya Nagara Temple,bus_stop,12.9239853,77.5405419
Shoolay Circle,bus_stop,12.9658793,77.6067323
St. Johns High School,school,12.9655182,77.541311
Town Hall,bus_stop,12.9636018,77.5844925
Srirama Reddy Layout,bus_stop,12.9717699,77.6815882
Shanthi Layout,bus_stop,13.0162427,77.6832961
Kempapura,bus_stop,13.048398,77.6070501
HMT House,bus_stop,13.0498196,77.6000149
Kempapura Hebbala,bus_stop,13.0500036,77.5931768
Lido,bus_stop,12.9735287,77.6199691
Unnamed,bus_stop,12.9792372,77.6291994
Binnamangala,bus_stop,12.9836621,77.6392171
NGEF,bus_stop,12.9878506,77.6497862
Srinivasapura,bus_stop,12.9900587,77.6545382
Bangalore Institute of Dental Sciences,college,12.9441664,77.5969354
Tavarekere Mori,bus_stop,12.9251875,77.6088054
Old Gurrappana Palya,bus_stop,12.9205453,77.6052581
Bharat Seva Dal,school,12.9873383,77.5805314
Canara Bank,bank,12.9869904,77.5786112
ICICI Bank,bank,12.9876512,77.5799188
Nilgiri's,shopping,12.9266971,77.6236359
Canara Bank,bank,12.9909647,77.5748146
"Sri Maruthi hospital, Sheshadripuram",hospital,12.9926441,77.5742046
Yadava College,college,12.9865401,77.5772559
Johnson Market,bus_stop,12.9633607,77.6066752
Nanjappa Circle,bus_stop,12.9604441,77.6010513
JSS Composite PU College,school,12.9220691,77.5755122
Government Soap Factory,bus_stop,13.0132261,77.5536626
Krishnarajendra Market,bus_stop,12.9639785,77.5766596
Trinity Circle,bus_stop,12.9727753,77.6205794
Trinity Circle,bus_stop,12.9731715,77.6220531
Subbaiah Circle,bus_stop,12.9626801,77.590791
Bangalore Educational Society,school,12.9269543,77.5885571
Vijaya Bank,bank,12.9308154,77.5862906
Bangalore High School(BHS),school,12.9282849,77.5868566
Karur Vysya Bank,bank,12.9307984,77.5865311
Carmel Convent,bus_stop,12.9263357,77.5972374
Avalahalli New BDA Layout,bus_stop,12.9433213,77.5366913
Bank of Baroda,bank,12.9668886,77.5993311
State Bank of India,bank,12.9255356,77.6012383
NDDA,bus_stop,12.9443971,77.6206844
Benniganahalli,bus_stop,12.9946174,77.6638835
Benniganahalli,bus_stop,12.9942812,77.6640408
Corporation Bank,bank,12.9417658,77.6158811
Simpli Namdhari's,shopping,12.9395349,77.5853734
Fresco,shopping,12.9254591,77.6698872
State Bank of India,bank,12.9265658,77.6698488
Reliance Fresh,shopping,12.9269631,77.6698515
HDFC Bank,bank,12.9271147,77.669881
Andhra Bank,bank,12.926419,77.669893
Sunny Medicals Hospital Clinic,hospital,12.9267954,77.6699091
Halasuru,bus_stop,12.9781648,77.6282801
HDFC Bank,bank,13.0238756,77.6373573
State Bank of India,bank,12.9345803,77.5893442
Sree Rama Vidyalaya,school,12.938312,77.5843066
Sultanpalya,bus_stop,13.0266392,77.6039706
Karunya Homoeopathy Centre,hospital,13.0307899,77.653594
Roopena Agrahara,bus_stop,12.9117119,77.6258541
Roopena Agrahara,bus_stop,12.9119896,77.6260402
Silk Board,bus_stop,12.9167972,77.6235628
Ayur Seva Hospital,hospital,13.0148188,77.6653699
Koutons Cloth Shop,shopping,13.0121881,77.6673811
Narayana PU College,school,13.0128343,77.6673677
Nilgiri's,shopping,13.0249273,77.6592607
DMart,shopping,13.0123108,77.6672269
Unnamed,shopping,13.0214412,77.6780929
GKVK Gate,bus_stop,13.0730444,77.5924255
Town Hall,bus_stop,12.9639001,77.5842677
Indira Nursing Home,bus_stop,12.9292591,77.5641724
BDA Complex,bus_stop,12.9245175,77.5647659
Post Office Stop,bus_stop,12.9262173,77.5698786
Corporation Bank,bank,12.9371253,77.5585054
Andhra Bank,bank,12.9357213,77.5609969
Canara Bank,bank,12.9416578,77.5644359
Andhra Bank,bank,13.0148407,77.6495896
Vijaya Bank,bank,13.0151076,77.645262
Bank of Maharashtra,bank,13.0145928,77.6462464
State Bank of India,bank,13.0163724,77.6428346
Patel Public School,school,13.0143184,77.6423518
More,shopping,13.0127328,77.6481357
Canara Bank Hebbala,bus_stop,13.0360866,77.5888569
Canara Bank Millers Road,bus_stop,12.9956592,77.6013825
Bank of Baroda,bank,13.0299644,77.5640792
Top in Town,shopping,12.9679728,77.6517588
Z Shoppe,shopping,12.9662704,77.6497422
Smart Supermart,shopping,13.015385,77.666733
Koshys Hospital,hospital,13.0207033,77.6760593
Heritage Fresh,shopping,13.0114049,77.6730608
Jain Animation School,school,12.9179899,77.5920869
Burma Supernarket,shopping,12.9736082,77.6743886
Reliance Mart,shopping,12.9659432,77.5347345
Hampinagara Bus Stand,bus_stop,12.9585853,77.5357223
"Gayathri Hospital, Bengaluru Urban",hospital,12.9744053,77.5426819
Rama Mandira Chamarajapet,bus_stop,12.9569707,77.5638441
Unnamed,school,12.9598806,77.5640252
Nagavara Junction,bus_stop,13.0407277,77.6244203
BBUL Jain Vidyalaya,school,12.9540088,77.5724909
Bank of Maharashtra,bank,12.9484672,77.5716218
Indian Oil,bus_stop,13.005436,77.6384434
HDFC Bank,bank,12.9551211,77.5663064
State Bank of India,bank,12.9493264,77.5679362
Reliance Digital Electronic Store,shopping,12.954621,77.5672723
Mahila Co-operative Bank,bank,12.9416816,77.5555618
Megamart,shopping,13.0121997,77.6659808
Karnatka Rajya Kaigarika Sahakari Bank,bank,12.9500847,77.5679508
Syndicate Bank,bank,12.9469992,77.5641506
Binny Mill,bus_stop,12.970623,77.5662423
Canara Bank,bank,12.95954,77.5685551
Cox Town Water Tank,bus_stop,12.994383,77.6267752
Bank of Baroda,bank,12.9711631,77.5364993
Dasarahalli,bus_stop,12.9785071,77.5427848
Royal Mart,shopping,12.9185562,77.5553293
Kamalanagar 8th Main,bus_stop,12.9919287,77.538523
Jagajeevanram Nagara,bus_stop,12.9645656,77.5550387
Yogananda Medical and Research Centre,hospital,12.9202791,77.5598033
Padmanabha Nagar (12B Stop),bus_stop,12.9185388,77.5597183
Axis Bank,bank,12.9993994,77.5525068
Sahakari Vidya Kendra,school,12.9184077,77.5591112
1st Cross Magadi Road,bus_stop,12.9756889,77.5636781
5th Cross Magadi Road,bus_stop,12.9756577,77.5603926
10th Cross Magadi Road,bus_stop,12.9755367,77.5564866
Prasanna Talkies,bus_stop,12.974073,77.5509453
Toll Gate,bus_stop,12.9746245,77.5490047
Manokamana Cermanic,shopping,12.942312,77.60802
Canara Bank,bank,13.0352818,77.5891227
Corporation Bank,bank,12.9220228,77.59341
State Bank of India,bank,12.9214393,77.5933817
Arehalli,bus_stop,12.9084977,77.538512
Prarthana School,bus_stop,12.9115581,77.5582157
Yarab Nagara,bus_stop,12.9158217,77.5693057
Cure & Care Dental Clinic Dr. Moumita Mukherjee,hospital,12.9074968,77.6492213
Hanumantha Nagara Ward Office,bus_stop,12.9433354,77.5658489
Jinke vana,bus_stop,12.9505683,77.5554901
Minerva Circle,bus_stop,12.954972,77.5804651
"TR Mill, Raghavendra Colony",bus_stop,12.9573809,77.5592031
AGS Layout Cross,bus_stop,12.9135288,77.5408913
Muneshwara Nagara Kerekodi,bus_stop,12.9295271,77.5351394
Muneshwara Temple,bus_stop,12.9307461,77.5337319
Hosakerehalli,bus_stop,12.9304642,77.5396411
Madivala Masjid,bus_stop,12.9248868,77.618541
Jayanagara 4th Block,bus_stop,12.928997,77.5861425
Wilson Garden 14th cross,bus_stop,12.9466304,77.6002559
Alliance Business School Admin Office,college,12.9169487,77.6194004
MG Road Parade Ground,bus_stop,12.9756214,77.6061031
Horamavu Junction,bus_stop,13.0194127,77.6557513
Vijaya Bank Colony,bus_stop,13.0171497,77.660337
Jayanthi Nagar,bus_stop,13.0287105,77.6636543
National College,bus_stop,12.9497919,77.5738082
Makkala Koota,bus_stop,12.9569244,77.5737819
Muneshwara Temple,bus_stop,12.9363231,77.6066504
Frazer Town,bus_stop,13.0008749,77.6117068
Nagasandra Circle,bus_stop,12.9368284,77.5720707
KR Puram Railway Station,bus_stop,12.9998383,77.6763015
Sindhi Colony,bus_stop,12.9955424,77.6165841
Sindhi Colony,bus_stop,12.9957008,77.6169041
Govindaraj Nagara,bus_stop,12.9757026,77.5368731
Axis Bank,bank,12.96777,77.536697
M K Ahmed Super Shoppy,shopping,12.972595,77.5395133
KHB Colony,bus_stop,12.981326,77.5356902
Reliance Smartpoint,shopping,12.960466,77.6017789
Namdharis,shopping,12.9596191,77.6026157
Richmond Supermarket,shopping,12.9622638,77.6040957
IDFC First Bank,bank,12.9616161,77.5986353
HDFC Bank,bank,12.9655446,77.601164
Basha Department Store,shopping,13.0013558,77.6235851
Safal,shopping,12.9991395,77.5678347
"Jn Of 8Th Main And 3Rd Cross, Jp Nagara 2Nd Phase",bus_stop,12.9074619,77.5950566
Fair Choice Supermarket,shopping,12.9721506,77.6799287
Shirdi Sai Hospital,hospital,13.0372438,77.5648754
Hennur Government School,school,13.0347257,77.6344642
HDFC Bank,bank,12.9569217,77.6416898
Indian Bank,bank,12.9444288,77.5724461
Kottakkal Arya Vaidya Sala,hospital,12.9411061,77.5850591
Andhra Bank,bank,12.9410968,77.5853528
Sree Charan Bank,bank,12.9457543,77.5724936
Karnataka Bank,bank,13.0353701,77.5752731
Telecom Layout,bus_stop,12.9665369,77.5474182
Okalipura,bus_stop,12.9825341,77.5678787
Nilgiri's,shopping,12.9724588,77.6260331
HBR Layout 5th Block,bus_stop,13.0370273,77.6271719
HBR Layout 5th Block,bus_stop,13.0380621,77.6261302
BEL Circle,bus_stop,13.0451074,77.5568305
BEL Circle,bus_stop,13.0464434,77.5566615
More,shopping,13.0392207,77.6000536
Mythri,shopping,13.0391647,77.5991817
"Charan Homeopathy, Ramamurthy Nagar",hospital,13.0100409,77.6674667
Indiranagar BMTC Depot,bus_stop,12.9825846,77.6348224
Attiguppe,bus_stop,12.9579314,77.5340756
LIC of India,bank,12.9738477,77.5440708
ITI Circle,bus_stop,13.0080094,77.6833497
Maha Bazar,shopping,13.0370746,77.5656715
St Aloysius Pre Unniversity College,school,12.994291,77.6196026
KR Market,bus_stop,12.961253,77.5749819
HDFC Bank,bank,12.9254619,77.5499726
ING,bank,12.9700251,77.5799594
ICICI Bank,bank,12.9732008,77.5789268
Toll Gate,bus_stop,12.9745355,77.5488602
Bangalore Dairy Circle,bus_stop,12.9358214,77.6012679
Bangalore Dairy Circle,bus_stop,12.9374521,77.6014935
Cloud Nine Hospital,hospital,13.0078742,77.5625316
"BBMP Park, Swimming Pool Extension",park,13.000713,77.5757942
Indian Bank,bank,13.0050766,77.5806041
"Nayak Hospital, Gayathri Nagar",hospital,12.9993857,77.5606403
Andhra Bank,bank,13.0250549,77.546176
Axis Bank,bank,13.024952,77.5463641
Bank of Baroda,bank,13.0240517,77.5479481
Canara Bank,bank,13.0250934,77.5461198
Corporation Bank,bank,13.023952,77.5481032
ICICI Bank,bank,13.0248684,77.5465159
LIC (61U/CB-20),bank,13.0251231,77.5460394
State Bank of India,bank,13.0237386,77.5481786
Union Bank,bank,13.024923,77.5464169
Satish Dhawan Auditorium,college,13.0138137,77.5694411
Punjab National Bank,bank,12.925974,77.5641049
State Bank of India,bank,12.9164567,77.5859615
South End Road,bus_stop,12.936716,77.5765214
Vijaya College,bus_stop,12.9411907,77.5802295
Uttarahalli Water Tank,bus_stop,12.9083786,77.534645
Poornaprajna Layout,bus_stop,12.908823,77.535944
St. Joseph's Indian Composite PU College,school,12.9689388,77.5950441
Nilgiris,shopping,13.007947,77.5428561
Ramakrishna Nagara,bus_stop,13.0178043,77.5343208
State Bank of India,bank,13.0124501,77.5367215
Union Bank of India,bank,12.9342211,77.5345124
PES College,bus_stop,12.9348213,77.537064
Reliance Fresh,shopping,13.0321646,77.5765785
UCO Bank,bank,13.0630099,77.582539
More,shopping,13.0581249,77.5877178
Tatanagar entrance,bus_stop,13.0535599,77.5753049
Devinagara,bus_stop,13.0473961,77.5715256
Padmanabha Nagar (15 A) Bus Stop,bus_stop,12.918619,77.5575275
"Maharaja Agrasen Hospital, Bengaluru Urban",hospital,12.915903,77.5550223
Prarthana School,school,12.9146638,77.559228
Ramanjenaya Nagara Park,park,12.9117827,77.5468577
Ramanjenaya Nagara Bus Stop,bus_stop,12.9107867,77.5454871
A.R Minimart,shopping,12.9130191,77.5463267
Banashankari Referral Hospital,hospital,12.9231342,77.5642974
Bangalore Kidney Foundation - NU Hospital,hospital,12.9179548,77.555816
Hennur Cross,bus_stop,13.032028,77.6361271
Hennur Bande,bus_stop,13.0367255,77.6405042
Kadirenahalli Circle,bus_stop,12.9154854,77.5618376
Kadirenahalli Cross,bus_stop,12.9139708,77.5665277
Srinivasa Kalyana Mantapa,bus_stop,12.9261625,77.5445122
ICICI Bank,bank,12.9259569,77.5768459
NIMHANS Hospital,bus_stop,12.9396636,77.5978852
Sree Charan Bank,bank,13.0044109,77.5668934
18th Cross Malleshwaram,bus_stop,13.0094369,77.5628851
Muneshwara Block,bus_stop,12.9453016,77.5476617
Jnana Deepthi English Primary and High School,school,12.9438068,77.542
Avalahalli B.D.A. Park,bus_stop,12.9432746,77.5426189
Singapura Layout,bus_stop,13.0769735,77.5385696
BSVP School,school,12.9731634,77.5410962
St Ann's School,school,12.9800113,77.5566101
St Mira's School,school,12.9776695,77.5553656
Shanbhag Hospital,hospital,12.9856882,77.5435424
State Bank of India,bank,12.9118559,77.6516888
Trupti Nursing Home,hospital,12.9946566,77.5397544
Dickenson Road,bus_stop,12.9808903,77.6106948
Domlur,bus_stop,12.9611214,77.6369984
New Baldwins School,school,13.0141643,77.6575124
B Channasandra Bridge,bus_stop,13.0130396,77.6630171
Srivijaya Speciality Hospital,hospital,13.0124345,77.6580271
HDFC Bank,bank,12.9347958,77.6298075
Magnus Diagnostic Lab,hospital,12.9349187,77.6305022
Bank of Baroda,bank,12.9299126,77.621549
Punjab National Bank,bank,12.9985489,77.5430189
Krupa Medical center,hospital,13.000431,77.5411664
Unnamed,shopping,13.0250446,77.5781055
ICICI Bank,bank,13.0012808,77.5783329
HDFC Bank,bank,13.001239,77.5783221
Karnataka Bank,bank,13.0002354,77.5781558
Srinivasa Nagara,bus_stop,12.9381755,77.5566628
Relience Fresh,shopping,12.9381919,77.556125
Vinayaka Vidya Samsthe,school,12.9369041,77.5577545
ICICI Bank,bank,13.0712887,77.5560963
Canara Bank,bank,13.0721802,77.5565373
Little Lilly's School,school,13.0763182,77.5569872
Kodigehalli,railway_station,13.0630644,77.5758363
Indian Bank,bank,13.0631863,77.5727244
More,shopping,13.0636896,77.5721105
The Big Market,shopping,13.0637683,77.572199
Canara Bank,bank,13.0698267,77.5638554
Bank of India,bank,13.0701469,77.5555323
Lottegollahalli Railway Colony,bus_stop,13.0411684,77.5627338
Soukya Hospital,hospital,13.0774744,77.5587548
HDFC Bank,bank,13.0770166,77.5585772
Mattikere,bus_stop,13.0355903,77.5576295
Greenview Medical Center,hospital,12.9191813,77.6381379
Unnamed,bus_stop,12.9921412,77.6748068
Maharani College,bus_stop,12.977502,77.5848501
Maharani College,bus_stop,12.9792785,77.5824375
Corporation Circle,bus_stop,12.967004,77.5882805
"Gunasheela Hospital, Krishna Rao Park",bus_stop,12.9406686,77.5751139
Shanthi Talkies,bus_stop,12.9366676,77.5771236
Yediyuru,bus_stop,12.9309061,77.5763328
Deepak Nursing Home,bus_stop,12.9265095,77.5770854
Kadirenahalli Cross,bus_stop,12.9137106,77.5672928
Gowdanapalya,bus_stop,12.9114769,77.5556691
Chikkallasandra Aralimara,bus_stop,12.9116664,77.5521578
Chikkallasandra Bank Colony,bus_stop,12.9091763,77.5493493
Krishnarajendra Hospital,bus_stop,12.9069723,77.5461512
Jayanagara 4th T Block,bus_stop,12.9230548,77.5933986
"Jayanagara 18th Main, Jayanagara 4th T Block",bus_stop,12.9232548,77.5888288
Jayanagara Church,bus_stop,12.9279734,77.587579
"Gandhi Bazaar, Basavanagudi",bus_stop,12.9457463,77.5706568
Chamarajapet,bus_stop,12.9572504,77.5678512
"Railway Station, Majestic",bus_stop,12.9775682,77.5707662
Ananda Rao Circle,bus_stop,12.9816155,77.5745581
Tata Institute,bus_stop,13.0151131,77.5638856
Tata Institute,bus_stop,13.0144265,77.568147
Govardhan Theater,bus_stop,13.0202651,77.5525439
"Binny Mill , Goodshed Road Gate",bus_stop,12.9680234,77.567984
Cottonpet Hospital Super Talkies,bus_stop,12.9678125,77.5702014
Vinayaka Talkies,bus_stop,12.9650246,77.5700688
"Chamarajapete,In Front Of Manapuram Gold",bus_stop,12.956919,77.5673319
Bengaluru High School,bus_stop,12.9518866,77.567526
Ramakrishna Ashrama,bus_stop,12.9489316,77.5675813
"Gandhi Bazar , North Road, Basavanagudi",bus_stop,12.9483481,77.5707957
JP Nagara 15th Cross,bus_stop,12.9071364,77.585642
RV Dental College,bus_stop,12.9111713,77.5856514
Marenahalli,bus_stop,12.915195,77.5857331
Jayanagara 5th Block,bus_stop,12.9172209,77.583397
Jayanagara Telephone Exchange,bus_stop,12.9241286,77.583683
Madavan Park,bus_stop,12.9364519,77.5838828
RV Teachers College,bus_stop,12.9443266,77.5801203
"Minarva Circle, Rashtriya Vidyalaya Road",bus_stop,12.9538359,77.5800553
Corporation,bus_stop,12.968432,77.5865941
Cauvery Bhavana,bus_stop,12.9743688,77.5818322
Malleshwaram 8th Cross,bus_stop,12.9998274,77.5713126
Malleshwaram 18th Cross,bus_stop,13.0084491,77.571031
Yeshwanthpura Circle,bus_stop,13.0175592,77.5597081
Yeshwanthpura Market,bus_stop,13.0198677,77.5557224
"Bombay Dyeing, Yeshwanthapura",bus_stop,13.0249548,77.5574415
Post Office Mattikere,bus_stop,13.0289426,77.5590631
Malleshwaram 13th Cross,bus_stop,13.0039946,77.5693211
Poornima Talkies,bus_stop,12.9609174,77.5882407
Jayanagara Pump House,bus_stop,12.9217617,77.5970964
Sanjay Gandhi Hospital,bus_stop,12.9270964,77.5924045
"Lalbagh West Gate, V V Puram",bus_stop,12.9495156,77.5799146
"Jp Nagara 1St Phase,Shakambari Nagara",bus_stop,12.9113707,77.5743342
Ramakrishna Ashrama,bus_stop,12.9471935,77.5678365
"Subramanya Temple, Hanumantha Nagara",bus_stop,12.9417414,77.5629206
Girinagara Circle,bus_stop,12.9407143,77.5452009
Girinagara Extension,bus_stop,12.941107,77.5390425
Hanumantha Nagara Syndicate Bank,bus_stop,12.9469158,77.5641722
"Seetha Circle, Banashankari 1st Stage",bus_stop,12.9381687,77.5499568
Nanjundeshwara Traders,bus_stop,12.9336113,77.5420359
"Water Tank Raggigudda,Jp Nagara 3Rd Phase",bus_stop,12.9141803,77.5950261
Milk Booth,bus_stop,12.9099749,77.5951549
Jayanagara 40th Cross,bus_stop,12.9197542,77.5812215
Adugodi,bus_stop,12.9439562,77.607351
Anepalya,bus_stop,12.9522859,77.6053317
"Elgin Floor Mill,Langford Town",bus_stop,12.9552355,77.6054076
St Patrick's Church,bus_stop,12.9702144,77.6051485
Halasur Police Station,bus_stop,12.9750264,77.6252019
Halasur,bus_stop,12.9784769,77.6295389
Lakshmipura Ulsoor,bus_stop,12.9782301,77.6325066
Thippasandra,bus_stop,12.9741921,77.6468013
Jeevanbheema Nagara,bus_stop,12.9658181,77.6576619
Indiranagar 12th Main,bus_stop,12.9699181,77.6413837
New Horizon School Indiranagar,bus_stop,12.9673122,77.6415556
New Horizon School,bus_stop,12.9664666,77.6413701
Domlur Bridge,bus_stop,12.9634429,77.6382454
Shanthinagara Bus Stop KH Road,bus_stop,12.9547719,77.591848
Shanthinagara Bus Stop KH Road,bus_stop,12.9549381,77.5916832
Lalbagh Main Gate,bus_stop,12.9537155,77.5858442
"KH Road, Double Road",bus_stop,12.9583379,77.5929964
Police Housing Corporation,bus_stop,12.9698038,77.6163373
Lifestyle,bus_stop,12.9666571,77.6090682
Jayanagara 7th Block,bus_stop,12.9285381,77.5780714
Jayanagara National College,bus_stop,12.9245225,77.5779753
Jayanagara 38th Cross,bus_stop,12.9218801,77.5837308
Rose Garden,bus_stop,12.9274405,77.5802437
KIMS,bus_stop,12.9271944,77.5615925
Devegowda Petrol Bunk,bus_stop,12.9228914,77.5603084
Kadirenahalli Park,bus_stop,12.9173125,77.5647372
Kadirenahalli Park,bus_stop,12.9182123,77.5641677
Anil Kumble Circle,bus_stop,12.9777227,77.6019588
Dayananda Sagar College,bus_stop,12.909495,77.565948
Water Tank Kumaraswamy Layout,bus_stop,12.9088965,77.5622589
Padmanabhanagara Circle,bus_stop,12.9169699,77.5595012
Katriguppe Village,bus_stop,12.9278617,77.5511977
Water Tank,bus_stop,12.9305064,77.54736
Chennamma Kere Achukattu Park,bus_stop,12.9262836,77.5536163
Chennamma Kere Achukattu,bus_stop,12.9288924,77.5574318
JHBCS Cross,bus_stop,12.9130398,77.5648884
Jaraganahalli House Building Co-Op-Society Layout,bus_stop,12.9111796,77.5645732
Vb Bakery,bus_stop,12.919654,77.5423441
AGS Layout,bus_stop,12.9124985,77.5371878
Hunase Mara Banashankari,bus_stop,12.9209482,77.5741682
Puppet Stop,bus_stop,12.9243825,77.5735662
Minaz Nagara,bus_stop,12.9123896,77.5617775
Kempegowda Bus Station,bus_stop,12.9779079,77.5723936
Bashyam Circle,bus_stop,12.9847381,77.5541358
ESI Hospital Rajajinagara (Towards Navarang),bus_stop,12.9911025,77.5524822
Navarang Theatre,bus_stop,12.9980829,77.5509836
Mahalakshmi Layout Entrance,bus_stop,13.0073714,77.5488073
Khodays Circle,bus_stop,12.9802851,77.5716593
Basappa Circle,bus_stop,12.9560863,77.5771714
RC College,bus_stop,12.9842663,77.5869647
Mahadeshwara Nagara 16th Main,bus_stop,12.9099561,77.6100099
Mahadeshwara Nagara,bus_stop,12.9076249,77.6111241
Narayanappa Shettipalya 18th Cross,bus_stop,12.9106878,77.6064918
Ananda Ashrama,bus_stop,12.9262891,77.600333
Ananda Ashrama,bus_stop,12.9274197,77.6006164
Yeshwanthpura Circle,bus_stop,13.0181912,77.5578127
High Grounds Police Station,bus_stop,12.9856034,77.5892469
Indian Express,bus_stop,12.984844,77.5974682
Gangenahalli,bus_stop,13.0206142,77.5845773
Ganesha Temple Vasanthanagara,bus_stop,12.9951506,77.5925309
Mount Carmel College,bus_stop,12.9930139,77.5887585
Rehamathnagara,bus_stop,13.0173076,77.5917019
Dattatreya Temple,bus_stop,12.9342196,77.5661421
KEB Thyagaraja Nagara,bus_stop,12.9351425,77.5684211
Manipal Center,bus_stop,12.9759256,77.6129099
Command Hospital,bus_stop,12.9641894,77.6261577
Manipal Hospital,bus_stop,12.9596781,77.6492376
Manipal Hospital,bus_stop,12.9598458,77.6492142
HAL Kalyanamantapa,bus_stop,12.9544566,77.6824108
Manipal Center,bus_stop,12.9757243,77.6128244
ITI Colony Vidya peeta circle,bus_stop,12.9332156,77.5572739
Vidyapita Circle,bus_stop,12.935516,77.56051
PES College,bus_stop,12.9350701,77.5370613
Kempegowda Swimming Pool,bus_stop,12.9483194,77.5590235
Telecom Colony Cross,bus_stop,12.948482,77.5493495
Kalidasa Layout,bus_stop,12.9483382,77.5527644
Lakshmipura Ulsoor,bus_stop,12.9780988,77.6320687
Halasuru,bus_stop,12.9777094,77.6280218
Kathariguppe Aralimara,bus_stop,12.931786,77.5554621
Mukambika Nagar,bus_stop,12.9284272,77.5365559
Kathriguppe,bus_stop,12.925021,77.5508875
Katriguppe,bus_stop,12.9255212,77.5499596
Bhuvaneshwari Nagara Park,bus_stop,12.9228544,77.5491551
Mahalakshmi Temple,bus_stop,12.9219058,77.5510032
Royan Circle,bus_stop,12.9607243,77.568668
Vittala Nagara,bus_stop,12.9542181,77.556982
Chamrajapet,bus_stop,12.9602381,77.562114
Sirsi Circle,bus_stop,12.9604851,77.5568622
Vinayaka Talkies KR Market,bus_stop,12.9634222,77.5679081
Kempapura Agrahara,bus_stop,12.9690399,77.5546742
Maramma Temple,bus_stop,12.9631812,77.5588618
Azad Nagar,bus_stop,12.9571981,77.5510633
Azad Nagar,bus_stop,12.9570583,77.5512819
Vijayanagara TTMC,bus_stop,12.9655255,77.5346906
Attiguppe,bus_stop,12.9578451,77.5338685
Manu Vana,bus_stop,12.974036,77.5463461
John Fowler,bus_stop,12.9244722,77.6307306
Jakkasandra,bus_stop,12.9252983,77.6371843
Gangothri Circle,bus_stop,12.9196938,77.6131062
6th Block Rajajinagara,bus_stop,12.9794108,77.5535379
Hampinagara Post Office,bus_stop,12.9651465,77.5379166
Hampinagara 7th Main,bus_stop,12.9619999,77.537524
Industrial Area Rajajiangara,bus_stop,12.9815337,77.5487803
1st Block Rajajinagara,bus_stop,13.0059286,77.5489221
Jn Of Kanteerava Studio,bus_stop,13.0216019,77.5353818
Mahalakshmi Layout Cross,bus_stop,13.0084213,77.5429074
Bandi Reddy Circle,bus_stop,12.9913739,77.5639773
Kodandarama,bus_stop,13.0006281,77.5605652
SBM Gayathri Nagara,bus_stop,12.9993391,77.5601837
Nandini Talkies,bus_stop,13.0034097,77.543705
Canara Bank Subramanyanagara,bus_stop,13.0048419,77.5595007
East West Public School,bus_stop,13.0055147,77.5566833
5th Cross Sriramapura,bus_stop,12.9921933,77.566505
Malleshwaram Railway Station,bus_stop,13.0005867,77.5634219
Milk Colony Malleshwaram,bus_stop,13.0092762,77.5597036
Binni Layout,bus_stop,12.9702217,77.546174
Raliway Gate RPC Layout,bus_stop,12.9643458,77.5433388
JC Nagara,bus_stop,13.0071308,77.5345214
Rajmahal Vilas 2nd Stage,bus_stop,13.0424992,77.566503
Maniksha Parade Ground,bus_stop,12.9776302,77.6069444
Koramangala BDA Complex,bus_stop,12.9319468,77.6226083
Koramangala BDA Complex,bus_stop,12.9312953,77.6226028
Koramangala Water Tank,bus_stop,12.9278192,77.6211732
Horticulture Training Center,college,12.9444702,77.5847747
Geethanjali Talkies,bus_stop,12.9970949,77.5732354
Kabir Ashram,bus_stop,13.0149354,77.5972265
Nandidurga Road,bus_stop,13.0007693,77.5995113
Coles Park,bus_stop,12.9952675,77.6083164
Frazer Town,bus_stop,13.000965,77.6116252
Doddi,bus_stop,13.0027435,77.6120609
Canara Bank Tannery Road,bus_stop,13.006883,77.6124859
Manorayana Palya,bus_stop,13.0289327,77.6016421
Bangalore East,bus_stop,13.0001781,77.6190244
Bridge,bus_stop,13.0062403,77.6210005
Lingarajapura Bridge,bus_stop,13.0097161,77.6237297
ITC Factory,bus_stop,12.9983044,77.6225882
Thomas Cafe,bus_stop,12.9906263,77.6137259
Thomas Cafe,bus_stop,12.9907252,77.6137809
Cox Town Circle,bus_stop,12.996517,77.6215661
Coxtown Water Tank,bus_stop,12.9938503,77.6265535
Lavanya Talkies,bus_stop,12.9854276,77.6151038
Lavanya Talkies,bus_stop,12.9862525,77.615515
ASC Center,bus_stop,12.9624695,77.6190723
Austin Town,bus_stop,12.9614905,77.6144864
Philomenas Hospital,bus_stop,12.9643211,77.6103718
Akkithimmanahalli,bus_stop,12.9621117,77.5964846
Subbaiah Circle,bus_stop,12.9625607,77.5906757
Poornima Talkies,bus_stop,12.9610262,77.5877081
Jn of Suranjandas Road,bus_stop,12.9667528,77.6617487
Vannarapete,bus_stop,12.9563635,77.6210813
Vivekanagara,bus_stop,12.9542989,77.6227577
Ejipura,bus_stop,12.9467081,77.6286805
Srinivagilu,bus_stop,12.9382731,77.632838
Neelasandra Rose Garden,bus_stop,12.9538342,77.6173145
Neelasandra Bus Stand,bus_stop,12.9576059,77.6144319
Railway Gate Kempapura,bus_stop,12.9688076,77.5592263
Bangalore Dairy Circle,bus_stop,12.9371336,77.6024426
Suddaguntepalya,bus_stop,12.931045,77.6098888
Gurappanapalya,bus_stop,12.9198637,77.600209
Gurappanapalya,bus_stop,12.9195437,77.6000083
Koramangala 8th Block,bus_stop,12.9417812,77.6160146
Maharaja Hotel,bus_stop,12.9343787,77.6298096
Byappanahalli rail gate,bus_stop,12.9916493,77.643148
GTRE,bus_stop,12.9765528,77.6551718
DRDO QTS,bus_stop,12.9874615,77.6617782
CV Raman Nagara,bus_stop,12.9856596,77.6638971
Chikkallasandra,bus_stop,12.9151076,77.5520366
Sarakki,bus_stop,12.9109202,77.5729625
Sarakki,bus_stop,12.9107463,77.5728364
Ramanjaneya Layout,bus_stop,12.9173129,77.5466357
Bharath House building Co-operative Society layout,bus_stop,12.9079387,77.5493503
Allahabad Bank,bank,12.91201,77.6323154
BHEL Gate,bus_stop,12.9495471,77.5365097
Vaidyaratnam Oushadhasala,hospital,12.9121004,77.6485848
HMT Shopping Complex,bus_stop,13.0496284,77.5377099
HMT Post Office,bus_stop,13.0507035,77.5418155
HMT Auditorium,bus_stop,13.0493824,77.5447654
Jalahalli Police Station,bus_stop,13.0489639,77.5499149
State Bank BEL Circle,bus_stop,13.0497863,77.5535761
BEL Circle,bus_stop,13.045969,77.5561862
Nagaland Circle,bus_stop,13.0559749,77.5578439
Dodda Bommasandra Arch,bus_stop,13.0588346,77.5592891
Dodda Bommasandra,bus_stop,13.0601068,77.55882
Vidhyaranyapura 1st Block,bus_stop,13.0703462,77.5555305
Canara Bank Vidyaranyapura,bus_stop,13.072187,77.5564491
Vidyaranyapura Post Office,bus_stop,13.0762084,77.5582754
CMTI Goragunte Palya,bus_stop,13.0308067,77.5367142
CMTI Goragunte Palya,bus_stop,13.0306607,77.5364087
Goraguntepalya,bus_stop,13.0280852,77.5417654
MEI Factory,bus_stop,13.0266947,77.5441369
MEI Factory,bus_stop,13.0265783,77.543916
Gangenahalli,bus_stop,13.0233794,77.5839061
Muthyalaya Nagar Cross,bus_stop,13.0383666,77.5534819
Muthyalaya Nagar,bus_stop,13.0413234,77.5489424
Old Police Station Rajajinagara,bus_stop,12.9899699,77.5551054
Gokula,bus_stop,13.0413848,77.5572903
MS Ramaiah College,bus_stop,13.0288705,77.5615789
Yeshwanthpura Tollgate,bus_stop,13.0185104,77.5613281
BEL Market,bus_stop,13.0516932,77.552177
HMT House,bus_stop,13.0546293,77.5492754
Gangamma Circle,bus_stop,13.0578317,77.5462216
Gangamma Circle,bus_stop,13.0563674,77.5463003
KG Halli Bridge,bus_stop,13.054916,77.5345227
Kuvempu Nagara 2nd Stage,bus_stop,13.0730693,77.5414076
Kuvempu Nagara 1st Stage,bus_stop,13.0692401,77.5414283
Manjunatha tent,bus_stop,13.0578201,77.5513823
Ramachandrapura,bus_stop,13.0621926,77.5509701
Bloomfield Garden,bus_stop,13.0656401,77.5527057
Double Tank,bus_stop,13.0677872,77.5445642
Sharada Nagara,bus_stop,13.0456908,77.5411561
ISRO Quarters,bus_stop,13.0452511,77.5350757
BEL Hospital,bus_stop,13.0493075,77.5575751
Lottegollahalli,bus_stop,13.0494251,77.5675364
Kuvempu Circle,bus_stop,13.0446478,77.5624386
Bhadrappa Layout,bus_stop,13.0472172,77.5758689
Tata Nagara,bus_stop,13.0554604,77.5732512
Kabir Ashrama,bus_stop,13.0578971,77.5644207
Shivananda Stores,bus_stop,12.9878186,77.5804542
Kyalasanahalli,bus_stop,13.0563629,77.6586481
Bileshivale,bus_stop,13.0544797,77.6710295
Jn of Channasandra,bus_stop,13.0520794,77.6811267
Domlur Flyover,bus_stop,12.956961,77.6412963
Byatarayanapura,bus_stop,13.0672536,77.5934526
Government School,bus_stop,13.0775849,77.6061759
Srirampura Cross,bus_stop,13.0667622,77.6095205
Telecom Layout,bus_stop,13.0679751,77.6165935
Venkateshwara Nagara,bus_stop,13.0748888,77.6189885
Jn of Srirampura Road,bus_stop,13.0716969,77.6193949
SBI,bus_stop,13.0683062,77.6288486
SBI Bank,bus_stop,13.0682412,77.6287637
K Narayanapura Cross,bus_stop,13.0675374,77.6338612
Amarajyothi Nagara,bus_stop,13.035853,77.5969821
Vishwanatha Nagenahalli,bus_stop,13.0395765,77.6048698
Cholanayakanahalli,bus_stop,13.0367899,77.5974541
Chamundi Nagara,bus_stop,13.0341497,77.5993799
Jn of Dasarahalli Road,bus_stop,13.0558554,77.5939661
Dasarahalli Bellary Road,bus_stop,13.0563553,77.6116067
Amruthnagar,bus_stop,13.0557354,77.5983161
Buvaneswari Nagara,bus_stop,13.0551742,77.6019999
Goutam College,bus_stop,13.0348628,77.60458
Sterling Apartment,bus_stop,13.0578198,77.588044
Maruthi Nagara,bus_stop,13.0588652,77.581031
Kodigehalli,bus_stop,13.059991,77.5765867
Railway Gate Kodigehalli,bus_stop,13.0620928,77.5738068
Tennis Court Thindlu,bus_stop,13.0681512,77.5695202
Thindlu,bus_stop,13.0736882,77.5667911
Police Out Post,bus_stop,13.0642251,77.5835324
Ganesh Temple,bus_stop,13.0629173,77.5852335
Post Office Sahakara Nagara,bus_stop,13.0618704,77.5871393
Virupakshapura,bus_stop,13.0638109,77.5717581
Kadugondanahalli Police Station,bus_stop,13.0207633,77.6189599
KGH Railway Gate,bus_stop,13.0254782,77.6197727
Govindapura Cross,bus_stop,13.0321599,77.621823
Nagavara Junction,bus_stop,13.0407038,77.6245285
Sarayipalya,bus_stop,13.0474322,77.6285008
Saraipalya,bus_stop,13.0472058,77.6286051
Ashwathanagara,bus_stop,13.0522475,77.6311729
Ashwath Nagara,bus_stop,13.0529146,77.6312831
Thanisandra,bus_stop,13.0562923,77.6328481
IBM Gate,bus_stop,13.057503,77.6264256
Ambedkar Medical College,bus_stop,13.023452,77.6125733
RK Hegde Nagara,bus_stop,13.071613,77.63358
Ramakrishna Hegde Nagara,bus_stop,13.0720259,77.6337189
Koli Farm,bus_stop,13.073911,77.6335606
Koli Farm,bus_stop,13.076504,77.6337817
Railway Gate,bus_stop,13.0288311,77.6159284
Mestripalya,bus_stop,13.0613226,77.6204119
Veerannapalya,bus_stop,13.0424788,77.613342
Veeranna Palya,bus_stop,13.0421491,77.6134706
Manyata Embassy Business Park,bus_stop,13.0413528,77.621671
Unnamed,bank,12.9921952,77.5754609
Coles Park,bus_stop,12.9958497,77.6067797
Davis Road,bus_stop,13.004135,77.6195611
Charles School,bus_stop,13.0063988,77.6209433
Hennur Depot,bus_stop,13.0258663,77.6316356
Hennur Ring Road,bus_stop,13.0275763,77.6324515
Hennur Ring Road,bus_stop,13.0273577,77.6325828
Hennur Cross,bus_stop,13.0318427,77.6361521
Hennur Bande,bus_stop,13.0367624,77.6409616
Hall Road,bus_stop,13.0032744,77.6191254
Mallya Hospital,bus_stop,12.9703459,77.5943823
Shilpa Bakery,bus_stop,13.037817,77.6504617
Jyothi Nagara,bus_stop,13.032517,77.6537754
KSFC Layout Cross,bus_stop,13.0164987,77.6344298
Kacharakanahalli,bus_stop,13.0210928,77.6284402
HBR Layout BDA Complex,bus_stop,13.0258624,77.6279384
Madiwala,bus_stop,12.9201929,77.6205855
St. Johns Hospital,bus_stop,12.9288983,77.6152539
Adugodi Police Station,bus_stop,12.9389789,77.6097002
Adugodi Police Station,bus_stop,12.9398233,77.6095574
Subbayanapalya,bus_stop,13.0077208,77.6409491
Banasawadi (Towards B Channasandra),bus_stop,13.0144163,77.6509289
Ayyappa Temple,bus_stop,13.0060438,77.640842
Ayyappa Bakery,bus_stop,13.0062388,77.6479074
Mother Mary English School,school,13.0054674,77.6482717
OMBR Layout,bus_stop,13.0082078,77.652392
SRR Kalyana Mantapa,bus_stop,13.0075155,77.6546714
B Channasandra,bus_stop,13.010227,77.6576206
Steel Factory Banaswadi,bus_stop,13.0133522,77.6497417
New Baldwin School,bus_stop,13.0144053,77.6582688
Ramamurthy Nagara Police Station,bus_stop,13.0120908,77.6679705
Ramamurthy Nagara Alada Mara,bus_stop,13.0114777,77.6766774
Kasturinagara 2nd Stage,bus_stop,13.0011236,77.6618187
Koudenahalli Cross,bus_stop,13.0193199,77.6782257
Akshaya Nagara,bus_stop,13.0206774,77.6839896
Shanthi Layout,bus_stop,13.0167674,77.6834304
St. John's Hospital,bus_stop,12.9295407,77.6160059
Horamavu,bus_stop,13.0264172,77.6607702
Raghavendra Circle,bus_stop,13.0199614,77.6744514
Koudenahalli Cross,bus_stop,13.0212554,77.6791051
Kempapura,bus_stop,13.0438124,77.6010257
Nagavara Junction,bus_stop,13.0401032,77.6246913
Nagavara Junction,bus_stop,13.0400746,77.6241033
80 Feet Road Kalyan Nagara,bus_stop,13.0246415,77.6431407
HRBR Layout Cross,bus_stop,13.0240735,77.6432169
Babusab Palya,bus_stop,13.0222011,77.6484372
Babusab Palya,bus_stop,13.0219613,77.6483293
Vijaya Bank Colony,bus_stop,13.0169587,77.6602146
Tin Factory,bus_stop,12.997038,77.6691307
Tin Factory,bus_stop,12.9966231,77.6697902
Indian Oil Sevanagar,bus_stop,13.0047953,77.6367948
Ramaswamypalya,bus_stop,13.0096843,77.6352983
East Point College,college,13.0155815,77.6426558
Banasawadi 80ft Road,bus_stop,13.0160331,77.6428522
Jn of 9th Main and 3rd Cross,bus_stop,13.018155,77.6473034
Babusab Palya,bus_stop,13.0223417,77.6474158
Jalavayu Vihara,bus_stop,13.0213775,77.636933
Kullappa Circle,bus_stop,13.0140537,77.6394237
Chalekere,bus_stop,13.027538,77.6412496
Jn of Oil Mill Road,bus_stop,13.0127579,77.6352633
Lingarajapuram KHB Colony,bus_stop,13.0113519,77.6317639
Mariyamma Layout,bus_stop,13.0259839,77.6499411
Indiranagar BMTC Depot,bus_stop,12.9822832,77.6346248
Binnamangala,bus_stop,12.9835653,77.6394849
NGEF,bus_stop,12.9877354,77.6499495
Srinivasapura,bus_stop,12.9900459,77.6549626
B Narayanapura,bus_stop,13.0004333,77.6836415
B Narayanapura,bus_stop,13.0002517,77.6836813
Udayanagara,bus_stop,12.989628,77.6749278
Sadananda Nagara,bus_stop,12.9944028,77.657986
Vijanapura,bus_stop,13.0032009,77.6678609
Thippasandra Ganesha Temple,bus_stop,12.972144,77.6540641
Dare,bus_stop,12.9854999,77.6727858
DRDO 2ND Phase,bus_stop,12.9859152,77.6790908
Mallesh Palya,bus_stop,12.9748505,77.6703784
Mallesh Palya New Bus Stand,bus_stop,12.9728481,77.6777588
Abbaiah Layout,bus_stop,12.9793688,77.6808575
Happy Tooth,hospital,12.9744193,77.5336479
Penta Care Ayurvedic Hospital,hospital,12.9736894,77.5369482
Shalini Nursing & MAternity Home,hospital,12.9436624,77.5419997
Bellandur Petrol Bunk,bus_stop,12.9231407,77.6702113
Bellandur Petrol Bunk,bus_stop,12.9228369,77.6701247
Canara Bank,bank,12.9727546,77.5378992
Shreya Poly Clinic,hospital,12.9729127,77.5394723
Star Bazar,shopping,13.0114494,77.555384
Zee Institute of Creative Arts,college,12.9900378,77.537746
Ayyappa Temple,bus_stop,12.9259398,77.617142
Silk Board,bus_stop,12.9167139,77.6214094
Hosur Junction,bus_stop,12.932264,77.613095
Hosur Junction,bus_stop,12.9320718,77.6131003
BTM Water Tank,bus_stop,12.9167172,77.6068612
BTM Nagar Layout Water Tank,bus_stop,12.9165179,77.6067295
BTM Layout Kuvempu Nagara,bus_stop,12.9163631,77.6165577
MICO Layout,bus_stop,12.916802,77.6032645
JP Nagar 3rd Phase,bus_stop,12.9078336,77.600285
MICO Layout,bus_stop,12.9165498,77.6041279
JP Nagar 3rd Phase,bus_stop,12.9072491,77.5999571
JP Nagar 3rd Phase,bus_stop,12.9070374,77.6000242
Devegowda Petrol Bunk,bus_stop,12.9218592,77.5591558
Kamakhya Talkies,bus_stop,12.9237541,77.5536389
Janatha Bazaar,bus_stop,12.9284015,77.5460155
Janatha Bazaar,bus_stop,12.92827,77.5458707
Katriguppe,bus_stop,12.9255015,77.549609
Modern Food Goraguntepalya,bus_stop,13.024926,77.5339349
New Baldwin School,school,12.9322822,77.5981308
United Medical lab,hospital,13.0007683,77.6132902
State Bank of India,bank,13.0022734,77.6177342
CMS,college,12.9797671,77.5858092
Food Triangle,shopping,12.9308637,77.623075
Syndicate Bank,bank,12.9306861,77.6230253
State Bank of India,bank,12.9846268,77.5558117
Pragathi Ayurvedic Center,hospital,12.9843701,77.555666
Corporation Bank,bank,12.9167048,77.6069253
Government School,school,12.9669946,77.591066
State Bank of India,bank,12.9307552,77.5475178
Navrang Private Bus Stop,bus_stop,12.999958,77.5526294
G-Mart now VILLAGE,shopping,12.9228223,77.6730622
Hennur Cross,bus_stop,13.0275783,77.6327758
Narayana Hrudayalaya Dental Clinic,hospital,12.9231571,77.6728066
HomeBuzz,shopping,13.0214757,77.6575717
Canara Bank,bank,12.9943529,77.5946809
Canara Bank,bank,13.0019713,77.5723357
Jayanagar 3rd Block,bus_stop,12.9319304,77.5838469
Big Bazar,shopping,12.9302745,77.5878322
UAS School,school,13.0292523,77.5829489
Yeshwanthpur Railway Station,bus_stop,13.0192211,77.5532574
Krantivira Sangolli Rayanna (Bengaluru),railway_station,12.9781739,77.5695603
Ekya School,school,12.9076665,77.596728
Indian Overseas Bank,bank,12.9204407,77.5835732
Jayanagar 5th Block 40th Cross,bus_stop,12.919976,77.5805791
Clarence School,bus_stop,13.0028323,77.6164758
Family Mall,shopping,12.9583725,77.66084
CPRI,bus_stop,13.0148441,77.5749596
Ample Mart Supermarket,shopping,12.9249951,77.5882111
Canara Bank,bank,12.9245669,77.5882045
Mallige Hospital,bus_stop,12.9479281,77.5920943
Ashoka Pillar,bus_stop,12.9424578,77.5851229
Rani Saraladevi,bus_stop,12.9381103,77.5852032
Jayanagar 2nd Block,bus_stop,12.9376335,77.5849914
Unnamed,bank,13.0207557,77.6437335
HDFC Bank,bank,12.9652714,77.5985205
Union Bank of India,bank,13.0400516,77.5573893
Vijaya Bank - Gokula,bank,13.0403573,77.5574215
Dena Bank,bank,12.9573933,77.582077
RT Nagar Police Station,bus_stop,13.0255639,77.5930047
Karnataka Supermarket,shopping,12.9644187,77.6062299
IndusInd Bank,bank,12.9700096,77.6477377
Market Square Value Mall,shopping,12.9219037,77.6203113
Gandharva Sip & Dine;ICICI Bank,bank,12.9580924,77.5341659
State Bank of India,bank,12.9578735,77.5342317
Sharavathi Hospitals (P) Ltd.,hospital,12.9623406,77.5342853
Syndicate Bank,bank,12.9576285,77.5339363
Yes Bank,bank,12.9099094,77.5998609
Axis Bank,bank,12.9088379,77.5999309
"Dr.Agarwal's Eye Hospital Ltd, Padmanabha Nagar",hospital,12.9169288,77.5592568
HDFC Bank,bank,12.9165607,77.5972018
Indian Overseas Bank,bank,12.9162927,77.5966944
Ujjivan Small Finance Bank,bank,12.9166518,77.5967457
ICICI Bank,bank,12.9145899,77.5857184
Indian Overseas Bank,bank,12.9156187,77.5859244
State Bank of India,bank,12.9151486,77.5857021
Forum Mall Koramangala,bus_stop,12.9349503,77.6121482
Lido Talkies,bus_stop,12.9728794,77.621828
Yesvantpur Junction,railway_station,13.0237734,77.5507701
Hebbal,railway_station,13.0425476,77.5862489
Udaya School,school,12.9700741,77.5361839
Royal Mart Supermarket,shopping,12.9075154,77.5468074
Farm Fresh,shopping,12.9093408,77.5493517
Shraddha Eye Care,hospital,12.9184617,77.5555842
Axis Bank,bank,12.9094955,77.5642924
Bank of Baroda,bank,12.9093837,77.5664401
State Bank of India,bank,13.0059276,77.6594682
EXIM (Export-Import Bank of India),bank,12.9723534,77.6186861
Divecha Centre for Climate Change,college,13.0192552,77.5707254
Trinity Circle,bus_stop,12.9707657,77.6197262
Food Mart,shopping,13.0276893,77.6616598
Axis Bank,bank,12.9271848,77.5910268
Andhra Bank,bank,12.9270197,77.5903523
DMart,shopping,12.9288646,77.5913626
Bandhan Bank,bank,12.9591031,77.6563601
Karnataka Bank,bank,12.9540038,77.5801262
State Bank of India,bank,12.9606096,77.5835432
State Bank of India,bank,12.9579091,77.5823797
Syndicate Bank,bank,12.9503526,77.579806
Ejipura Junction,bus_stop,12.9386361,77.6331228
Koramangala Sony World,bus_stop,12.9381615,77.6280491
Koramangala Sony World,bus_stop,12.9382139,77.6281909
Mark & Spencer,shopping,12.9386176,77.6288681
Punjab National Bank,bank,12.9520131,77.6398096
State Bank of India,bank,12.9104179,77.5950737
State Bank of India,bank,12.9719534,77.641362
Rajarajeshwari School,school,13.0610953,77.5540677
State Bank of India,bank,12.9166304,77.6147547
State Bank of India,bank,12.9179404,77.5860042
KKN coaching classes,school,12.9387638,77.5511668
ICICI Bank,bank,12.9140657,77.5949385
IDBI Bank,bank,12.9272865,77.5615907
Indian Bank,bank,12.9240481,77.5673878
S T Bed Park at 5th Cross,park,12.9342822,77.6317632
S T Bed Park and Field at 8th Cross,park,12.9330379,77.6329291
Jakkasandra,bus_stop,12.9247454,77.637922
Big Bazaar,shopping,12.9734434,77.6216713
Axis Bank,bank,12.9224521,77.6683425
Ecospace,bus_stop,12.9280325,77.6811709
Ecospace,bus_stop,12.9283411,77.6811574
Bellanduru City Light Apartment,bus_stop,12.9245096,77.673846
Shivananda Stores,bus_stop,12.9868618,77.5789917
Shivananda Stores,bus_stop,12.9873478,77.5787229
Swastik Sheshadripuram College,bus_stop,12.9889866,77.5747566
Central Bank,bank,12.9772096,77.639037
Punjab National Bank,bank,12.9773806,77.6389902
ESI Hospital (towards Vijayanagara),bus_stop,12.9898028,77.5506837
Fresh Reach,shopping,12.9780265,77.6754957
DCB Bank,bank,12.9240664,77.6388883
Babusabpalya,bus_stop,13.0227949,77.6473286
BNM Institute of Technology,college,12.921883,77.5675933
Corporation Bank,bank,12.9818224,77.610245
South Indian Bank,bank,12.9131399,77.6799856
Union Bank of India,bank,12.914181,77.5949195
Kunchum Foods,shopping,12.9156159,77.5951971
ING,bank,12.9100858,77.5920685
HDFC Bank,bank,12.9163429,77.6112447
Punjab National Bank,bank,12.9672272,77.5871401
Krishna Dairy,shopping,13.063134,77.579815
Unnamed,bus_stop,12.926159,77.6239517
HSR Sector 7,bus_stop,12.9155668,77.6324478
State Bank of India,bank,12.9246885,77.6729929
ICICI Bank,bank,12.9146755,77.6761436
Good To Excellence,school,12.9167733,77.6110998
HAL 2nd Stage,bus_stop,12.9634855,77.6417018
Monotype,bus_stop,12.9217893,77.5706793
Citibank,bank,12.9736204,77.6155256
Murugeshpalaya,bus_stop,12.9592797,77.6580632
Shop & Save,shopping,12.9072506,77.5600169
Domlur (Towards HAL),bus_stop,12.9611661,77.6379762
Easy Supermarket,shopping,12.9559406,77.6535335
More,shopping,12.958827,77.6543248
St. Johns Hospital,bus_stop,12.9290362,77.6151697
Jayadeva Hospital,railway_station,12.916731,77.5999663
Kodihalli,bus_stop,12.9600954,77.6472308
Domlur Bridge,bus_stop,12.9604082,77.642206
Dickenson Road,bus_stop,12.9807183,77.6106553
"Elgin Floor Mill,Langford Town",bus_stop,12.9551307,77.6055838
Private Bus Yeshwanthpur Pick up Point,bus_stop,13.0214,77.5518295
CMH Hospital,bus_stop,12.9775953,77.6467794
CMH Hospital,bus_stop,12.9777156,77.646593
Central,bus_stop,12.990012,77.572065
Nilgiri's,shopping,12.9728628,77.6074393
provision store,shopping,12.9302178,77.5890874
Union Bank of India,bank,13.0230972,77.5848995
Top in Town,shopping,12.9533697,77.6525624
Bank of Baroda,bank,12.9976504,77.6095995
IndusInd Bank,bank,12.9947176,77.6153985
Axis Bank,bank,12.9974931,77.6103558
Union Bank of India,bank,12.9982941,77.608715
State Bank of India,bank,13.0002582,77.6112114
IndusInd Bank,bank,13.0228946,77.6291301
Kotak Mahindra Bank,bank,12.9940387,77.6156783
Mayo Hall,bus_stop,12.9734314,77.6099619
"Corporation, Mission Road (Towards Subbiah Circle)",bus_stop,12.9647847,77.5879442
Richmond Circle,bus_stop,12.9674327,77.5994195
JP Nagara 3rd Phase,bus_stop,12.9082272,77.6005089
Punjab & Sind Bank,bank,12.9757846,77.6361056
Kairalee Nikethan Education Trust,college,12.9792701,77.6393682
Lakshmi Vilas Bank,bank,12.9792133,77.6367087
Bank of Baroda,bank,12.9787352,77.6370118
Motherhood Hospital(Unit Of Rhea Healthcare Pvt Ltd),hospital,12.9784409,77.6375845
Canara Bank,bank,12.9823857,77.6380474
Punjab National Bank,bank,12.9823745,77.6378264
Casa de Bambeino Montessori,school,12.9780057,77.6431739
Indiranagar Police Station,bus_stop,12.9782853,77.6402106
Canara Bank,bank,12.9772751,77.641272
DQ Labs,school,12.9737451,77.6415863
kotak,bank,12.9801857,77.641008
Respiratory and womens health clinic.,hospital,12.9762645,77.6376528
CNK Reddy College of Business Management.,school,12.9770253,77.6362533
Rashmi Hospital,hospital,12.9766951,77.6362278
Western Union,bank,12.9772103,77.6363398
Netradama Eye Hospital,hospital,12.9734836,77.6357281
HDFC Bank,bank,12.978098,77.6368529
Federal Bank,bank,12.9816267,77.6404828
Karur Vysya Bank,bank,12.9817742,77.640521
K M J College Of Nursing.,college,12.977444,77.6367467
The Oxford Secondary School,school,12.9098297,77.5811845
Bank of Baroda,bank,12.9099238,77.5813562
State Bank of India,bank,12.9104906,77.5815408
UCO Bank,bank,12.981424,77.6353009
Business Excellence Institute,college,12.9824741,77.6381006
Allahabad Bank,bank,12.9783537,77.635859
Axis Bank,bank,12.9852058,77.5564437
State Bank of India,bank,12.9874289,77.5541838
The Oxford College of Hotel Management,college,12.9096963,77.5808492
The Oxford Pre-University College,college,12.9098009,77.5808465
The Oxford English School,school,12.9095133,77.5812489
The Oxford Senior Secondary School,school,12.9098297,77.5812542
The Oxford Evening Polytechnic,college,12.9095343,77.5808465
The Oxford Polytechnic,college,12.9098532,77.5808465
The Oxford Primary School,school,12.9100822,77.5815125
Indian Bank,bank,12.9107057,77.5835123
RV Dental College,bus_stop,12.9097306,77.5857901
JP Nagar IInd Phase,bus_stop,12.90972,77.5856482
Canara Bank,bank,12.9109471,77.5793168
State Bank of India,bank,12.9110032,77.5788747
Western Union,bank,12.911014,77.5788106
Safal Fresh,shopping,12.9403442,77.6024598
Sree Venkateshwara Speciality Hospital,hospital,12.9425246,77.6025303
Tamilnad Mercantile Bank Limited,bank,12.9625376,77.6432147
Kodihalli,bus_stop,12.9685656,77.6495726
Leela Hospital and Diagnostic Center,hospital,13.0002667,77.5694894
Dr. Rajkumar Blood Bank,hospital,12.968031,77.5878222
Malleshwaram Circle,bus_stop,12.9969253,77.5689234
Malleshwaram 11th Cross,bus_stop,13.0028324,77.5711904
Jayanagara 4th Block,bus_stop,12.9282918,77.583689
Punjab National Bank,bank,12.967159,77.5891728
Hosur Road Cemetery,bus_stop,12.9532975,77.6053903
Anepalya,bus_stop,12.9535712,77.6052049
Johnson Market,bus_stop,12.9656687,77.6069375
Johnson Market,bus_stop,12.96577,77.6069328
Dairy Circle,bus_stop,12.93989,77.6023325
Dairy Circle,bus_stop,12.9391403,77.6020358
Punjab National Bank,bank,12.9099986,77.5928725
Karur Vysya Bank,bank,12.9101446,77.5904634
Syndicate Bank,bank,12.9890694,77.5558999
Axis Bank,bank,12.9940893,77.6637502
Nagavaarapalya Bus Stop,bus_stop,12.9939821,77.6632229
Nagavaarapalya Bus Stop,bus_stop,12.9943134,77.6633147
Axis Bank,bank,12.9925055,77.6638079
Kannada Government School,school,12.9949932,77.6635028
Unnamed,park,12.9950723,77.6634324
Ceekay,shopping,12.960497,77.636981
Corporation Bank,bank,12.9598751,77.6384088
ICICI Bank,bank,12.9594282,77.6383636
Top In Town,shopping,12.9564333,77.6379839
HDFC Bank,bank,12.9593491,77.6383498
Bangalore Montessori High School,school,12.9561948,77.6376138
K.R.L.S. Patel Rama Reddy English High School,school,12.9552332,77.6374003
Canara Bank,bank,12.9577479,77.6382507
Eye Level Learning Center,school,12.9419581,77.6227858
SLV Stores,shopping,12.9482932,77.6213652
Hosmat Hospital,bus_stop,12.9694471,77.6161243
Nelivigi Eye Hospital,hospital,12.9241818,77.6737518
Bank of Baroda,bank,12.924346,77.6738789
Food Basics,shopping,12.9319665,77.6179178
ICICI Bank,bank,12.9175165,77.5780372
South Indian Bank,bank,12.935925,77.6061828
ICICI Bank,bank,13.0035234,77.6166155
Wilson Garden Police Station,bus_stop,12.9502508,77.5957685
"Sri Sai Krupa Hospital, Bengaluru Urban",hospital,13.0294181,77.5593857
Bharath Co-Operative bank,bank,12.9821893,77.638025
ALDOS Medical Service Pvt LTD,hospital,12.9826672,77.6381036
FFE IT - Foundation for excellence india trust,college,12.9801411,77.6374953
Info Era - Software training institute,school,12.9801741,77.6372856
Vijaya Bank,bank,12.9784446,77.637751
Shri M Hamid Ansari - Planted Tree,park,13.0292739,77.5636598
Post Office RT Nagar,bus_stop,13.0218684,77.5924708
Police Station RT Nagar,bus_stop,13.0243059,77.5928044
RT Nagar Post Office,bus_stop,13.0226753,77.5925068
Namdhari Fresh,shopping,13.0207547,77.5929974
Andhra Bank,bank,13.0207547,77.5930859
HAL Main Gate KIA Bus Stop,bus_stop,12.958393,77.6654779
State Bank of India,bank,12.9785172,77.6795909
Nettakallappa Circle,bus_stop,12.9397098,77.5723755
Kasturi Nagar,bus_stop,13.0038491,77.6631418
Shri Vidhyanagara,bus_stop,12.9322341,77.5354777
"Iqra International School, Bangalore",college,12.9175685,77.6143926
Wisdom International School,college,12.9195986,77.608563
Krishna Nursing Home,hospital,12.9474222,77.5986921
"Shifa Hospital, Bengaluru Urban",hospital,12.9900105,77.5988107
Dena Bank,bank,12.9227933,77.5835861
Milann Fertility Center,hospital,12.9159249,77.5856011
Kaveri Departmental Store,shopping,12.9756859,77.6671061
Karnataka State Cooperative Apex Bank,bank,12.9811664,77.6405443
Indiranagar Police Station,bus_stop,12.9788178,77.6407507
Gift IVF center,hospital,12.962951,77.6418711
DBS Bank India,bank,12.9657866,77.6417312
State Bank of India,bank,12.9706435,77.641522
MG Road,bus_stop,12.9741854,77.6124135
Kodigehalli Gate,bus_stop,13.0569897,77.5936645
GKVK Gate,bus_stop,13.0731009,77.5930068
Aerodrome,bus_stop,13.0772262,77.5930303
Kodigehalli Gate,bus_stop,13.0576735,77.5931668
Aerodrome,bus_stop,13.0771131,77.5925763
Manikshaw Parade Ground,bus_stop,12.9775677,77.6079378
Kasturba Road,bus_stop,12.9740494,77.5956184
Reliance Fresh,shopping,12.9366381,77.5752413
Sujatha Talkies,bus_stop,12.9824156,77.5620528
Sujatha Talkies,bus_stop,12.9827615,77.5622502
Abu Dhabi Commercial Bank,bank,12.9751161,77.6040333
State Bank of India,bank,12.9758241,77.6043486
Canara Bank,bank,12.975421,77.6045772
UCO Bank,bank,12.9755804,77.6053256
Union Bank of India,bank,12.9761842,77.602631
State Bank of India,bank,12.9730522,77.6085652
Syndicate Bank,bank,12.9775007,77.5883584
State Bank of India,bank,12.9782832,77.5879912
ICICI Direct,bank,12.9600127,77.6451616
Dena Bank,bank,12.9600676,77.6447244
HDFC Bank,bank,12.9593103,77.6524844
Nilgiri's,shopping,12.958969,77.6521143
HDFC Bank,bank,12.9588866,77.660074
Wind Tunnel Road,bus_stop,12.9573591,77.6537096
Wind Tunnel Road,bus_stop,12.9580892,77.6539884
Belur Nagasandra,bus_stop,12.9433803,77.6542277
HCG Cancer Hospital,hospital,12.9603157,77.5930493
HAL Kalyanamantapa,bus_stop,12.954626,77.6819773
Bellandur Bus Stop,bus_stop,12.9261304,77.6764724
Canara Bank,bank,12.9588744,77.6594639
Axis Bank,bank,12.9733286,77.6167758
Corporation Bank,bank,12.9733953,77.6169631
State Bank of India,bank,12.9733651,77.6164843
Tamil Nadu Marcantile Bank,bank,12.9734064,77.6163313
Nandini Milk Parlor,shopping,12.9962854,77.6577102
Kasturi Nagara,bus_stop,13.0041314,77.663299
Punjab National Bank,bank,12.9588794,77.6676407
HDFC Bank,bank,12.9608001,77.6372345
Corporation Bank,bank,12.9595468,77.6560186
Silk Board Junction,bus_stop,12.9160418,77.6239098
EXIM Bank;Export-Import Bank of India,bank,12.9721008,77.6184589
Canara Bank,bank,12.9723831,77.6184938
State Bank of India,bank,12.9741304,77.6095504
DCB Bank,bank,12.9739333,77.6123872
State Bank of India,bank,12.9731313,77.6080088
Kotak Mahindra Bank,bank,12.9729256,77.6160971
HDFC Bank,bank,12.9730752,77.6155935
Deutsche Bank,bank,12.9731241,77.6136623
Standard Chartered,bank,12.9732234,77.6137669
Kotak Mahindra Bank,bank,12.9733488,77.6136783
Standard Chartered,bank,12.9728784,77.6138634
Punjab National Bank,bank,12.972813,77.6138715
Indian Bank,bank,12.972881,77.6139332
Mekhri Circle,bus_stop,13.0145543,77.5820008
IndusInd Bank,bank,12.9735781,77.6135363
IndusInd Bank,bank,12.973633,77.6131796
Punjab National Bank,bank,12.9736382,77.6131447
BEL Circle,bus_stop,13.0434865,77.5584517
Alisda,bus_stop,13.0375906,77.5418272
Guragunte Palya Cross,bus_stop,13.0294164,77.5402163
Vijaya High School,bus_stop,12.936589,77.5817339
Bellanduru City Light Apartment,bus_stop,12.9246308,77.673475
HDFC Bank,bank,12.9730644,77.6155317
Allahabad Bank,bank,12.9751927,77.614784
Syndicate Bank,bank,12.9751587,77.6148698
Bank of Baroda,bank,12.9700892,77.6477179
Unnamed,bank,12.9699191,77.646059
Indian Bank,bank,12.9706589,77.6472567
State Bank of India,bank,12.9702611,77.6450652
State Bank of India,bank,12.9702598,77.6451261
ICICI Bank,bank,12.9677866,77.6002508
Indian Overseas Bank,bank,12.9668801,77.599278
Nisha Supermart,shopping,13.0019536,77.6319019
South Indian Bank,bank,13.0017248,77.632187
Reliance Fresh,shopping,13.0014363,77.630759
Health Care Global,hospital,12.9584755,77.5919279
Karur Vysya Bank,bank,13.0055578,77.5711662
South Indian Bank,bank,13.0055552,77.5708738
Nature's Basket,shopping,12.9337036,77.6229616
Axis Bank,bank,12.9324956,77.631848
Havanur Circle Bus Stop,bus_stop,12.9871322,77.539448
S Cadambi Pre University College,college,12.993765,77.5393225
More,shopping,13.0247172,77.5483657
Palace Ground,bus_stop,13.0103991,77.5836806
Palace Ground,bus_stop,13.0104965,77.5840378
Total,shopping,12.958648,77.6567863
Bashayam Circle,bus_stop,13.0059813,77.5797646
Nature's Basket,shopping,13.0056797,77.5806627
Srs English Nursery School,school,12.9482223,77.5990903
Canara Bank,bank,12.9919453,77.5372687
Central Bank of India,bank,12.9915973,77.5374607
Kamalanagar Water Tank,bus_stop,12.9958011,77.5398855
"Sharada Colony , Old Bus Stop",bus_stop,12.9921882,77.5344983
Maruthi Temple Kamalanagara,bus_stop,12.9956563,77.5355275
State Bank of India,bank,12.9985096,77.5700901
Gulecha Dental Care,hospital,12.9292418,77.5893625
Indiranagar Police Station,bus_stop,12.9784912,77.6414337
Tumkur Grain Merchants Co-Operative Bank LTD,bank,12.97927,77.6427877
Rose of Sharon Nursery School,school,12.9790633,77.6439187
Nilgiri's,shopping,12.9792765,77.6431666
Rakum school for blind,school,12.9792948,77.6433912
The National Co-Operative Bank Ltd.,bank,12.9793306,77.6443452
ICICI Bank,bank,12.978647,77.6414574
ICICI Bank,bank,12.9580745,77.5341292
Railway Station Yeshwanthapura,bus_stop,13.0218559,77.5533244
Malleswaram,railway_station,13.0006306,77.563476
Canara Bank,bank,13.0014995,77.6308859
Ulsoor,bus_stop,12.9875688,77.622314
Unnamed,bus_stop,12.9139438,77.6774245
The Millenia,bus_stop,12.9819775,77.6238886
Halasuru,bus_stop,12.9872664,77.6225414
Government School,school,12.9615699,77.5804526
Chinnaswamy Stadium,bus_stop,12.9773958,77.5987904
MG Statue,bus_stop,12.9767485,77.5999592
Chinnaswamy Stadium,bus_stop,12.9772163,77.5991943
Vijayanagara,bus_stop,12.9721781,77.5377126
State Bank of India,bank,12.9733693,77.675399
Reliance Fresh,shopping,12.9930245,77.6805764
Unnamed,hospital,12.9767055,77.5424167
Government Primary School,school,12.9814182,77.6659562
Sree Manjunatha Stores,shopping,12.9750833,77.6517316
New Tippasandra Main Road,bus_stop,12.9743857,77.6469645
HDFC Bank,bank,13.0041697,77.5822694
Rajbal Skin Clinic,hospital,13.0206063,77.6445361
Godwin English School,school,12.9665259,77.5670902
More,shopping,13.0579847,77.5919058
ICICI Bank,bank,13.063622,77.5909427
The Big Market,shopping,13.0623962,77.5930084
HDFC Bank,bank,13.0632832,77.5917375
Thilags Market,shopping,12.9683842,77.6701118
Department of Computational and Data Sciences,college,13.0165683,77.5709518
Supercomputer Education and Research Centre,college,13.016558,77.5707323
Unnamed,bus_stop,12.9781046,77.6331975
Karnataka Bank,bank,12.9791313,77.6796562
Lake View Supermarket,shopping,12.9875472,77.6189672
Axis Bank,bank,13.00579,77.5932698
Ulsoor Park,bus_stop,12.9844792,77.6223664
ICICI Bank,bank,12.9378029,77.5755637
IDBI Bank,bank,12.9404668,77.5757675
Parimala,shopping,12.9239069,77.5969076
Maha Bazar,shopping,13.0148535,77.6336331
Dianova Diabetes Center and Hospital,hospital,13.0147612,77.6335463
State Bank of India,bank,12.9776666,77.6364638
HDFC Bank,bank,12.9717991,77.658012
Ameena Medical centre,hospital,12.9777082,77.6323407
Reliance,school,12.9581905,77.6169398
Adugodi,bus_stop,12.9447266,77.6073119
Bank of Baroda,bank,12.9812314,77.6017194
Amanath Co-op Bank Ltd,bank,12.9825997,77.6028514
Nilgiri Supermarket,shopping,13.0025965,77.5981195
NAL Manipal Hospital,bus_stop,12.9597158,77.65052
More,shopping,12.9589507,77.6569142
Bharat Bank,bank,12.9708829,77.6471348
Kotak Mahindra Bank,bank,12.9719769,77.6473023
Yes Bank,bank,12.9720918,77.6473289
Philomenas Hospital,bus_stop,12.9655875,77.6095951
ICICI Bank,bank,12.9728321,77.6111241
State Bank of India,bank,12.9655392,77.6028344
Presidency University,college,12.9655881,77.6036377
State Bank of India,bank,12.965985,77.6043811
Indian Overseas Bank,bank,12.9802643,77.6022173
CSB Bank,bank,12.9740049,77.5794628
Bank of Baroda,bank,12.9740685,77.5792924
Karnataka State Co-operative Apex Bank Ltd,bank,12.9824437,77.6021511
ISRO,bus_stop,12.959651,77.6510959
Corporation Bank,bank,12.9598531,77.6429762
Indian Overseas Bank,bank,12.9800143,77.6023523
South Indian Bank,bank,12.9699033,77.638539
Repco,bank,12.9229279,77.5699054
Reliance Fresh,shopping,13.0633532,77.5906518
Bank of India,bank,13.0631724,77.5914073
The Janatha Co-Op Bank Ltd,bank,13.0607699,77.5896859
IndusInd Bank,bank,13.0633333,77.59087
Kotak Mahindra Bank,bank,12.9100655,77.5921205
Dr.Agarwal Eye & Dental Hospital,hospital,12.9700356,77.6362439
Yemalur,bus_stop,12.9454643,77.6805505
State Bank of India,bank,12.9669615,77.6824375
Dr Raos Maternity Hospital,hospital,12.9850421,77.5460481
Lalbagh HOPCOMS,bus_stop,12.9508797,77.5918595
Sagar Chandramma Hospitals,hospital,12.9485535,77.5748248
Lalbagh HOPCOMS,bus_stop,12.951206,77.5916371
Indian Overseas Bank,bank,13.0086727,77.6429248
State Bank of India,bank,13.0099795,77.6434028
Trilife Hospital,hospital,13.0169826,77.6432959
State Bank of India,bank,12.9264609,77.678263
Syndicate Bank,bank,12.9232169,77.5766524
Stracey Memorial Composite PU College,college,12.974863,77.6021343
Corporation Bank,bank,12.9729745,77.5808399
Bengaluru Dairy Circle,bus_stop,12.9356132,77.6015627
HDFC Bank,bank,13.0018629,77.5988299
Jayamahal,bus_stop,13.0018848,77.5944286
Aishwarya Supermarket,shopping,12.9083472,77.6446906
Reliance Fresh,shopping,12.9973946,77.5485023
New Akshaya Mini Bazaar,shopping,13.0016723,77.5506179
Simply Organics,shopping,12.9939186,77.5513274
Marian Kids,school,13.026938,77.6041637
"Mona Nursery, Primary and High School",school,13.0276254,77.6043712
Star Health,bank,13.0244213,77.6032614
Vignesh Lab and Diagnostics,hospital,13.0267226,77.6041132
Reliance Smart Bazaar,shopping,13.0122683,77.5534545
Apollo Cradle,hospital,12.9368104,77.6206345
Shiva Kumaraswamy Building,hospital,12.9717049,77.5493718
RT Nagar,bus_stop,13.0197723,77.5961061
Food World,shopping,13.0214967,77.5924037
More,shopping,13.0194845,77.6782953
Stanford Speciality Hospital,hospital,12.911533,77.6764094
Dr Mohan Nursing Home,hospital,12.9124371,77.6813917
Sparsh Clinic,hospital,12.9072384,77.6755805
Naadi Ayurveda Center,hospital,12.9121008,77.6820003
Kottakkal Arya Vaidya Sala,hospital,12.9217604,77.6618321
The Family Doctor & The Family Pharma,hospital,12.9122002,77.6818637
Life Care Hospital,hospital,12.9194712,77.6130111
Bhagavathi Hospitals Private Limited,hospital,12.9161259,77.6311505
Gunasheela Hospitals,hospital,12.9250105,77.6278708
NRS Medical & Dental Specialists Centre,hospital,12.9151071,77.5624888
Spar,shopping,13.0454341,77.6267753
Sarvodaya Hospital,hospital,12.9390944,77.5619057
Indianova Healthcare Pvt Ltd,hospital,12.9703581,77.63022
Dr Rachna - Homeopathy,hospital,12.9179831,77.6691258
Sri Chaitanya Techno School,school,12.913853,77.5426932
Welnext,hospital,12.9240063,77.6545058
Employees State Insurance Dispensary,hospital,12.966771,77.5349228
Can Fin Homes Limited,bank,12.9219138,77.6617062
Dr Solankis Eye Hospital,hospital,12.9951627,77.5738144
Sri Sanjeevini Cold Laser Therapy,hospital,13.0053923,77.5713352
Dr. Bhargavi Reddy Women & Children Hospital,hospital,12.975403,77.6470594
Axon Speciality Hospital,hospital,12.973892,77.6460904
Spar,shopping,12.991691,77.5707302
East West Academy,school,12.9834865,77.5515572
Sanjeevini Children & Women Clinic,hospital,13.0316481,77.6023154
Procare Hospital,hospital,13.0203944,77.6512682
Unnamed,hospital,12.9702741,77.6468603
Medic Star Hospital,hospital,12.9876871,77.6093097
Hsis Gosha Hospital,hospital,12.9856985,77.6058578
Santosh Hospital,hospital,12.9959413,77.6082575
Hospital,hospital,12.9914123,77.6117329
Keva Ayurveda Health Care Pvt Ltd,hospital,12.9127062,77.6201668
Ayurvaid Hospital,hospital,12.9552696,77.6428508
H B S Hospital,hospital,12.9891941,77.6037864
St. Martha's Heart Centre,hospital,12.9705436,77.5834769
Sumathi Nursing and Maternity Home,hospital,13.0325717,77.5582602
Desai Nursing Home,hospital,12.9863736,77.5793154
State Bank of India,bank,12.9917126,77.5708843
Fortis Hospital,hospital,12.9881648,77.5548179
Healing Earth Multispeciality Ayurveda Hospital,hospital,12.9165359,77.6361865
Global Ayurveda Multispeciality Hospital,hospital,12.9165795,77.6362187
Fj Merrit Hydrotherapy And Wellness,hospital,12.9344224,77.6299785
Vedam Ayurveda Multispeciality Hospital,hospital,12.9175511,77.6039486
Ayur jagruti,hospital,12.9667253,77.6378289
Herbocare Hospital Pvt,hospital,13.0204424,77.6440607
""" NRS Medical & Dental Specialists Centre""",hospital,12.9378359,77.5573329
Chiranjeevi Hospital & Maternity Home,hospital,12.9386994,77.5518394
"Vinayaka Hospital, Hanumantha Nagar",hospital,12.9373748,77.5494778
Diavista Diabetes & Multispeciality Hospital,hospital,12.9354293,77.5477956
Meenakshi Hospital,hospital,12.9420715,77.553698
Medi-Tech Multi Speciality Hospital,hospital,12.9408667,77.5603657
Kusuma Hospital,hospital,12.9420124,77.5506918
Ring Road Hospital,hospital,12.9274553,77.5516293
Pulse Multispecialty Hospital,hospital,12.9389007,77.5438808
Surya Galaxy Hospital,hospital,12.9316792,77.5450887
Surya Diagnostics and Health Services,hospital,12.9242825,77.6170883
Indosyke Nal,park,12.9448255,77.6645367
Ayushman Ayurvedic therapy centre,hospital,12.9946163,77.6023871
High School,school,12.9215701,77.6633011
Pristine Hospital,hospital,12.9984229,77.5403887
HDFC Standard Life Insurance Co. Ltd.,bank,12.9530901,77.6746006
Arogya Kendra,hospital,12.9735891,77.5443283
The Family Doctor Malleswaram,hospital,13.0029689,77.5526666
Venkat Charmalaya,hospital,12.9644231,77.5333324
V Care Medical Systems P Ltd,hospital,12.9787049,77.5403581
Saikrupa Hospital For Women's and Surgical Centre,hospital,12.9691657,77.5351921
Cutis Academy of Cutaneous Sciences,hospital,12.9768117,77.5449094
Shreya Hearing Clinic,hospital,12.9621516,77.533401
Ideal Supermarket,shopping,12.9443025,77.6525847
Acura Speciality Hospital,hospital,12.9353208,77.6205504
Vijayanagar Global Hospital,hospital,12.9717905,77.5372864
Blossom Infertility Center,hospital,12.9649703,77.5389842
Padmashree Nursing Home and Maternity Home,hospital,12.958321,77.5350434
The Homoeo World,hospital,12.9947201,77.5715879
Oxford Hospital,hospital,12.9312101,77.5756907
Bellanduru,bus_stop,12.9254608,77.6760002
Traffic Police Station Kamakshipalya,school,12.9879713,77.5402233
BN Sreekantaiah and Sons,shopping,12.9306322,77.5841581
Vijay Diagnostic Centre,hospital,12.9458746,77.5877756
Dr Lal PathLabs,hospital,12.924274,77.5680927
BEML Gate,bus_stop,12.9713269,77.65883
Welnext,hospital,12.9242869,77.6532853
Bank of Baroda,bank,12.998169,77.5496373
MVJ PU College,college,12.9237659,77.5696566
Canara Bank,bank,12.9737462,77.6193171
Sri Ravishankar Vidya Mandir,school,12.9703809,77.6522753
Government Primary School,school,12.9459897,77.6719357
99 Grocer,shopping,12.9481186,77.6796811
Prasad Vidya Mandir,school,12.9474274,77.6808752
Prasad Vidya Mandir,school,12.9480263,77.6817564
Allen Career Institute,college,12.9853846,77.5444298
Axis Bank,bank,12.993015,77.5459803
Indian High School,school,12.9938105,77.5458656
Tamara Hospital & IVF Centre,hospital,13.0044499,77.5530755
SLN Super Market,shopping,12.9114996,77.6241693
Yemkay Supermarket,shopping,12.9417055,77.5560577
Sweet Chariot,shopping,12.984947,77.5540532
Madeena Supermarket,shopping,12.9948336,77.6107384
More For You,shopping,13.0352764,77.5536076
Samarth Rice Traders,shopping,13.015208,77.6561956
Ahmeds Retail,shopping,13.0235383,77.6090101
New Kiran Super Bazar,shopping,13.0435746,77.5532589
Shopping Day,shopping,13.0273271,77.5782409
Shoba supermarket,shopping,12.9149937,77.6352099
Food Mart Super Market,shopping,13.004258,77.6135288
Fine Fare Departmental Store,shopping,13.0257621,77.6277381
Value Bazaar,shopping,12.9672408,77.6827922
Varity Bazar,shopping,12.9670978,77.6809662
Namdharis Fresh,shopping,12.9660726,77.6374507
I Mart,shopping,13.039288,77.5537006
Maataji Privision Store,shopping,12.9677841,77.6634104
Reliance Fresh,shopping,12.9164708,77.6047081
Seven Days Supermarket,shopping,13.0245541,77.6559134
Spencers Supermarket,shopping,12.9733443,77.6468191
Allday Supermarket,shopping,12.9193503,77.6158536
Pick N Save The Wholesale Market,shopping,12.9228872,77.6174916
Axis Bank,bank,13.0184011,77.6544876
Star Bazaar,shopping,12.9367017,77.6104595
Yemkay Supermarket,shopping,12.9883892,77.5367931
Stop & Shop Supermarket,shopping,12.9084163,77.6764616
Food Palace Supermarket,shopping,12.9138175,77.6491752
Village Super Market,shopping,12.9995759,77.6230526
ChanRe Rheumatology and Immunology Center and Research,hospital,12.995573,77.5354215
Dr Ambedkar Nursery Primary & High School,school,12.9624108,77.6481803
Mother Mary English School,school,12.9761276,77.652898
St. Thomas Public School,school,12.9759235,77.6526652
Reliance Fresh,shopping,12.9736279,77.5446202
ICICI Bank,bank,12.9777454,77.5451705
IDBI Bank,bank,12.9811444,77.5350546
Axis Bank,bank,12.9780452,77.5443195
ICICI Bank,bank,13.0056414,77.5689362
HDFC Bank,bank,13.0056769,77.5691145
"Manasa Hospital, Vijayanagar",hospital,12.9709463,77.5451059
Panjab National Bank,bank,12.9641822,77.5424512
M K Retail,shopping,12.9727428,77.5391705
Mariyappanapalya,bus_stop,12.9987017,77.5563325
Harishchandra Ghat,bus_stop,12.9973205,77.5605489
Devaiah Park,bus_stop,12.9964744,77.5641444
ICICI Bank,bank,12.9070854,77.5460136
HDFC Bank,bank,12.9070372,77.5455784
Karnataka Bank,bank,12.9205227,77.5951235
Karnataka Bank,bank,12.908455,77.5481904
Axis Bank,bank,12.907027,77.5455382
MCTC Bus Stand,bus_stop,12.9540706,77.5434579
Reliance Fresh,shopping,12.9070435,77.5458167
Oriental Bank of Commerce,bank,13.0184293,77.6535496
Ramana Rao's clinic,hospital,13.0130826,77.5761449
Axis Bank,bank,13.0056782,77.5806895
More,shopping,12.9716659,77.6556496
State Bank of India,bank,12.9596296,77.6462357
Shampura,bus_stop,13.0267836,77.6148215
Government Maternity Home,hospital,12.9983402,77.6200927
Lucid Medical Diagnostics,hospital,12.9306876,77.5794541
State Bank of India,bank,13.0661389,77.5983966
Military Bridge,bus_stop,12.9459816,77.6399034
Halasur Police Station,bus_stop,12.9749342,77.6252988
Janatha Co-Operative Bank,bank,12.9981587,77.5465007
Cauvery Orthopaedic Centre,hospital,12.9984887,77.5504219
Jayamahal,bus_stop,13.0009891,77.5945057
JC Nagara,bus_stop,13.0039917,77.5936153
TV Tower,bus_stop,13.0093395,77.5909431
Mekhri Circle,bus_stop,13.0144232,77.5853285
State Bank of India,bank,12.9931212,77.6795196
Punjab National Bank,bank,13.0017261,77.5508671
State Bank of India,bank,12.9795556,77.6578756
State Bank of India,bank,12.9922876,77.6599855
Aralimara Industrial Area Rajajinagara,bus_stop,12.9785419,77.5491147
Government Primary School,school,12.9741482,77.6513232
Yes Bank,bank,12.987281,77.5949854
Kumon Education Center,school,13.0042862,77.5488857
"Apollo Bengaluru Cradle Limited, Jayanagar",hospital,12.9168014,77.5851878
Phase 2 Park,park,12.9874371,77.6768454
Phase 2 park 2,park,12.9876923,77.6769799
Netaji layout,bus_stop,12.9528,77.5333112
"Nethradhama Superspeciality Eye Hospital, Rajajinagar",hospital,12.997613,77.5509423
Day to Day,shopping,12.9678261,77.6700421
Allahabad Bank,bank,12.9733363,77.5799372
Allahabad Bank,bank,12.9427251,77.5712748
Allahabad Bank,bank,12.9848107,77.601649
Brindavan College,college,13.0439246,77.580082
NIMHANS - Ashwini Block,hospital,12.9397588,77.59445
State Bank of India,bank,12.9854258,77.6733538
HDFC Bank,bank,12.9855509,77.668072
ICICI Bank,bank,12.9854892,77.6679809
Syndicate Bank,bank,12.9852368,77.6679566
Bank of Baroda,bank,12.9714522,77.6562815
State Bank of India,bank,12.9714143,77.6563575
Comfort Multispeciality Hospital,hospital,12.9817167,77.6800412
Kingston school,school,13.0264736,77.599251
ಶ್ರೀ ಕೃಷ್ಣ ಪಿ ಯು ಕಾಲೇಜು,school,12.9314007,77.5577461
East end Jayanagara,bus_stop,12.9168809,77.5986969
State Bank of India,bank,12.9244799,77.6741752
IndusInd Bank,bank,12.9466546,77.567626
BEML Gate,bus_stop,12.9716813,77.6583704
Unnamed,park,12.9446893,77.6236964
National Institute of Mental Health and Neuro Sciences,hospital,12.9400669,77.5931597
NBRC(National Brain Research Center),hospital,12.9404277,77.5988406
Yeshwanthapura Ayyappa Temple,bus_stop,13.0213924,77.5630417
ICICI Bank,bank,12.9317704,77.6228514
Syndicate Bank,bank,13.0097185,77.6444698
State Bank of India,bank,12.9678947,77.6538556
HSR Layout BDA Complex,bus_stop,12.9164426,77.6342557
HSR Layout BDA Complex,bus_stop,12.9161591,77.6349949
Canara Bank,bank,13.0551593,77.599306
Union Bank of India,bank,13.0552073,77.6002026
Nice mart,shopping,13.0552084,77.6008534
Indian Bank,bank,12.9759486,77.6253838
Cambridge Hospital,hospital,12.9716236,77.6273835
KH Road,bus_stop,12.9576303,77.5929482
Cambridge School,school,12.9588237,77.5936181
Respigen healthcare,hospital,12.9555357,77.5918347
Bank of Baroda,bank,12.9578168,77.593057
Union Bank of India,bank,12.9584406,77.593372
Axis Bank,bank,12.9604187,77.5941492
Multiplex,shopping,13.0085671,77.6420845
Shop ink,shopping,13.0319862,77.660617
BKS,school,12.983464,77.6135965
Union Bank of India,bank,12.9819362,77.6093274
Happy shoppy,shopping,13.0089466,77.6427801
Punjab National Bank,bank,13.0093391,77.6432232
China bazaar,shopping,13.0076445,77.6407572
HDFC Bank,bank,12.9974737,77.6202808
IDBI Bank,bank,13.0100548,77.6431061
Doctor's diagnostics Centre,hospital,13.014746,77.6357881
Canara Bank,bank,13.0069226,77.6399189
Mayo Hall,bus_stop,12.9717925,77.6106288
BNP Paribas,bank,12.9755275,77.6179176
HDFC Bank,bank,12.9749189,77.6185055
D. I. G. Office,bus_stop,12.9687541,77.6149468
Purvankara academy of excellence,school,12.9749455,77.6197537
Federal Bank,bank,12.9707944,77.6007269
Axis Bank,bank,12.9656547,77.6018918
HDFC Bank,bank,12.9580518,77.5928392
RBL Bank,bank,12.9683717,77.6016294
Driving school for all types of cars,school,12.9479719,77.5937414
Hosmat Hospital,hospital,13.0080001,77.5837482
Axis Bank,bank,12.9555428,77.5802105
Govt. Urdu English Medium High School,school,12.9447229,77.5945885
Axis Bank,bank,12.9851311,77.5967445
State Bank of India,bank,12.9864576,77.5956391
Vijaya Bank,bank,12.9880543,77.5940452
St George High School,school,13.0311434,77.6691847
Sunshine Childrens Home and School,school,13.0309806,77.6682208
Unnamed,school,12.9290086,77.5894098
Magadi Road Tollgate,bus_stop,12.9737848,77.5498201
Mini bazaar,shopping,12.9908387,77.6703063
State Bank of India,bank,13.022258,77.6433948
Chowdeshwari Bus Stand JP Park,bus_stop,13.0330976,77.5541859
Indian Express,bus_stop,12.9842095,77.597601
Bhasyam Circle (Towards Magadi Road Toll Gate),bus_stop,12.9836286,77.5540526
Kaval Byrasandra,bus_stop,13.0197859,77.6077057
Rabindranath Tagore Nagar Police Station,bus_stop,13.0249689,77.5931584
Ganesha Temple,bus_stop,13.0096257,77.5432757
Malleshwaram Circle,bus_stop,12.9967644,77.5689657
Federal Bank,bank,13.0124349,77.6483353
Axis Bank,bank,13.0297542,77.6341274
ICICI Bank,bank,13.0490526,77.6294582
Kotak Mahindra Bank,bank,13.054535,77.6321499
Garden City Supermarket,shopping,13.0667879,77.6385465
K Narayanapura,bus_stop,13.0632906,77.6422736
HDFC Bank,bank,13.0316945,77.6357607
Muthoot Finance,bank,13.0312285,77.635814
State Bank of India,bank,12.9974264,77.5485995
Vbr pu college,college,13.03269,77.6305228
RoyalMart,shopping,12.9191661,77.5511655
ICICI Bank,bank,12.9686524,77.6499541
Karnataka Bank,bank,12.9109725,77.6764471
Vijaya Bank,bank,13.0673396,77.593683
Reliance Fresh,shopping,13.0661591,77.5971544
HDFC Bank,bank,12.9079175,77.6760059
Kotak Mahindra Bank,bank,12.9143222,77.6774803
Unnamed,bank,13.0197834,77.673589
Andhra Bank,bank,12.9082508,77.6762029
United Bank of India,bank,12.9982067,77.5499224
Indian Bank,bank,12.9966687,77.5728097
Axis Bank,bank,12.9659404,77.6144089
Unnamed,school,13.006508,77.6452745
Unnamed,school,13.0085915,77.64736
Unnamed,shopping,12.9791205,77.646913
Cloudnine Hospital Pvt. Ltd.,hospital,12.9597752,77.6569127
Kotak Mahindra Bank,bank,13.0085363,77.5690421
Vijaya Bank,bank,13.0090127,77.6562397
Freshworld Super Market,shopping,13.0086948,77.6555825
Subramanium Medicine Store,hospital,13.0090912,77.656317
Columbiaa Hospital,hospital,13.0104342,77.6583242
Karnataka Bank,bank,13.0048108,77.6601929
Government First Grade College,college,12.9933689,77.5528214
Altius Hospital,hospital,12.9849537,77.5569222
Kamath Stores,shopping,12.9644942,77.6135414
Fathima Store,shopping,12.9922062,77.6044577
Bamboo Bazar,bus_stop,12.9918654,77.6019903
Bangalore Diabetes Hospital,hospital,12.9918415,77.5968531
HDFC Bank,bank,12.997125,77.5868347
Yeshwanthpura Circle,bus_stop,13.0175732,77.5597173
NU Hospitals,hospital,13.011845,77.5526061
HDFC Bank,bank,13.0047475,77.5487571
SVC Co-Operative Bank Ltd.,bank,12.9966897,77.5686323
Corporation Bank,bank,13.0756655,77.6029434
Kinder Castle,school,12.9771755,77.646499
Karnataka Bank,bank,12.9967846,77.5626479
Syndicate Bank,bank,12.9966535,77.5702704
Canara Bank,bank,12.9966843,77.57085
ICICI Bank,bank,12.9468669,77.5964194
State Bank of India,bank,12.9386918,77.5781098
HDFC Bank,bank,12.9471118,77.5966087
V. S. Achar Multispeciality Hospital,hospital,12.9472091,77.5966914
State Bank of India,bank,12.9483581,77.5972643
Karnataka Bank,bank,12.9488127,77.5978542
State Bank of India,bank,12.9327598,77.5849626
State Bank of India,bank,12.9485625,77.5976727
Nature Cure Hospital,hospital,12.933223,77.5842632
Unnamed,bus_stop,12.936571,77.5821894
Sree Subramanya Co-Operative Bank,bank,12.9501743,77.5798156
Canara Bank,bank,12.946047,77.5784123
Syndicate Bank,bank,12.9437578,77.5712628
Ample Mart,shopping,12.925098,77.5882684
Sanjay Gandhi Hospital,bus_stop,12.9269688,77.5929282
Muthoot Finance,bank,12.9285122,77.6001778
Unnamed,shopping,12.9628718,77.6364846
Dhurii,school,12.9690381,77.6483419
Gavigangadeshwara Temple,bus_stop,12.9489537,77.5628811
More,shopping,13.008896,77.6557901
Axis Bank,bank,13.0102536,77.6579312
Indian Bank,bank,13.0056978,77.6604552
Binny Mill,bus_stop,12.9655782,77.5681771
State Bank of India,bank,12.97459,77.5447121
Kinto School,school,12.9629891,77.551268
Kinto High School,school,12.9610936,77.5468666
Jawahar School,school,12.9634851,77.5529474
Government Hospital,hospital,12.966103,77.5549647
HDFC Securities,bank,12.996966,77.5523974
"Emergency Block , NIMHANS",hospital,12.9403849,77.5945391
Royan Circle,bus_stop,12.9604106,77.5680457
Repco Bank,bank,12.977874,77.6285
Mekhri Circle,bus_stop,13.020308,77.5837175
State Bank of India,bank,13.0345665,77.588793
Canara Bank,bank,12.9956522,77.6015774
Axis Bank,bank,12.9981365,77.6712356
Dhanlaxmi Bank,bank,13.0233511,77.637035
State Bank of India,bank,12.9895036,77.5721251
State Bank of India,bank,13.0575188,77.6327683
Syndicate Bank,bank,13.0575735,77.633121
Kotak Mahindra Bank,bank,13.0618055,77.6331852
Foodmax,shopping,13.0667343,77.6398517
Nethradhama Superspeciality Eye Hospital,hospital,12.9719805,77.6474011
Real Mart,shopping,12.9568097,77.6604327
Thriveni Home needs,shopping,12.9548871,77.6587436
A to Z Supermarket,shopping,12.9554205,77.6570788
Karnataka State Co-Operative Apex Bank Ltd,bank,12.9306773,77.5474666
Saphalya Credit Co-op. Society,bank,12.9407678,77.542786
Avalahalli B.D.A. Park,bus_stop,12.9433231,77.5428551
Mekhri Circle,bus_stop,13.0200459,77.5840184
Hebbala,bus_stop,13.0383248,77.5890628
HDFC Bank,bank,12.9358925,77.5477749
MediBase,school,12.9366134,77.5483683
KKN coaching classes,school,12.9369584,77.5486218
KBS Family Mart,shopping,12.9376675,77.5492313
Dhanalakshmi Departmental Stores,shopping,12.938804,77.5529925
J.K. Traders,shopping,12.9388491,77.5527685
Koteshwara Co-Op Bank,bank,12.9506391,77.5799219
Raghav's Coaching Centre,school,12.9523571,77.5773644
Kotak Mahindra Bank,bank,12.952479,77.5774381
Vibhuthipura Samudaya Bhavana,bus_stop,12.9646789,77.6775679
Shaji Stores,bus_stop,13.0264895,77.6040339
Central,bus_stop,12.9897994,77.5717391
"Maharani College, KR Circle",bus_stop,12.9771006,77.5857758
"Maharani College, KR Circle",bus_stop,12.97713,77.5858067
Konena Agrahara,bus_stop,12.9593064,77.660299
Janana Deepthi School,school,12.940807,77.5416769
Binnamangala,bus_stop,12.9831935,77.6379521
UCO Bank,bank,12.9340385,77.6122448
State Bank of India,bank,12.9105609,77.6271039
Bank of Baroda,bank,12.9417037,77.6085642
Spar,shopping,12.9077496,77.6008578
Unnamed,shopping,12.9251897,77.6743698
State Bank of India,bank,13.0506091,77.6212545
Axis Bank,bank,13.0452657,77.6209798
Families Supermarket,shopping,13.0492695,77.6038518
Syndicate Bank,bank,13.0494493,77.5970187
St. Theresa Hospital,bus_stop,13.0070245,77.5544693
Isolation Hospital,bus_stop,12.985161,77.6431454
Isolation Hospital,bus_stop,12.9849152,77.643204
Swami Vivekananda Road,bus_stop,12.98595,77.6450113
Care Health,hospital,13.0552027,77.6028234
Safal Daily Fresh,shopping,12.9672957,77.6565745
Unnamed,shopping,12.9397956,77.5631777
Central Bank of India,bank,12.9759341,77.6390797
Jayanagar 9th Block,bus_stop,12.9195745,77.5923304
Jayanagar 9th Block,bus_stop,12.919785,77.5923385
Yeshwanthapura Railway Station,bus_stop,13.0231404,77.5504068
Central Silk Board (Towards Madivala),bus_stop,12.9169444,77.6212546
Hampinagara Bus Stand,bus_stop,12.9590718,77.5354816
Garakamanthana Palya,bus_stop,12.9752858,77.6664747
Patanjali Store,shopping,12.9099594,77.5499367
Happy Pockets Supermarket,shopping,12.9099841,77.5500912
Saraswati Supermarket,shopping,12.9092402,77.5527258
Rajajinagar PU Degree College,college,12.9848766,77.5559878
Rajajinagar Entrance,bus_stop,12.98458,77.5568187
Canara Bank,bank,12.9877078,77.5558591
Unnamed,shopping,12.9887846,77.555898
NKGSB Bank,bank,12.9886337,77.5558993
Mariyappanapalya,bus_stop,12.9984707,77.5564195
Rajaji Nagar 1st Block,bus_stop,13.005145,77.54878
Indian Express,bus_stop,12.9838702,77.5974026
Ganesha Temple,bus_stop,13.0096341,77.5432274
Shivananda Stores,bus_stop,12.986841,77.5789759
Malleshwaram Circle,bus_stop,12.996754,77.5689626
Mahalakshmi Layout,bus_stop,13.0119095,77.5438333
Swastik Sheshadripuram College,bus_stop,12.9878013,77.5743237
Bhoopasandra,bus_stop,13.0425659,77.5808479
Geddalahalli,bus_stop,13.0308677,77.5774226
Ashwath Nagar,bus_stop,13.0270943,77.5796828
Nagashettyhalli,bus_stop,13.0425171,77.5731723
Vijaynagara,bus_stop,12.9717228,77.5378334
Sadashivanagara Police Station,bus_stop,13.0149314,77.5728595
Kamalanagar 8th Main,bus_stop,12.9919357,77.5384824
Sanjay Nagara,bus_stop,13.0344079,77.575649
Shankar Mutt,bus_stop,12.9990352,77.5416176
Navarang Theatre,bus_stop,12.9974984,77.5489491
Modi Hospital,bus_stop,12.9973955,77.5458814
RMS Sanjaynagara,bus_stop,13.0375322,77.5743977
Maruthi Mandira,bus_stop,12.9676387,77.5363051
Agrahara Dasarahalli,bus_stop,12.9790631,77.5406823
MS Ramaiah Hospital,bus_stop,13.0271914,77.5716435
KR Puram Railway Station,bus_stop,12.9998249,77.6762556
HRBR Layout Cross,bus_stop,13.0242046,77.6431797
Sarakki,bus_stop,12.9109221,77.5729938
Canara Bank,bank,12.9244491,77.6741821
Park,bus_stop,12.9650329,77.5384272
Devsathanam,bus_stop,12.9642587,77.5418338
Unnamed,bus_stop,13.0648862,77.6561681
Canara Bank,bank,13.0638295,77.5871557
Allahabad Bank,bank,13.063911,77.5831924
State Bank of India,bank,12.9721029,77.6193559
Sri Shankara Cancer Hospital And Research Centre (A Service Unit Of Sscf),hospital,12.9542624,77.5709473
Mayo Hall,bus_stop,12.973855,77.6112422
Holy Shepherd English High School,school,12.9790489,77.6390579
Forum City Apartment,bus_stop,12.9965031,77.5881153
Vyalikaval,bus_stop,12.999259,77.5776936
Sirsi Circle,bus_stop,12.9601734,77.5590301
Krishnarajendra Market (Kalasipalya),bus_stop,12.9601936,77.5772027
Krishnarajapura,railway_station,12.9999024,77.6776703
Benniganahalli,railway_station,12.9965158,77.6684619
Bommanahalli,railway_station,12.9106157,77.6264782
Central Silk Board,railway_station,12.9165816,77.620567
BTM Layout,railway_station,12.9165878,77.6081182
Ragigudda,railway_station,12.9170807,77.5883015
Punjab National Bank,bank,12.9649875,77.5996327
Ravi Tent,bus_stop,12.9514792,77.6215009
Kaikondrahalli,bus_stop,12.9140233,77.6777603
Ibbaluru,bus_stop,12.9212928,77.6630914
National Games,bus_stop,12.9487326,77.6201392
Koramangala Depot,bus_stop,12.9407094,77.6247519
State Bank of India,bank,12.918758,77.6699518
Simpli Namdhari's,shopping,12.9187238,77.6701231
Vathsalya Speciality Hospital,hospital,12.9939752,77.5391801
Kamalanagar Water Tank,bus_stop,12.995269,77.5380702
Allahabad Bank,bank,12.9918166,77.5375888
Metro Cash and Carry,shopping,12.9651869,77.5617183
Lakeside Medical Centre and Hospital,hospital,12.9878631,77.6177434
Apex Bank,bank,12.9738312,77.5444879
Canara Bank,bank,12.9736104,77.5444382
Maruthi Hospital,hospital,12.9677607,77.5413282
Aparna Hospital,hospital,12.9362087,77.616947
Saraswat Bank,bank,12.936096,77.6258876
HDFC Bank,bank,12.9325902,77.6232725
The National Co-operative Bank,bank,12.9353243,77.6146417
Tibet Mall,shopping,12.9337996,77.6159147
Apollo Spectra Hospitals,hospital,12.9338175,77.6201615
HDFC Bank,bank,12.9356454,77.628683
Yes Bank,bank,12.9362974,77.6277069
Andhra Bank,bank,12.9346219,77.6293199
State Bank of India,bank,12.9257724,77.6333947
Federal Bank,bank,12.9269862,77.6332224
Sankeerthana Hospital and Fertility Center,hospital,12.9256013,77.6359638
State Bank of India,bank,12.9256161,77.6368877
Chartered Sahakari Bank Niyamitha,bank,12.9250056,77.6379296
Kotak Mahindra Bank,bank,12.9740325,77.5755128
Central Bank of India,bank,12.9750489,77.5761449
Hindi Shikshak Training College,college,12.9913348,77.5507951
Axis Bank,bank,12.9899287,77.5528993
Unnamed,school,12.9269166,77.5850456
Srirampura,railway_station,12.9965253,77.5631963
Unnamed,bus_stop,12.919574,77.6517261
Yes Bank,bank,12.9124277,77.6387009
Kotak Mahindra Bank,bank,13.0182255,77.6430175
Nilgiri's,shopping,13.0181628,77.6432669
Karnataka Bank,bank,12.959495,77.5933412
Bangalore Prime Hospital,hospital,13.066842,77.6390545
Byrathi Cross,bus_stop,13.0571707,77.6482304
K Narayanapura Cross,bus_stop,13.0525889,77.6459505
Geddalahalli,bus_stop,13.0483573,77.6452772
J&K Bank,bank,12.9631282,77.5891892
Koramangala CPWD Quarters,bus_stop,12.9261729,77.6246174
ICICI Bank,bank,12.9256424,77.6366798
Maha Bazaar,shopping,12.9173946,77.6493143
Sony World Signal,bus_stop,12.9371627,77.6270757
Bellanduru Gate,bus_stop,12.9186297,77.6692843
Agara,bus_stop,12.9243729,77.6507985
Wipro Park,bus_stop,12.9288339,77.6331242
Maharaja Hotel,bus_stop,12.934309,77.629689
Sony World Signal,bus_stop,12.9370632,77.6269756
Koramangala Depot,bus_stop,12.9410352,77.6241999
NDDA Koramangala,bus_stop,12.9443093,77.6205521
Rajendranagar,bus_stop,12.9485137,77.6198203
Ravi Tent,bus_stop,12.9515758,77.6213248
Vannarapete,bus_stop,12.9564029,77.6209726
ASC Center,bus_stop,12.9622462,77.6189542
Military Accounts Office,bus_stop,12.9651914,77.617609
Military Accounts Office,bus_stop,12.9674547,77.6201638
Shanthi Nagara Bus Station,bus_stop,12.9543826,77.5925974
Wilson Garden Police Station,bus_stop,12.9513296,77.5952172
Wilson Garden 12th Cross,bus_stop,12.9470745,77.5978676
Muneshwara Devasthana,bus_stop,12.9366126,77.6067276
Koramangala Water Tank,bus_stop,12.9269396,77.6225982
1st Block Koramangala,bus_stop,12.9251488,77.6349571
Koramangala Water Tank,bus_stop,12.9275643,77.6205992
Subramanyanagara,bus_stop,13.0043604,77.5612959
Subramanya Nagar,bus_stop,13.0047903,77.5599387
Police Station Subramanyanagara,bus_stop,13.0034098,77.5536221
Unnamed,bank,12.921609,77.6719359
Rice Corner,shopping,12.9761861,77.5517728
Prasanna Theatre,bus_stop,12.9760905,77.5525048
UCO Bank,bank,12.9266553,77.6696446
Children's Park,park,12.9274741,77.6719868
Shiva Vision Care,hospital,12.9366526,77.6277125
Passport Office,bus_stop,12.9455523,77.6191553
Agara,bus_stop,12.9242932,77.6505566
St. John's Hospital,bus_stop,12.9295966,77.6158565
Platform 16,bus_stop,12.9768103,77.5739897
Teacher's Academy Degree College,college,13.0282133,77.6306485
Baiyappanahalli Metro Station Back Gate,bus_stop,12.9920274,77.6517568
Organic World,shopping,12.9118073,77.6514532
Hosakerehalli Junction,bus_stop,12.930753,77.5434236
Dwaraka Nagara Hoskerehalli,bus_stop,12.933909,77.5391681
Modern Food Goraguntepalya,bus_stop,13.0248514,77.5341117
Muthyala Nagara,bus_stop,13.0437494,77.5531728
Hebbala Bridge,bus_stop,13.0425879,77.5896831
Channasandra,bus_stop,13.0111605,77.6623119
B Narayanapura Ring Road,bus_stop,12.9963436,77.6838192
HSR Bus Depot,bus_stop,12.9205484,77.6437712
SI Apartment HSR Layout,bus_stop,12.9168099,77.6293825
Platform 15,bus_stop,12.9764963,77.5737412
Platform 16,bus_stop,12.9768183,77.5737131
Platform 17,bus_stop,12.9769999,77.5733177
Platform 18,bus_stop,12.9767623,77.5733156
Monotype,bus_stop,12.9220542,77.5693238
Angalaparameshwari Temple,bus_stop,12.9746166,77.5660917
Hunasemara,bus_stop,12.9752477,77.5651529
Nandini Layout,bus_stop,13.0114534,77.5357796
BEL Circle,bus_stop,13.045261,77.5564492
Govardhan Talkies,bus_stop,13.0179551,77.5537308
Aralimara Industrial Area Rajajinagara,bus_stop,12.9784222,77.5487941
Deepanjalinagara,bus_stop,12.9510776,77.5372343
Bhuvaneshwari Nagar Park,park,13.0544039,77.6021484
Ideal Supermarket,shopping,13.0205711,77.6837448
Navarang Theatre,bus_stop,12.9970678,77.5536547
Navarang Theatre,bus_stop,12.9979947,77.5516305
ESI Hospital Rajajinagara (Towards Old Police Station),bus_stop,12.9917373,77.5525895
GHPS Agara,school,12.9237787,77.6501646
Budda HPS BTM layout,school,12.9191035,77.6147674
GHPS NS Palya,school,12.9087935,77.6045543
Vidya Jyothi KHPS BTM Layout,school,12.9141446,77.6160973
GKHPS Vivekangara,school,12.9552253,77.6210383
GTELPS Vivekanagara,school,12.9551126,77.6210785
2nd Block Rajajinagara,bus_stop,12.9960576,77.5514241
Modi Hospital,bus_stop,12.997554,77.546095
Dhobi Ghat Rajajinagara,bus_stop,12.9877189,77.5511008
Shivanahalli 4th Main,bus_stop,12.9889735,77.5468723
Pushpanjali Talkies,bus_stop,12.9913479,77.54612
Navarang Bar,bus_stop,12.9910904,77.557746
1st Block Rajajinagara Diacon Hospital,bus_stop,13.0038152,77.5500662
Rajaji Nagar 1st Block,bus_stop,13.0036633,77.5490651
Mahalakshmi Layout Entrance,bus_stop,13.0085507,77.5487284
GUPHS Arblen,school,12.96555,77.6061116
GHPS Doopanahalli,school,12.9673592,77.639208
GHPS (K) Jogupalya,school,12.9723069,77.6302852
GUHPS Jogupalya,school,12.9706487,77.6311063
Sri Ramakrishna HPS Ulsoor,school,12.9760932,77.6293447
GMPS Marp Adugodi,school,12.9411408,77.6120178
GUHPS Rajendranagar,school,12.9475264,77.6171647
Koramangala K&T HPS,school,12.94766,77.6182798
Long Memorial HPS,school,12.942581,77.6089966
GMPS Koramangala,school,12.9436634,77.6189383
Shivaganga HPS Koramangala,school,12.94917,77.6188547
GHPS Dairy Colony,school,12.9386863,77.6072286
GHPS Lakkasandra,school,12.9438378,77.6000871
GHPS Suddagunte Palya,school,12.9305952,77.6083105
GMPS Munichinnappa Adugodi,school,12.9442879,77.6069753
GUHPS Lakkasandra,school,12.9431126,77.5995158
Chikanna Madevi HPS Venkatapur,school,12.9217806,77.6363478
Government Model Public School Venkatapura,school,12.9207382,77.6338341
GHPS Ksrp Koramangala,school,12.9243486,77.6325688
Sri Sathyanarayana HPS Madival,school,12.9244734,77.6185744
GUHPS  New Tavarekere,school,12.9199038,77.6087264
GHPS Tavarekere,school,12.9218216,77.61023
GHPS Eegipura,school,12.9447434,77.6296536
GUHPS Madivala,school,12.9221808,77.619154
Mahanagara Palike HPS Neelasandra,school,12.9547967,77.6116127
GUHPS Neelasandra,school,12.9174015,77.6036834
GHPS Ksrtc Shanthinagar,school,12.9539725,77.6004211
Shanthi KHPS Vinayakanagar,school,12.9533162,77.6005694
GKHPS Yalagondana Palya,school,12.9639537,77.6161707
GKMPS Wilson Garden,school,12.9482206,77.5968593
Government Urdu Higher Primary School,school,12.9296754,77.5965327
St Michael LPS Shanthinagar,school,12.9555605,77.5978653
Sadhguru Sai Baba HPS Roopena Bommanahalli,school,12.9103875,77.6249479
GKHPS Yadiyuru,school,12.9308215,77.5756443
NSVK Kannada School Jayanagar,school,12.9275465,77.5757852
Vijaya HPS Jayanagar,school,12.9357317,77.57751
Panchavati Vidyamandira Jayanagar,school,12.9274871,77.5888165
Maruthi KHPS Willson Garden,school,12.9492633,77.5974085
Sahakari Vidyakendra AHPS Jayanagar,school,12.9180064,77.5978472
GHPS Gurappana Palya,school,12.9188794,77.605562
GHPS Puttayyana Palya,school,12.9197208,77.5940053
GUHPS New Gurappana Palya,school,12.9242342,77.6041393
GUMHPS Old Gurappana Palya,school,12.9224842,77.6058977
Saint Anthony Higher Primary School,school,12.9264405,77.6000111
Ganapathi Vidyamandir V V Puram,school,12.9523143,77.5817969
GHPS Tilak Nagar,school,12.9315109,77.5994396
Kumarans HPS Jayanagar,school,12.9179833,77.5903119
GHPS Ibaloor,school,12.921317,77.6634399
GHPS Byrasandra,school,12.933863,77.5910009
GHPS(U) Byrasandra,school,12.9329465,77.5918045
Tejaswini KHPS Yadiyur,school,12.9308366,77.5882379
Adarsh KHPS,school,12.9306021,77.589132
Shree Sangameshwara KHPS Byrasandra,school,12.9339884,77.5906546
GUHPS V V Puram,school,12.9544133,77.5821593
GHPS Lalbhag Siddapur,school,12.9458038,77.5884207
Sangameshwara HPS Byrasandra,school,12.9116316,77.6023166
Padmavathi HS Suddagunte Palya,school,12.9475906,77.6117497
St Miras HPS Ulsoor,school,12.9685408,77.6288761
Kairaliketan HPS Jogupalya,school,12.9766881,77.6282174
GHPS Appareddypalya,school,12.9741197,77.6374384
St. Mary's Euphrasia School,school,12.9675192,77.603794
GUMPS Tank Garden Arekempanahalli,school,12.9446007,77.594691
Francescon S G Palya,school,12.93132,77.6088007
Sacred Heart Boys Primary School,school,12.9666911,77.6100815
Vidhyasagar House,bus_stop,12.9090308,77.6061478
Medical Center,hospital,13.0711049,77.5781394
Unnamed,bus_stop,13.0221282,77.6024059
Unnamed,bus_stop,13.0005352,77.599648
M K Retail,shopping,12.9781234,77.6371128
Sujatha Hospital,hospital,12.9781293,77.6372391
"Brilliant HPS HSR Layout, BBMP Agara",school,12.9177887,77.648656
"GULPS Parangipalya, BBMP Agara",school,12.9097245,77.650152
"Mount Carmel EHPS HSR Layout, BBMP Agara",school,12.9137798,77.6484692
Baiyappanahalli,railway_station,12.9907594,77.6523612
Swami Vivekananda Road,railway_station,12.9859306,77.644897
Indiranagar,railway_station,12.9783325,77.6386612
Halasuru,railway_station,12.9764992,77.626686
Trinity,railway_station,12.9730218,77.6170205
Mahatma Gandhi Road,railway_station,12.9755264,77.6067902
Cubbon Park,railway_station,12.9809575,77.5975756
"Dr. B. R. Ambedkar Station, Vidhana Soudha",railway_station,12.9787419,77.5916385
"Sir M. Visvesvaraya Stn., Central College",railway_station,12.9745197,77.58422
"Nadaprabhu Kempegowda Station, Majestic",railway_station,12.9757079,77.5728757
Krantivira Sangolli Rayanna Railway Station,railway_station,12.9758768,77.5653767
Magadi Road,railway_station,12.975632,77.5553523
"Sri Balagangadharanatha Swamiji Station, Hosahalli",railway_station,12.9742933,77.5456215
Vijayanagar,railway_station,12.9709559,77.5374044
Attiguppe,railway_station,12.9618931,77.5335788
Deepanjali Nagar,railway_station,12.9520578,77.5370122
"Hillside Public LPS Ns Palya, B T M Layout W No 65",school,12.9071902,77.6067335
"Sri Balamuri Vidya Samste LPS, B T M Layout W No 65",school,12.9087576,77.6025747
"Vidya Jyothi EHPS ,B T M Layout W No 65",school,12.9138593,77.6153672
"Green Paschers KHPS Ns Palya, B T M Layout W No 65",school,12.9105841,77.6008291
"M E S HPS Kuvempunagar, B T M Layout W No 65",school,12.9090967,77.6121578
"Jnanadegula HPS, B T M Layout W No 65",school,12.9190975,77.6148608
"Our Lady Fathima HPS, B T M Layout W No 65",school,12.9219732,77.6156311
"Babymirror HPS Vivekanagar, Austin Town W No 71",school,12.9572323,77.6179802
"Bala Aesu Vidyalaya HPS Viveka, Austin Town W No 71",school,12.9541946,77.6185446
"Infant Indian HPS Neelasandra, Austin Town W No 71",school,12.9566503,77.6154402
Mantri Square Sampige Road,railway_station,12.9904629,77.5707293
Mahakavi Kuvempu Road,railway_station,12.9985297,77.5568986
Rajajinagar,railway_station,13.0005247,77.5496568
Mahalakshmi,railway_station,13.0080475,77.5488066
Sandal Soap Factory,railway_station,13.0146544,77.5539839
Karur Vysya Bank,bank,12.9692985,77.5793482
Canara Bank,bank,12.9692389,77.5795139
Indian Bank,bank,12.9697564,77.5797471
"Shanthinikethan HPS Vivekanag, Austin Town W No 71",school,12.9531262,77.6204588
"Elight HS, Austin Town W No 71",school,12.9517387,77.6130259
"Reliance School, Austin Town W No 71",school,12.9568361,77.6137517
Byappanahalli,bus_stop,12.9898189,77.6540261
"New Cambridge Convent &HS, Bommana Halli",school,12.9080891,77.6242973
Jaya Prakash Nagar,railway_station,12.9074747,77.5731279
Banashankari,railway_station,12.9152208,77.573598
Rashtreeya Vidyalaya Road,railway_station,12.9215807,77.5802015
Jayanagar,railway_station,12.9295069,77.5801439
South End Circle,railway_station,12.9382573,77.5800556
Lalbagh,railway_station,12.9465265,77.580016
National College,railway_station,12.9505266,77.5736898
Krishna Rajendra Market,railway_station,12.9608788,77.5746578
Chickpete,railway_station,12.9668974,77.5745566
Vidyanikethan Ehp Dommalur,school,12.9562148,77.6373162
Hennur Depot,bus_stop,13.0258112,77.6318637
Bangalore Montessori Eng School,school,12.9554582,77.6374537
Lalbagh Main Gate,bus_stop,12.9541486,77.5846776
KR Market,bus_stop,12.9635939,77.5774463
Basappa Circle,bus_stop,12.9565027,77.5772532
Lalbagh Main Gate,bus_stop,12.9541476,77.5856828
GHS Dommalur,school,12.9594084,77.6402102
Okalipura,bus_stop,12.9822494,77.5678231
Syndicate Bank,bank,12.9826939,77.5607271
EHPS Baldwin School,school,12.9102228,77.6357046
Depot-25,bus_stop,12.9190044,77.6427129
SI Apartment HSR Layout,bus_stop,12.916641,77.6292687
Kuvempunagara Bus Station,bus_stop,12.9161615,77.6159675
16th Main BTM Layout,bus_stop,12.9163075,77.6094561
East end Jayanagara,bus_stop,12.9166251,77.5989916
East End Jayanagara (Towards Banashankari),bus_stop,12.916721,77.5963351
Ragigudda,bus_stop,12.9167987,77.5933846
Marenahalli Petrol Bunk,bus_stop,12.916904,77.5888329
Jayanagara 5th Block,bus_stop,12.9169876,77.5846936
Kuvempu Nagar,bus_stop,12.9164394,77.6159496
Depot-25 Gate,bus_stop,12.919248,77.6424755
Mulberry Greens,shopping,13.0037844,77.6228196
The Eye Surgical Centre,hospital,12.9821954,77.5493143
Kotak Mahindra Bank,bank,12.9256339,77.6368064
GTLPS jogupalya,school,12.9723602,77.6304912
"GULPS Jogupalya,",school,12.9740521,77.6273143
"GLPS Gowthamapura, jogupalya",school,12.9696041,77.6243903
Tata Institute,bus_stop,13.0130381,77.5676286
Gubbi Cross (Towards Byrathi Bande),bus_stop,13.0649229,77.6517266
Nagareshwara Nagenahalli,bus_stop,13.0702817,77.6425172
K Narayanapura Main Bus Stand,bus_stop,13.0664318,77.6407094
BDS Nagara,bus_stop,13.065725,77.6433366
Kothanuru,bus_stop,13.0620593,77.648917
Kristu Jayanti College,bus_stop,13.0590376,77.642862
"Gk&TLPS L R Nagara, Koramangala",school,12.9505983,77.6153935
"GLPS Rajendranagar, Koramangala",school,12.9448595,77.6170535
Holy Saint Eng Sch Koramangala,school,12.9356984,77.6166336
Neena HPS Kormangala,school,12.935468,77.6172102
Babymona EHPS Koramangala,school,12.9349547,77.6217464
Lawrence High School Koramangala,school,12.9399342,77.6157295
"Mes HS, Koramangala",school,12.9412382,77.6187265
"Sunshine HPS Lr Nagar, Koramangala",school,12.9515543,77.6190638
"Cephas Memorial Sch Rajendranagra, Koramangala",school,12.9447944,77.6172545
Dba Reddy Janasangha Koramangala,school,12.9289663,77.6240375
"Chinmaya Vidyalaya, Koramangala",school,12.9350185,77.6276797
"GLPS (U) Adugodi, Lakkasandra",school,12.9393229,77.6076781
"LPS Girls S R Nagar, Lakkasandra",school,12.9392239,77.6018416
"Genises Public School, Lakkasandra",school,12.9299028,77.6071901
Kaveri Convent HPS Madivala,school,12.9207827,77.6197807
"New Oxford HPS Jaibhimanagar, Madiwala",school,12.9196074,77.6149457
Khalsa Public LPS Madivala,school,12.9233791,77.618714
Padmavathi HPS Madivala,school,12.9246386,77.6149532
New Christ Convent HPS Madival,school,12.9203588,77.6173047
St. Sara Eng School Madiwala,school,12.9462573,77.6173121
IISc-ISRO Space Technology Cell,college,13.0267394,77.5633585
"A V S Convent, Madiwala",school,12.9237085,77.6116936
Unnamed,school,12.9176584,77.6368501
"Goldwyn Memorial Pub Sch Jakka, Madiwala",school,12.923222,77.6364709
ICICI Bank,bank,12.997802,77.5492702
Eastern Super Market,shopping,12.9973525,77.5475825
Centre for High Energy Physics,college,13.0254093,77.5633894
Astronomy and Astrophysics Programme,college,13.0249311,77.5629804
"Molecular Reproduction, Development & Genetics",college,13.0235748,77.5634176
Microbiology & Cell Biology,college,13.0234782,77.5643228
Centre for Ecological Sciences,college,13.0233135,77.5637421
Biochemistry,college,13.0241471,77.5640331
Centre for Cryogenic Technology,college,13.0168248,77.5653917
Government High School,school,13.0175291,77.5589477
State Bank of India,bank,12.9753831,77.6037573
JD Institute of Fashion Technology,college,12.9741814,77.6081923
United Bank of India,bank,12.9737704,77.6076552
CSB Bank,bank,12.9713517,77.6065451
St Patrick's Church,bus_stop,12.9701739,77.6050679
RMC Yard,bus_stop,13.0243692,77.5482953
Yeshwanthpura Tollgate,bus_stop,13.018267,77.5611061
Yeshwanthapura Ayyappa Temple,bus_stop,13.0217257,77.5632224
Syndicate Bank,bank,12.9742181,77.5793459
Punjab National Bank,bank,12.9734339,77.5806454
Bank of India,bank,12.9661166,77.6051702
"Kamala Neharu Gandhi Tavarekere,Primary school Madiwala",school,12.9205575,77.6088459
"St Flourence HS, Madiwala",school,12.9215986,77.6084916
"Aditya Venkatapura, Madiwala",school,12.9173053,77.6330233
"Indira Convent HS, Madiwala",school,12.9228196,77.6095716
Grand Majestic Mall,shopping,12.9773998,77.5762252
Krupanidhi HS,school,12.9210876,77.6188414
Carmel Garden Public School,school,12.9172814,77.6319494
RS Madivala School,school,12.9245862,77.6150716
GLPS Mestri Palya,school,12.9331051,77.62526
GLPS Sheenivagilu,school,12.9371426,77.6329739
Holy Christ HPS Eegipura,school,12.9568937,77.6178658
Modern HPS Eegipura,school,12.9417163,77.6309641
Patriyot Vidyanikethan LPS,school,12.9372466,77.6330696
Seema HPS Eegipura W No 68,school,12.9261765,77.6361788
St Frances Icse School Koramangala,school,12.9248675,77.6292823
GHS Ejipura,school,12.9447783,77.6288038
Sathya Bama Gopal Eng HS,school,12.9500615,77.624214
Chinmaya Vidya Kendra HPS,school,12.9401321,77.6306411
Bright English HPS,school,12.950636,77.613165
Methadist HPS Anepalya,school,12.9505064,77.6082572
Christal LPS Neelasandra,school,12.9503639,77.6112572
Shanthinikethan HPS,school,12.9499617,77.6182698
Modern HPS Anepalya,school,12.9515358,77.6102985
Credence Public school,school,12.9538525,77.613761
"LPS Vinayakanagar,Shanthinagar",school,12.9515296,77.6017794
Morning Glory LPS,school,12.9592835,77.5945482
DS Supermarket,shopping,12.9281691,77.671773
State Bank of India,bank,13.0665131,77.5966238
HDFC Bank,bank,13.0662126,77.597857
Venus Bone & Joint Centre,hospital,13.0665572,77.59647
Sri Sudha Co-Operative Bank Ltd,bank,13.066602,77.5963556
Axis Bank,bank,13.0068889,77.5488656
Lourdes High School,hospital,13.0182102,77.540004
Boregowda Lingamma Hospital,hospital,13.016705,77.539386
Kanva Hospital,hospital,13.0175606,77.5394308
Richmond Circle,bus_stop,12.9636326,77.5963622
Poornaprajna School,bus_stop,13.0755933,77.6515281
Bible College Byrathi,bus_stop,13.0712458,77.6514302
ICICI Bank,bank,12.9203305,77.5601312
Syndicate Bank,bank,12.9205605,77.5601846
Yogananda Multi Speciality Hospital,hospital,12.9158516,77.5593919
13th Cross Malleshwaram,bus_stop,13.0034287,77.5652495
Dr. Agrawal's Eye Hospital,hospital,12.9998982,77.5501121
ICICI Bank,bank,13.0681288,77.6287561
Corporation Bank,bank,13.0703757,77.6217771
State Bank of India,bank,12.9341998,77.5841516
St John's Hospital KSRTC Bus Stand,bus_stop,12.9296619,77.6156616
Baldwin School,bus_stop,13.0146175,77.6573666
Ashok Hospital,hospital,12.9948905,77.5347984
Balaji Hospital and Gastroenterology Center,hospital,12.9376087,77.5666429
Chaitanya Hospital,hospital,13.0237316,77.5941463
Dr. B. Venkatasubbarao Memorial Hospital,hospital,12.9981979,77.568151
"South City Hospital, Bengaluru Urban",hospital,12.9497745,77.5802779
"Sri Sai Hospital, Bengaluru Urban",hospital,13.0370143,77.6238732
Jupiter Hospital And Institute Of Vascular Surgery,hospital,12.9998457,77.5663653
Ashirwad Hospital,hospital,13.0289685,77.6045479
Asha Kiran Children & Women Health Care Centre,hospital,13.0263529,77.5933929
Radha Maternity and Surgical Hospital,hospital,12.9690441,77.5688544
"Hitech Kidney Stone Hospital, Bengaluru Urban",hospital,12.9878104,77.5809833
Sri Dhavantari Ayurveda Hoapital,hospital,12.9822186,77.5599374
Vaidyam Hospital,hospital,12.9845512,77.5528322
Suresh Hospital - Bangalore,hospital,12.9897745,77.5551014
Lakshmi Maternity Home,hospital,13.0058226,77.5694512
Manjunatha Maternity Home and Surgical Centre,hospital,13.0077265,77.5696993
Samprathi Eye Hospital And Squint Centre,hospital,12.9932806,77.580691
Shankara Nethralaya Eye Hospital,hospital,13.0089953,77.5406188
ChanRe Rheumatology and Immunology Center and Research,hospital,12.9992083,77.550269
"J M J Hospital, Bengaluru Urban",hospital,13.0398217,77.6230843
Sri Krishna Hospital,hospital,12.9215013,77.5655432
Malleswaram Eye Day Care Hospital - Bengalore,hospital,12.9966677,77.5716037
Mahaveer Eye Hospital Private Limited,hospital,12.9933551,77.5729595
Bilva Hospital,hospital,12.9989833,77.5802015
"Nethradhama Superspeciality Eye Hospital, Jayanagar",hospital,12.9256932,77.5773127
Dr Agarwals Eye Hospital Ltd,hospital,12.9122295,77.5994906
Sri Venkateshwara Hospitals,hospital,12.926471,77.6167399
"Nova Specialty Surgery Center, Koramangala",hospital,12.9339097,77.620208
C.S. Hospital,hospital,12.9118831,77.5528805
Sri Kalabyraveshwara Swamy Ayurvedic Medical College hospital,hospital,12.9650437,77.5435022
"Anugraha Hospital, Vijayanagar",hospital,12.9765645,77.5455876
Amar Hospital,hospital,12.9711822,77.5781228
Retina Institute Of Karnataka,hospital,12.95727,77.5640827
The Venlakh Hospital,hospital,12.9572978,77.5644522
Vishwabharathi Hospital Pvt. Ltd,hospital,12.9406698,77.5644596
"Sunetra Eye Hospital, Bengaluru Urban",hospital,12.9404548,77.5578493
Sri Vivekananda Sevashrama,hospital,12.9253299,77.5711893
Saraswathi Hospital,hospital,12.9276382,77.568896
National Institute of Mental Health and Neuro Sciences,hospital,12.9386321,77.5944105
Netraspandana Healthcare and Research Pvt. Ltd,hospital,12.9291283,77.5461361
Nu Trust,hospital,12.9176216,77.5550705
"Padmavathi Hospital, Bengaluru Urban",hospital,12.9817311,77.5333714
K C Raju Multi Speciality Hospital,hospital,13.0090828,77.6235594
Ring Road Hospital,hospital,12.9278657,77.5519297
Varalakshmi Hospital,hospital,12.924624,77.6170966
Kala Hospital,hospital,13.0223669,77.5587304
"Shekhar Hospital, Jayanagar",hospital,12.917589,77.5948906
"Vasan Eye Care Hospital, Sarakki",hospital,12.9103393,77.5732398
Mahanth Hospital,hospital,12.9079615,77.6235715
Sunayana Eye Hospital,hospital,12.9255233,77.5937748
"Lakshmi Hospital, Ganganagar",hospital,13.024837,77.592089
Lokhande S Hospital,hospital,13.0186045,77.6479433
Dr. T.V.Ramesh Piles Hospital,hospital,13.0250141,77.5856289
Dr Kamini Rao Hospital(A Unit Of Bacc Health Care Pvt Ltd),hospital,12.9163994,77.5847384
HCG,hospital,12.9605309,77.592659
Dr Ambedkar Medical College Hospital,hospital,13.0218188,77.613084
"Supriya Hospital, Bengaluru Urban",hospital,12.9929043,77.5588015
Manju Sree Hospital,hospital,13.0212406,77.6070739
Raj Mahal Vilas Hospital,hospital,13.0322819,77.5770459
Devi Eye Hospital,hospital,12.9412109,77.6238987
Shree Vijayalakshmi Hospital and Trauma Centre,hospital,13.0373572,77.6409059
Kalasa Maternity Home,hospital,12.9548208,77.5672585
Sidvin Hospital Pvt Ltd,hospital,12.982442,77.5493681
Abhilash Hospital And Sara Rehabilitation Centre,hospital,12.9246384,77.5509238
"HCG, Koramangala",hospital,12.9343279,77.6228848
Sg Hospital,hospital,12.9275311,77.5457901
Place Guttahalli Maternity Home,hospital,12.9988238,77.5819892
"Phoenix Hospital, Bengaluru Urban",hospital,12.9608027,77.5911717
"Vasan Eye Care Hospital, Banaswadi",hospital,13.0241341,77.6335546
"Vasan Eye Care Hospital, R.T.Nagar",hospital,13.0251833,77.5920609
Kims Hospital and Research Centre,hospital,12.9563016,77.5747874
"Karthik Hospital, Bengaluru Urban",hospital,12.9489406,77.5949925
Bangalore Kidney Stones Hospital,hospital,12.9670215,77.5892667
Sree Lakshmi Hospital,hospital,12.9825937,77.6814736
"Abhaya Eye Hospital, Super Speciality Eye Care Centre",hospital,12.9271131,77.5471291
Mediscope Hospital Private Limited,hospital,12.9994472,77.6162584
Medi Derma Hospital,hospital,13.0555559,77.6517145
Manjushree Speciality Hospital,hospital,12.9825845,77.6124926
Namratha Nursing And Maternity Home,hospital,13.0045747,77.5432728
The Pulse Multi Speciality Hospital,hospital,12.9424801,77.5473283
Popular Hospital,hospital,12.9514854,77.5703564
Gavipuramguttahalli Maternity Home,hospital,12.9526505,77.5548633
Ayurseva Hospital,hospital,13.0139247,77.6640775
Spine Care And Ortho Care Hospital,hospital,12.9745134,77.5493883
Tanmay Hospital,hospital,12.9733764,77.5474034
Bhagavathi Multi Speciality Hospital,hospital,12.9160636,77.6308219
Sri Sai Ram Hospital - Bangalore,hospital,12.9144587,77.6003156
Susheel Hospital,hospital,12.9645006,77.5427189
"Sadhana Eye Hospital, Bengaluru Urban",hospital,12.970023,77.6307987
Av Hospital,hospital,12.938853,77.5786096
"Balaji Hospital, K.H. Ranganath Colony",hospital,12.9632506,77.5602901
Banasawadi Hospital,hospital,13.0205082,77.6509675
Bangalore Eye Hospital And Retina Centre,hospital,13.0221036,77.6387729
Bhavatprabhu Hospitals Pvt Limited,hospital,12.9670615,77.5903161
Nikad Ortho Centre,hospital,12.975802,77.6184806
Raksha Multispeciality Hospital,hospital,13.0195733,77.5419559
Cambridge Hospital,hospital,13.0195955,77.5419813
Azad Nagar Maternity Home,hospital,12.9559644,77.5485635
Gunasheela Surgical and Maternity Hospital,hospital,12.9403012,77.5764705
Excel Care Hospital,hospital,12.9207314,77.5736019
"Vasan Eye Care Hospital, Jayanagar",hospital,12.9292015,77.5819811
Hi Tech Kidney Stone Hospital,hospital,12.9271389,77.579028
Dr. Vidyananda's Surgery and Dia Centre,hospital,12.9242515,77.573217
"R K Hospital, Bengaluru Urban",hospital,13.0138123,77.6354731
"Prasad Eye Hospital, Bengaluru Urban",hospital,12.9356703,77.6079905
J.P.Nursing Home,hospital,13.0098352,77.5384723
North Side Health Centre,hospital,13.0267995,77.5870813
Amrutha Hospital,hospital,13.0657486,77.5992653
Dr Chaitanyas Dental Care & Implant Centre,hospital,12.9675989,77.6565533
Kareem E.N.T and Multispeciality Centre,hospital,12.9188948,77.6058905
Chinmaya Narayana Super Specialty Centre,hospital,12.9777106,77.6459773
Jyothi The Lasik Vision Centre,hospital,12.9496114,77.5790786
Bengaluru West Lions Hospital,hospital,12.9563042,77.5830996
Vijayanagar Hospital,hospital,12.9716291,77.5371969
Abhinava Eye Hospital,hospital,12.9550181,77.5683897
"Punarjyoti Eye Hospital, Bengaluru Urban",hospital,12.9685305,77.5843965
Sundar Hospital,hospital,13.0080166,77.6221479
V Care Hospital,hospital,13.015884,77.5973475
"Divya Drishti Eye Hospital, Vijayanagar",hospital,12.9586907,77.5352668
Srinivasa Eye Hospital,hospital,13.0147224,77.6515616
Spandana Hospital And Medical Centre,hospital,13.0112166,77.6743939
Sreeniwasa Hospital,hospital,12.9732706,77.5725357
Magadi Road Maternity Home,hospital,12.9741253,77.561823
Pristine Hospital,hospital,12.9980009,77.5432779
Dr Zamindar's Micro Surgical Eye Centre,hospital,13.0021978,77.6329015
Health Cottage Hospital,hospital,12.9709143,77.6321116
Poornima Hospital,hospital,13.0263344,77.595128
Dr.Zamindar Microsurgical Eye Centre,hospital,13.0178594,77.6547577
Good Shepherd Hospital,hospital,13.0328036,77.633289
"Dr.Agarwal Eye Hospital, Frazer Town, Bangalore",hospital,12.9960196,77.6128413
"Mamta Hospital, Bengaluru Rural",hospital,13.0377564,77.5744454
S. J. Hospital,hospital,13.0360827,77.575065
Republic Hospital,hospital,12.964162,77.5982255
R.R. Hospital and Trauma Centre,hospital,12.9074269,77.5716318
Sri Sai Eye Hospital,hospital,13.011968,77.6659168
Sri Ram Speciality Hospital,hospital,12.9543777,77.6209764
Zion Hospital And Research Centre Pvt.Ltd.,hospital,13.0149675,77.6354957
Institute Of Nephro Urology hospital,hospital,12.9619528,77.5728562
Well Spring hospital,hospital,12.9425676,77.6224349
Aaroyha Mandir Hospital,hospital,13.0105038,77.5502452
"Punya Hospital, Bengaluru Urban",hospital,12.9862161,77.5374853
Dr. Sailaja's Super Speciality Eye Hospital,hospital,13.0276736,77.6614188
Hillside Hospital,hospital,12.9162753,77.5589544
Pd Hinduja Sindhi Hospital,hospital,12.9646359,77.5926509
Sri Ranga Arogyadhama,hospital,12.9986239,77.542782
Rotary Eye Hospital (A Unit Of Bangalore North Rotary Trust),hospital,12.9817233,77.5549364
Acharya Tulsi Jain Hospital,hospital,13.0218344,77.5567093
Get Well Hospital,hospital,12.9526616,77.61503
Premier Hospital,hospital,13.0241863,77.5960574
Gurukripa Hospital and Health Care Centre,hospital,13.0001802,77.5461146
Avian Medicare and Research Centre,hospital,13.0269276,77.6227882
Little Flower Hospital,hospital,13.0113204,77.6771966
"Venkateswara Hospital, Bengaluru Urban",hospital,12.9543465,77.5755649
"Madhu Hospital, Bengaluru Urban",hospital,12.9783164,77.5429603
Al- Habeeb Hospital,hospital,13.0236062,77.6196139
"Santhigiri Ayurveda and Siddha Hospital, Bengaluru Urban",hospital,12.9439008,77.6065864
7 Days,shopping,13.0204419,77.6367354
Black Village Organic Food Store,shopping,12.9884809,77.5931015
Platform 1,bus_stop,12.9539072,77.5926279
Superstore,shopping,12.9761427,77.6391205
Sri Kumaran's English School,school,13.0090628,77.6720657
Jubilee School,school,13.0053129,77.6749344
Manu Kannada School,school,13.0076876,77.6683121
State Bank of India,bank,13.0089378,77.6674347
Kaveri Grameena Bank,bank,13.0120621,77.6673126
Nilgiri's,shopping,13.0115623,77.6679382
HDFC Bank,bank,13.0114374,77.6795654
Vijaya Bank,bank,13.0154371,77.678566
UCO Bank,bank,13.0114374,77.6768112
St. Anne's Pre-University College For Girls,college,13.0123129,77.6793137
Ramamurthy Nagara Manipal,bus_stop,13.0116992,77.6705504
Carmel Convent,bus_stop,12.9267238,77.5970517
Canara Bank,bank,12.9232415,77.6191958
IDBI Bank,bank,12.962044,77.5933871
Corporation Bank,bank,12.9975602,77.5837594
TV Tower,bus_stop,13.0089874,77.5913454
TV Tower,bus_stop,13.0090528,77.5913031
TV Tower,bus_stop,13.0091077,77.5912716
ICICI Bank,bank,12.9942345,77.6078604
Sri Vani Girls High School,school,13.004793,77.553319
Police Station Subramanyanagara,bus_stop,13.0040826,77.553623
Sujatha Talkies,bus_stop,12.9823799,77.5620597
Byatarayanapura,bus_stop,13.0652103,77.5930372
CBI,bus_stop,13.0262488,77.5850757
KPCC Office,bus_stop,12.9830458,77.5764598
KR Market,bus_stop,12.9641909,77.5775789
Chamarajapet,bus_stop,12.9570648,77.5670372
Makkala Koota,bus_stop,12.9572556,77.5730279
Okalipura,bus_stop,12.9828968,77.5681812
7th Main Srirampura,bus_stop,12.9905409,77.566539
Hebbala,bus_stop,13.0412984,77.589549
RMV 2nd Stage,bus_stop,13.0424193,77.5799265
Bhoopasandra Ayyappa Bakery,bus_stop,13.0425957,77.5771317
K Narayanapura Cross,bus_stop,13.068006,77.6334983
Book Factory Thanisandra,bus_stop,13.0619626,77.6332623
Vidhyasagara,bus_stop,13.0453498,77.6272112
Petrol Bunk Nagavara Junction,bus_stop,13.0420496,77.6248696
Hebbala Bridge,bus_stop,13.0429448,77.5914536
MG Statue,bus_stop,12.9759915,77.5981857
Frazer Town,bus_stop,13.0009656,77.6129828
Lingarajapura Bridge,bus_stop,13.0098381,77.6237176
Kacharakanahalli,bus_stop,13.0215156,77.6286958
Depot-10 Gate,bus_stop,13.0262272,77.6308389
Hennur Junction,bus_stop,13.0276331,77.63229
Janaki Rama Layout,bus_stop,13.0434593,77.6423053
RK Medical,bus_stop,13.0228562,77.6579413
Patel Public School Kalyananagar,bus_stop,13.0137215,77.6423644
Maruthi School,bus_stop,13.0094565,77.6431811
Mosque Road,bus_stop,13.0003384,77.6159406
Coles Road,bus_stop,12.9965436,77.6122002
Postal and Telecom Colony,bus_stop,13.0132485,77.6165709
Indian Express,bus_stop,12.9840332,77.5975057
Kalyananagara Junction,bus_stop,13.0259411,77.6369476
Sindhi Colony,bus_stop,12.9954982,77.616304
Thoms Bakery,bus_stop,12.9912603,77.6142226
Sivanchetty Gardens,bus_stop,12.9896476,77.6153612
Commercial Street,bus_stop,12.9805153,77.6098118
Avinash Petrol Bunk,bus_stop,12.9904097,77.5891785
Shankar Mutt,bus_stop,12.9992662,77.5415636
Kurubarahalli,bus_stop,13.0012139,77.5362964
Yes Bank,bank,12.9668661,77.5354811
Vijaynagara,bus_stop,12.9717625,77.5377676
Vijayanagara Vijaya Bank,bus_stop,12.9735124,77.5413148
KR Market,bus_stop,12.963972,77.5788818
Shantinagara TTMC,bus_stop,12.9544711,77.5924312
KR Market,bus_stop,12.9645,77.5761889
Vinayaka Talkies,bus_stop,12.963891,77.5685298
MG Road Metro Station,bus_stop,12.9753877,77.6064952
Vivekanagara,bus_stop,12.9545541,77.6206318
Ravi Tent,bus_stop,12.95142,77.6220714
Shine Bakery,bus_stop,12.9505352,77.6242045
Srinivagilu Ejipura,bus_stop,12.9392098,77.6322712
HMT Layout RT Nagar,bus_stop,13.0247743,77.5946774
Neelasandra Bus Stand,bus_stop,12.9576621,77.6143393
Neelasandra Rose Garden,bus_stop,12.9536772,77.617509
Austin Town,bus_stop,12.9616019,77.6134227
D'Souza Circle,bus_stop,12.9675529,77.6109517
Garuda Mall,bus_stop,12.9696744,77.6103398
Domlur Flyover,bus_stop,12.9605112,77.6435673
Military Accounts Office,bus_stop,12.9670171,77.6210126
Vijayanagara,bus_stop,12.9720026,77.5376493
Navarang Theatre,bus_stop,12.9993714,77.5500105
Padmashree Diagnostics,hospital,12.9745983,77.5436792
Union Bank of India,bank,12.9730367,77.5382383
BHEL Gate,bus_stop,12.9497209,77.5367068
Yarayyanapalya,bus_stop,13.0115877,77.6733546
Banasawadi,bus_stop,13.01461,77.6524548
Ejipura,bus_stop,12.946605,77.6289077
Fairland Shop,bus_stop,12.9500437,77.6261947
Shine Bakery,bus_stop,12.9507168,77.6239711
Elgin Floor Mill,bus_stop,12.958807,77.606068
Nanjappa Circle,bus_stop,12.9606812,77.6010322
Akkithimmanahalli,bus_stop,12.9621501,77.5969666
High Ground Police Station,bus_stop,12.989061,77.588684
Maharani's College,bus_stop,12.9790586,77.5848792
Hennur,bus_stop,13.0398416,77.6413592
KR Circle,bus_stop,12.9757484,77.5865892
K Narayanapura Main Bus Stand,bus_stop,13.0664906,77.640751
Ashwath Nagara Cross,bus_stop,13.050419,77.6302917
Venus MultiSpeciality Hospital,hospital,12.9721779,77.6807872
BDS Nagara,bus_stop,13.0657342,77.6429906
MICO Layout Checkpost,bus_stop,12.9139498,77.6000445
MICO Factory Junction,bus_stop,12.9441426,77.6029372
Indian Christian Cemetry,bus_stop,12.9525963,77.604851
Elgin Flour Mill,bus_stop,12.9580895,77.6061814
Johnson Market,bus_stop,12.9634117,77.6066682
Jayanthi Nagar,bus_stop,13.0288888,77.6637201
Horamavu Agara,bus_stop,13.0367725,77.6549479
Hennur,bus_stop,13.0390694,77.6439857
HRBR Layout Cross,bus_stop,13.0238806,77.643224
80ft Road HRBR Layout,bus_stop,13.0210831,77.6431757
Cauvery Bhavana,bus_stop,12.9734679,77.5814541
"Maharani College, KR Circle",bus_stop,12.9767664,77.5858556
Indian Express,bus_stop,12.9835004,77.5963419
Bamboo Bazar,bus_stop,12.9918092,77.6019113
Doddi,bus_stop,13.0028662,77.6122002
Canara Bank Tannery Road,bus_stop,13.0070581,77.6126039
Periyar Nagara Circle,bus_stop,13.0085327,77.6133053
Muslim Colony,bus_stop,13.0104745,77.6151332
Postal and Telecom Colony,bus_stop,13.0119314,77.6160921
Venkateshapura,bus_stop,13.0152581,77.617511
Kadugondanahalli Police Station,bus_stop,13.0211014,77.6190707
Ambedkar Medical College Shampura,bus_stop,13.0231175,77.6126347
Thanisandra,bus_stop,13.0559857,77.6320513
Sujatha Talkies,bus_stop,12.9823871,77.5619169
Sujatha Talkies,bus_stop,12.9823721,77.5622065
Canara Bank,bank,12.9955818,77.5538957
Rajajinagar Entrance,bus_stop,12.9844532,77.556936
Vijayanagara Garage,bus_stop,12.9631003,77.5343062
Government Model Primary School,school,12.9577457,77.5338261
Chowdeshwari Temple,bus_stop,12.9947442,77.5663975
RC College,bus_stop,12.9839279,77.5868205
GPO,bus_stop,12.981735,77.5949469
Raj Bhavan,bus_stop,12.9829373,77.5921641
Ashwathkatte Sultanpalya,bus_stop,13.0246071,77.6033127
Electric B Station,bus_stop,12.9739911,77.6138595
Petrol Bunk,bus_stop,12.9674562,77.6559953
Malleshwaram 18th Cross,bus_stop,13.008731,77.5711125
RM Guttahalli,bus_stop,12.998441,77.5820187
Ganesha Temple Vasanthanagara,bus_stop,12.995202,77.5920926
Jeevanahalli Cross,bus_stop,12.9942724,77.6288179
Pankaj Dairy,bus_stop,12.9958484,77.6238812
Davanam Sarovar Portico Suites,shopping,12.9216966,77.620318
HDFC Bank,bank,12.9159432,77.6192416
Canara Bank,bank,12.9140735,77.6109398
Punjab National Bank,bank,12.9486204,77.5348721
Sirsi Circle,bus_stop,12.9612418,77.5594828
Canara Bank,bank,12.9961267,77.5644824
Lavonne Academy of Baking Science and Pastry Arts,college,12.9668354,77.6369007
HDFC Bank,bank,12.9722265,77.68077
Rajaji Nagar 1st Block,bus_stop,13.0041618,77.5491817
RBL Bank,bank,13.0042121,77.5508621
Roopena Agrahara Government Hospital,hospital,12.9102142,77.6244654
K.C. General Hospital,hospital,12.993382,77.5694167
Anand Rao,bus_stop,12.9811159,77.5768709
Kalyananagara Junction,bus_stop,13.0263618,77.6364058
Kalyananagara Junction,bus_stop,13.0263932,77.6362396
State Bank of India,bank,13.0314059,77.6355596
DMart,shopping,13.0334461,77.6374519
Axis Bank,bank,13.0485259,77.6452813
Sai Hospital,hospital,13.0701337,77.6329103
Cure Hospital,hospital,13.0324318,77.6085263
Athulya Departmental,shopping,13.0075364,77.5485219
Tata Institute,bus_stop,13.0144454,77.5684152
Tata Institute,bus_stop,13.0144349,77.5682737
HBR Layout,bus_stop,13.0346167,77.6288883
HBR Layout,bus_stop,13.0352027,77.6283201
Axis Bank,bank,13.0337466,77.6288822
Hennur Cross,bus_stop,13.0293448,77.6316918
Hennur Cross,bus_stop,13.029461,77.6316127
Lumbini Gardens,bus_stop,13.0432701,77.6094579
Lumbini Gardens,bus_stop,13.043198,77.6097425
Manyatha Tech Park,bus_stop,13.0408346,77.6184473
Manyatha Tech Park,bus_stop,13.0408171,77.6182622
Manyatha Tech Park,bus_stop,13.0411801,77.6204098
Shopwel Mart,shopping,12.990736,77.5870219
Mekhri Circle,bus_stop,13.0199738,77.5837071
Mekhri Circle,bus_stop,13.0200927,77.5837085
Mekhri Circle,bus_stop,13.0201985,77.5837125
Mekhri Circle,bus_stop,13.0203763,77.5837192
State Bank of India,bank,13.024189,77.5851756
Axis Bank,bank,13.0252747,77.5854385
CBI,bus_stop,13.0258842,77.5855168
UAS Campus,bus_stop,13.0302097,77.5871095
Veterinary College,bus_stop,13.0326896,77.5876111
The Brigade Hypermart,shopping,13.0522323,77.6462227
shop@rite,shopping,13.0576985,77.5465371
Double Tank,bus_stop,13.0676794,77.544685
Vishal Mega Mart,shopping,13.0296204,77.5611135
Karnataka Bank,bank,13.032069,77.5593775
Mattikere,bus_stop,13.0354072,77.5573879
Gokula,bus_stop,13.0412801,77.5572981
BEL Circle,bus_stop,13.0452884,77.5567791
BEL Circle,bus_stop,13.0452035,77.5568026
State Bank BEL Circle,bus_stop,13.0492614,77.5541009
BEL Market,bus_stop,13.0514021,77.5522068
CPRI,bus_stop,13.0148505,77.5751945
Yashas Neurocare,hospital,12.9853993,77.5454024
Focus Diagnostic Center,hospital,12.9870634,77.549951
Sujatha Talkies,bus_stop,12.9827491,77.5623903
New Oxford High School,school,12.9847669,77.5531782
HDFC Bank,bank,12.9857287,77.5524808
Karur Vysya Bank,bank,12.9858058,77.5513798
Ashirwad Market,shopping,12.9862606,77.5508527
Bank of Maharashtra,bank,12.9863873,77.5508474
Bank of India,bank,12.9987729,77.5522368
State Bank of India,bank,13.0000077,77.552163
Bank of Baroda,bank,12.9915596,77.5942361
Punjab National Bank,bank,12.9922679,77.5949737
Bethesda Academy,school,12.998522,77.6157112
Mosque Road,bus_stop,13.0001384,77.6160988
Carry Fresh,shopping,13.000439,77.6156254
Frazer Town,bus_stop,13.0011811,77.6121318
Harris Road,bus_stop,12.9994445,77.6093812
Hennur Cross,bus_stop,13.0277468,77.6337062
ICICI Bank,bank,13.0321291,77.6366056
IndusInd Bank,bank,13.0336982,77.6385516
Janaki Rama Layout,bus_stop,13.0436506,77.6427881
Star Market,shopping,13.0481365,77.6455307
Reliance Fresh,shopping,13.0475251,77.6443988
Lumbini Gardens,bus_stop,13.0434329,77.607847
Lumbini Gardens,bus_stop,13.0434781,77.6075598
Mekhri Circle,bus_stop,13.0145459,77.582214
Mekhri Circle,bus_stop,13.0197222,77.584
Mekhri Circle,bus_stop,13.0199181,77.5840113
Gangenahalli,bus_stop,13.0232851,77.5840235
CBI,bus_stop,13.0256818,77.5854562
Union Bank of India,bank,12.9332662,77.5403188
Sadashivanagara Police Station,bus_stop,13.0161793,77.5726283
CPRI Quarters,bus_stop,13.0226929,77.5722903
MS Ramaiah Hospital,bus_stop,13.0268786,77.5719356
Vittal Eye HOspital,hospital,12.931298,77.5412566
RC College,bus_stop,12.983973,77.5870015
KPCC Office,bus_stop,12.9831464,77.5765751
State Bank of India,bank,12.9824081,77.5747713
1st Block Koramangala,bus_stop,12.925122,77.6346785
1st Block Koramangala,bus_stop,12.9251364,77.6348354
Koramangala Water Tank,bus_stop,12.926867,77.6227936
St. John's Hospital,bus_stop,12.9295048,77.6161149
Jayanagara 38th Cross,bus_stop,12.9215014,77.5836333
ISKCON Temple,bus_stop,13.0118968,77.551535
Corporation Circle,bus_stop,12.9667074,77.5880067
Corporation Circle,bus_stop,12.966842,77.588118
Corporation,bus_stop,12.9681907,77.5873811
Corporation,bus_stop,12.9685004,77.5865073
Axis Bank,bank,12.9720421,77.5832324
Canara Bank,bank,12.9721584,77.5830647
State Bank of India,bank,12.9722943,77.5829172
Mysore Bank,bus_stop,12.9721532,77.5824183
Mysore Bank,bus_stop,12.9722682,77.5822601
Kotak Mahindra Bank,bank,12.9732666,77.5800808
South Indian Bank,bank,12.9740926,77.5782381
Anepalya,bus_stop,12.9531008,77.6051527
Anepalya,bus_stop,12.9533583,77.6051795
Anepalya,bus_stop,12.9537582,77.6052292
State Bank of India,bank,12.9581548,77.60537
Union Bank of India,bank,12.9630375,77.6049435
Family Mart,shopping,12.9597434,77.6019703
Hudson Circle,bus_stop,12.9678456,77.5908682
Hudson Circle,bus_stop,12.9679138,77.59109
State Bank of India,bank,12.9620404,77.5937144
Adugodi Police Station,bus_stop,12.940032,77.6094322
Anepalya,bus_stop,12.9521114,77.6053243
HSR Layout BDA Complex,bus_stop,12.916089,77.6351761
Central Silk Board,bus_stop,12.917519,77.6245029
Central Silk Board,bus_stop,12.9175046,77.6244009
Madiwala,bus_stop,12.9196739,77.6209509
Madiwala,bus_stop,12.9198229,77.6208436
Madiwala,bus_stop,12.9200033,77.620727
HDFC Bank,bank,12.9220738,77.6195025
Nilgiri's,shopping,12.9081445,77.6633996
HDFC Bank,bank,12.913857,77.6665123
Axis Bank,bank,12.9136635,77.6663929
Pluspoint Hypermarket,shopping,12.9163079,77.6680022
Drishti School of Photography,school,13.0489609,77.6038874
Nathaniel School of Music,school,13.0489518,77.6039886
Nathaniel School of Music,school,13.0626929,77.5898165
Nathaniel School of Music,school,12.9695407,77.6065569
Kiara Music Academy,school,12.9684861,77.6483457
Corporation Bank,bank,13.0491647,77.6026073
State Bank of India,bank,13.0111037,77.5789387
EasyDay Supermarket Ltd.,shopping,13.0378871,77.5743958
shop right,shopping,13.0305173,77.6673115
Chamundi Hi Tech Hospital,hospital,12.9240924,77.6177848
Canara Bank,bank,12.9378179,77.6028948
Unnamed,bus_stop,12.9391739,77.6021357
Little Flower Hospital,hospital,12.9807257,77.6823734
Jeevan Hospital,hospital,12.9901305,77.6713322
Vedam Ayurveda Multi Speciality Hospital,hospital,12.9946786,77.6709989
Stroke Treatment Paralysis,hospital,13.0239995,77.6585299
Geriatric Hospitals,hospital,13.0283977,77.6599575
Pragathi Piles Hospital,hospital,12.9966313,77.671863
Mahaveer Hospitals,hospital,12.9895049,77.6741439
Eshawar HospItal,hospital,13.033219,77.6747693
Medihope Super Specialty Hospital,hospital,12.973637,77.675186
Cure N Care Hospital,hospital,12.989869,77.676589
Prakruti Hospital,hospital,12.991561,77.6757833
Kamadhenu Hospital,hospital,12.975501,77.534972
Dr. Rajesh Hospitals Eye and Dental,hospital,12.9688989,77.6422131
OJUS Multi Speciality Hospital,hospital,12.957269,77.653945
"Goverment Hospital, Hosahalli",hospital,12.9744928,77.5342045
Jhon's Medical Hospital,hospital,12.9635299,77.6662889
Sriprasad Ayurveda,hospital,12.9734087,77.5462808
Vidya Eye Hospital,hospital,12.9707429,77.5377684
Sai Baba Hospital,hospital,12.9698194,77.6317472
Shree Sai Speciality Hospital,hospital,12.9555948,77.6418006
Magdum Hospital,hospital,12.9589495,77.6603768
Athoz Hospitals,hospital,12.9673428,77.6424996
G.R. Hospital,hospital,12.9802303,77.5548818
Sneha Horizon Hospital,hospital,12.9754301,77.5358001
Kangroo Hospital,hospital,12.974339,77.542325
Abhinav Hospital,hospital,12.9757486,77.553782
Suhusannidhi Hospital,hospital,12.969102,77.534951
ESIC Hospital,hospital,12.9693009,77.6317545
Sai Ortho and Dental Centre,hospital,12.9698191,77.5360801
Ammashrees Hospital,hospital,12.9794315,77.5441641
Lohitha Hospital,hospital,12.963951,77.64308
Bengaluru Child Neurology and Rehabilitaion Centre,hospital,12.9735574,77.5461246
Dr. Hemant Agrawal,hospital,12.9583212,77.659636
Dr. Nothesh Child Specialist,hospital,12.975423,77.540659
Swasthya Hospitals,hospital,12.9544981,77.6401572
Miracle Hopital,hospital,12.958861,77.654322
Vinayaka Hospital,hospital,12.93753,77.549675
Unani Hospital,hospital,12.9633185,77.5790145
Rahul Maternity & Child Health Centre,hospital,12.9596227,77.6146819
Bangaluru Unani Hospital,hospital,12.9405198,77.5794387
Medcare Hospital,hospital,12.953049,77.574203
Sumanjara Hospital,hospital,12.9417439,77.5601782
Corporation Hospital,hospital,12.961345,77.560893
Mitralaya Hospital,hospital,12.945591,77.5712865
People Tree Hospitals,hospital,12.942076,77.553598
Government Hospital,hospital,12.9609494,77.5613939
Verna Hospital,hospital,12.940404,77.5580361
"Government Hospital, Banglore",hospital,12.9587464,77.5573456
Royan Maternity & Child Welfare Centre,hospital,12.960311,77.568274
Alisa Eye Hospital,hospital,12.9652304,77.6104334
Shekhar Hospital,hospital,12.945944,77.567404
Government Hospital,hospital,12.949104,77.563226
Jeevini Sarvodaya Hospital,hospital,12.9415883,77.5641917
Mahaveer Ortho Care Speciality Centre,hospital,12.9569684,77.5695045
Raghavendra Hospital,hospital,12.938787,77.554296
Apaara Multi Speciality,hospital,12.938453,77.551329
Khincha Orthopaedic Centre,hospital,12.939882,77.573989
Parameshwari Hospital,hospital,12.948971,77.563543
Drishti Nethralaya,hospital,12.9422541,77.5506328
Furtde Hospital,hospital,12.9654649,77.5894756
Manavarthapet Pregnancy Hospital,hospital,12.9702549,77.5734571
Trinity Hospital and Heart Foundation,hospital,12.9434996,77.5796583
Spandana Heart Centre,hospital,12.957222,77.566486
Shas Eye Care,hospital,12.960296,77.614714
Matha Pitha Hospital,hospital,12.9420276,77.575634
ESI Hospital,hospital,12.972126,77.573351
Herige Hospital,hospital,12.960972,77.5609696
Gleneagles Global Hospitals,hospital,12.9654497,77.5999044
Punarjyoti Eye Hospital,hospital,12.9658901,77.589928
Swastik Eye Hospital,hospital,12.9479647,77.5696395
Dave Gray Hospital,hospital,12.9458294,77.5799015
Dr. Rudrappa's Hospital,hospital,12.9650303,77.5954946
Shishuka Children's Speciality Hospital,hospital,13.0193799,77.6535352
Skin Remediez,hospital,13.0091103,77.6579493
Navya Hospital,hospital,13.0524836,77.6120857
Ovum Birthing Centre,hospital,13.0201491,77.6516628
Icon Hospital,hospital,13.0528211,77.6041042
Medicure Hospital,hospital,13.0283463,77.6298629
Motherhood Women & Children Hospital,hospital,13.0102697,77.6525909
Feran Hospital,hospital,13.0263661,77.6302142
Super Specialty Eye Hospital,hospital,13.0166883,77.6604049
Endocrine Speciality Centre,hospital,13.013761,77.648529
Axis Hospital,hospital,13.065863,77.604213
Anjani Women's Day Care Hospital,hospital,13.0188119,77.647187
Eswar Women and Day Care Hospital,hospital,13.0658472,77.5992844
CDEC Hospital,hospital,13.026989,77.6281742
Pranam Dental Hospital,hospital,13.029101,77.620568
Milaan Hospital,hospital,13.0109537,77.6476418
Cloudnine Hospital,hospital,13.020084,77.654053
Lavis Hospital,hospital,12.925461,77.609021
Sevakshetra Hospital,hospital,12.9215119,77.5724702
Shree Vaishnavi Heart Centre and Multi Speciality,hospital,12.9121632,77.6098276
Marigold Hospital,hospital,12.9136262,77.6045369
Bharathi Hospitals,hospital,12.9334096,77.5622345
Devi Hospital,hospital,12.9239445,77.6198634
Devagiri Hospital,hospital,12.924153,77.565797
Pothys Hospital,hospital,12.9159348,77.6034098
Center for Liver Disease Hospital,hospital,12.916234,77.593019
Sudha Prevention Centre,hospital,12.9254569,77.5467101
Sahasra Hospital,hospital,12.920651,77.5746118
Health India Hospital,hospital,12.9265183,77.6090995
Shanti Hospital,hospital,12.9202202,77.5772991
Spurthy Hospital,hospital,12.923857,77.611355
Apollo Cradle Maternity & Children's Hospital,hospital,12.916885,77.585258
Cumins Sports park,park,13.0291681,77.6691999
Ramesh Nagar Bus stop,bus_stop,12.9624428,77.6816765
Axis Bank,bank,13.0040149,77.6176333
State Bank of India,bank,12.9512403,77.5687733
"Orchids The International School, VijayaNagar",school,12.970057,77.5358963
Orchids The International School - Mahalakshmi Layout,school,13.0116909,77.5468543
State Bank of India,bank,12.976757,77.6465951
Chinmaya Hrudayalaya,hospital,12.9778121,77.6459447
Punjab National Bank,bank,12.9779152,77.6429773
Vyasa International School,school,13.0543023,77.5685759
Tinge Custom Makeup Studio,shopping,12.9771467,77.6172628
South Indian Bank,bank,13.030564,77.5601296
Bank of Baroda,bank,13.0008456,77.6219257
Vijaya Bank,bank,12.9900506,77.5561739
Indian Overseas Bank,bank,13.0642742,77.650943
Bank of Baroda,bank,13.0384524,77.5649122
Andhra Bank,bank,13.0280537,77.5621055
Federal Bank,bank,13.024748,77.5917987
Dena Bank,bank,13.0176903,77.5899085
Canara Bank,bank,13.0144657,77.5678412
State Bank of India,bank,13.0063435,77.5760173
Union Bank of India,bank,13.0015255,77.6254644
Canara Bank,bank,13.0012148,77.5358056
Vijaya Bank,bank,13.0009024,77.5715721
State Bank of India,bank,13.0001224,77.5712818
Union Bank of India,bank,12.9985128,77.5531829
Bank of Baroda,bank,12.9984609,77.5730292
State Bank of India,bank,12.9977915,77.5437368
State Bank of India,bank,12.9977681,77.5717257
Axis Bank,bank,12.9961075,77.5794798
State Bank of India,bank,12.9940393,77.5776887
IDBI Bank,bank,12.9937009,77.5556279
Indian Bank,bank,12.9931411,77.5767129
Corporation Bank,bank,12.9927951,77.5898065
Federal Bank,bank,12.9926008,77.5552992
Union Bank of India,bank,12.9916668,77.5549016
Andhra Bank,bank,12.9910228,77.5576941
Bank of Baroda,bank,12.9905494,77.5578922
Andhra Bank,bank,12.9807621,77.5585094
Axis Bank,bank,12.98,77.576
Federal Bank,bank,12.9769785,77.5788979
South Indian Bank,bank,12.9717162,77.6813888
Canara Bank,bank,12.9702025,77.5576176
ICICI Bank,bank,12.9191579,77.5838237
Bangalore Healthcare Center Pranav Ayurveda Hospital,hospital,13.0770012,77.5581038
Government Hospital,hospital,13.070554,77.5388968
Nayanalaya Super Speciality Eye Care Centre,hospital,13.006795,77.571159
Srinidhi Health Centre,hospital,13.005821,77.5725746
Orthopedic & Eye Care Center,hospital,13.0054934,77.5719519
ESI Hospital,hospital,13.004596,77.5540033
Ramani Orthopaedic Hospital,hospital,13.0044307,77.5785238
Atharva Ayurdhama Ayurvedic Hospital,hospital,13.004314,77.547749
RICH CARE HOMEOPATHY,hospital,13.0015461,77.5721683
Poornayu Ayurveda Hospital,hospital,12.998238,77.551173
Appllo Diagnostic,hospital,12.9981064,77.6008126
Supra Diagnostics Spine Care And Ortho Care Hospital,hospital,12.9969996,77.5730038
K.C.General Hospital,hospital,12.9960244,77.5693714
ESIC Model Hospital,hospital,12.9916924,77.5539007
Government Hospital,hospital,12.9905045,77.5566355
Esi Hospital Bangalore,hospital,12.9904985,77.5530924
Government Hospital,hospital,12.9844963,77.5551801
Anupama College of Management And Science,college,13.0066617,77.5449837
Government Pre University College,college,12.9900587,77.5661228
Global Institute of Medical Science,college,12.9686611,77.5856195
Kotak Mahindra Bank,bank,13.0009956,77.599335
Prestige Supermarket,shopping,12.9953917,77.6027682
Bank of Baroda,bank,12.9966808,77.6114532
Syndicate Bank,bank,12.9957125,77.6109356
Shankar Mutt,bus_stop,12.9992146,77.5416662
Sukrupa School,school,13.0327874,77.5965496
M.S.Polytechnic,college,13.019726,77.5552398
Sun Orthopaedic center,hospital,13.0332219,77.5549236
More,shopping,13.0338742,77.5539838
Food Supermarket,shopping,13.0333661,77.5541308
St. Johns hospital Emergency ward,hospital,12.9305937,77.6186159
Equitas Small Finance Bank,bank,12.9977281,77.5408233
L.C.R. English School,school,13.0278362,77.5562995
Yeshwantpura,bus_stop,13.02183,77.5533325
Unnamed,park,13.0238172,77.5543788
Nexgen supermarket,shopping,13.0308986,77.5542479
Unnamed,bank,13.0409904,77.5636179
Dairy circle (towards lakkasandra),bus_stop,12.9356855,77.6012737
Lilly Rose English High School,school,12.9263406,77.6037971
State Bank of India,bank,13.0632769,77.6487414
ICICI Bank,bank,13.0643012,77.6492122
Kwality,shopping,13.0188904,77.636681
State Bank of India,bank,12.9322882,77.5641817
ICICI Bank,bank,12.9702244,77.6388413
Healing Hands Advanced Physiotherapy Clinic,hospital,12.9128623,77.5714903
Narayan Multispeciality clinic,hospital,12.9288444,77.5828703
Unnamed,bank,12.9285248,77.5829378
State Bank of India,bank,12.9840625,77.580813
HDFC Bank,bank,12.984414,77.578281
HDFC Bank,bank,12.913395,77.6044106
Kotak Mahindra Bank,bank,12.9137433,77.6087482
Unnamed,school,12.9588096,77.6177216
State Bank of India,bank,12.9133887,77.6043111
RBL Bank,bank,12.9139857,77.6088608
Siddaiah Puranik Junction,bus_stop,12.9823899,77.5371708
Havanuru Circle,bus_stop,12.9882597,77.5376291
Kamalanagar 8th Main,bus_stop,12.9918959,77.5385914
Siddaiah Puranik Junction,bus_stop,12.9830788,77.5372303
Union Bank of India,bank,12.9820356,77.5373867
ICICI Bank,bank,12.9134635,77.6101698
Vijayanagar,bus_stop,12.9731035,77.5381791
Manuvana/Hosahalli Metro station,bus_stop,12.9740795,77.5443065
Indian Bank,bank,12.9126995,77.6064081
Bank of Maharashtra,bank,12.9134524,77.605455
Sambhavam - Centre for Autism,school,12.9134224,77.6048622
HDFC Bank,bank,12.9642974,77.6146317
clinic,hospital,12.9395279,77.586437
Canara Bank,bank,12.9596526,77.5938318
Karnataka Bank,bank,12.9590854,77.5936373
K Channasandra,bus_stop,13.0400484,77.6794318
Shree Manyata Hospitals,hospital,13.0544507,77.6316369
Karnataka Bank,bank,12.9689056,77.6002859
HDFC Bank,bank,13.0312117,77.5596191
Canara Bank,bank,12.970798,77.5973193
Shivananda Stores,bus_stop,12.9877594,77.5804174
Kotak Mahindra Bank,bank,12.9985298,77.5422657
HDFC Bank,bank,13.0139397,77.5787263
Nature's Basket,shopping,13.0596934,77.5930734
FAME India,school,12.9236698,77.5783575
AU Small Finance Bank,bank,12.9717383,77.606402
Richmond Circle,bus_stop,12.9672877,77.5992467
Richmond Circle,bus_stop,12.9675763,77.5995767
Unnamed,bus_stop,12.9509272,77.5389954
Indian Express,bus_stop,12.983377,77.5971299
Indian Express,bus_stop,12.9834529,77.5971848
HDFC Bank,bank,12.9685344,77.6432642
ITI Colony,bus_stop,13.0338561,77.5686963
Unnamed,bank,12.9696753,77.640755
Kidwai Cancer Institute Radiation Block,hospital,12.9355966,77.5971575
Altius Hospital,hospital,13.0344639,77.6291947
"Flourish, School Of Baking & Cake Decor",school,12.9668493,77.6068628
Bashayam Circle,bus_stop,13.0049151,77.5811906
Bank of Baroda,bank,13.0055404,77.5817277
Devaiah Park,bus_stop,12.9964495,77.564306
CSB Bank,bank,13.0020334,77.5690756
Mount Carmel College,bus_stop,12.9928951,77.5887322
Tynimo,shopping,12.9935681,77.571371
Union Bank of India,bank,12.9928075,77.5712389
Indian Overseas Bank,bank,12.9970928,77.5715992
CSB Bank,bank,13.003654,77.6166234
East Railway Station Bus Stop,bus_stop,13.0015767,77.6185274
Family Shopping Mart,shopping,12.971867,77.6149549
Hasanath College,bus_stop,12.9793239,77.6148261
Kotak Mahindra Bank,bank,12.9822329,77.599225
HDFC Bank,bank,12.9821258,77.5994678
HDFC Bank,bank,12.9807928,77.6013547
Indian Bank,bank,12.9366398,77.6251927
Union Bank of India,bank,12.9745892,77.6196447
The Millenia,bus_stop,12.9819825,77.6240394
Begum Mahal Ulsoor,bus_stop,12.9752411,77.6200787
St. Theresa Hospital,bus_stop,13.0065732,77.5542349
St. Theresa Hospital,bus_stop,13.0065244,77.5542249
St. Theresa Hospital,bus_stop,13.0065514,77.5542304
ICICI Bank,bank,13.0071529,77.554585
HDFC Bank,bank,12.9997549,77.5525097
Navarang Theatre,bus_stop,12.9971734,77.5535557
Navarang Theatre,bus_stop,12.9971205,77.553608
Indiranagar Police Station,bus_stop,12.9781764,77.6409534
Indiranagar Police Station,bus_stop,12.9781925,77.6409527
B. Narayanapura,bus_stop,12.996232,77.6836231
Hennur Cross,bus_stop,13.0299279,77.6309703
Kempapura,bus_stop,13.0435918,77.6018105
Channasandra,bus_stop,13.0112663,77.6624857
Sarjapura Road Junction,bus_stop,12.9219291,77.6681618
Ibbaluru,bus_stop,12.9212787,77.66221
State Bank of India,bank,12.9757986,77.6030827
Big Bazaar,shopping,12.9192999,77.6689075
IDFC First Bank,bank,12.9220705,77.6513571
Hosmat Hospital,bus_stop,12.9699263,77.6117085
Hosmat Hospital,bus_stop,12.9699074,77.6117919
Mayo Hall,bus_stop,12.9733555,77.6097782
Mayo Hall,bus_stop,12.9734039,77.6098707
BTM Nagar Layout Water Tank,bus_stop,12.9165145,77.6067922
Kotak Mahindra Bank,bank,12.9171118,77.5927033
IDFC First Bank,bank,12.9200268,77.5838198
27th Main 13th Cross HSR Layout,bus_stop,12.9159916,77.6518272
Sri Sharada Nursery and Public School,school,12.9428948,77.5859861
The Mathikere Credit Co-operative Society Ltd.,bank,13.0333345,77.5562606
Mariyappanapalya,bus_stop,12.9984573,77.5565015
Sujatha Talkies,bus_stop,12.9827537,77.5623339
MD Block,bus_stop,12.99341,77.5700963
Central,bus_stop,12.9899872,77.5720957
RC College,bus_stop,12.9842458,77.5868943
RC College,bus_stop,12.984283,77.5870321
Chinnaswamy Stadium,bus_stop,12.9788437,77.5981481
Chinnaswamy Stadium,bus_stop,12.9787907,77.5981783
Corporation Circle (Cubbon Park),bus_stop,12.9684037,77.5894846
Corporation Circle (Cubbon Park),bus_stop,12.968473,77.5895771
Govardhan Talkies,bus_stop,13.0185208,77.5536409
Government Soap Factory,bus_stop,13.0133439,77.5537127
Mahalakshmi Layout Entrance,bus_stop,13.0091625,77.5488572
Mahalakshmi Layout Entrance,bus_stop,13.0092409,77.548876
Hebbala Bridge,bus_stop,13.0433016,77.5848746
Hebbala Bridge,bus_stop,13.0437052,77.5846217
Bhadrappa Layout,bus_stop,13.0470966,77.5734584
Goraguntepalya,bus_stop,13.0295068,77.5401118
Goraguntepalya,bus_stop,13.0296126,77.5401252
Goraguntepalya,bus_stop,13.029708,77.540144
Axis Bank,bank,12.9778093,77.6367545
"Lalbagh West Gate, V V Puram",bus_stop,12.9474363,77.5801089
"Lalbagh West Gate, V V Puram",bus_stop,12.9475069,77.5801089
Indian Overseas Bank,bank,12.9826877,77.5977753
Koramangala BDA Complex,bus_stop,12.9312249,77.6225603
Ejipura Junction,bus_stop,12.9384282,77.6317924
Embassy Golf Links,bus_stop,12.9508858,77.6395482
Embassy Golf Links,bus_stop,12.950946,77.6395817
Embassy Golf Links,bus_stop,12.9510113,77.6396032
Ejipura Junction,bus_stop,12.9386295,77.6334634
My Dentist,hospital,12.9429852,77.5460604
Canara Bank,bank,13.0061219,77.5650872
City Union Bank,bank,13.004069,77.5690998
Bala Vidya Mandir School,school,12.986139,77.5508943
Adugodi Police Station,bus_stop,12.9399274,77.6094872
Punjab National Bank,bank,13.0038422,77.5838648
Passport Office,bus_stop,12.9455201,77.6192189
Star Bazaar,shopping,12.9734315,77.6112855
Byappanahalli,bus_stop,12.9896869,77.6541742
KR Puram Railway Station KIAS stop,bus_stop,13.0003547,77.6760403
Silk Board TTMC,bus_stop,12.9182691,77.6231178
Zion Bank,bank,12.9829662,77.6064877
Tin Factory,bus_stop,12.9971131,77.6688503
"Railway Station, Majestic",bus_stop,12.9775068,77.5707681
Richmond Circle,bus_stop,12.9657401,77.6042277
Karnataka Bank,bank,12.9796918,77.6055656
Muthoot Finance,bank,12.9795841,77.6055942
Axis Bank,bank,12.9799217,77.6056281
Canara Bank,bank,12.9795087,77.60607
South Indian Bank,bank,12.9810884,77.6060136
ICICI Bank,bank,12.9794545,77.6062106
Kotak Mahindra Bank,bank,13.0495152,77.6038357
Kempapura Bus Stop,bus_stop,13.0514088,77.6040949
Yeshwanthpura Circle,bus_stop,13.0170646,77.5586238
Mysore Lamps,bus_stop,13.0131142,77.5608712
Vishal Mega Mart,shopping,13.0608078,77.5821447
Axis Bank,bank,12.9405431,77.6245299
HDFC Home Loans,bank,12.9423282,77.6226526
Ujjivan Small Finance Bank,bank,12.9417161,77.6233404
RBL Bank,bank,12.9422163,77.6228522
HDFC Bank,bank,12.9420181,77.6229498
Hosur Junction,bus_stop,12.9323224,77.6133272
Adugodi,bus_stop,12.9447421,77.6075165
Ayappa Temple,bus_stop,12.9260627,77.6173123
St. John's Hospital,bus_stop,12.9289585,77.6156476
Madiwala,bus_stop,12.9205403,77.6207639
Indian Bank,bank,12.9815446,77.6040916
State Bank of India,bank,12.9815186,77.604462
J & K Bank,bank,12.9804106,77.6044099
Utkarsh Small Finance Bank,bank,12.9398397,77.6252767
IndusInd Bank,bank,12.9399395,77.6251611
More,shopping,12.9120746,77.6480039
Industrial Area Rajajiangara,bus_stop,12.9814851,77.5491191
Rang De Bharat Foundation,college,12.9215629,77.5911575
Sampratishta School of Fine Arts & Design,college,12.921552,77.5911015
Koramanagala BDA Complex,bus_stop,12.9310071,77.6222207
Koramanagala BDA Complex,bus_stop,12.9309406,77.6221866
Domlur Bridge,bus_stop,12.9579831,77.6414602
Jyoti Nivas College,bus_stop,12.9352234,77.6142374
Koramangala Kalyana Mantapa,bus_stop,12.9375522,77.6186183
IndusInd Bank,bank,12.9388287,77.6189463
IDFC First Bank,bank,12.9404955,77.6200555
Unnamed,bus_stop,12.9421933,77.6231945
Electric B Station,bus_stop,12.9739504,77.6140566
Agara,bus_stop,12.9241053,77.6472169
ICICI Bank,bank,13.0505896,77.6217434
Sangha Mitra Credit Co-Operative Society,bank,12.9510939,77.6225922
Muthoottu Mini Financiers,bank,12.9512846,77.6230246
Indian Bank,bank,12.9350124,77.6302132
IDFC First Bank,bank,12.938313,77.6259211
ESI Hospital (towards Vijayanagara),bus_stop,12.9896917,77.5506448
Fun World Munireddypalya,bus_stop,13.0109351,77.589905
Fun World Munireddypalya,bus_stop,13.0109716,77.5898822
Fun World Munireddypalya,bus_stop,13.0110069,77.5898615
Country Grocer,shopping,12.9221927,77.6651955
Apollo Pharmacy,hospital,12.9263862,77.6766068
Star Bazaar,shopping,13.0517758,77.5939389
Sarjapura Road Junction,bus_stop,12.9204518,77.6657012
Halasuru,bus_stop,12.977681,77.6279305
Command Hospital,bus_stop,12.9640877,77.6262034
Command Hospital,bus_stop,12.9644573,77.6257739
Lido Talkies,bus_stop,12.9729758,77.6220111
Lido Talkies,bus_stop,12.9729105,77.6218918
Trinity Circle,bus_stop,12.9707267,77.6197325
Trinity Circle,bus_stop,12.9708156,77.6197178
Namdhari's Fresh,shopping,13.0271472,77.5791256
Chalukya,shopping,12.9871351,77.578442
Farm & Co.,shopping,12.9197052,77.5841121
Fincare Small Finance Bank,bank,12.9145272,77.6773089
Daffodils English School,school,13.0348455,77.5789482
Sri Aurobindo College,college,12.9990996,77.5502801
Organic Bharat,shopping,13.0027891,77.5502811
Nanda Talkies,bus_stop,12.9325103,77.5802162
Koramangala Police Station,bus_stop,12.9410235,77.6209247
Koramangala Forum Mall,bus_stop,12.9352222,77.6117987
MICO Gate,bus_stop,12.9444688,77.6029896
ESI Hospital Rajajinagara (Towards Navarang),bus_stop,12.9912355,77.5524849
ESI Hospital Rajajinagara (Towards Old Police Station),bus_stop,12.9913688,77.5525774
ESI Hospital Rajajinagara (Towards Old Police Station),bus_stop,12.9914884,77.5525834
ESI Hospital Rajajinagara (Towards Old Police Station),bus_stop,12.9916158,77.5525848
Canara Bank,bank,12.9961908,77.5640237
Punjab & Sind Bank,bank,12.9203767,77.5971434
The Bangalore School of Music,college,13.0264468,77.5918691
Simpli Namdhari's,shopping,13.0244058,77.5941852
Simpli Namdhari's,shopping,13.0628823,77.5940591
Simpli Namdhari's,shopping,12.9706509,77.6464433
Simpli Namdhari's,shopping,12.9699406,77.6097071
MG Statue,bus_stop,12.9767481,77.6000646
Wipro Park,bus_stop,12.9287689,77.6332998
Koramangala CPWD Quarters,bus_stop,12.9261318,77.6247141
Bank of India,bank,12.9259481,77.6239108
HDFC Bank,bank,13.0545024,77.5755966
Depot 6 Gate,bus_stop,12.9824401,77.6348111
IndusInd Bank,bank,12.9999811,77.552513
DCB Bank,bank,13.0003797,77.552997
IDFC First Bank,bank,13.0249984,77.6407176
Indian Bank,bank,13.0015059,77.5530553
Canara Bank,bank,12.9991903,77.5525312
Johnson Market,bus_stop,12.9632852,77.6066702
K-Food Antenna Shop,shopping,13.0163701,77.6473761
Dairy Science College,college,13.0293422,77.5837058
National Bureau of Soil Survey and Landuse Planning,college,13.0285112,77.5835663
Nadumuttam,shopping,13.049933,77.6453644
IDFC First Bank,bank,12.9849661,77.5963422
DMart,shopping,12.975895,77.5774641
Real mart,shopping,12.9529477,77.657206
Malleshwaram 15th Cross,bus_stop,13.0050199,77.5711666
State Bank of India,bank,12.9093675,77.6407794
HDFC Bank,bank,12.9165476,77.6379835
State Bank of India,bank,12.9633163,77.5889106
Suraksha Hospital,hospital,13.048083,77.628791
Chakkappan Stores,shopping,13.0645297,77.6485509
Axis Bank,bank,13.0641829,77.6486061
Vishal Mega Mart,shopping,13.0643494,77.6479487
Don Bosco High School,school,13.0655474,77.6442835
K Narayanapura,bus_stop,13.0624591,77.642194
Axis Bank,bank,13.0680752,77.6290686
State Bank of India,bank,13.0680413,77.6292343
Reliance Smart,shopping,13.0690014,77.6246819
Reliance Smart,shopping,13.0722229,77.6045895
Indian Bank,bank,13.0228495,77.6457323
Kalyan Nagar Junction,bus_stop,13.0265031,77.6372019
My grocer,shopping,12.9717424,77.6809351
Adugodi (Towards St. Johns),bus_stop,12.9440865,77.6074256
MICO Layout Checkpost,bus_stop,12.9134835,77.5997922
Gurappanapalya,bus_stop,12.919549,77.5999265
ICICI Bank,bank,13.0345887,77.57535
HDFC Bank,bank,13.0332579,77.5759301
Sanjay Nagara,bus_stop,13.0337293,77.5758966
Ashwath Nagar,bus_stop,13.0265095,77.5802122
Unnamed,bus_stop,13.0247959,77.582313
Unnamed,bus_stop,12.9842075,77.5988965
Veerabhadra Nagara,bus_stop,12.9380763,77.5338279
Sangam Circle,bus_stop,12.9170622,77.5786109
Punjab National Bank,bank,12.9823686,77.6082193
Agara,bus_stop,12.9241914,77.6505625
NR Colony,bus_stop,12.9378701,77.569651
Sunrise Mart,shopping,12.9643497,77.6134743
Daily Needs,shopping,12.9644738,77.613721
Corporation,bus_stop,12.9685514,77.586453
Central,bus_stop,12.9898987,77.5717351
Manjunatha Nagara,bus_stop,12.9957981,77.5507884
Manjunatha Nagara,bus_stop,12.9958909,77.5507636
Karnataka Bank,bank,12.9309394,77.5812181
M S Ramaiah Faculty of Pharmacy,college,13.0297739,77.5678793
Union Bank,bank,12.9634257,77.5842141
Ragigudda,bus_stop,12.9167837,77.593805
Yes Bank,bank,12.9170504,77.5938009
Jayanagar 5th Block,bus_stop,12.917202,77.5850797
7th Cross Wilson Garden,bus_stop,12.9470023,77.594381
NIMHANS Hospital,bus_stop,12.9387406,77.5982333
Kudremukha Colony,bus_stop,12.9256044,77.625335
HSR Police Station,bus_stop,12.919997,77.6515015
CPWD Quarters HSR Layout,bus_stop,12.9153354,77.6517132
NIFT College,bus_stop,12.9117472,77.6518212
Parangipalya Cross,bus_stop,12.9082426,77.6517481
Kudremukha Colony,bus_stop,12.9258857,77.6252751
Sony World Signal,bus_stop,12.9369597,77.6266777
Ejipura Junction,bus_stop,12.9383886,77.63313
Military Bridge,bus_stop,12.9459132,77.6401558
Kodihalli,bus_stop,12.9686413,77.649596
Canara Bank,bus_stop,12.9347192,77.6238229
Sangam Circle,bus_stop,12.9172836,77.578978
DMart X,shopping,12.9167621,77.649252
Silk Board,bus_stop,12.9170295,77.6223209
Silk Board,bus_stop,12.9168164,77.6223685
Silk Board,bus_stop,12.9168583,77.6222833
Bank of Baroda,bank,12.9160204,77.6198418
Canara Bank,bank,12.9560395,77.6210998
Passport Office,bus_stop,12.9447935,77.6199116
Lulu Hypermarket,shopping,12.9812257,77.5633806
Hasnath College for Women,college,12.9793318,77.6151279
HDFC Bank,bank,12.9200817,77.5796007
ICICI Bank,bank,12.9578594,77.5926986
Namdhari's Fresh,shopping,13.003153,77.5782663
Canara Bank,bank,12.999063,77.5736488
"IIHS, Bengaluru City Campus Annexe - I",college,13.0074059,77.5819464
The Local Dentist,hospital,12.9094156,77.663997
Axis Bank,bank,12.9606019,77.6493201
Fresh World,shopping,12.9961581,77.6213264
Gurappanapalya,bus_stop,12.9238132,77.6004538
Janani Clinics,hospital,12.9918503,77.5437825
Bandhan Bank,bank,12.9255788,77.6362412
CSB Bank,bank,12.9101235,77.5953898
Marenahalli,bus_stop,12.9147486,77.5858783
Lotus Hospital,hospital,12.9144825,77.6491563
RBL Bank,bank,12.9340561,77.6169989
Dattatreya Temple,bus_stop,12.998912,77.5749544
15th Cross Malleshwaram,bus_stop,13.0070274,77.5643751
Bamboo Bazar,bus_stop,12.9918628,77.6020497
State Bank of India,bank,12.9944698,77.5936554
Coles Park,bus_stop,12.9951999,77.6082784
Canara Bank,bank,12.9963894,77.612109
Punjab Stores,shopping,12.9963149,77.6122217
Yes Bank,bank,12.9945782,77.6157166
Ali Asker Road,bus_stop,12.9844166,77.5928213
St. Anne's College,bus_stop,12.9869146,77.5907137
Kalpana Circle,bus_stop,12.9894093,77.5926945
Mount Carmel College,bus_stop,12.9927997,77.5888342
Chandrika Hotel,bus_stop,12.9894774,77.5928821
Cubbon Park Metro Station,bus_stop,12.9807412,77.5984117
27th Main,bus_stop,12.9230934,77.6515362
NIFT,bus_stop,12.9122064,77.6517813
KEB,bus_stop,12.9119668,77.6491812
Unnamed,bus_stop,12.9090465,77.6458767
HSR Club,bus_stop,12.9092648,77.6423818
Unnamed,bus_stop,12.908987,77.6379937
Mangammanapalya,bus_stop,12.9075288,77.6350312
Salarpuria Serenity,bus_stop,12.906917,77.6326279
5th Main,bus_stop,12.910572,77.6325233
9th Main,bus_stop,12.9123524,77.6351291
14th Main Road,bus_stop,12.9122452,77.6378529
Unnamed,bus_stop,12.911938,77.6417902
19th Main,bus_stop,12.9123687,77.6446939
Unnamed,bus_stop,12.9162609,77.6448655
Indian Oil,bus_stop,12.9217039,77.6451109
Green Fresh,shopping,12.9091698,77.6392625
Bank of Maharashtra,bank,12.9710319,77.6067815
Families Supermarket,shopping,13.0334824,77.6090904
DMart,shopping,13.029036,77.6071212
Federal Bank,bank,13.0217968,77.6029889
ICICI Bank,bank,12.96331,77.6418665
HDFC Bank,bank,12.9693732,77.6287175
Nature's Basket,shopping,12.9786327,77.6426351
Star Bazaar,shopping,12.9123087,77.6330862
Axis Bank,bank,12.9165851,77.6195826
Axis Bank,bank,13.0010897,77.6270489
Smart point,shopping,13.0390311,77.5975494
Axis Bank,bank,12.9570024,77.5648634
Athena Public School,school,12.9569921,77.5644924
Kotak Mahindra Bank,bank,12.9569798,77.564357
Tumkur Veerashaiva Co-opperative Bank,bank,12.9574238,77.569714
State Bank of India,bank,12.9569748,77.5689944
The Hotel Industrialist's Co-Op Bank Ltd,bank,12.958223,77.5684377
Sir M Vishweshwaraya Co Operative Bank,bank,12.9555133,77.5695095
South India Banks Staff Training College,college,12.9533506,77.5700275
Akshaya,shopping,12.9514209,77.5698323
Axis Bank Cards & Merchant Acquiring,bank,12.9496068,77.5702581
IDFC First Bank,bank,12.9510913,77.5677782
Daivajna Credit Cooperative Society,bank,12.9569802,77.5636474
Karnataka Bank,bank,12.9571059,77.5705359
State Bank of India,bank,12.957053,77.56383
Bangalore High School,bus_stop,12.9533135,77.5676688
The National Co-operative Bank,bank,12.9464283,77.5695149
HDFC Bank,bank,13.0124653,77.5558842
KHB Colony,bus_stop,12.9812319,77.535992
KHB Colony,bus_stop,12.9812933,77.5358176
National College,bus_stop,12.9491223,77.5736234
Karnataka Bank,bank,13.0056874,77.5682864
Nesto Fresh Mart,shopping,12.964373,77.6145777
Peniel Community College for Women,college,13.0058168,77.6267398
Standard Chartered,bank,12.9701767,77.6439752
Bank of Baroda,bank,12.984269,77.5865757
Indian Overseas Bank,bank,12.9448759,77.5680072
IndusInd Bank,bank,12.9751851,77.6028219
State Bank of India,bank,12.9467429,77.5735181
Yes Bank,bank,13.0630418,77.5917159
Axis Bank,bank,13.0639758,77.5898809
Bhadrappa Layout,bus_stop,13.0470848,77.5735469
Hebbala Bridge,bus_stop,13.0425709,77.5898078
Tin Factory,bus_stop,12.996213,77.6684421
Tin Factory,bus_stop,12.9966065,77.6697525
Axis Bank,bank,12.9123225,77.6439107
Union Bank of India,bank,12.9571796,77.5501655
DMart,shopping,12.9584119,77.5532961
IndusInd Bank,bank,12.9143124,77.6774136
HDFC Bank,bank,12.9144877,77.6774217
Sreenidhi Souhardha Sahakari Bank,bank,12.9131925,77.6325549
Easyday Club,shopping,12.914311,77.6322175
Jana Small Finance Bank,bank,12.9140046,77.6322295
Express Hypermarket,shopping,12.917022,77.6316023
Nagarathna Srikantaiah Paramedical College,college,13.0015536,77.5695007
IndusInd Bank,bank,13.0012692,77.5694455
9th Main,bus_stop,12.9124648,77.6349306
Bandhan Bank,bank,13.0039938,77.5711211
Ayaans Hospital,hospital,12.9782618,77.6435889
Yarab Nagara,bus_stop,12.9157857,77.5694773
Devegowda Petrol Bunk,bus_stop,12.9221339,77.5594868
State Bank of India,bank,12.9163105,77.6110455
Punjab National Bank,bank,12.9163236,77.6109128
State Bank of India,bank,12.9164334,77.60502
JC Nagara,bus_stop,13.0068223,77.5925933
JC Nagara,bus_stop,13.0068602,77.5925691
Bandhan Bank,bank,12.9966141,77.5804456
Sri Vidya Mandir Education Society,school,13.0020724,77.5666429
HDFC Bank,bank,12.9880012,77.6175244
Swaraj Supermarket,shopping,12.9142984,77.6126914
Canara Bank,bank,12.9163241,77.6121494
Bandhan Bank,bank,12.9130339,77.6101804
IDFC First Bank,bank,12.914221,77.6099694
NIMHANS Department Of Psychiatric and Neuro Rehabilitation,hospital,12.9400516,77.5954768
Nimhans Mr-pet Center,hospital,12.9396498,77.5967825
NIMHANS Physiotherapy Center,hospital,12.9402037,77.5954721
Federal Bank,bank,12.9363489,77.6159468
HDFC Bank,bank,12.9364148,77.6161388
Utkarsh Small Finance Bank,bank,12.9978343,77.5695449
Axis Bank,bank,12.9985422,77.569579
Unnamed,bus_stop,12.9513843,77.5952448
RBL Bank,bank,12.9069377,77.5999429
Kashyapi Naturals,shopping,12.9074264,77.5824555
People's India Souharda Credit Cooperative Limited,bank,12.9107357,77.5829631
R V Dental College,bus_stop,12.9104465,77.5851165
RV Dental College,bus_stop,12.9104748,77.5853472
Loyal World Supermarket,shopping,13.0707337,77.5916103
Sharada Shri Public School,school,12.929597,77.5343709
Union Bank,bank,12.9218344,77.6513277
HDFC Bank,bank,12.9163154,77.6112036
Fish Mart,shopping,12.9165578,77.6356311
Unnamed,bus_stop,12.9577859,77.55404
State Bank of India,bank,13.0058326,77.5550356
Unnamed,bus_stop,12.9529751,77.5427735
Dmart,shopping,13.0542418,77.6019172
ICICI Bank,bank,13.0555168,77.6031771
Union Bank of India,bank,12.9589981,77.5825067
Vishal Mega Mart,shopping,12.9132992,77.6255557
Jayanagar 5th Block 40th Cross,bus_stop,12.9199007,77.5805844
Jayanagar 38th Cross,bus_stop,12.9225341,77.5837833
Jayanagar TTMC,bus_stop,12.9285179,77.5843951
Siddapura,bus_stop,12.9461685,77.588169
Mallige Hospital,bus_stop,12.9478623,77.5921306
Kasturba Road,bus_stop,12.9738378,77.5953901
Kasturba Road,bus_stop,12.9740803,77.5956811
Yes Bank,bank,12.9596838,77.5829494
State Bank of India,bank,12.9607154,77.5835644
Ratnadeep,shopping,12.969981,77.6398642
J24 Brothers Store,shopping,12.9696997,77.6387029
Axis Bank,bank,12.9349058,77.609149
ICICI Bank,bank,13.037758,77.5744038
Ratnadeep supermarket,shopping,12.9118379,77.642169
The Karnataka State Co-operative Apex Bank Ltd.,bank,12.9163043,77.6125868
Bharat Bank,bank,12.9262798,77.6332784
Jana Small Finance Bank,bank,12.9343675,77.630024
Satvik Aahar,shopping,12.9418935,77.6231805
Purity Prayag,shopping,13.0089801,77.563896
Bank of Baroda,bank,12.9166127,77.6150722
State Bank of India,bank,12.9168689,77.6007004
CSB Bank,bank,12.9165149,77.603164
Greenmart,shopping,12.9114451,77.6492616
IndusInd Bank,bank,12.9168516,77.6040297
Unnamed,park,12.9170097,77.5974513
Bank of India,bank,12.9164799,77.5967531
HDFC Bank,bank,12.9164726,77.596667
A Narayanapura,bus_stop,12.9947771,77.676929
ICICI Bank,bank,12.9198055,77.6518763
IndusInd Bank,bank,12.9082406,77.6519429
Axis Bank,bank,12.9141518,77.6516304
Wiggles shopify store,shopping,12.9575721,77.6001983
MEDSTAR Speciality Hospital,hospital,13.058128,77.5860405
Daily Essentials,shopping,12.908584,77.6500091
HDFC Bank,bank,12.9596245,77.5832707
27th Main,bus_stop,12.9234202,77.6516783
Mekhri Circle,bus_stop,13.0198088,77.5837552
Yes Bank,bank,12.913472,77.6057079
Union Bank of India,bank,13.0019836,77.5696866
Central Bank of India,bank,13.0281331,77.5618375
Vidyaranyapura BEL 1st Block,bus_stop,13.0703809,77.5554238
Vishal Mega Mart,shopping,13.0752074,77.5576357
Vidyaranyapura Post Office,bus_stop,13.0764196,77.5581953
UCO Bank,bank,13.000276,77.6176255
HDFC Bank,bank,12.9265197,77.6006498
Yes Bank,bank,12.9653142,77.5953153
ICICI Bank,bank,13.0077605,77.5635484
Bank of Baroda,bank,12.9765318,77.641257
Chamundeshwari Layout,bus_stop,13.0647859,77.559521
Yes Bank,bank,13.069397,77.5559973
BEL Circle,bus_stop,13.0461913,77.5559023
The Organic World,shopping,12.9338285,77.629995
"IIHS, Bengaluru City Campus - Annexe II",college,13.0093598,77.5800587
Vegetables Bhi Online,shopping,12.9576565,77.6011948
Karnataka Bank,bank,12.9179468,77.6493572
Karnataka State Cooperative Apex Bank,bank,12.9153706,77.6456263
Unnamed,bus_stop,12.9128871,77.6490311
Anand Supermarket,shopping,13.0682715,77.6044424
CeeKay Supermarket,shopping,12.9646059,77.6386616
Citi Food Centre,shopping,12.9547046,77.6486408
B Channasandra Bridge (Towards Banaswadi),bus_stop,13.0131862,77.6619246
ITC Factory,bus_stop,12.9985542,77.62207
Kadirenahalli Circle,bus_stop,12.9157354,77.561367
Prarthana School,bus_stop,12.9116576,77.5583589
Gowdanapalya,bus_stop,12.9115877,77.5555882
Chikkallasandra Aralimara,bus_stop,12.9118609,77.5523508
Chikkallasandra Bank Colony,bus_stop,12.9090687,77.5490557
Krishnarajendra Hospital,bus_stop,12.9070216,77.5460891
Arehalli,bus_stop,12.9084491,77.537781
Poornaprajna Layout,bus_stop,12.9087208,77.5358618
Uttarahalli Water Tank,bus_stop,12.9083667,77.5344269
BBMP High School,school,12.9569478,77.6015303
Reliance Petrol Bunk Goraguntepalya,bus_stop,13.0288417,77.5361972
Hosakerehalli Petrol Bunk,bus_stop,12.9328128,77.5403411
Hosakerehalli Junction,bus_stop,12.9306844,77.5430415
Jabbar,bus_stop,12.9803979,77.5741337
Anand Supermarket,shopping,13.0681713,77.6048075
IDeA College,college,12.9874213,77.5948654
Kotak Mahindra Bank,bank,12.9896423,77.5932252
Unity Small Finance Bank,bank,12.9896136,77.5932516
Punjab & Sind Bank,bank,12.9737997,77.6231991
ICICI Bank,bank,12.9314093,77.6325158
SVC Cooperative Bank Ltd,bank,12.9308067,77.6327707
HDFC Bank,bank,13.0067647,77.5545483
CSB Bank,bank,13.0488055,77.645685
Indian Bank,bank,12.9643591,77.5968522
IDBI Capital,bank,12.9646453,77.5972867
ICICI Bank,bank,12.9883273,77.593685
RBL Bank,bank,12.9887657,77.5918664
Central Bank of India,bank,12.9884534,77.5924256
St. Anne's PU College,college,12.9879659,77.5909142
St. Anne Public School,school,12.9881515,77.5905722
State Bank of India,bank,12.9765077,77.57598
Indian Overseas Bank,bank,12.9764266,77.5794711
Union Bank of India,bank,12.9782362,77.5808398
Union Bank of India,bank,12.9087963,77.6516734
Span Health Center,hospital,12.9774449,77.6271297
Punjab National Bank,bank,13.0092976,77.5629038
Canara Bank,bank,13.0203165,77.5555607
HDFC Bank,bank,12.9982456,77.571023
Repco Bank,bank,12.9780994,77.6345486
Government Science College,college,12.9736287,77.5861788
Government Arts College,college,12.9738939,77.5850362
ESAF Small Finance Bank,bank,12.9757077,77.6259807
Central College,college,12.975095,77.5842717
Maharani's College,bus_stop,12.9790907,77.5851461
"Maharani's Arts, Commerce and Management College",college,12.980325,77.5832927
VHD Home Science College,college,12.9775492,77.583451
Maharani's Science College for Women,college,12.9795827,77.5839847
Uvin Care Hospital,hospital,12.9778346,77.6282837
80 Feet Road,bus_stop,13.0276998,77.5753869
80 Feet Road,bus_stop,13.027771,77.5745407
Kanakagiri,bus_stop,13.0396395,77.668144
Unnamed,bus_stop,12.9821835,77.588658
Telephone Exchange AGO/VSD,bus_stop,12.9824083,77.5885244
Axis Bank,bank,12.9072066,77.5639201
Canara Bank,bank,12.9071177,77.5597872
ICICI Bank,bank,12.9071693,77.559871
Bengaluru City Hospital,hospital,12.9075935,77.5707809
Kasturba Road,bus_stop,12.9741511,77.5957681
Unnamed,bus_stop,12.9208885,77.6516666
Unnamed,bus_stop,12.9208376,77.6516694
Unnamed,bus_stop,12.920779,77.6516716
चिरंतना इंग्लिश स्कूल,school,13.0311563,77.5778161
Casio Home Needs,shopping,12.9993902,77.6160619
Punjab National Bank,bank,12.9961374,77.6138297
Namdhari's Fresh,shopping,13.0006904,77.6167013
Aspire Hospital,hospital,12.9971683,77.6145878
Axis Bank,bank,12.9965326,77.6136496
More,shopping,12.9970869,77.6145693
HDFC Bank,bank,12.9959985,77.6136694
Indian Overseas Bank,bank,13.0005983,77.6178333
Sanjeevini Nagara,bus_stop,13.0576155,77.5913588
Kodigehalli Gate,bus_stop,13.0571432,77.593182
Hennur Petrol Bunk,bus_stop,13.0328255,77.6371448
Sir M Vishweshwaraiah Railway Station,bus_stop,12.9994746,77.640464
Seventh Day School,bus_stop,12.9956942,77.6110596
Dasarahalli Kere,bus_stop,12.985858,77.5418647
Bashyam Circle Rajajinagara,bus_stop,12.9844558,77.5539426
Basaveshwaranagara New Bus Stand,bus_stop,12.9884455,77.5336665
Havanuru Circle,bus_stop,12.9879241,77.5370622
Canara Bank Rajajinagara 1st Block,bus_stop,13.0002194,77.5505242
SJM Public School,school,13.0418385,77.6246847
SBM Colony,bus_stop,12.938813,77.5526032
Lowry Adventist College And Group Of Institutions,college,12.9994188,77.6769089
Depot-25,bus_stop,12.9191537,77.6424041
AU Small Finance Bank,bank,13.005975,77.5710918
Punjab National Bank,bank,12.9976864,77.5702494
"Giriram Foods ,Dairy Products And Edible Oil",shopping,13.003187,77.5694263
Kadamba Souharda Sahakari Sangha Niyamita,bank,13.0009491,77.5694679
Manyavar Mohey,shopping,13.0047715,77.5693819
Yes Bank,bank,12.9982398,77.571244
Bharat Bank,bank,13.000884,77.57162
Kamakshi Silk,shopping,13.0006043,77.5694526
Ratnadeep,shopping,13.0002158,77.5690233
DBS Bank India Limited,bank,13.0049038,77.5694286
IDBI Bank,bank,12.9997198,77.569202
Sai Thunga Hospitals,hospital,12.9240012,77.6481809
Punjab National Bank,bank,12.9601479,77.5334384
Canara Bank,bank,12.9962008,77.6173604
HDFC Bank,bank,13.0012362,77.6271051
Lingarajapura,bus_stop,13.0122681,77.6258602
Jyothi School,bus_stop,13.0166472,77.6293161
State Bank of India,bank,13.0255533,77.6313982
State Bank of India,bank,13.0417221,77.613477
Shivani Organics,shopping,12.9654241,77.5378299
BEL Hospital,bus_stop,13.0494009,77.5574312
Unnamed,school,13.0599066,77.5586214
Vishal Mega Mart,shopping,12.9581229,77.534236
HDFC Bank,bank,12.916813,77.6052477
Yeshwantpur,railway_station,13.0232678,77.5498751
Indian Institute of Fashion Technology,college,12.9777914,77.6367793
UCO Bank,bank,12.9070903,77.6038657
Cauvery First Grade college,college,13.0612215,77.5874562
Manipal Hospital OPD,hospital,13.0624568,77.592227
State Bank of India,bank,13.0602852,77.5873424
Sarjapura Road Junction,bus_stop,12.9212241,77.6659064
Selec Hypermart,shopping,12.9728155,77.6076162
PMC Hospital,hospital,13.0065047,77.5545009
Reliance Smart Point,shopping,12.953587,77.5927559
New Varalakshmi Hospital,hospital,12.9988382,77.5550964
Jana Small Finance Bank,bank,12.9962215,77.6171763
IDFC First Bank,bank,12.9118561,77.638708
ICICI Bank,bank,12.9963036,77.5878575
Unnamed,shopping,12.9979879,77.5732898
Save More,shopping,12.9937269,77.5769795
Fresh Signature,shopping,13.0102788,77.5553865
Saraswat Co-operative Bank Ltd,bank,12.9564695,77.5697791
Coles Road,bus_stop,12.9964403,77.6122016
Subbayanapalya,bus_stop,13.0077004,77.6410957
Maruthi School,bus_stop,13.0097344,77.6442252
Maruthi School,bus_stop,13.0096891,77.644262
Banaswadi 100 Feet Road,bus_stop,13.0151902,77.6498115
Indira Canteen (Desi Masala),bus_stop,13.0179446,77.6534607
Horamavu Junction,bus_stop,13.019412,77.6559283
RK Medical,bus_stop,13.0228497,77.6580821
Horamavu,bus_stop,13.0262651,77.6607656
Jayanthi Nagar,bus_stop,13.0287274,77.6639132
Kalkere School,bus_stop,13.0330005,77.672739
Kalkere,bus_stop,13.0335362,77.6745884
Pooja Garden,bus_stop,13.0391348,77.677677
Indira Canteen (Desi Masala),bus_stop,13.0181302,77.6532622
Banaswadi 100 Feet Road,bus_stop,13.0151758,77.6496124
Banaswadi Fire Station,bus_stop,13.0113022,77.645929
Kalkere School,bus_stop,13.0331874,77.6727685
Sun Shine School,bus_stop,13.0310433,77.6684931
Ashirwad Supermarket,shopping,12.9380741,77.5792676
Central,bus_stop,12.9896451,77.5727101
RBANMs Govindammal Senior Primary School,school,12.9755065,77.6253762
B Channasandra Bridge,bus_stop,13.012326,77.6620196
Doctors Layout Kasturinagara,bus_stop,13.0061885,77.6593709
Benniganahalli Bridge,bus_stop,12.9971996,77.6627317
HDFC Bank,bank,13.0185474,77.6433113
Union Bank of India,bank,13.0191561,77.6433478
HDFC Bank,bank,12.9744139,77.6068237
Federal Bank,bank,12.974449,77.6067124
Bank of Baroda,bank,13.0624439,77.587205
Indian Overseas Bank,bank,13.0628619,77.5871538
Domlur Flyover,bus_stop,12.956858,77.6412959
Kotak Mahindra Bank,bank,12.980898,77.6405223
T Super Market,shopping,12.9750754,77.6040007
Bandhan Bank,bank,12.9317143,77.6322196
Oxford English High School,school,12.9758932,77.6520407
Indian Overseas Bank,bank,12.9613636,77.5944811
Unnamed,bus_stop,12.9764878,77.5737462
ICICI Bank,bank,12.9653896,77.6023226
Kotak Mahindra Bank,bank,12.9595297,77.6035588
Yes Bank,bank,12.959495,77.6036481
Bank of Baroda,bank,12.9744516,77.6098631
Simpli Namdhari's,shopping,12.9609212,77.6001914
Apollo Cradle Children's Hospital,hospital,13.002768,77.5536287
Peekay Supermarket,shopping,12.9961879,77.6071906
Central Bank of India,bank,12.9989,77.5811516
EuroKids Shantinagar,school,12.9594748,77.5947203
Kotak Mahindra Bank,bank,12.9332839,77.6310669
RBL Bank,bank,12.9331813,77.6311695
State Bank of India,bank,12.9330648,77.6312713
Motherhood Children's Hospital,hospital,13.0620051,77.5930638
IndusInd Bank,bank,12.9759359,77.603623
Union Bank of India,bank,12.9759215,77.6026191
Rainbow General Store,shopping,12.9741728,77.5985506
City Union Bank,bank,12.990542,77.5580302
Axis Bank,bank,12.9742859,77.566349
Government Institute of Printing Technology,college,12.9790145,77.5852812
Dhanlaxmi Bank,bank,12.9613041,77.5837721
University Law College,college,12.9747615,77.5816294
Axis Bank,bank,12.9834483,77.5967735
ICICI Bank,bank,12.9855706,77.5958857
the organic world,shopping,12.9869349,77.5948329
Bank of Baroda,bank,12.9881763,77.5939035
HDFC Bank,bank,12.9312568,77.623582
Axis Bank,bank,12.9310666,77.6240212
Koramangala Kalyana Mantapa,bus_stop,12.9374229,77.6184151
Monotype,bus_stop,12.9214109,77.5714287
Bandhan Bank,bank,12.9173926,77.6491306
Indian Overseas Bank,bank,12.9702921,77.6362546
Unnamed,bus_stop,12.9168514,77.6448796
Netradhama,hospital,12.99743,77.5510293
Ujjivan Small Finance Bank,bank,12.9117627,77.6326055
ICICI Bank,bank,12.9392802,77.6094704
Axis Bank,bank,12.9433767,77.6076357
State Bank of India,bank,12.9433633,77.6075854
ALV Fresh Supermarket,shopping,12.908564,77.6239237
St. Frazer High School,school,13.0313563,77.6209401
Indian Bank,bank,12.9128889,77.6767556
HDFC Bank,bank,12.9174543,77.6275416
Bank of India,bank,12.9173626,77.6278563
State Bank of India,bank,13.0363508,77.5980075
Devasandra,bus_stop,13.0365718,77.5663875
HDFC Bank,bank,12.9233702,77.6468113
Rameshnagara,bus_stop,12.9641615,77.6821593
Basavanagara,bus_stop,12.9667792,77.6828496
GM Palya,bus_stop,12.9754164,77.6665016
BEML Gate,bus_stop,12.9716148,77.6579587
Binnamangala,bus_stop,12.9835737,77.6407041
Madivala,bus_stop,12.9214542,77.6211213
Krupanidhi College,bus_stop,12.924028,77.6288098
Petrol Bunk,bus_stop,12.9675333,77.6561187
BEML Gate,bus_stop,12.9710443,77.6589565
Malleshapalya,bus_stop,12.9747486,77.6704645
Mallesh Palya New Bus Stand,bus_stop,12.972608,77.6777313
"Rv Teachers College,Basavanagudi",bus_stop,12.9443248,77.5799864
ICICI Bank,bank,12.9154997,77.6675788
Vishal Mega Mart,shopping,12.9723483,77.6487876
Ujjivan Small Finance Bank,bank,12.96868,77.6498334
Casio Supermarket,shopping,12.9721784,77.6524836
DBM & RJS School,school,12.9291476,77.6240789
Palace Ground,bus_stop,13.0102719,77.5840216
Palace Ground,bus_stop,13.0104117,77.5840303
Palace Ground,bus_stop,13.0105633,77.5840397
Sadashivanagar,bus_stop,13.0086333,77.580296
Halli Organics and naturals,shopping,13.0083098,77.5801356
State Bank of India,bank,13.0083963,77.5798773
HDFC Bank,bank,12.9982481,77.5706369
The Malleshwaram Cooperative Bank,bank,12.9985375,77.5704879
Bombay Gourmet Market,shopping,13.0238135,77.6396648
Agrahara Dasarahalli,bus_stop,12.9789155,77.5405645
St Philomenas Hospital OPD Building,hospital,12.9658506,77.6109015
Algates Consulting IMF Pvt Ltd,bank,12.9684839,77.6406361
GoHappy,shopping,13.0049602,77.5654238
Canara Bank,bank,12.9855114,77.5788172
Purandara Dasa Park,park,12.9749741,77.5366194
Govindaraja Nagar,bus_stop,12.9755632,77.5367385
Canara Bank,bank,12.9715396,77.5367817
Jana Small Finance Bank,bank,12.9698881,77.5367069
Veera Shaiva Sahakari Bank,bank,12.9697883,77.536697
Indian Overseas Bank,bank,12.97542,77.5367267
Hiremath Hospital,hospital,12.9754354,77.5358965
Kotak Mahindra Bank,bank,12.9990256,77.5839077
IDFC First Bank,bank,12.9875015,77.5800593
Seema Shoppe,shopping,12.9742648,77.5353873
KPN Fresh Supermarket,shopping,12.9273196,77.6696411
Green Land Supermarket,shopping,12.9281325,77.6692427
Punjab National Bank,bank,12.972884,77.6165859
Union Bank of India,bank,12.9621491,77.6047713
Olive,shopping,12.9693895,77.6079959
Gawai Hospital,hospital,12.9962739,77.6075693
Canara Bank,bank,12.9631778,77.5999497
Peekay mini mart,shopping,12.9662507,77.6038694
Jayanagara 18th Main,bus_stop,12.9234175,77.5895195
South End Circle,bus_stop,12.9358102,77.5801653
Jayanagara Metro Station,bus_stop,12.9287715,77.580345
RV Road Metro Station,bus_stop,12.9216804,77.5801411
Vishal Mega Mart,shopping,12.9573521,77.5676114
Unnamed,bus_stop,12.9533505,77.5676674
Federal Bank,bank,13.067341,77.6352334
State Bank of India,bank,12.9262342,77.5834146
Kotak Mahindra Bank,bank,12.925911,77.5836627
Jayanagara Telephone Exchange,bus_stop,12.9237961,77.5836829
Canara Bank,bank,12.92397,77.5839056
Jana Small Finance Bank,bank,12.9232131,77.5846351
Jayanagara Telephone Exchange,bus_stop,12.9238842,77.5836803
Nature's Basket,shopping,12.9742285,77.6198097
Cox Town,bus_stop,12.9973551,77.6210197
Allday Hypermarket,shopping,13.0386203,77.6643204
Bank of Baroda,bank,12.9119183,77.6825843
Beams Hospitals Private Limited,hospital,12.9342277,77.6296323
Makkala Koota,bus_stop,12.9576895,77.5738621
Chikka Adugodi,bus_stop,12.9278212,77.609227
Malleswaram Circle,bus_stop,12.9969892,77.5715225
RMS Sheshadripuram,bus_stop,12.9944632,77.5779618
Guttahalli Underpass,bus_stop,12.9977321,77.5841021
Guttahalli Underpass,bus_stop,12.997817,77.5847941
RM Guttahalli Post Office,bus_stop,12.9992577,77.5827274
Mantri Square Metro Station,bus_stop,12.990554,77.5716647
Sir M Visvesvaraya Terminal,railway_station,12.999655,77.6411538
Canara Bank,bank,13.0271232,77.5792184
Canara Bank,bank,12.9987935,77.54079
More,shopping,12.9880795,77.5355606
Carry Fresh home,shopping,12.9881733,77.5370466
Federal Bank,bank,12.9225556,77.5568479
Goraguntepalaya,bus_stop,13.0287619,77.539867
Punjab National Bank,bank,12.9712263,77.6068041
Canara Bank,bank,12.971289,77.6059404
IDBI Bank,bank,12.9739222,77.6467299
ICICI Bank,bank,12.9434791,77.628423
ICICI Bank,bank,13.0667638,77.5958116
Maharani College,bus_stop,12.9774225,77.5849664
Maharani College,bus_stop,12.9774564,77.5849181
Ananda Rao Circle,bus_stop,12.9817573,77.5745434
Ananda Rao Circle,bus_stop,12.981686,77.5745507
ICICI Bank,bank,12.9705248,77.5995858
Punjab National Bank,bank,12.9986003,77.5427169
Coles Park,bus_stop,12.9950789,77.6082101
State Bank of India,bank,13.0276892,77.6624314
Seela Korean Mart,shopping,13.0161235,77.6474077
State Bank of India,bank,12.9669795,77.5868791
State Bank of India,bank,13.0003766,77.6233584
South Indian Bank,bank,13.0583517,77.6434712
Top In Town,shopping,12.9789825,77.6757301
H Siddiah Referral Hospital,hospital,12.9569057,77.5824398
Kuvempnagara 1st stage,bus_stop,13.0697553,77.5413847
Sony World Signal,bus_stop,12.9375016,77.6266111
Westside,shopping,12.9825963,77.6108753
Namdhari,shopping,13.0046704,77.5784545
Union Bank of India,bank,13.0027342,77.5535278
Jindal Charitable Hospital,hospital,12.9937247,77.5539724
Bank of Baroda,bank,13.0190409,77.5576338
IDBI Bank,bank,13.0265793,77.5579761
More,shopping,13.0296108,77.559213
Ujjivan Small Finance Bank,bank,13.030241,77.5594912
SVC Co-operative Bank Limited,bank,13.0236033,77.5568685
Divine English School,school,13.0217397,77.5562156
Punjab National Bank,bank,12.9257978,77.5897874
Gangamma Circle,bus_stop,13.0563105,77.5463255
Gangamma Circle,bus_stop,13.0563278,77.5463423
BEL Circle,bus_stop,13.0462602,77.5558571
Shoba Central,shopping,13.0224995,77.6384758
Doddabommasandra,bus_stop,13.0599082,77.5591641
Jalavayu Vihara,bus_stop,13.0213105,77.6369221
Isolation Hospital,bus_stop,12.9852559,77.6425231
Hosmat Hospitals,hospital,12.9644726,77.6143018
Foodstories,shopping,12.9727355,77.6002745
Bangalore Gastro Centre,hospital,12.9160037,77.6523087
Vidyaranyapura Credit Co-Operative Society Limited (R),bank,13.0686685,77.5546738
Unnamed,bus_stop,12.9537548,77.5799086
Kasturi Mart,shopping,13.0021565,77.6612709
D Mart,shopping,13.0055402,77.6595826
AMC Multispeciality Hospital,hospital,12.9296701,77.5764082
Yediyuru,bus_stop,12.9308067,77.5764424
Jayanagar 6th Block,bus_stop,12.9307772,77.5779987
Jayanagar 6th Block,bus_stop,12.9309387,77.5784004
Yediyur,bus_stop,12.9301531,77.5763445
HDFC Bank,bank,12.9922597,77.6600575
Union Bank of India,bank,13.0120327,77.6671163
Chamundi Dry Fruits and Spices,shopping,12.9621663,77.5717564
Community Learning Center,school,12.910312,77.5939578
Sri Deep a Retail,shopping,12.9100981,77.5921837
Home Needs,shopping,12.995902,77.6061679
Proteeth Dental,hospital,12.9346221,77.6284665
CBI,bus_stop,13.0268237,77.5862814
CBI,bus_stop,13.0268361,77.586225
CBI,bus_stop,13.0268492,77.5865234
Trilife Hospital,hospital,13.0170153,77.6429262
HDFC Bank,bank,13.0331755,77.6379657
Kasthurinagara,bus_stop,13.0024523,77.661288
Sathya Nagara,bus_stop,13.0003951,77.639827
SG International Public School,school,13.0110387,77.5394468
BBMP Park,park,13.0117456,77.5391611
Ratnadeep,shopping,12.9274003,77.6706737
New Learning Ladders International School,school,13.0111617,77.6613705
6th Block Rajajinagara,bus_stop,12.9796559,77.5538112
Sri Vidya Mandir,school,13.0051433,77.5665532
Indian Overseas Bank,bank,13.0058647,77.5635194
Big Hospitals,hospital,12.9405054,77.5848675
Geetanjali Layout,bus_stop,12.9767102,77.6547468
Chinmaya Mission Hospital,bus_stop,12.9786522,77.6463796
GTRE Engine Division,bus_stop,12.9820428,77.6502239
Bagmane Tech Park,bus_stop,12.9807418,77.6567531
Jayanagar TTMC,bus_stop,12.9274788,77.5835475
KR Pura Metro Station,bus_stop,13.0000391,77.6770943
Bank of Baroda,bank,12.9359805,77.6250264
HDFC Bank,bank,13.0365781,77.5659501
Axis Bank,bank,12.9164452,77.6366057
Kidzee,school,12.9185982,77.6104487
Yes Bank,bank,12.923879,77.6728478
HDFC Bank,bank,12.9238621,77.6727962
Motherhood,hospital,13.0202419,77.6516186
NASA Hospitals,hospital,13.0058328,77.6597392
Canara Bank,bank,13.0047791,77.6568374
Instakart,shopping,12.9171957,77.6144128
HSR Layout BDA Complex,bus_stop,12.9160949,77.6351063
The Earth School,school,13.0072959,77.6241589
Utkarsh Small Finance Bank,bank,13.004728,77.660252
C K Departmental Store,shopping,12.9615904,77.635809
Yes Bank,bank,13.0052929,77.6597115
TJSB Sahakari Bank,bank,12.9785672,77.6387728
Little Angels Public School,school,13.0362236,77.6090759
Dmart,shopping,12.9737081,77.5515282
ICICI Bank,bank,12.9167462,77.6110379
Monotype Corporation,bus_stop,12.9228875,77.5736719
Tata Silk Farm,bus_stop,12.9361337,77.5739137
Basavanagudi Police Station,bus_stop,12.9415839,77.5738804
Institute of Agri-Business Management,college,13.077387,77.579739
Institute of Agri-Business Management,college,13.0773825,77.57973
VMart Supermarket,shopping,12.9072633,77.6060977
Tea Stall,shopping,12.9479933,77.580087
Indian Bank,bank,13.0249358,77.5854217
HDFC Bank,bank,13.0517258,77.5943017
Family Mart,shopping,12.9430318,77.5990927
HDFC Bank,bank,12.9573961,77.5925814
Bharat Bank,bank,12.95751,77.5926367
Kotak Mahindra Bank,bank,12.9570781,77.5924413
Bangalore Orthopeadic And Surgical Hospital,hospital,13.0219385,77.6385853
Jayanagar 2nd Block,bus_stop,12.9374832,77.5849872
Seshadripuram Commerce College,college,12.9754949,77.5570151
Nano Hospitals,hospital,12.9070989,77.5460762
RMC Yard,bus_stop,13.0244143,77.5482175
RMC Yard,bus_stop,13.0243144,77.5483905
RMS Sanjaynagara,bus_stop,13.0375538,77.5743328
Unnamed,bus_stop,12.9706503,77.61956
RBL Bank,bank,12.9091636,77.6378957
State Bank of India,bank,12.9733905,77.6165811
Axis Bank,bank,12.9733821,77.6168321
Unnamed,bus_stop,12.9605149,77.6435141
Shoba super market,shopping,12.9239053,77.6183201
Krishnarajapuram,railway_station,13.0005461,77.6754561
D2D Dawn 2 Dusk,shopping,12.9963625,77.6612663
Nanda Talkies,bus_stop,12.9324686,77.5802162
South End Circle,bus_stop,12.9357161,77.5801626
Ashwath Nagar,bus_stop,13.0268982,77.5794511
Kotak Bank,bank,12.9243208,77.5972684
Hebbala,bus_stop,13.0412206,77.5894712
Spar,shopping,12.9931942,77.6622956
Top in Town,shopping,12.9551466,77.6562842
16th Main BTM Layout,bus_stop,12.9166482,77.610715
Bellandur Government School,school,12.9306649,77.6760591
State Bank of India,bank,13.0266126,77.587797
Knowledgeum Academy,school,12.9232168,77.5763801
IDFC First Bank,bank,12.928075,77.6329154
AU Small finance bank,bank,12.9876314,77.5388424
Unnamed,bus_stop,12.9876966,77.5386175
Canara Bank,bank,12.9874537,77.5385384
Canara Bank,bank,13.0474367,77.5716824
Central Bank of India,bank,12.9984699,77.5712684
State Bank of India,bank,12.9286281,77.5769669
MK Ahmed Bazar,shopping,12.9203707,77.5932781
Unnamed,bus_stop,12.9406835,77.5761379
Mayo Hall,bus_stop,12.9735242,77.6106614
UCO Bank,bank,13.042327,77.5916616
AMB Public English High School,school,13.0359136,77.6048845
Xpress Home Needs,shopping,12.9255977,77.6086431
Jain college (CGS),college,12.9496369,77.5769836
"Healing Hands Clinic - Indiranagar, Bengaluru",hospital,12.9783093,77.6426202
"Healing Hands Clinic - Sahakar Nagar, Bengaluru",hospital,13.0635992,77.5895961
Sarjapura Road Junction,bus_stop,12.9204711,77.6650196
"Healing Hands Clinic - HSR Layout, Bengaluru",hospital,12.9120415,77.6479898
"Healing Hands Clinic - Rajajinagar, Bengaluru",hospital,12.9981698,77.5429724
TABA Design Studio,bank,13.0710481,77.6207888
Shopping Mart,shopping,12.9460501,77.5972605
Kotak Mahindra Bank,bank,12.9625205,77.6414223
Kotak Mahindra Bank,bank,12.9875708,77.5383292
Unnamed,bus_stop,12.9823535,77.5371598
Unnamed,bus_stop,12.982435,77.5371733
Unnamed,bus_stop,12.9827492,77.5373815
Equitas Small Finance Bank,bank,13.0049719,77.6598444
Domlur,bus_stop,12.9611294,77.6369418
Bank of Baroda,bank,12.960274,77.6373715
Silk Board Junction,bus_stop,12.9158171,77.6240368
Silk Board Junction,bus_stop,12.9158955,77.6239872
Silk Board Junction,bus_stop,12.9159792,77.623947
Sukoon Psychiatry Centre,hospital,13.0408289,77.5626277
Unnamed,bus_stop,12.9119687,77.6441785
Unnamed,bus_stop,13.0566732,77.5469359
Unnamed,bus_stop,12.9966909,77.6691231
Saraipalya,bus_stop,13.0472677,77.6286415
Sunshine Hospital,hospital,13.059585,77.648516
HDFC BANK,bank,12.9909519,77.5380843
Allen B5,school,12.9356344,77.580888
Banashankari,bus_stop,12.917738,77.5740995
Philomenas Hospital,bus_stop,12.9655488,77.6096213
State Bank of India,bank,12.9145663,77.6446063
Ovum Women & Child Speciality Hospital,hospital,12.9072685,77.64555
ICICI Bank,bank,12.9229905,77.6189917
Steel Factory Banaswadi,bus_stop,13.0129976,77.6493207
State Bank of India,bank,12.9204976,77.5925862
Union Bank of India,bank,12.9221419,77.5933392
Axis Bank,bank,12.9231039,77.592126
Lalbagh Botanical Gardens,park,12.9488929,77.5866687
MN Krishna Rao Park,park,12.9421447,77.5753387
Cubbon Park,park,12.9741742,77.5934146
Baldwin Girls' High School,school,12.9642555,77.6003306
Silver Jubilee Park,park,12.9638755,77.5805412
Nexus Koramangala,shopping,12.9345856,77.6112435
Kidzee Play School,school,12.9118811,77.6644062
Jayanagar 4th Block Shopping Complex,shopping,12.9298201,77.5842754
Wipro Park,park,12.9283646,77.6334858
Putha Narasimhachar Park,park,12.9193523,77.5853001
Unnamed,park,12.9149524,77.6070156
Kuvempu Park,park,12.9147542,77.6089217
Lakshmi Devi Park,park,12.9390827,77.6197058
Unnamed,park,12.9349252,77.6180763
Gnan Shrishti School of Excellence,school,12.9123563,77.6453097
"Government PU College,Domlur",school,12.9595095,77.6402541
Aster RV Hospital,hospital,12.9114199,77.5850249
Sri SK Nataraj Park,park,12.9079385,77.5814156
Vasavi Education Trust,college,12.9085681,77.5925762
Jyoti Nivas Women's College,college,12.9328424,77.6165297
Unnamed,park,12.9389509,77.6249907
Bethany High School,school,12.9406352,77.6209531
Sidharth Park,park,12.9341574,77.6191922
Chamundeshwari Park,park,12.941095,77.6156687
Rainwater Harvesting Theme Park,park,12.9205319,77.5825157
Brindavana Park,park,12.9248876,77.5822898
Unnamed,park,12.9211481,77.5898414
ME & WA College,college,12.9210524,77.5963055
Madhavan Park,park,12.936326,77.5857155
Richards Park,park,13.0040986,77.6169728
Unnamed,park,13.0523771,77.6202284
Unnamed,park,13.0530568,77.6207923
Unnamed,park,13.0553372,77.6238674
Unnamed,park,13.0546295,77.6227583
Manyata Park,park,13.0552468,77.6212394
Unnamed,park,13.0558174,77.6202737
Unnamed,park,13.053379,77.620823
Unnamed,park,13.0527242,77.6201762
Unnamed,park,13.0544806,77.6240691
Chinmaya Mission Hospital,hospital,12.9779337,77.6461885
Bangalore International School,school,13.0473244,77.6467568
Dr. Ambedkar Park,park,12.9592727,77.6634483
Sadupadesa College,college,13.038901,77.6402949
Asanath College,college,13.0364055,77.6388752
National Institute of Design - NID R&D Campus,college,13.0347813,77.5350017
Carmel School,school,13.0465416,77.6427246
Shri Vidya Niketan School and College,college,13.063974,77.6693003
Karnataka Rehabilitation Center,school,13.0694633,77.6598762
South Asia Institute of Advanced Christian Studies,college,13.0618103,77.6538567
St George High School,school,13.0668921,77.6833526
Defence Colony Park,park,12.9762608,77.6445025
KLE Dental College,hospital,13.0305079,77.535667
Freedom Park,park,12.9774067,77.5819036
Silver Jubilee Park,park,12.9636973,77.582866
Sajjan Rao Park,park,12.952325,77.5768001
Jayaprakash Narayan Park,park,13.0348402,77.5507145
MS Ramaiah University,college,13.0301869,77.5675088
Kendriya Vidyalaya Hebbal,school,13.0159059,77.5756278
"Kendriya Vidhyalaya, MEG Centre",school,12.9876751,77.6147713
Saint John's Academy of Management Studies,college,13.0312504,77.6696022
Kendriya Vidyalaya - ASC,school,12.9674658,77.6127266
BBMP Park,park,12.9308899,77.6319955
Royale Concorde International School,school,13.0253636,77.6425209
Royale Concorde High School,school,13.0278651,77.6406464
Bangalore City College,college,13.0284669,77.6397006
Indo Asian Academy of Management Studies,college,13.0266869,77.6401929
Maharani Lakhsmi Ammani,college,13.0113749,77.5685918
Old Physics Building,college,13.0170508,77.565731
Health Centre,hospital,13.0157723,77.5638038
Mariyappna Palya Park,park,12.9973223,77.5564063
L.M. English School,school,13.0266727,77.6326104
Unnamed,park,13.0176721,77.631817
Saint Charles High School,school,13.0179378,77.6369821
K C General Hospital,hospital,12.9950532,77.5697431
Bashyam Park,park,12.9921466,77.5721822
Unnamed,park,12.9880709,77.5675841
Sri Jayachamarajendra Government Polytechnic,college,12.9781351,77.586146
St Marthas Hospital,hospital,12.9708175,77.5857431
Nrupathunga University,college,12.973065,77.585197
Vydehi Superspeciality Hospital,hospital,12.9681553,77.5950421
Unnamed,college,12.9551191,77.5745838
Fort High School,school,12.9582979,77.5734987
National College and School,school,12.9488247,77.5729782
United Mission PUC and Degree College,college,12.9641582,77.5873338
Mitralaya Girls College,school,12.9645195,77.5888955
Cathedral High School & College,school,12.9656342,77.6088187
Traffic Park,park,12.9734667,77.6009237
Unnamed,school,12.9688369,77.6045355
Bishop Cotton Boys School,school,12.9684197,77.5992361
St. Joseph's Indian High School,school,12.9701532,77.5951294
UB City,shopping,12.9723089,77.5959385
Christ University,college,12.9337333,77.6051251
Kendriya Vidyalaya Malleswaram,school,13.0092841,77.568501
Ramana Maharshi Park,park,13.0121051,77.5828364
Raman Research Institute,college,13.0130745,77.5811095
Poorna Pragna School,school,13.0066816,77.580846
Sadashivanagar Low Level Park,park,13.0124497,77.5754611
National Public School Sadashivanagar,school,13.0135247,77.5753732
Unnamed,park,13.0059394,77.5821459
National Tuberculosis Institute,college,13.0009049,77.5829668
Kumara Park West Park,park,12.9921116,77.5781507
Sophia High School,school,12.9865923,77.586909
Unnamed,park,12.9827565,77.5889767
MS Building Park,park,12.9784331,77.5873824
Central Manufacturing Technology Institute,college,13.0336385,77.5373063
Jayamahal Park,park,13.0012098,77.5976652
Unnamed,park,13.0528721,77.5526773
Unnamed,park,12.9511038,77.5739205
Mahila Seva Samaja School,school,12.9525682,77.5728546
Theosophical Society,college,12.9559164,77.5728761
Karnataka Public School,school,12.943131,77.5743868
Jayanti Garden,park,12.9439821,77.5732623
Madhava Rao Park,park,12.9440061,77.5772033
Unnamed,park,12.9398471,77.584306
Rani Sarla Devi School,school,12.9387001,77.5859
National College Jayanagar,college,12.9255074,77.5788375
National College,college,12.9247333,77.5788669
Jayanagar General Hospital,hospital,12.9261175,77.592549
Carmel Convent PU College,college,12.9268468,77.5996686
Unnamed,park,12.9251084,77.5957927
Vishnuvardhan Park,park,12.9251027,77.594732
Hospital Complex,hospital,12.9383683,77.5899069
BES Educational Institutions,college,12.9270063,77.5888743
RV Institute of Management,college,12.9225159,77.5927214
Sri Jayadeva Institute Of Cardiology,hospital,12.918526,77.599265
Unnamed,park,12.934578,77.5428986
Kendriya Vidyalaya,school,13.0555739,77.5365404
General Iyappa Park,park,13.0472016,77.5561007
Spastics Society of Karnataka,school,12.9808636,77.642648
Institute of Aerospace Medicine - IAM,college,12.95715,77.6640427
Swamy Vivekananda Park,park,12.9994423,77.5416585
St. Claret College,college,13.0438125,77.5448528
HMT Park,park,13.0488414,77.5467445
HMT School,school,13.0440722,77.5380603
Sharadamba Nagar Park,park,13.0465891,77.5422015
Government College,college,13.0458868,77.5497795
National Academy of Customs Excise and Narcotics,college,13.0428557,77.5383775
Daffodils English School,school,13.034726,77.579118
Unnamed,park,13.0313957,77.5807863
BEL Hospital,hospital,13.0503387,77.5567647
BEL PU Composite College and First Grade College,college,13.0502782,77.5552088
BEL High School,school,13.0490487,77.555062
Unnamed,park,13.0518553,77.5552463
Central Research Laboratory,college,13.0561297,77.5530991
Unnamed,park,13.0550594,77.5572982
Unnamed,park,13.0561064,77.5610284
Netaji Subash Chandra Bose Park,park,12.9913539,77.5442696
Vishveshwaraya Park,park,12.995913,77.5413795
SKV Park,park,12.9977979,77.5416762
Uphill Park,park,12.9956433,77.5437901
Southern Asia Bible College,college,13.0715402,77.6503968
Bhagwan Mahaveer Jain Hospital,hospital,12.9914884,77.5952993
Government Ladies College,college,13.0031052,77.5678141
Government Girls High School,school,12.9921413,77.5743798
Unnamed,park,12.9439601,77.5973757
Nehru Park,park,12.9883532,77.5757988
Unnamed,park,12.9876863,77.5790668
Karnataka Chitrakala Parishath,college,12.9891598,77.5807461
Sheshadripuram College,college,12.9889187,77.5762497
Bowring and Lady Curzon Hospitals,hospital,12.9830115,77.6047116
Unnamed,school,13.0184494,77.595658
Unnamed,park,13.0194919,77.5962353
Unnamed,park,13.0218574,77.5935145
Unnamed,park,13.0213685,77.5970546
Cluny Convent,school,13.0551707,77.540543
National Institute of Creative Communication - NICC,college,13.0372145,77.6438639
Unnamed,school,13.0300022,77.5587277
Unnamed,park,13.0296238,77.5355586
Stella Maris Convent,school,13.0066409,77.5777065
Government First Grade College,college,13.0090184,77.5698089
Mariam Nilaya High School,school,13.0115276,77.6504879
Frank Anthony Public School,school,12.9713385,77.6286336
Unnamed,school,13.0273088,77.6527331
St Vincent Palloti School,school,13.0330707,77.651466
Unnamed,park,13.0061815,77.5701686
VES School,school,13.0068759,77.5742642
Krantiveera Sangolli Rayanna Park,park,13.0072558,77.5580358
MES KK Public School,school,13.0731055,77.5530927
Jawahar Bal Bhavan Childrens Park,park,12.9760768,77.5966542
Jawahar Bal Bhavan,park,12.9765448,77.5972895
HDFC Bank,bank,12.9733955,77.5955623
Mahatma Gandhi Park,park,12.9772497,77.5996818
Sir Haji Ismail Gosha Sait Hospital,hospital,12.9837175,77.599792
University Visvesvaraya College of Engineering,college,12.9746977,77.5861015
Banappa Park,park,12.9692305,77.5854109
Unnamed,park,12.9742464,77.5830767
Janatha Bazaar,shopping,12.9302254,77.5841341
St. Joseph's School,school,12.962848,77.5698924
Government Veterinary Hospital,hospital,12.9641529,77.5676947
Lokmanya Tilak Park,park,12.9737304,77.5722918
Divisional Railway Hospital,hospital,12.9798353,77.5651105
Kendriya Vidyalaya,school,12.9810875,77.5676523
Bapuji College,college,12.9764135,77.5636204
Unnamed,park,12.9703429,77.5427519
Unnamed,school,12.9723666,77.54339
Government School,school,12.9697226,77.5441412
Jayaprakash Narayana Park,park,12.9704117,77.5455182
Government Degree College,college,12.9667564,77.5395051
Hampinagar Park,park,12.9623972,77.5410073
Unnamed,park,12.9568726,77.5366726
Unnamed,school,12.9655212,77.5416734
Unnamed,park,12.9646952,77.5365751
Aalada Mara (Banyan Tree),park,12.9590229,77.5364157
Unnamed,school,12.9645623,77.5417803
Prameelabhai BBMP High School,school,12.9735608,77.5482975
Unnamed,park,12.9693758,77.5400481
Unnamed,park,12.9632376,77.5361075
Baptist Hospital,hospital,13.0347249,77.5901708
Government First Grade College,college,13.0380171,77.5903177
Cluny Convent,school,13.0046155,77.5618682
Vivekananda School,school,12.9288196,77.5876667
Vijaya College,college,12.9280149,77.5870065
Dr Rajkumar Park,park,12.951867,77.5589753
BBMP Park,park,12.9636623,77.639361
Visthar,college,13.0722766,77.6574607
The Energy Resource Institute,college,12.9636618,77.6379214
BBMP Park,park,12.9656296,77.63705
Unnamed,park,13.0173325,77.5670832
B R Ambedkar Playground,park,12.9790236,77.6285473
Wood Park,park,12.9795107,77.6359131
ESI Hospital,hospital,12.9713479,77.6367243
Double Road Park,park,12.9812633,77.6375388
Indiranagar Park,park,12.9790665,77.6335165
Government Kannada Higher Primary School,school,12.9797301,77.6285752
Sri Bhagavan Mahaveer Jain College,college,12.9765873,77.6342897
VV Park,park,13.0285944,77.5954864
Milton Street Park,park,13.0009284,77.624071
Unnamed,park,12.9133772,77.6137248
Nandini Park,park,12.9104809,77.6115911
Unnamed,park,12.9126651,77.6136304
Unnamed,park,12.9119391,77.6136457
BBMP Park,park,12.9309219,77.5444503
Unnamed,park,12.9081078,77.6118843
Unnamed,park,12.9185187,77.6536162
Nethravathi Park,park,12.9170621,77.6531496
Kaveri Park,park,12.9128446,77.649784
"Circular Park, Nandini Layout",park,13.0114373,77.5366935
Kuvempu Park,park,12.9749831,77.6545388
Unnamed,park,12.9945118,77.5707402
Jogger's Park,park,12.9801381,77.6337183
Shankarnag Park,park,12.9629172,77.6373121
Unnamed,park,12.9638087,77.6358375
Unnamed,park,12.9741091,77.611455
Oasis Centre,shopping,12.9375355,77.6281117
Garuda Mall,shopping,12.9700438,77.6096803
Unnamed,park,12.9999613,77.5703352
Malleshwaram Ladies Association,college,13.0049784,77.570229
Unnamed,park,13.0070777,77.5782525
Unnamed,park,13.0088171,77.5713457
MES College of Arts and Science,college,13.0054003,77.5635104
MES Kishore Kendra,school,13.0047541,77.5641887
Rest House Park,park,12.9725986,77.6053175
Rajshekhar Hospital,hospital,12.9110143,77.5797725
Gopalan Innovation Mall,shopping,12.9143393,77.5994538
GP Raja Ratnam Park,park,12.9733878,77.656523
Visvesvaraya Park,park,12.970693,77.6505595
Gandhiji Park,park,12.9694333,77.649265
Unnamed,park,12.9690842,77.6517622
Vishweshwaraiah College,college,12.9578114,77.6583092
"Sparsh Hospital For Advanced Surgeries, Bengaluru Urban",hospital,12.9833345,77.5945358
BTM,park,12.9112883,77.6045664
Udupi Garden Park,park,12.9178254,77.6104897
BTM Park,park,12.9192245,77.6099548
Unnamed,park,12.9148923,77.6302032
Unnamed,park,12.935134,77.6193675
National Public School Indiranagar,school,12.9692909,77.6466371
Doopanahalli Park,park,12.9686326,77.6367992
Unnamed,park,12.9967552,77.6586511
Unnamed,park,12.9970809,77.6618602
Unnamed,park,12.9336401,77.5892339
PTA School,school,12.944254,77.5865828
NMKRV College,college,12.9323472,77.5814061
Bishop Cotton's Women's Christian College,college,12.9626905,77.5869848
Canara Bank,bank,12.933421,77.5837039
BBMP Thavarkere Park,park,12.9286874,77.6025496
Sanjay Nagar Park,park,13.0319397,77.5774013
Navaranga Playground,park,12.9966867,77.553549
Sri Aurobindo Memorial School,school,12.9257824,77.5679732
Unnamed,park,12.9296424,77.5479735
Jogger's Park,park,13.0059914,77.5755633
BEL CBSE Vidyalaya,school,13.0444977,77.5545298
ತಾಯಿ ತೆರೇಸಾ ಶಾಲೆ,school,13.0434486,77.5510744
"Manipal Hospital, Bengaluru Urban",hospital,12.9587074,77.6490296
Vasavi Vidya Nikethan School,school,12.948683,77.5756842
Jnanodaya School,school,12.9545807,77.5679194
Senior Citizen Park,park,12.9121793,77.5908618
Sri Kumarans College,college,12.9125019,77.5574602
Chenamma Kere Park,park,12.9268596,77.5542156
Coles Park,park,12.9941564,77.6090213
Spar,shopping,12.9301209,77.6012952
St. John's High School,school,12.9918617,77.6130161
Uma Maheshwara park,park,12.928652,77.5726993
Sandeepani English High School,school,13.03191,77.5759882
Unnamed,park,13.0281634,77.5737594
Unnamed,park,13.0211198,77.5779131
Unnamed,park,13.0201319,77.5779298
Kemp Fort Mall,shopping,12.958635,77.6567676
Vivekananda Park,park,12.9394835,77.5472653
Radhakrishna Multispeciality Hospital,hospital,12.9409612,77.5455617
Unnamed,park,13.0329201,77.5732641
Unnamed,park,13.0325048,77.5749403
Unnamed,park,13.0330656,77.5726321
Shanthiniketan School,school,13.0486657,77.5756229
St. Germain's High School,school,12.9931976,77.6105474
Home Shoppee,shopping,12.9946715,77.6106566
Ghousia Polytechnic,college,12.9354899,77.6070076
East West Public School,school,13.0079159,77.5452028
S-Mart,shopping,13.0040069,77.5436038
Unnamed,park,12.9618405,77.6595612
Sir M Vishweshwaraya Park (Monkey Park),park,12.9897894,77.535985
Dhobi Ghat Park,park,12.9872218,77.5504671
SBI officers colony park,park,12.9911963,77.5341081
Vivekananda Degree College,college,13.0091201,77.5550382
Vidhya Bharathi College,college,12.9167312,77.634495
St. Francis College,college,12.9262511,77.6296512
BBMP Park,park,13.05766,77.5982396
Bhuvaneswari Nagar Park,park,13.054544,77.6024809
Shopwell Supermarket,shopping,13.0368911,77.5775794
Krupanidhi College,college,12.9238171,77.6293555
Unnamed,park,13.0008297,77.5352069
Unnamed,park,13.0006134,77.534341
Rajalakshmi Multispeciality Hospital,hospital,12.9164637,77.5796155
Unnamed,park,13.0018312,77.5474978
Unnamed,park,13.0075879,77.5447396
Unnamed,park,13.0079196,77.5445193
Unnamed,park,13.0030047,77.5420989
Unnamed,park,13.0048157,77.5460371
Unnamed,park,13.0038852,77.546476
"City College, Bangalore",college,12.9261331,77.5784875
Bangalore International Academy,college,12.9269091,77.5777418
Vemana Institute of Technology,college,12.9296226,77.6225779
RJS Institute of Management Studies,college,12.9294621,77.6230045
Lowry Memorial College,college,12.9977389,77.6796542
Manipal Hospital,hospital,12.9585777,77.6481409
Indiranagar Government Hospital,hospital,12.9829238,77.6446972
Montfort College,college,12.9855497,77.6465364
Fusco's School,school,12.9857458,77.6475563
Isolation Hospital,hospital,12.9839262,77.6436191
Unnamed,park,13.0102213,77.5580236
Epidemic Disesase Hospital,hospital,12.9864155,77.6437586
Unnamed,park,12.9639941,77.6404897
Dr Ambedkar College,college,12.9720071,77.6379617
Baldwin Boys High School,school,12.9625149,77.6060564
Unnamed,park,12.9870667,77.6195546
Employees' State Insurance Corporation Model Hospital,hospital,12.9909672,77.5535011
Unnamed,park,12.9725659,77.5617108
Kala Kesari Udayakumar,park,13.0026042,77.55172
Government Pharmacy College,college,12.9612179,77.5904079
Unnamed,park,12.9750064,77.5430468
Island Park,park,13.0126844,77.5746448
Unnamed,park,13.0037476,77.5419598
St. Joseph's Boys High School,school,12.9717168,77.6036369
St. Joseph's College of Business Administration,college,12.970355,77.602831
St. Joseph's Pre-University College,college,12.9711296,77.6041777
Mota Royal Arcade,shopping,12.9722407,77.6066085
Unnamed,park,12.993726,77.536518
Nandanavana Udyanavana,park,12.9301996,77.5422679
"Vittala International Institute Of Ophthalmology, Hosakerehalli",hospital,12.9308127,77.5412224
NCERT,college,12.929527,77.5438362
Little Flower School,school,12.9317713,77.5414635
Unnamed,park,13.0102309,77.5435066
Unnamed,park,13.0138889,77.5416642
Unnamed,park,13.0127912,77.5420927
Lourde's Boys High School,school,12.9704702,77.6290171
Unnamed,park,12.9624657,77.6137344
Canara Bank,bank,12.9643788,77.5853249
Unnamed,park,12.9640092,77.6637028
Unnamed,park,12.9673805,77.6614527
ISRO Employees Hospital,hospital,12.966082,77.656317
Kitturu Rani Chennamma Park,park,12.9510783,77.594223
Unnamed,park,12.9709615,77.6366808
Unnamed,park,12.9714584,77.6370194
Unnamed,park,12.9711896,77.6370421
Unnamed,park,12.970918,77.6370551
One M G Road,shopping,12.9734209,77.6203628
K L E Society's S. Nijalingappa College,college,12.9959167,77.5535397
Ramaiah Memorial Hospital,hospital,13.0282176,77.569775
RIT Entrance Garden,park,13.0296722,77.5657745
Hosmat Hospital,hospital,12.9691251,77.6133228
Seshadripuram Law College,college,12.99118,77.575137
Nehru Park,park,12.988255,77.5767046
Esteem Mall,shopping,13.0490834,77.5933929
Veterinary College Garden,park,13.0291133,77.5857219
Unnamed,park,13.0291063,77.5848486
Unnamed,park,13.029697,77.5850753
Unnamed,park,13.029404,77.584967
Basava Dhama Park,park,13.0129604,77.5540663
The Brigade School,school,13.0120876,77.557745
Unnamed,park,12.9639468,77.5746917
Victoria Hospital,hospital,12.9634957,77.5736948
Vokkaligara Sangha Dental College,college,12.9543874,77.5748847
Gandhinagar Park,park,12.9783286,77.5783019
Food World,shopping,13.0129675,77.647579
Smart Bazaar,shopping,13.016985,77.6590561
Manipal Hospital,hospital,13.050953,77.5938654
Government Public School,school,12.9082913,77.5783957
Unnamed,park,12.9072544,77.5768901
Unnamed,park,12.9074139,77.5793532
Dasappa Maternity Hospital,hospital,12.9643477,77.5845256
SSM park (Chennammanakere park),park,12.9315108,77.5636909
Banashankari Brundavana Park,park,12.9247046,77.5662497
Public Park,park,12.9252458,77.5651227
Unnamed,park,12.9411519,77.5665825
Unnamed,park,12.941891,77.5665178
United Theological College,college,12.9961635,77.598822
Isolation Hospital,hospital,12.9858278,77.6429649
Unnamed,park,12.9624144,77.6496857
Spencer,shopping,12.9271752,77.6330217
Mantri Junction,shopping,12.9162842,77.5923408
Jain University,college,12.9181468,77.5919059
Chinmaya Mission School,college,12.9351012,77.6276505
Kairalee Nikethan Education Trust - Indiranagar Campus,school,12.9796028,77.6390181
Unnamed,park,13.0286183,77.5678331
M S Ramaiah Institute of Technology,college,13.0309173,77.565225
Unnamed,park,12.9622785,77.6397902
L.A.Perumal Childrens Park,park,12.9655717,77.6360749
Gopalan Mall,shopping,12.9585186,77.5534667
MEI Polytechnic College,college,12.9837431,77.5566697
Golden Heights Mall,shopping,12.9829196,77.5594515
Unnamed,school,12.9746944,77.5621754
Unnamed,school,12.9846189,77.5559879
B R Ambedkar Park,park,12.9405031,77.6172058
Commerce @ Mantri,shopping,12.9123867,77.6006154
Dr. Rajkumar Park,park,13.0163415,77.6407229
M S Ramaiah Institute of Management Sciences,college,13.0291538,77.569833
Udani Layout Park,park,12.9699932,77.633458
Paramahansa Yogananda Circle,park,12.9663077,77.6375826
Unnamed,park,12.9650449,77.6388936
Unnamed,park,12.9782267,77.5356299
Government Homeopathy College & Hospital,college,12.9830454,77.5376773
CMR National Public School,school,13.0228301,77.633095
Unnamed,park,12.9738654,77.5341928
Unnamed,park,12.9728991,77.5339091
Unnamed,park,12.9712816,77.5334239
MC Layout Park,park,12.972681,77.5356957
Food World,shopping,12.9726416,77.538907
Union Bank of India,bank,12.9739796,77.5372636
Sarvodaya Hospital,hospital,12.9803669,77.5390159
Dasarahalli Referral Hospital,hospital,12.9773598,77.5428202
Unnamed,park,12.9819624,77.5380318
Nisarga Dhama Park,park,12.984444,77.5349691
Unnamed,park,12.973259,77.5408234
Unnamed,park,12.9739774,77.5439648
Unnamed,park,12.973452,77.540004
Unnamed,park,12.9741726,77.5434731
Ayurvedic Medical College,college,12.9651167,77.5434098
National Market,shopping,12.9762695,77.5776971
Sukh Sagar Shopping Center,shopping,12.976588,77.5778233
BMS College of Engineering,college,12.9415239,77.5659049
Unnamed,college,12.9378089,77.5583328
NGV Park,park,12.9446538,77.6238972
Outreach School,school,12.9537421,77.5938108
Unnamed,school,12.953617,77.5948769
Coffee Board Layout Park,park,13.0525398,77.605621
Sajjan Rao School,school,12.9521538,77.5748728
Unnamed,park,12.9981831,77.6613148
GHS Adugodi,school,12.9445122,77.6067982
Clarence High School,school,13.0028911,77.6158013
Unnamed,park,13.0006097,77.610979
St. Xavier's Boys School,school,12.9869416,77.6007518
Unnamed,school,13.0063203,77.6148812
Siddhartha PU College,college,13.0108569,77.6214886
Unnamed,park,12.9682821,77.6389327
Unnamed,school,13.0097626,77.6402272
Jyothi High School,school,13.0158191,77.6310454
Dr. Ambedkar Medical College,college,13.0241073,77.6148515
Nethra Eye Hospital,hospital,13.0271503,77.5768623
Gopalan Signature Mall,shopping,12.9929432,77.6615107
Orion Mall,shopping,13.0109648,77.5552202
Gopalan Grand Mall,shopping,12.9934419,77.6640393
Ulsoor Lake Park,park,12.9853954,77.6221829
Shrungar Shopping Center,shopping,12.9752286,77.6055684
Unnamed,park,12.9582804,77.5551362
St. Anne's First Grade College for Women,college,12.988373,77.5905885
St. Mary's High School,school,12.9887991,77.5908396
Chris Canadian Institutions,college,13.0270303,77.6362369
Darul Uloom Sabeelur Rashad Arabic College,college,13.0304973,77.6223395
HKBK College of Engineering,college,13.0362002,77.619781
Unnamed,park,13.0467201,77.6247899
Unnamed,park,13.0463015,77.6260506
Unnamed,park,12.9961587,77.6565203
Manjunathnagar Park,park,12.992647,77.5500267
Unnamed,park,13.0104229,77.5706475
BDA Park,park,13.032747,77.6293274
ITI Vidya Mandir School,school,13.0076062,77.6846733
Unnamed,park,13.006272,77.6824593
Unnamed,park,12.9116078,77.563912
SJR School,school,12.9813859,77.5593257
Venkat International School,school,12.9805003,77.55978
Cariappa Memorial Park,park,12.9776094,77.6036679
@home,shopping,13.0122259,77.5539301
Big Bazaar,shopping,12.9972244,77.5736912
Line Park,park,12.9983963,77.5488518
Unnamed,park,13.0001354,77.5483098
Citibank,bank,12.9369822,77.578357
Surana College,college,12.9363124,77.5782302
Unnamed,park,13.0121889,77.6290254
Unnamed,park,13.0131335,77.5352168
Unnamed,park,13.0135226,77.5356976
Unnamed,park,13.0126462,77.5349444
Unnamed,park,13.0125724,77.535532
Ramakrishna Paramahamsa Park,park,13.0176526,77.5351791
Student Lounge,park,12.9345346,77.5354966
Leena Park,park,12.937577,77.6211789
Anuroopa Park,park,12.9367726,77.617663
Akhila Park,park,12.9345461,77.6218521
Daniel Park,park,12.91675,77.6192237
Satish Dhawan Memorial Park,park,13.0548129,77.5742951
College of Agriculture,college,13.0772767,77.5777437
New Kumarans School,school,12.9088231,77.5402569
Unnamed,park,12.9117197,77.535003
AGS Layout Recreational Park,park,12.9131347,77.537404
Bangalore Higher Secondary School (BHSS),school,12.9411323,77.5808612
Maruthi School,school,13.0288063,77.6530754
Bishop Cotton Girls School,school,12.9698651,77.601741
KSRP Research and Training Center,college,12.9715432,77.6096095
Govt R C College,college,12.9835106,77.58689
Unnamed,park,12.9744144,77.5757995
Vivekananda centre,school,13.0269684,77.6004156
B.D.A. Park,park,12.942856,77.5430107
Dr Ambedkar Park,park,12.9713377,77.6380075
Unnamed,park,12.9806681,77.6268962
Unnamed,park,12.9812865,77.6276874
Children's Park,park,12.9788845,77.6272201
Unnamed,park,12.9682756,77.6254349
Unnamed,park,12.9737974,77.6272297
St. Aloysius High School,school,12.9938563,77.6194601
Maria Niketana School,school,13.002421,77.6268484
Kanakadasa Park,park,12.9611962,77.6414111
Unnamed,park,12.9609678,77.6376394
Domlur SAARC Park,park,12.9614166,77.6393795
Bhuvanagiri Park,park,13.0118753,77.6591927
OMBR Outer Ring Road Park,park,13.012982,77.661694
Sri Sarvagna School,school,12.9761734,77.5393379
Hamsalekha Music school,school,12.9999825,77.5421478
Janatha Bazaar,shopping,13.0066717,77.5821335
Hanumanthanagar Park,park,12.937686,77.5589287
Unnamed,school,12.9881938,77.6044806
Vidyaranyapura II Block Park,park,13.0712418,77.5567277
Vidyaspoorthi School,school,13.065876,77.5700774
St. Peter's School,school,12.9147515,77.6789706
National Institute of Fashion Technology,college,12.9119735,77.6527313
Carmel Garden Public School,school,12.9170964,77.6320097
Jayashankar Park,park,12.918387,77.6305117
Lumbini Gardens,park,13.0432927,77.6097958
Green View Welfare Park,park,13.008287,77.6581534
BBMP Park,park,13.0007399,77.662485
Unnamed,park,12.9135783,77.6426414
Independence Park,park,12.907384,77.6472991
Main Park,park,12.9146584,77.6637767
Unnamed,park,12.912228,77.6301145
Unnamed,park,12.9107388,77.6314614
Unnamed,park,12.9110491,77.6334801
CMR College,college,13.0061592,77.6507354
Sri Chaithanya PU college Banasawadi,school,13.0074593,77.6552191
Market Square Mall,shopping,12.9219021,77.620384
Sunshine School,school,13.0313671,77.6685691
Kalkere Park,park,13.0337917,77.6741535
Kalkere Government High School,school,13.0329737,77.6735738
Government Technical Industrial Institute,college,12.9357702,77.6001395
Fire Service Campus,college,12.9331327,77.5980802
Kidwai Memorial Institute of Oncology,hospital,12.936526,77.5981388
National Public School HSR,school,12.9165286,77.6430359
Oxford Management College,college,12.9159389,77.6428677
Shakuntala Devi International Institute of Management Sciences and PreUniversity,college,12.916582,77.6425948
Unnamed,park,12.9148413,77.6041058
Unnamed,park,12.9133106,77.5992558
Nexus Vega City,shopping,12.9076733,77.6011903
Regional Institute of Co-operative Management,college,12.9209039,77.5591701
Chennamma Kere Achukattu Park,park,12.9256966,77.5535578
National Public School Yeshwantpur,school,13.0303122,77.5444258
Ram Mandir Ground,park,12.9856441,77.5561073
Unnamed,park,13.0592448,77.590817
Unnamed,park,13.0604055,77.5892603
Unnamed,park,13.0624801,77.5862547
Government School,school,13.0203304,77.5543142
Unnamed,park,12.9862788,77.5385127
Employees' State Insurance Corporation Medical College & Post Graduate Institute of Medical Science & Research,college,12.991548,77.5535336
Unnamed,park,13.0044708,77.6612846
Unnamed,park,13.003506,77.6594679
P.D. Hinduja Sindhi Hospital,hospital,12.9644407,77.5926745
Nmpc Hospital,hospital,13.0224158,77.6580401
Vijaya College,college,12.940415,77.5808636
Namma Park,park,12.9943301,77.5933937
Christ the King School,school,13.0163705,77.6809787
Kowdenahalli Government School,school,13.019098,77.6815011
Shri Krishna Sevashrama Hospital,hospital,12.9173301,77.5851028
RPA First Grade College,college,12.9815956,77.5529529
Government Kannada High School,school,12.9903679,77.5648606
Sreerampura Referal Hospital,hospital,12.9907432,77.5649082
Indira Gandhi Musical Fountain Park,park,12.9851453,77.591501
National Military Memorial,park,12.9858095,77.5908885
Vidyashilp School,school,13.0670066,77.5938837
Park at RT Nagar,park,13.0223671,77.5954429
Hemavati Park,park,12.9162888,77.6481638
Lawerence School,school,12.913746,77.6349835
KIMS - Kempegowda Institute of Medical Sciences,college,12.9267695,77.5624631
HAL Hospital,hospital,12.9623685,77.6664034
Unnamed,park,12.9251618,77.5913106
Bugle Rock Park,park,12.9421433,77.5692538
Syndicate Bank,bank,12.9441475,77.6234179
Pro MED Hospital,hospital,12.9294355,77.564005
Apollo Speciality Hospital,hospital,12.9363683,77.5843165
National Co-operative Bank,bank,12.9238959,77.5705123
"Sevakshetra Hospital, Bengaluru Urban",hospital,12.9216723,77.5721649
Canara Bank,bank,12.9213243,77.5732821
Indian Overseas Bank,bank,12.92161,77.5699684
State Bank of India,bank,12.924458,77.5701564
DV Gundappa Park,park,12.924838,77.5692815
Netradhama Hospital,hospital,12.9253024,77.5774064
Iyer High School,school,13.0351357,77.5570461
Karnataka Bank,bank,12.9266949,77.6760786
BM Kaval Childrens Park,park,12.9811042,77.647751
ICICI Bank,bank,12.9242375,77.6717151
Sahakarnagar C Block Park,park,13.0629469,77.5819582
Rock Park,park,12.9242393,77.5623136
Subbaiah Hospital,hospital,13.0302068,77.560704
Canara Bank,bank,13.0005591,77.6234676
Unnamed,park,12.9147473,77.6470215
JSS EHPS School,school,12.9150033,77.6374858
Madhav Rao Park,park,12.9866534,77.5788086
Teacher's Colony Park,park,12.9175448,77.6291049
Basaweshwara School,school,12.9943157,77.5532784
Children' play park,park,12.9898972,77.557249
NCFE School,school,12.9790506,77.6739877
Unnamed,park,12.9128032,77.6313466
Raj Katte Park,park,12.9088622,77.5610719
Unnamed,park,12.9626992,77.6597472
Shishya BEML Public School,school,12.9730342,77.6690277
BEML Playground,park,12.974433,77.6694265
"Cambridge Public School, BBMP Agara",school,12.9185158,77.6473852
Freedom International School,school,12.9164577,77.6421147
Unnamed,park,12.9145299,77.6520801
Sector 2 Park,park,12.9097655,77.646364
Seventh Day Adventist School,school,12.959065,77.6500108
Sheila Kothavala Institute for the Deaf,school,12.9574386,77.6485324
Sophia School,school,12.9556062,77.6534682
Madiwala Park,park,12.9246934,77.6178048
Hombegowda Boys School,school,12.9479026,77.5965298
Mary Immaculate School,school,12.94484,77.6003444
Twin park 1,park,12.9080574,77.640543
Twin park 2,park,12.9075689,77.6405148
Unnamed,park,12.9201346,77.6316173
GT World Mall,shopping,12.973548,77.5516898
Dr. BR Ambedkar Park,park,12.9544229,77.6429246
Government High School Agara,school,12.9232302,77.6501392
"Fortis Hospitals Limited, Bengaluru Urban",hospital,12.9884932,77.5945504
MLA Layout Park,park,13.0416671,77.5645143
Unnamed,park,13.0280151,77.5852582
Unnamed,park,13.0301133,77.5861251
Richmond Town Park,park,12.9635291,77.6017119
Unnamed,park,12.9559827,77.6020973
Unnamed,park,12.956985,77.6011901
Unnamed,park,12.9523032,77.6242867
Government College of Nursing,college,12.9623462,77.575312
Government Dental College and Research Institute,college,12.9637904,77.5758966
Unnamed,park,12.9532993,77.6399399
Unnamed,park,12.9953687,77.6529931
ESI Hospital,hospital,12.9952564,77.6527138
Unnamed,school,13.0100331,77.6569506
Sri Cauvery School,school,12.9762531,77.6366565
Bangalore City Cooperative Bank,bank,12.9779232,77.6405045
Ashraya's Children's Home,school,12.9805411,77.6375174
BDA Public Site,park,12.9750556,77.6400675
Rhythms Institute of Fine Arts,school,12.9800897,77.6403029
Milann Fertility Center,hospital,12.9788013,77.6380849
Government School,school,12.9680106,77.6552467
Senior Police Officers Research and Training Institute,college,12.9702208,77.6116387
Resurrection School,school,12.9819678,77.6445368
Sanjeevani Hospital,hospital,13.0116917,77.5438731
Unnamed,park,12.9664555,77.6588756
Dr. Agarwal's Eye Hospital,hospital,12.9103373,77.6004789
Dharma Naidu Udhyanavana,park,12.989147,77.5576453
Sanjay Gandhi Accident and Trauma Hospital,hospital,12.9356389,77.5935945
Sanjay Gandhi Accident and Trauma Hospital,hospital,12.9357711,77.5939433
Unnamed,park,12.9232707,77.5492432
Greenview Hospital,hospital,12.9191928,77.6381223
Anna Basavanna Park,park,13.0086638,77.5441278
Anjaneya Swami Gudi Udyana,park,13.0087591,77.5460294
BBMP Vidya Mandir School,school,13.0031598,77.5725489
Gandhi Nagar High School,school,12.9908973,77.5788013
Al Ameen Pre and Degree College,college,12.9529705,77.5881572
Unnamed,park,13.0170276,77.6331507
Hare Krishna Park,park,13.0055626,77.5491087
Leprosy Hospital,hospital,12.9744546,77.5640222
Government Kannada Primary School,school,12.9902358,77.6635792
R V Teachers College,college,12.9432616,77.5807346
Central Bank of India,bank,12.9426104,77.5802791
Parikrama,school,12.9424073,77.5855394
Kendriya Vidyalaya NAL,school,12.9656802,77.655443
Poorna Prajna Education Centre,school,12.9725835,77.6566236
Reliance Centro,shopping,12.9262622,77.6753341
MK Ahmed,shopping,12.9125455,77.6366136
Unnamed,park,12.909768,77.6368984
Defence Colony Childrens Park,park,12.9754282,77.6449018
Indiranagar Park,park,12.9712717,77.6441055
Senior Citizens Park,park,12.974917,77.6438798
Unnamed,park,12.9256759,77.6187545
Government High School,school,12.9447386,77.6288254
Annasawmy Mudaliar General Hospital,hospital,12.9999803,77.6144986
Arth Ayurveda World,hospital,12.9685282,77.6457748
Sarvagna Park,park,12.999408,77.6203085
Prolife Hospital,hospital,13.065084,77.5936343
Punjab National Bank,bank,12.9917055,77.6148698
HDFC Bank,bank,13.0633022,77.5917655
Unnamed,park,12.9960193,77.6549021
State Bank of India,bank,13.0077905,77.5631383
DMart,shopping,12.9746704,77.5472859
Vaishnavi Sapphire Centre,shopping,13.0246252,77.5487524
ETA Namma Mall,shopping,12.9656763,77.5616212
Lourdes High School,school,12.96619,77.585096
Indicus,hospital,13.0146094,77.6464563
RainTree,shopping,12.994295,77.5842978
Unnamed,park,12.9587303,77.6442261
St Charles High School,school,12.9965792,77.5423679
SSB International School,school,12.9736552,77.6400322
Shyamala Hospital,hospital,12.9714272,77.627494
Max,shopping,13.0284013,77.5723448
NGEF Park,park,13.0377598,77.5749792
Fresh 'n more,shopping,12.9703539,77.6544305
Nirmala Rani High School,school,13.0092188,77.5616681
Shri Shri Ravishankar Vidya Mandir,school,12.9740919,77.6840408
Lido Mall,shopping,12.9734475,77.6217468
Medicare Diagnostics,hospital,13.0285228,77.5587301
Abhaya Hospital,hospital,12.9462798,77.5947839
Karnataka Apex Bank,bank,12.9601168,77.5714852
Tirumalai Eye Clinic,hospital,12.9194536,77.5838939
Sarkari Hiriya Prarthmik Shale,school,12.981617,77.6431347
HDFC Bank,bank,12.9793527,77.644818
MS Diabetes Speciality Center,hospital,12.9807106,77.646011
Shashank Clinic,hospital,12.9265095,77.5808392
Vatican High School,school,13.0267744,77.5987021
royalmart supermarket,shopping,12.9630393,77.6031442
Central Bank of India,bank,12.9771917,77.5761083
Reliance Fresh,shopping,12.9404157,77.6199113
BBMP Maternity Hospital,hospital,12.9491979,77.596808
Ramakrishna Clinic,hospital,12.978694,77.5744614
ESI Hospital,hospital,12.9279948,77.5894064
Unnamed,hospital,12.9346732,77.6287815
Proteeth Dental,hospital,12.9346254,77.6284672
Apollo Hospital,hospital,12.9883419,77.5726976
Government Girls High School,school,13.0028028,77.567164
Supra Hospital,hospital,12.9928137,77.5386455
GM Hospital,hospital,12.9929463,77.5386927
Magadi Karanikara Vaidika Dharma Pathashala Trust,school,12.9479213,77.5707129
Sree Saraswathi Vidya Mandira,school,12.9506642,77.5778323
National Public School Jayanagar,school,12.9285064,77.5879817
Dr. Vishnuvardhan Park,park,12.9637364,77.6429921
Government School,school,12.9587756,77.6614664
ND Fusion Mall,shopping,12.9158099,77.6103436
Martin Luther School,school,12.9401419,77.5485244
Martin Luther School,school,12.939932,77.5488064
Union Bank of India,bank,12.9392713,77.5722594
Prashanth Hospitals,hospital,12.9391883,77.5513126
Unnamed,college,12.9415238,77.5543245
Unnamed,school,12.9410637,77.5543987
Holy Saint High School,school,12.9354912,77.550587
JHS school,school,12.9373127,77.5503892
Vidyashankari English School,school,12.9380298,77.5523133
VSS Public School,school,12.9380628,77.5515971
Bank of Baroda,bank,12.9365502,77.5778348
Ragigudda Sri Prasanna Anjaneya Gurappanapalya,school,12.9147118,77.59407
"Rural DIET, Rajajinagar",college,12.9933779,77.5533031
IDFC First Bank,bank,12.9720159,77.6076883
Unnamed,bank,12.9470974,77.5966177
HDFC Bank,bank,13.01372,77.635789
Vagus Super Speciality Hospital,hospital,13.0084773,77.5684217
HDFC Bank,bank,12.9227465,77.5932002
Government High School,school,12.9184936,77.5959747
Bharath Co-operative Bank,bank,12.9799802,77.5369515
Sri Saraswati Vidya Mandira School,school,12.927045,77.5559702
Ovum Hospitals,hospital,13.0171298,77.6432944
Unnamed,hospital,13.0546111,77.5915016
Deepak Hospital,hospital,12.9262236,77.5775108
Green House Park,park,13.0293609,77.5631302
NIAS residence Garden Area,park,13.0289146,77.563138
Karnataka Judicial Academy,college,12.9854416,77.5821636
Unnamed,bank,12.97894,77.6436149
Florence School,school,13.0220269,77.5928761
Unnamed,park,13.0232026,77.5959511
ChanRe Rheumatology And Immunology Center And Research,hospital,12.9955667,77.5354224
VLS International School,school,12.9913675,77.5356653
Bank of India,bank,12.9898635,77.5376936
Central Bank of India,bank,12.9915888,77.537446
Gopala Eye Care Centre,hospital,12.9883622,77.5343261
State Bank of India,bank,12.9885435,77.5344927
St Josephs College of Commerce,college,12.9699963,77.6074034
Unnamed,park,13.0514512,77.5536465
Smt. Kamalabai Educational Institution,school,12.9874401,77.5969626
Unnamed,park,12.908586,77.586709
Maruthi Layout Park,park,12.9207334,77.607243
Unnamed,park,12.9250329,77.5470519
New BDA Layout Park,park,12.9439233,77.5383902
Unnamed,park,12.9442292,77.5431919
Unnamed,park,12.9497423,77.5484953
Unnamed,park,12.9322491,77.5490336
Banagiri Nagar BBMP Park,park,12.9228933,77.5586199
Unnamed,park,12.9375437,77.569013
Shamanna Park,park,12.9378191,77.5714966
Hanumanth Nagar Park,park,12.947441,77.5634781
BBMP Park,park,12.9183608,77.6365654
Unnamed,park,12.9288113,77.6303716
Rectangle Park,park,12.9321809,77.6295061
Swabhimana Park,park,12.927514,77.6355294
Children's Park,park,12.9331364,77.6327824
S T Bed Park at 5th Cross,park,12.9342196,77.6318221
Virla Children's Park,park,12.9760106,77.6840346
BM Kaval Park,park,12.9804798,77.6447654
Unnamed,park,12.9607435,77.6487378
Shivaram Karanth Park,park,13.0034456,77.6618892
Unnamed,park,13.0196335,77.6516538
BBMP Park,park,13.027242,77.6274388
Unnamed,park,13.0051069,77.604059
Unnamed,park,13.0376129,77.5666398
BBMP Park,park,13.0184352,77.5394324
Unnamed,park,13.0166412,77.5384392
Ganesha Temple Park,park,13.0160649,77.5427512
Unnamed,park,13.0066858,77.5380402
Unnamed,park,13.0122138,77.5473428
Unnamed,park,12.9988269,77.5387661
Unnamed,park,12.9976289,77.5375677
ABC Park,park,12.9863238,77.5572633
Unnamed,park,13.0033337,77.5702334
Jyothivana Park,park,13.0340583,77.5754571
Unnamed,park,13.0350016,77.5728653
Unnamed,park,13.0451918,77.571772
Unnamed,park,13.044163,77.5785196
Unnamed,park,13.0415904,77.5814713
Unnamed,park,12.999231,77.6629427
Dollar's Colony Park,park,13.0361307,77.5693741
BEL Academy for Excellence,college,13.0437363,77.5626393
Journalist Colony Garden,park,12.958053,77.5805763
Basava Park,park,12.9845464,77.541172
Government Ayurvedic Medical College,college,12.9795326,77.5737218
Unnamed,school,12.9932061,77.613918
Swami Vivekanada Park,park,12.9978183,77.6631851
Sharada Medicals,hospital,13.0152635,77.6467105
Unnamed,school,12.9684221,77.6570302
Unnamed,park,12.94288,77.6512399
New Horizon PU College,college,13.0054864,77.6608858
BBMP Amarjyothi Layout Park,park,13.0343582,77.5940581
Swami Vivekananda Park,park,12.9780116,77.6412739
Unnamed,school,12.9814305,77.6422571
Silicon City Public School,school,12.9815879,77.6414727
Halasuru Referal Hospital,hospital,12.973692,77.6266773
St Anne's Degree College,college,12.9740209,77.6256572
Kempegowda Park,park,13.0438849,77.5922082
Unnamed,park,13.0448596,77.5909471
Hasnath Group of Institutions,college,12.9797744,77.6158045
RBANMS College,college,12.9815448,77.6150722
Unnamed,park,12.9835592,77.5465539
National Centre for Excellence School,school,12.9698835,77.6553691
Diagonal Park,park,12.9697188,77.6562258
Manipal Hospital,hospital,12.9882084,77.5921572
BBMP Primary Health Center,hospital,12.9591543,77.6464476
PU Cauvery College,college,12.9644861,77.6446189
BBPM Park Ward 27,park,13.0047394,77.6269836
Orion East Mall,shopping,13.0012762,77.6326046
Cooke Town Park,park,13.0006187,77.6214792
Nalapad Academy,school,12.9450775,77.6519189
Unnamed,school,12.9972978,77.5706594
Indian Institute of Psychology & Research,college,12.9308359,77.6135839
Unnamed,park,12.9323974,77.6168484
Vidya Bharathi School,school,13.0028187,77.5466654
Indira Gandhi National Open University,college,12.9533742,77.5975797
BDA Park,park,12.9252465,77.556299
Prakruthi Vana,park,12.9363182,77.5797481
Laxman Rao Park,park,12.9185593,77.5799789
Judicial Layout Park,park,13.077687,77.5887622
Unnamed,park,13.0288198,77.5709148
Bangalore Public School,school,12.9633497,77.6451765
Families,shopping,13.056717,77.62962
The Fracture and Orthopaedic Clinic,hospital,13.0081737,77.5634644
CSI Hospital,hospital,12.991305,77.6011314
Union Bank of India,bank,12.988019,77.5355789
Unnamed,park,12.9626625,77.6143919
Government Hospital,hospital,12.9490229,77.6199247
Unnamed,park,13.0050551,77.5796771
"IIHS, Bengaluru City Campus",college,13.005556,77.5809082
Unnamed,park,12.9664205,77.653295
Government Higher Primary School,school,12.9447993,77.6296947
ASC War Memorial,park,12.9651012,77.6189349
VLS International School grounds,school,12.9910814,77.5355729
Unnamed,park,12.9789473,77.6428572
International Instittute of Hotel Management,college,12.979453,77.6460946
International Instittute of Hotel Management,college,12.9794703,77.6462387
Annaswamy Mudaliar High School,school,12.9989467,77.6143957
Unnamed,school,12.9478182,77.5654024
Unnamed,park,12.9479212,77.5678916
Unnamed,park,12.9548113,77.6164088
Unnamed,park,12.95618,77.6164388
Unnamed,park,12.9552973,77.6162142
Government Sanskrit College,school,12.9590235,77.5722549
Sharada Stree Samaja School,school,12.960157,77.569811
Unnamed,park,13.0013543,77.5374954
Unnamed,park,13.0019286,77.5394486
Kempegowda Park,park,12.9976869,77.5363178
Unnamed,park,12.972982,77.6696754
Unnamed,park,12.9745137,77.6703174
Global City International School,school,12.9774258,77.6713351
Presidency College,college,13.0506431,77.5980043
Unnamed,park,12.9661896,77.5871683
Abbas Khan College,college,12.9662043,77.585701
Unnamed,park,12.9765732,77.6352086
Unnamed,park,12.9915349,77.5347453
Unnamed,park,13.0175985,77.5624309
Shoppers City,shopping,12.9915424,77.6684116
Unnamed,park,12.9420615,77.6256944
Mantri Square,shopping,12.9915771,77.5705772
JJR Nagar Park,park,12.9640791,77.5557436
Saibaba Womens School,school,12.9973687,77.5552461
Unnamed,park,12.9935132,77.6026201
Unnamed,park,12.9939884,77.6004139
National Public School Kormangala,school,12.9492755,77.6212439
Unnamed,park,12.9533316,77.6011904
Sagar Hospitals,hospital,12.9278986,77.599855
Sagar Hospital,hospital,12.9078674,77.5651623
"National Public School, Rajajinagar",school,12.9841446,77.5496683
Unnamed,school,12.9164427,77.6774446
Unnamed,park,12.9651259,77.6500454
Reliance Centro,shopping,12.9262202,77.6753775
Government Primary School,school,12.9471795,77.6809466
Government Higher Primary School,school,13.0438004,77.5699888
College of Nursing - ESIC,college,12.9709976,77.6355707
Unnamed,park,12.9963126,77.5345779
Kodihalli Public School,school,12.9643086,77.6470835
Unnamed,park,12.9655984,77.6456561
Rani Chennamma Park,park,12.9693436,77.6532351
Sishu Griha Senior School,school,12.9734765,77.6557437
Queen's Park,park,12.9786548,77.5979775
Unnamed,park,12.9427154,77.6511045
Unnamed,park,12.94288,77.6515162
Unnamed,school,13.0560399,77.6289674
East park,park,13.0002009,77.6194417
"Small Park, used by local residents",park,12.9590139,77.6535055
AGS Layout park,park,12.9168668,77.5424594
M C Layout Park,park,12.9703936,77.535139
Command Hospital (Air Force),hospital,12.9638769,77.627935
Unnamed,park,12.9725698,77.628564
Carmel School,school,12.9192913,77.5592937
Chandra Reddy,park,12.936059,77.631226
BTM Water Tank Park,park,12.9154665,77.6017729
St. Henriettas English Primary School,school,12.9662375,77.611534
St. Philomena's Hospital,hospital,12.9649568,77.6111852
Unnamed,school,12.9613583,77.6168058
Unnamed,park,13.0313639,77.5666327
RIT hostel courtyard 2,park,13.0324068,77.5649509
RIT Hostel courtyard 1,park,13.0320488,77.5648865
Government Maternity Hospital,hospital,12.9377267,77.5697859
Unnamed,park,12.974991,77.5363178
Unnamed,park,12.9762522,77.5383161
HCG Cancer Hospital,hospital,12.9637737,77.5896796
Nandanvan Childrens play Park,park,12.9213666,77.5892011
Makkala Koota Playground & Children Park,park,12.9576875,77.5725669
Al-Ameen Hospital,hospital,12.9898869,77.5942601
St. Theresa's Hospital,hospital,13.0067504,77.5529389
Christ School CBSE,school,12.9312257,77.6040464
Amruth Park,park,12.9358415,77.6186465
Sudarshan Vidya Mandir,school,12.925358,77.5940216
Unnamed,park,12.9332325,77.619509
Shirdi Sai Hospital,hospital,13.0668492,77.6394164
Presidency School,school,13.0052442,77.6611503
Devamata Central School,school,13.0263279,77.6559927
Childrens Playing Park,park,12.981077,77.6262588
Unnamed,college,13.0576618,77.6420218
Unnamed,park,13.0588678,77.6428331
Kristu Jayanti University,college,13.058229,77.6424351
Royal College of Management Studies,college,13.0279653,77.6338225
Life Hospital,hospital,12.9756177,77.6470614
MS Ramaiah Park,park,13.032091,77.5684643
BBMP Playground,park,13.0035496,77.5525528
VVS Sardar Patel High School,school,13.003969,77.5525796
MEBP Park1,park,13.0477493,77.6205917
The Arena,park,13.0505893,77.6221073
BNV Park,park,12.9095691,77.594765
Unnamed,park,12.9176546,77.6506401
KS Puttasiddappa and Sons,shopping,12.9480146,77.5687035
South City Hospital,hospital,12.9496516,77.5803074
Dr. Puneeth Rajkumar Park,park,13.0229987,77.6414813
Sahakara Nagar CQAL Kids Park,park,13.0621911,77.5802961
Sacred Heart Girls High School,school,12.9652111,77.6620234
Dr. Ambedkar Park,park,12.9589872,77.6645788
HAL West Primary School,school,12.960591,77.6647037
Sacred Heart Degree College,college,12.9645727,77.6614009
Ganesh Temple Park,park,13.0701069,77.5778563
B Narayanapura Park,park,12.9960258,77.6765204
Padmanabhanagar Park,park,12.9180877,77.5576506
Unnamed,park,13.0534381,77.621307
Unnamed,park,12.954538,77.5776485
Unnamed,shopping,12.9123841,77.6005095
RK Layout park,park,12.9149354,77.5570101
Carmel School,park,12.9186872,77.5592203
Atal Bihari Vajpayee Park,park,13.034535,77.5698022
Unnamed,park,12.910952,77.6444561
Unnamed,park,12.9651959,77.66924
IBC Evacuation area park,park,12.9325765,77.601826
Unnamed,park,13.0739388,77.5700771
Unnamed,park,13.0716771,77.5516646
Unnamed,park,13.0701791,77.578586
Unnamed,park,13.0689871,77.579003
Unnamed,park,13.0646954,77.5833047
Temple park,park,13.0581897,77.5912075
Auro Mirra International School,school,12.9789173,77.6167663
Kaikondrahalli Lake Park,park,12.9133958,77.6727771
Agara Lake Park,park,12.9203509,77.6431558
Motherhood,hospital,12.9179135,77.6722553
Manipal Hospitals,hospital,12.9199685,77.6652549
Classic,shopping,12.913536,77.6783018
Suvarnamukhi,hospital,12.9135595,77.6795552
BBMP College,school,12.9738555,77.6302876
Sri Ramakrishna High School,school,12.9746241,77.6305856
Bhuvaneshwari Park,park,12.9474276,77.5952577
Unnamed,park,12.9347569,77.683469
ALT training college,college,12.9174984,77.6714888
Unnamed,park,13.0744999,77.612131
Unnamed,park,13.0722965,77.6093847
Unnamed,park,13.0764289,77.6121499
Unnamed,park,13.0757047,77.612121
Unnamed,park,13.0769154,77.6103081
Phoenix Mall of Asia,shopping,13.0708864,77.5904608
Agadi Hospital,hospital,12.9492019,77.5977936
Karnataka Bank,bank,12.9879728,77.5357437
Chaitanya E-Techno Scool,school,12.9764955,77.6751122
Heble Park,park,12.9281426,77.6274329
Institute of Hotel Management,college,12.9786163,77.5866665
Unnamed,college,12.9482151,77.5968238
Sparsh Hospital,hospital,13.0277509,77.5429924
Unnamed,park,13.0298161,77.5701643
Unnamed,park,13.0332213,77.5698495
Shubhodaya Park,park,13.0348663,77.5699823
Unnamed,park,13.0562339,77.5747526
Unnamed,school,13.0485219,77.6521949
Narayana PU College,school,13.069829,77.5590965
Government Higher Primary School,school,13.0745418,77.5661145
Unnamed,park,13.0652908,77.5602248
Unnamed,park,13.0082525,77.6381999
Unnamed,park,13.0082593,77.6377878
Unnamed,park,13.0185653,77.6410638
Unnamed,park,13.0066341,77.6602453
St Vincent Pallotti College,college,13.0297477,77.6415271
SJR Public School,school,13.0283922,77.6277356
Unnamed,park,13.0205405,77.6515867
Babusabpalya Park,park,13.0211276,77.6511902
BMS Hospital,hospital,12.9413364,77.5674679
APS Public School,school,12.9400098,77.5677654
Unnamed,park,12.951407,77.5501031
Unnamed,park,12.9526538,77.5396451
Aavishkar Academy,college,12.9810372,77.6246913
Government Girls Tamil School,school,12.9804661,77.6259975
Unnamed,park,12.9813274,77.6267989
Shree Dhanraj Phoolchand Hindi High School,school,12.9665194,77.6123449
Unnamed,park,12.9353606,77.5355414
Unnamed,park,12.9873184,77.6223456
Sobha Jasmine Park,park,12.9264524,77.6688343
School Ground,park,13.0157782,77.5750449
M C Modi Eye Hospital,hospital,12.9980069,77.5459005
Fossilized Tree,park,12.9504783,77.5838806
St. Patrick's High School,school,12.9707018,77.6063177
Unnamed,park,13.0055025,77.5521133
Unnamed,hospital,13.0177672,77.5417058
Unnamed,park,13.011171,77.652372
Bhuvanagiri Park,park,13.0120749,77.6534731
Joggers Park,park,12.926575,77.6716971
Unnamed,park,13.0502138,77.5950811
Unnamed,park,13.0494457,77.5946673
Government School,school,13.062777,77.6424052
Unnamed,park,13.0681053,77.6342359
Rashtrotthana Vidya Kendra,school,13.068317,77.6345517
Sri Rama Vidyalaya,school,13.0739284,77.6019706
Banni Mantapa,park,12.9344285,77.5507627
HSR Friends Park,park,12.9078887,77.6426499
Swabhiman Park,park,12.9110011,77.6404772
"Udyanavana, MEG Layout",park,12.9930448,77.6771874
"Children's Park, MEG Layout",park,12.9916714,77.676967
Sri Raja Ganapathi Temple park,park,13.0028296,77.6319981
Unnamed,park,12.9244835,77.5988244
Unnamed,park,12.9251535,77.5989584
NALRA Park,park,12.9259469,77.5989654
Unnamed,park,12.9260611,77.5981082
Unnamed,park,12.9677665,77.6094068
Children's Play Area,park,13.0459482,77.6015686
Assumption English High School,school,12.9925083,77.554919
Unnamed,park,13.0068414,77.5499952
VVS School and College,school,13.0045574,77.5503444
PVP School,school,13.0047302,77.5501352
Indian Institute of Spirituality,college,13.005314,77.5533932
St Michael's High School,school,13.0516019,77.6451833
Indian Academy Group of Institutions,college,13.0302427,77.6355917
"HOSMAT Hospital, Kalyan Nagar",hospital,13.028489,77.6325562
St. Norbert School,school,13.0454795,77.6435395
Blessed Care Nivas,school,13.0460645,77.6437077
The Indian Public School,school,13.0391499,77.6183077
BGS World School,school,13.0049694,77.5449384
Unnamed,park,13.0399775,77.5890897
Unnamed,school,13.0540854,77.5684293
Unnamed,school,13.0632155,77.6665538
Kendriya Vidyalaya,school,13.0643976,77.5433696
Unnamed,park,13.0505443,77.5525439
Unnamed,park,13.0472142,77.6162812
Unnamed,school,13.0385501,77.6132302
Seventh Day Adventist School,school,12.9944058,77.6121676
St. Charles Girls High School,school,13.00614,77.6216655
"IIHS, Tharangavana",college,13.013045,77.573415
Unnamed,park,13.034927,77.5775813
Unnamed,park,12.9840682,77.578333
SJR College of Law,college,12.9818346,77.5757991
BDA Park,park,12.9308406,77.6358298
St. Francis Composite PU College,college,12.9270487,77.6301463
Swami Vivekananda Memorial Park,park,12.975776,77.5694161
Unnamed,park,12.9799458,77.571939
GTHPS Puduparacheri,school,12.9591357,77.6010894
GMPS AkkithimmanaHalli,school,12.9595349,77.6011922
Unnamed,park,12.9563799,77.6027769
Unnamed,park,12.9514387,77.6250349
Unnamed,park,12.949021,77.6067587
Unnamed,park,12.9176861,77.6415483
Swachagraha Kalika Kendra,park,12.9154212,77.6391696
Unnamed,park,13.0384134,77.5361185
Unnamed,park,12.9751343,77.5499288
Venkat International School,school,12.9822633,77.5530491
Unnamed,park,12.9737097,77.5510375
Unnamed,park,12.9735555,77.5500963
Unnamed,park,12.9728237,77.5493534
Unnamed,park,12.9732222,77.5477514
Unnamed,park,12.907817,77.663132
Unnamed,park,13.076903,77.6388103
Unnamed,park,13.0769133,77.6409548
Unnamed,park,13.0768817,77.6356179
Unnamed,park,13.075638,77.6418635
Unnamed,park,13.0761062,77.6413817
Unnamed,park,13.075927,77.6406491
Unnamed,park,13.0761726,77.6398561
Unnamed,park,13.0762401,77.6373734
Unnamed,park,13.0767206,77.6411299
Unnamed,park,13.0755991,77.6371105
Trio World Academy,school,13.0594285,77.5831727
Sindhi High School,school,13.0506022,77.5985855
Unnamed,park,12.9863222,77.5935294
Unnamed,park,13.0349259,77.5915241
Unnamed,park,12.996088,77.6575729
Indian Institute of Ayurvedic Medicine & Research,college,13.0022168,77.5921105
Unnamed,park,13.0119649,77.5570804
Sri Aurobindo Vidya Mandir,school,12.9986489,77.545599
Unnamed,park,13.0174951,77.5492427
ITI General Hospital,hospital,13.0046358,77.6823567
JC Nagar Municipal Hospital,hospital,13.0099309,77.5941222
Unnamed,park,13.0003677,77.6076022
Unnamed,park,13.0015611,77.6073478
Rashtriya Military School,school,12.9625927,77.6095811
Sampangi Tank Park,park,12.9680211,77.5903027
Stracey Memorial High School,school,12.9749496,77.6019587
Canara Bank,bank,12.9647204,77.6822814
Cumins Sports Park,park,13.0291464,77.669209
NCBS Bangalore,college,13.0714927,77.5801602
Brighton School,school,13.0669619,77.6646275
Unnamed,park,13.0194822,77.5946407
SJR College for Women,college,12.9821724,77.5612902
VVS Girls College,college,12.9871277,77.5426566
Sri Vani Education Centre,school,12.9880705,77.5414154
National Academy for Learning,school,12.9878783,77.5419565
Unnamed,school,13.0012361,77.6251298
Sundaranagar Park,park,13.0410007,77.5582603
Unnamed,park,12.9136501,77.6390166
Unnamed,park,12.913973,77.6405088
Unnamed,park,12.914738,77.6346003
Goodwill Girls’ High School & Composite Pre-university College,school,12.9957846,77.6091173
GTHPS Austintown,school,12.9611575,77.6160391
Mahanagar Palike HPS Austin Town,school,12.9593532,77.6190318
Impact College of Engineering and Applied Sciences,college,13.0537899,77.5810306
Unnamed,park,12.9974668,77.5409806
Unnamed,park,12.9976349,77.5408214
St. Jude's English High School,school,13.0008873,77.6391603
Government School,school,12.913626,77.6777662
Unnamed,college,13.0005642,77.622022
"ICAR - Indian Veterinary Research Institute, Hebbal",college,13.0248754,77.5830666
Unnamed,park,13.0682545,77.5890277
Unnamed,college,12.9293924,77.6231114
Unnamed,park,12.9595938,77.6160888
Unnamed,park,12.9441015,77.5715902
Government Homeopathic Hospital,hospital,12.9830546,77.536518
S Cadambi Vidya Kendra English Secondary School,school,12.9936034,77.539461
Unnamed,park,12.9780504,77.5631151
Baldwin Methodist College,college,12.9615474,77.6063126
Unnamed,park,12.9303714,77.6292074
Unnamed,park,12.9308165,77.6295353
Dr. P.R. Desai Hospital Pvt Ltd,hospital,12.9863583,77.5792111
Mariyappa First Grade College,college,12.998356,77.5584602
St. Joseph's Institute of Management,college,12.9725039,77.6130602
Manipal Hospital Yeshwantpur,hospital,13.0142942,77.5560784
Unnamed,school,13.0123443,77.5946694
Unnamed,park,13.0318789,77.6126193
1 Sobha,shopping,12.9752362,77.602208
New Horizon Public School,school,12.9677347,77.6420053
"Shifa Hospital, Bengaluru Urban",hospital,12.9900045,77.5989675
Tasker Town Park,park,12.9844265,77.5988997
Diacon Hospital,hospital,13.0037443,77.5498305
Fortis Hospital,hospital,13.0022012,77.5491011
Nagasena Vidyalaya,school,13.0138956,77.5761248
Aster CMI Hospital,hospital,13.0545318,77.5918707
Rainbow Children's Hospital,hospital,13.0655647,77.5937383
National Power Training Institute,college,12.914142,77.5689321
JSS Composite PU College,school,12.9225104,77.5755219
BBMP PU College,college,12.983676,77.6014367
Police Memorial Park,park,12.96843,77.5870212
Unnamed,park,12.9136787,77.6464474
Government First Grade College,college,12.9147432,77.6505752
Unnamed,park,12.9081171,77.6363723
Unnamed,park,12.9093086,77.6335962
Unnamed,park,12.9090125,77.6512157
Unnamed,park,12.9105433,77.6526446
Alpha College of Engineering,college,13.0755928,77.6653777
Vijaya Vittala Institute of Technology,college,13.0770721,77.6659517
Unnamed,park,12.9569959,77.5344182
Army Public School,school,12.9782933,77.6109283
Army Public School ASC C&C,school,12.964343,77.6190484
GUMPS Yalagondana Palya,school,12.9632152,77.6130619
Unnamed,park,12.9607001,77.6142662
Unnamed,park,12.991261,77.619072
St. Anthony's School,school,12.9927713,77.6119031
Unnamed,school,12.9598109,77.5640932
Unnamed,school,12.9598055,77.5635588
RBANMS First Grade Evening College,college,12.9821415,77.6151763
Unnamed,park,12.9893158,77.6669265
Kendriya Vidhyalaya DRDO,school,12.9868422,77.6643563
Unnamed,park,12.9850948,77.6654174
Unnamed,park,12.9879573,77.670647
Sishu Griha Junior School,school,12.9763384,77.6728844
B Narayanapura Park,park,12.9972029,77.6837161
Unnamed,school,12.9972835,77.569966
5th Avenue Mall,shopping,12.9731949,77.6069935
Vikram Aura Hospitals,hospital,12.9656576,77.6097218
Mount Carmel Central School,school,12.9940584,77.5872155
RBANMS Middle School,school,12.9808072,77.6124146
RBANMS High School,school,12.9812941,77.613018
Tunbridge High School,school,12.9789194,77.6066659
St Joseph's College of Law,college,12.9704168,77.6032839
Seva Bhat Telugu High School,school,12.9553325,77.621075
Government Urdu English Model Primary and High School,school,12.9575563,77.6122277
Navaranga Park,park,12.9968814,77.5533519
Karnataka Bank,bank,12.9517131,77.5672859
More,shopping,12.9523167,77.5669814
Bangalore Education Society,school,12.9989866,77.5686607
Rajiv Gandhi College Of Law,college,13.0029512,77.5725513
Carmel High School,school,12.9885357,77.5443322
Carmel PUC,college,12.9882336,77.5449871
Cloudnine,hospital,12.9244197,77.6724971
Narayana e-Techno School - Bellandur,school,12.9266151,77.6735425
BN Specialty Hospital,hospital,12.9124863,77.6765573
Unnamed,hospital,12.9849552,77.556924
National Institute of Advanced Studies - NIAS,college,13.0293756,77.5635513
Nirmala Rani High School,school,13.0095662,77.5616771
Unnamed,hospital,13.0011093,77.5639472
Al-Ameen Arts and Science College,college,12.9542208,77.5867157
People Tree Hospitals,hospital,13.0282887,77.5391464
Unnamed,park,12.9643414,77.5947501
Canara Bank Park,park,12.963063,77.5852852
The Colonel Hill High School,school,12.9909278,77.6023316
Al-Ameen Kambal Posh,school,12.9904302,77.6015787
CEZM High School,school,12.9904958,77.6003388
Charaka Super Speciality Hospital,hospital,12.9896386,77.60226
Hymamshu Jyoti Kala Peetha,school,13.0064209,77.5688037
Unnamed,hospital,13.0058093,77.5694388
Unnamed,park,13.0065312,77.5506788
Unnamed,park,13.0070617,77.5497316
Unnamed,park,12.9840297,77.551708
Unnamed,park,12.9831886,77.549527
National Institute of Animal Nutrition and Physiology,college,12.9482501,77.6086002
Unnamed,park,13.0153636,77.5502063
Unnamed,school,12.9571311,77.6141597
Unnamed,school,12.9589711,77.6168498
Police Training School,college,13.0767034,77.6267551
Apollo National Public School,school,12.9231645,77.5576937
Kotak Mahindra Bank,bank,12.9231682,77.556496
Kendriya Vidyalaya,school,13.0273983,77.5517047
Unnamed,park,13.027364,77.5465062
Unnamed,park,13.0269028,77.5473937
Phoenix Hospital,hospital,12.9166101,77.6450517
Unnamed,park,12.9677177,77.5933725
Unnamed,school,12.992119,77.5480225
Netaji Subash Chandra Bose Ground,park,12.9905485,77.5438026
Gangamma Thimmaiah Govt School,school,12.9905196,77.5465662
Unnamed,school,12.9639313,77.6161842
St. Euphrasias Girls' High School,school,12.9680756,77.605027
Sacred Heart Girls' High School,school,12.9692162,77.6032078
Forum Rex Walk,shopping,12.9727109,77.6065571
Unnamed,park,13.0513858,77.5570865
Unnamed,park,13.0115083,77.562012
ESI Hospital Malleshwaram Branch,hospital,13.0151199,77.5600013
Unnamed,park,13.0171567,77.5574362
Unnamed,park,13.0426074,77.6316556
Bhoomi Diagnostics,hospital,12.9116986,77.6495441
Frank Anthony Junior School,school,12.9627585,77.6041319
Cambridge School ICSE,school,12.9078713,77.6452802
Narayana Multispeciality Hospital,hospital,12.9082086,77.6435134
DMart,shopping,12.9321517,77.6346228
St. Michael's School,school,12.955594,77.5980861
MQI College,college,12.9969585,77.6065768
St. Mary's Public School,school,12.9892503,77.5987968
Unnamed,park,13.0084582,77.5776722
Unnamed,park,13.011895,77.5698116
Institute of Wood Science and Technology,college,13.0120786,77.5709861
Unnamed,college,12.9944436,77.5579391
Vivekananda College of Law,college,12.9988218,77.5616587
BBMP Junior College and Girls High School,school,12.998156,77.56453
Haji Sir Ismail Sait Government Urdu and English Higher Primary School,school,13.0002475,77.616303
Government First Grade College,college,12.993391,77.5528384
Vidyasagar Preschool,school,13.0414988,77.5814883
Young Scholars Academy,school,13.0378792,77.6039746
"Gyan Jyothi, State Bank of India",college,13.0731536,77.5964697
Unnamed,park,12.9941812,77.574021
Allamandas School,school,12.996573,77.5731253
Shree Jain Shiksha Samiti,school,12.971765,77.6120801
Unnamed,park,13.0225862,77.6028469
Unnamed,school,13.0079264,77.6140449
Unnamed,park,13.0094866,77.6168928
Unnamed,park,13.0103376,77.6187878
Unnamed,park,13.012258,77.619056
Vidyaneketana School,school,13.0467256,77.596712
Unnamed,park,13.0738572,77.6073454
Suvarnashree Gurukul,school,12.964497,77.6807039
Corporation Park,park,13.0241957,77.5863016
Unnamed,park,13.0262063,77.5774846
Unnamed,park,12.9198701,77.6378055
Oval Lawn,park,12.9669663,77.5975083
Eva Mall,shopping,12.9708539,77.6073681
Baldwin Opportunity School,school,12.9646791,77.601165
Bharat Seva Dal,school,12.9873579,77.5805107
Unnamed,park,12.9736086,77.5970839
Unnamed,park,12.972642,77.596433
Unnamed,park,12.9722439,77.5971626
Unnamed,park,12.9170293,77.6309793
Unnamed,park,12.9213329,77.595542
Unnamed,school,13.0258289,77.5947264
St. Francis School,school,12.9249558,77.6292625
Government Model Primary School,school,12.9219512,77.6210144
Bethesda High School,school,12.9962155,77.5833869
Unnamed,college,13.0005476,77.5477816
Unnamed,park,13.0693287,77.6062166
Unnamed,park,13.0721359,77.5348099
St. Philomena's College of Nursing,college,12.9645944,77.6108833
Unnamed,park,13.042843,77.5672213
Unnamed,school,13.0435785,77.5673202
Ashoka Trust for Research in Ecology and Environment,college,13.064321,77.620289
Miranda Group Of Institutions,school,12.9688953,77.650408
Suguna Hospital,hospital,12.9882302,77.5600393
Unnamed,park,12.9131689,77.6196209
Unnamed,park,12.9189955,77.6032376
Unnamed,park,12.9187229,77.5985354
Unnamed,park,12.9950965,77.5352933
Unnamed,park,13.0091893,77.5759099
"Sparsh Hospital, Hennur",hospital,13.040171,77.6406846
Dr Agarwal's Eye Hospital,hospital,12.9569001,77.6047605
Unnamed,park,12.9843835,77.5993816
Unnamed,park,12.9511632,77.6228231
Bible College and Ministry Training Center,college,13.0651208,77.6371661
Unnamed,park,13.0232707,77.6451862
Everest High School,school,12.9404725,77.6275231
Unnamed,park,12.949632,77.6346704
Bowring and Lady Curzon Medical College,college,12.9838498,77.5988818
Unnamed,park,12.9129034,77.5938603
Unnamed,park,12.9122543,77.5928722
Vidyanagara Park,park,12.9352391,77.5395846
Unnamed,park,13.0069712,77.5438328
Unnamed,park,13.0068588,77.5450504
Unnamed,school,12.9896172,77.6101403
BBMP Girls School,school,12.9900027,77.6103196
Unnamed,park,12.997306,77.6000075
Holy Shepherd English High School,school,12.9790129,77.6390401
BBMP Park,park,12.9314127,77.6130167
Unnamed,park,12.934566,77.6209387
PNS School,school,12.9380664,77.619152
Swimming Pool Extension Park,park,12.9991751,77.574304
Unnamed,park,12.961217,77.5747907
SFHS Layout Park,park,12.9146334,77.6010348
Unnamed,park,13.0352813,77.5883564
Unnamed,park,13.0004899,77.628378
Unnamed,park,13.0025183,77.5767216
GHPS Ksrtc Shanthinagar,school,12.9540105,77.6003994
Poornaprajna School,school,13.0747859,77.6509783
New Horizon International School,school,13.0728186,77.6524293
Unnamed,park,12.9161341,77.5386139
Sri Sai College for Women,college,12.997409,77.5546015
Government School,school,13.0760636,77.6037727
Unnamed,park,12.9803849,77.595627
Jain Centre for Management Studies,college,12.9603662,77.5871967
Unnamed,park,12.9622763,77.5885958
Jain University,college,12.9609027,77.5853359
"National Public School, Jakkur",school,13.0741963,77.6224246
Kensri School,school,13.0496651,77.6147517
North Hills International School,school,13.0594691,77.6125846
St. Mary's School,school,13.0507678,77.6483671
Royale Concorde International School,school,12.9205764,77.6678097
Orchids International School,school,12.9173804,77.6705181
Orchids The International School Vivekananda - SahakarNagar,school,13.0685481,77.5810048
Unnamed,park,13.0681377,77.5906298
Unnamed,park,13.0685099,77.5907567
Unnamed,park,13.0695478,77.5910359
Unnamed,park,13.0738673,77.5775206
Unnamed,park,13.0717625,77.5776205
Unnamed,park,12.9951113,77.5920148
Unnamed,park,13.0672942,77.6249481
Unnamed,park,13.0721608,77.6136619
Unnamed,park,13.0726259,77.6229524
Cloud Nine,hospital,12.9156928,77.6752029
Unnamed,school,12.9964752,77.5645387
Unnamed,park,12.9343515,77.6221955
BBMP Hospital,hospital,12.9949885,77.5937862
Good Shepherd School,school,12.9697414,77.6048872
Neev Academy,school,12.9438375,77.6760946
Unnamed,park,13.0113486,77.5577648
Unnamed,park,13.0111492,77.5573296
Unnamed,park,13.0109653,77.5569483
Unnamed,park,13.0107812,77.5565488
Unnamed,park,13.0110448,77.5578737
Unnamed,park,13.0108641,77.5574824
Unnamed,park,13.0106904,77.5570984
Unnamed,park,13.0103259,77.5562916
Banavasi,park,13.0097146,77.5555674
Unnamed,park,13.0597757,77.5900955
Bank of Baroda,bank,12.9267561,77.5969589
Unnamed,school,13.0373353,77.6087852
Unnamed,park,13.0286366,77.6083318
Unnamed,park,12.9454574,77.5648934
Unnamed,school,12.9449712,77.5666634
Unnamed,school,12.9529923,77.5620617
Unnamed,park,12.950135,77.565906
Unnamed,park,12.9454633,77.6053415
Unnamed,park,12.945051,77.6039766
Unnamed,school,12.9623553,77.5768145
Unnamed,school,12.9601729,77.5640895
Unnamed,hospital,12.9609247,77.5611731
Unnamed,park,13.0105826,77.5561263
Sri Chaitanya Techno School,school,12.9439927,77.5745175
Unnamed,school,12.9473285,77.5698824
Unnamed,park,12.9841866,77.5398134
Unnamed,park,12.9409507,77.5962163
Karur Vysya Bank,bank,13.0055951,77.5710599
Unnamed,park,13.016692,77.5634836
NET School,school,12.9433231,77.5674959
Unnamed,park,12.9441556,77.567633
Wild Arena,park,13.0420206,77.6140979
Unnamed,park,13.052516,77.5742745
Unnamed,park,13.0513439,77.5742977
Bank of India,bank,13.0132249,77.5577124
Unnamed,park,12.9229095,77.6815943
Unnamed,park,12.9229214,77.6807836
Unnamed,park,12.9229553,77.6801972
Unnamed,park,12.9220017,77.6808591
Unnamed,park,12.9261802,77.6656318
Orchids The International School - C V Raman Nagar,school,12.9694677,77.6681406
Laxman Rao Park,park,12.9301855,77.5804388
Unnamed,park,12.9297767,77.5798656
Laxman Rao Park,park,12.9269755,77.580471
Laxman Rao Park,park,12.9279879,77.5798822
Laxman Rao Park,park,12.9280271,77.5804724
Laxman Rao Park,park,12.9253436,77.5799075
Laxman Rao Park,park,12.9249386,77.580506
Laxman Rao Park,park,12.9226147,77.5805398
Laxman Rao Park,park,12.9208445,77.5805542
Laxman Rao Park,park,12.9187696,77.5805559
Unnamed,park,12.9617743,77.5749383
Vani Villas College,school,12.9616914,77.575924
Unnamed,park,12.9327215,77.5439239
Unnamed,park,12.9222562,77.5615561
Unnamed,park,12.923311,77.5638782
Unnamed,park,12.9209241,77.5615494
General Bipin Rawat Park,park,12.9213634,77.5605476
Unnamed,school,12.9240672,77.5448218
Unnamed,park,12.9157593,77.5881093
Jnana Sanjeevini,hospital,12.9162232,77.5890247
Unnamed,park,13.0669584,77.6101782
Unnamed,park,13.0634486,77.6049795
Amrutha English School,school,13.0657224,77.5997239
Unnamed,school,12.9875258,77.6699596
Doctor Mujahid Pasha Park,park,12.9450003,77.5966138
Government First Grade College,school,12.9973095,77.6212792
Unnamed,park,12.9124877,77.6030023
Unnamed,park,12.9820859,77.5632761
Unnamed,park,12.9304258,77.6109431
Unnamed,park,12.9297306,77.6109174
Innisfree House School,school,12.9109677,77.5873007
Unnamed,park,12.9093106,77.588114
Unnamed,park,12.907021,77.5763731
Unnamed,park,12.9079522,77.5834672
Unnamed,school,12.9096952,77.5811786
Dr. Abdul Kalam School,school,12.9572851,77.5750858
Unnamed,park,13.0618784,77.5950098
Unnamed,park,12.9776149,77.5644233
Vikas Park,park,12.9697936,77.6783609
Unnamed,school,12.9710887,77.5832686
Unnamed,park,12.9277958,77.6611532
Unnamed,school,13.0742623,77.5641811
Unnamed,park,13.0147779,77.552739
Unnamed,park,12.9521386,77.6443212
Unnamed,park,12.9550407,77.6469052
Unnamed,park,13.0466409,77.6040708
St. Norbert School,school,13.0733653,77.663645
Unnamed,park,12.9287653,77.6317307
Unnamed,park,13.0694692,77.5764692
Baldwin Women's Methodist College,college,12.9649692,77.6004187
"Christ School S G Palya, Lakkasandra",school,12.9284937,77.6070364
Christ Special School,school,12.9286124,77.6047752
Christ School ICSE,school,12.9289837,77.6055212
Dharmaram Vidya Kshetra,college,12.9356454,77.6026939
Lourdes Convent School,school,12.9264548,77.5981235
Carmel Convent School,school,12.9273113,77.5981297
Unnamed,park,12.9311424,77.5976429
Garuda Swagath Mall,shopping,12.9289418,77.5913637
Byrasandra Lake Park,park,12.9304859,77.5954162
HCG Hebbal,hospital,13.0658864,77.5939666
Vibgyor,school,13.0731975,77.6108611
Rajguru Park,park,12.9156772,77.5985086
Sukhdev Park,park,12.9137173,77.5985609
Bhagat Singh Park,park,12.9116507,77.5987341
Sanna Kaadu - Small Forest,park,12.9087483,77.5990498
Unnamed,park,13.0393673,77.6276175
Unnamed,park,13.0264657,77.6257005
2nd Block Park,park,13.0250122,77.6261852
JSS Public School,school,13.0252499,77.628378
Byrasandra Lake Park,park,12.9783306,77.6621393
Legacy School,school,13.0627072,77.652418
Gateway Community College,college,13.0619238,77.6566243
Unnamed,park,13.0770636,77.5595094
Vasanthanagara Park,park,12.9939445,77.5906114
Rotary,school,12.9920777,77.5928347
Unnamed,park,12.9096776,77.644416
Unnamed,park,12.9877277,77.5969717
RJ Public School,school,12.9890586,77.5947287
Geeta HPS,school,12.9273417,77.5865998
Brains Super Speciality Hospital,hospital,12.9478274,77.5924806
Unnamed,park,12.9332814,77.6823421
Unnamed,park,12.9309591,77.6791296
St. Paul's Public School,school,13.0404158,77.6092753
Unnamed,park,13.0393487,77.6120246
Government SKSJ Technology Institute,college,12.9769337,77.5870753
Bangalore Medical College Gents Hostel,college,12.9764406,77.5829357
Unnamed,park,12.9722747,77.5337258
Unnamed,park,12.9764005,77.5350478
Unnamed,park,12.926455,77.6406997
Unnamed,park,12.9362533,77.611806
Unnamed,park,12.936535,77.6117228
Unnamed,park,12.9353285,77.6106247
Unnamed,park,12.9158877,77.629413
Unnamed,park,12.9165092,77.6266198
Unnamed,park,12.9157648,77.6270986
Unnamed,park,12.9148916,77.6276169
Unnamed,park,13.0602989,77.55095
BBMP School,school,13.0616847,77.6423258
Unnamed,school,13.0178224,77.6492556
Unnamed,school,13.0761798,77.5620087
Unnamed,school,13.0361217,77.6699629
Innovative School of Excellence,school,13.0391739,77.6588257
Chrysalis High Horamavu,school,13.0399135,77.6599871
National Public School Kalkere,school,13.037857,77.6706253
Unnamed,park,13.0467305,77.626012
Unnamed,park,12.958808,77.64127
Unnamed,park,12.9078618,77.5637562
Unnamed,park,12.9111563,77.5743911
Unnamed,park,12.9091226,77.5706097
Unnamed,park,12.9097171,77.5711919
Unnamed,park,12.9182648,77.5690556
Samsidh International School,school,13.0641005,77.5531959
Unnamed,park,13.0167987,77.5377367
Unnamed,park,13.0173868,77.5380065
The Kenmore English School,school,12.942394,77.5772006
Unnamed,park,13.0126854,77.5573316
Unnamed,college,12.9271233,77.6018707
Swaraj Hyper Market,shopping,12.9232482,77.6122396
Unnamed,park,12.9234541,77.6081387
Government School,school,12.999737,77.612371
Unnamed,park,13.0582609,77.5894624
Unnamed,park,13.0570903,77.5711128
Unnamed,park,13.0018031,77.6388626
Unnamed,college,13.0584836,77.649554
Unnamed,park,13.0626047,77.6631213
Unnamed,school,13.0659354,77.6606852
Unnamed,park,13.0360331,77.5807124
Unnamed,school,13.0445163,77.5773144
Teresa Bacq School,school,13.0540546,77.6477008
Unnamed,school,13.0679949,77.6539457
Nagaraesh Nagenahalli Lake Park,park,13.0759157,77.6428352
Unnamed,park,12.9082419,77.6701661
Unnamed,park,12.9095659,77.6690399
Unnamed,park,12.9085056,77.669517
Unnamed,park,13.0541499,77.5980456
Unnamed,school,13.0525661,77.6037409
Unnamed,park,12.914026,77.577211
St. John's School,school,13.0526395,77.6068208
Unnamed,school,13.0587665,77.5843817
Cauvery School,school,13.0611397,77.5875753
Unnamed,school,13.0602688,77.574251
Rainbow Childrens Hospital,hospital,12.9202359,77.6674739
Sri Chaitanya Techno School,school,12.993966,77.5771632
Unnamed,park,12.9573565,77.6500043
RV Public School,school,12.9490876,77.5807097
Saul Kere Park,park,12.918331,77.6799134
Unnamed,park,13.06583,77.5358367
Unnamed,park,12.9944698,77.5883037
Unnamed,park,12.9950071,77.5873706
Unnamed,park,12.9950196,77.5875986
Unnamed,park,12.9950627,77.5884265
Safa Medicure Hospital,hospital,12.9447394,77.5964164
Samar International Islamic School,school,13.0660816,77.6342303
Unnamed,school,13.0585973,77.6256341
RBANMS Primary School,school,12.9812853,77.6110683
Unnamed,park,13.0026177,77.5719578
Unnamed,park,13.064823,77.5718595
Unnamed,park,12.9260802,77.6497609
"Government Moedl Primary School, Domlut",school,12.9620521,77.6344555
Unnamed,park,13.0650573,77.638798
Bishop Sargent High School,school,13.0643295,77.6428852
Unnamed,park,12.9654225,77.559297
Unnamed,park,13.0651392,77.5695082
Sri Chitanya Pre University College,school,13.0677362,77.5545247
All Seasons Supermart,shopping,13.0696125,77.5552808
Rangadore Memorial Hospital,hospital,12.9538911,77.5711462
Unnamed,park,12.9617765,77.5844335
Trustwell Hospitals,hospital,12.9606538,77.5840403
Unnamed,park,12.9654882,77.587199
Unnamed,park,13.020869,77.6500004
HRBR Park,park,13.0187149,77.6461682
Kittur Rani Chenamma Park,park,13.0245581,77.6381191
BEML Hospital,hospital,12.971172,77.6651791
Reliance Smartpoint,shopping,13.0300681,77.6621769
Unnamed,school,13.0508502,77.5673745
Unnamed,park,12.9552168,77.6169635
Unnamed,park,12.9556536,77.6166956
Unnamed,park,12.9565969,77.6164009
Unnamed,school,13.035552,77.5637031
Unnamed,park,12.9158945,77.5760985
Unnamed,park,12.9399296,77.5736937
Unnamed,park,12.9688475,77.6301549
Unnamed,school,12.9696029,77.6506168
Unnamed,park,12.9763789,77.6509206
Unnamed,park,12.917084,77.6677907
Unnamed,park,13.0723825,77.66972
Deccan International School,school,12.9126871,77.5545488
Unnamed,park,13.0594856,77.6685655
Unnamed,park,12.9437752,77.6740653
Unnamed,park,13.0068528,77.5628344
Unnamed,park,13.0008706,77.6653039
MC Layout Park,park,12.9723686,77.536601
Unnamed,school,12.9701289,77.535939
Little Flower English high School,school,12.9650984,77.6432798
Neev,school,12.968639,77.6473518
Sindhi High School,school,12.9879779,77.5810303
Unnamed,park,12.9869669,77.5763639
Vidya Mandir School,school,13.0021184,77.5702907
Unnamed,park,13.0027264,77.5701799
Unnamed,school,12.9761209,77.5398028
Unnamed,college,12.9702948,77.538012
Unnamed,park,12.967483,77.53726
Unnamed,college,13.0031927,77.5481465
Horamavu Agara Lake Park,park,13.0355679,77.6587929
Sri Chitanya Techno School,school,13.0619534,77.5523999
Sri Chaitanya School,school,13.0261629,77.6564647
"Sri Chaitanya PU College, Horamavu",college,13.0269962,77.6569341
GUHPS Ashok Nagar,school,12.9687233,77.610158
Gulabi School,school,13.0014902,77.5988482
Unnamed,college,13.0028438,77.60042
St. JG Margaret School,school,13.0060524,77.598076
Unnamed,park,13.0016986,77.6013148
Unnamed,park,12.9869299,77.6226142
Unnamed,school,12.9372378,77.5814124
St. Joseph School,school,13.0619966,77.6477268
"Government Lower Primary School, Geddalahalli",school,13.0497344,77.6466157
New Baldwin School,school,13.0526254,77.6466254
BBMP Girls' School,school,12.9819285,77.6067654
Traffic Training and Road Safety Institute,college,13.0707812,77.6355525
Unnamed,school,13.0714228,77.6278985
Unnamed,school,13.0704159,77.6397096
Government Maternity Hospital,hospital,13.0214793,77.55361
Gururaghavendra Layout Park,park,12.9208102,77.5581159
Unnamed,school,12.9993932,77.5638996
Unnamed,park,12.9895589,77.6592972
Unnamed,park,12.9887219,77.6575711
Unnamed,school,13.0548989,77.5905072
Klinik Guhen - Dental Clinic,hospital,12.9090409,77.66389
Unnamed,park,13.0156241,77.6334482
St. Paul PU College,college,13.0170434,77.6349303
Unnamed,college,13.0269906,77.6328477
Maulana Azad Model School,school,12.9829881,77.6012657
Atal Bihari Vajpayee Park,park,12.9803321,77.6714056
Seventh Day Adventist Higher Secondary School,school,12.9956793,77.611742
Goodwill College for Women,college,12.9950655,77.6098557
Unnamed,school,12.9723486,77.6304802
Maruthi Vidyalaya,school,13.0087502,77.6444553
Unnamed,park,13.0701262,77.5888188
Unnamed,park,13.0693261,77.5886203
Unnamed,park,13.0692953,77.5897693
Unnamed,park,13.0565765,77.6515379
New Shores International College,college,13.0097817,77.6524884
New Baldwins School,school,13.0150523,77.6575275
Ekya School,school,13.0229019,77.6323041
The Princeton School,school,13.0245163,77.6384886
Narayana e-Techno School,school,13.0266012,77.6431271
Kalyan Nagar Park,park,13.026207,77.6355179
OMBR Layout Park,park,13.0107611,77.6465591
Corporation HPS Ulsoor,school,12.9727648,77.6306002
Unnamed,park,13.0116121,77.5563655
Unnamed,school,13.0087532,77.6617862
"St. George College of Management, Science & Nursing",school,13.0085667,77.650975
Unnamed,park,13.0019535,77.6608045
Unnamed,park,13.0010433,77.6614647
Unnamed,park,13.0319474,77.6317793
Unnamed,school,13.0341555,77.6327771
HMR International School,school,13.032992,77.6343596
Heritage International School,school,13.0328568,77.6306636
Indian Academy PUC,college,13.0322731,77.6347837
Unnamed,park,12.9900894,77.6120014
Unnamed,park,13.0575507,77.6258009
Unnamed,park,13.0395936,77.5776302
Unnamed,park,13.041235,77.5769574
Unnamed,park,13.0409933,77.5764671
Unnamed,park,13.0359857,77.5756743
Unnamed,park,13.0343925,77.5788553
Unnamed,park,13.0412834,77.5707915
Unnamed,park,13.0417141,77.5771582
Unnamed,park,13.0411098,77.5813129
Unnamed,park,13.0368248,77.5724644
Rajamahal High School,school,13.0381346,77.5728031
Akal Public School,school,13.0397539,77.5731622
SYA PU College,college,13.0388245,77.5754737
SM PU and Degree College,college,13.038576,77.5760886
Unnamed,school,13.0348953,77.5771994
Unnamed,park,13.0398149,77.5641581
Garden Park,park,12.9665427,77.6318997
Orchids The International School,school,12.9957899,77.5554288
Unnamed,park,12.9974006,77.5512537
KNE Public School,school,13.0590683,77.556646
Doddabommasandra Lake Park,park,13.063977,77.5638756
Jagadhguru Shankaracharya Udyanavana,park,13.0020146,77.5630513
Unnamed,park,13.0067422,77.5630244
Unnamed,park,13.0099567,77.5675904
Unnamed,school,13.0283296,77.6102895
Unnamed,park,12.9138262,77.5730135
Unnamed,park,12.9141294,77.5729387
Unnamed,park,13.0310903,77.5901491
Unnamed,school,13.0370414,77.5979312
Rajiv Gandhi Institute of Technology,college,13.0333663,77.5979688
Sri Rajiv Gandhi College of Dental Sciences & Hospital,college,13.0338347,77.5974269
Unnamed,park,13.0320393,77.5926422
Captain Kevin Park,park,13.0315745,77.5914906
RBI Colony Park,park,13.0293226,77.5905011
Vidya Vahini School and PU College,college,13.0294084,77.5892348
Lal Bahabur Shastri Degree College,college,13.0220826,77.6021684
"Sri Chaitanya Techno School, Kalyan Nagar",school,13.0342914,77.6435298
Unnamed,school,13.0354921,77.6056231
Unnamed,school,12.9592412,77.5356745
Unnamed,school,13.019771,77.5599658
RV Dental College,college,12.9268959,77.5832353
MES School 4th Blk Jayanagar,school,12.9241003,77.5845748
Holy Christ English School,school,12.9238748,77.5845741
Yadiyuru Maternity Hospital,hospital,12.9271061,77.576658
Ayurveda Prathisthana Hospital,hospital,12.9267938,77.5772972
Unnamed,park,12.9265671,77.5767178
Holy Saint High School,school,12.9266105,77.5761191
"Government Kannada Primary School, Yediyur",school,12.9306191,77.5758617
RKS Yediyur,school,12.9305812,77.57892
Jaigopal Garodia Rashtrotthana Vidya Kendra,school,13.010457,77.6696582
Unnamed,park,13.0075324,77.666812
Karnataka Public School,school,12.9546653,77.5796194
Unnamed,college,13.0271904,77.636099
Unnamed,park,13.0238349,77.6450462
Divya Shanthi School,school,13.0108089,77.6257491
Chaitanya E-Techno School,school,13.0197161,77.6733173
Government Higher Primary School,school,13.0114605,77.682349
Unnamed,park,13.0146735,77.684606
"St. Anthony's Primary, Middle and Girls High School",school,13.01249,77.6797587
Unnamed,school,13.041719,77.672285
Unnamed,school,13.0358135,77.6778627
Sri Chaitanya Techno School,school,13.0252068,77.6692877
Unnamed,school,13.0247312,77.669619
Unnamed,school,13.0309649,77.6837623
Government School,school,12.9609894,77.6349469
Unnamed,school,13.0559041,77.6127102
Unnamed,park,13.0750983,77.6061091
Unnamed,park,13.074587,77.6067104
Unnamed,park,13.0417948,77.653591
Government Pharmacy College,college,12.9621435,77.5901163
GHPS,school,13.0665698,77.6189596
Unnamed,park,13.0664882,77.6182493
Unnamed,park,13.0679798,77.6136693
Unnamed,park,13.073076,77.5993277
Unnamed,park,12.9111876,77.6365704
St. Mira's School,school,12.9168008,77.619929
Trio World Academy,school,13.0600274,77.5822922
New Millenium School,school,13.0360874,77.6530977
Havnur College of Law,college,13.0160783,77.6638777
Unnamed,school,13.0203776,77.6656371
Unnamed,school,13.018196,77.6696421
Kuvempu Park,park,12.9261305,77.5476418
Unnamed,school,12.9151499,77.6732076
Unnamed,park,12.9091939,77.674108
Unnamed,park,12.9138407,77.6658259
Corporation LPS Lakkasandra,school,12.9426525,77.6011642
Vignan Hospital,hospital,12.9438635,77.5969221
"Franciska N HS, Lakkasandra",school,12.9333727,77.6095817
"Venkateshwara HS, Madiwala W No 66",school,12.9252902,77.61237
Life Care Hospital,hospital,12.9239736,77.6133232
Government Higher Primary School,school,12.9627069,77.656735
Government Tamil Higher Primary School,school,12.9646268,77.6580854
Unnamed,school,12.9665282,77.6571182
Sophie Nursery Primary and High School,school,12.9540323,77.6620382
Hayagriva Girls' School,school,12.9734409,77.6778471
Sri Chaitanya Future Pathways Global School,school,12.970701,77.682283
KHB Colony Park,park,12.9366946,77.6191352
Unnamed,school,12.9794635,77.6775507
Government Primary School,school,12.9825771,77.6771255
Saraswati Vidya Mandir,school,12.9841107,77.677254
"Grammer Public HPS Venkarapura, Madiwala",school,12.9194779,77.6324914
Unnamed,park,12.9710241,77.6670774
Unnamed,school,12.9651397,77.6794507
Unnamed,college,12.9403342,77.5787453
Shree Bharathi Vidhyalaya,school,12.9632024,77.541695
Unnamed,park,12.9614701,77.5414325
Unnamed,park,12.9544717,77.5346179
Shiva Sharane Akka Mahadevi Park,park,12.995923,77.5429281
Fahad Hafiz Park,park,12.9308871,77.6342939
Chinmaya Vidhyalaya,school,12.9841964,77.6151881
Goutham College,college,12.9959368,77.5476351
Indira Priyadarshini School,school,12.9106373,77.5959595
Government Higher Primary School Jakkasandra,school,12.9249996,77.6369043
Unnamed,park,13.0260218,77.586922
Unnamed,park,12.9096171,77.651222
Unnamed,park,12.9104477,77.6512212
St. James English School,school,13.0503349,77.61223
Unnamed,school,12.9905539,77.6786781
Orchids The International School - Majestic,school,12.9726537,77.571726
Yellow Mart,shopping,12.9921018,77.6801709
Narayana PU College,college,13.0541358,77.6533225
Government Telugu High School,school,12.9840585,77.6016015
Krantiveera Sangolli Rayanna Park,park,13.0249992,77.644761
SASI PU College,college,13.0294338,77.6438562
VJR High School,school,13.0312477,77.6441554
St. Paul High School,school,13.0314101,77.6420897
Unnamed,school,12.9842089,77.5361911
"Shantiniketan English High School, B M P 64",school,12.9147374,77.6025346
Government Deaf and Dumb School,school,12.9801479,77.6421854
Little Angels Modern High School,school,12.9985878,77.6610472
Yuvalok School,school,13.037115,77.6427297
CMA English Nursery and HR Primary School,school,12.9605685,77.5536852
SLS International Gurukul,school,13.041629,77.6799958
Unnamed,school,13.006582,77.5481104
Unnamed,park,12.9944783,77.5803025
Unnamed,park,12.9318458,77.6783866
SPS Surgicals,hospital,12.9541576,77.6608368
Unnamed,college,12.936319,77.5782332
Smt. Komala Ramachandra Park,park,12.9356086,77.5730995
Ambedkar Park,park,12.9336757,77.57867
MHN Islamic English School,school,13.0471776,77.6289345
St. Javeria English High School,school,13.0468964,77.6301221
St. Dominic's School,school,12.9150936,77.5508648
Unnamed,park,12.9324455,77.6030567
Shiksha Sagar High School,school,13.0321242,77.580766
Government Kannada Medium Primary School,school,12.9579812,77.6122745
"Karnataka Vidya Shala (KVS)HPS, Austin Town W No 71",school,12.9576307,77.6138174
Sacred Heart Boys School,school,12.9661901,77.6101217
Karnataka Public School,school,13.0161323,77.6548192
Unnamed,park,12.9645702,77.615831
Unnamed,park,12.9104914,77.5722206
Unnamed,park,13.0362577,77.5820471
Unnamed,park,13.0378324,77.5822443
RV Learning Hub,college,12.9330507,77.5753854
Shri Ranadheera Kanteerava Park,park,12.9356193,77.5797489
Chaitanya Children's Playground,park,12.9333889,77.5798338
Shri Ranadheera Kanteerava Park,park,12.9345613,77.5797501
Unnamed,park,13.0324361,77.543203
Unnamed,park,13.0508879,77.5410681
HMT Hospital,hospital,13.0495632,77.5509192
"Orchids The International School, Jalahalli",school,13.0471363,77.5445721
Unnamed,park,13.0385949,77.5355262
Shivakote,bus_stop,13.133825,77.5147156
Vinayaka Nagara,bus_stop,13.1386597,77.4746221
Hesaraghatta Village,bus_stop,13.137901,77.4784342
Tharabana Halli Choultry,bus_stop,13.1055331,77.4794248
Dwarka Nagar,bus_stop,13.0880852,77.4949031
Ivara Kondapura,bus_stop,13.1374628,77.4944743
Shanubhoganahalli Gate (Dibbur Cross),bus_stop,13.1725954,77.5303795
Mylanahalli Gate,bus_stop,13.1328361,77.4036825
Biscuit Factory,bus_stop,13.0812447,77.4504331
Manthri Layout,bus_stop,13.0847038,77.4476436
Kodipalya,bus_stop,13.0964119,77.4452117
Kanva Gate,bus_stop,13.1042378,77.4439151
Mathahalli Cross,bus_stop,13.1104415,77.443513
Chikka Veerana Palya,bus_stop,13.114245,77.4315289
Gollahalli,bus_stop,13.1438547,77.4121623
Railway Gate Gollahalli,bus_stop,13.1506153,77.411755
Guttepalya,bus_stop,13.1673229,77.4114955
Uddi Chikkanahalli Gate,bus_stop,13.1725765,77.4144661
Kere Guddadahalli,bus_stop,13.0787974,77.5164773
Kakolu,bus_stop,13.1843106,77.518481
Channasandra,bus_stop,13.2011581,77.5082613
BGS college,bus_stop,13.1445292,77.4513806
Siemens Bank,bus_stop,13.1490964,77.49677
Koli Farm Hesarugatta Road,bus_stop,13.1723014,77.5031105
Government Hospitals,bus_stop,13.1936336,77.5018125
Sondekoppa Circle Nelamangala,bus_stop,13.092335,77.3947533
Hunasemara Nelamangala,bus_stop,13.1003782,77.3908864
Nelamangala BMTC Bus Stand,bus_stop,13.0982126,77.3942558
Vishwa Shanti Ashrama,bus_stop,13.0843456,77.4166291
TB Nelamangala,bus_stop,13.0970426,77.4014296
Renuka Nagara,bus_stop,13.1052177,77.3880841
Nelamangala Court,bus_stop,13.0890373,77.394039
Ganesha Temple,bus_stop,13.0837542,77.3929563
Acharya Institute of Technology,bus_stop,13.0835119,77.4841613
Achyuthanagara Gate,bus_stop,13.0841656,77.4865932
Nelamangala General Hospital,hospital,13.0987847,77.3912296
Nelamangala Government Junior College,school,13.097583,77.3892126
Vinayaka School,school,13.0974994,77.3925925
Pavada Basavanna Devara Mata,school,13.0949758,77.3952798
Vishal School,school,13.0926611,77.4008427
State Bank of India,bank,13.0970553,77.3963634
HDFC Bank,bank,13.0955845,77.4040747
Adichunchanagiri ITI college,school,13.0973531,77.3994908
Kumbarahalli Cross,bus_stop,13.1067359,77.4901759
Chikka Banavara,bus_stop,13.0804996,77.5022973
Thore Nagasandra cross,bus_stop,13.11193,77.4819095
Soladevana Halli Police Station,bus_stop,13.0934254,77.4888939
Gopalapura,bus_stop,13.1409296,77.4266623
AG Export Garments Nelamangala,bus_stop,13.121828,77.393014
Railway Gollahalli,bus_stop,13.1466529,77.4174183
Totagere,bus_stop,13.1366218,77.445103
KMF,bus_stop,13.188444,77.5074624
Chikkanahalli Bande,bus_stop,13.1794349,77.3902123
Chikka Kukkanahalli,bus_stop,13.1582049,77.4491935
Bylanjaneya Temple,bus_stop,13.1503999,77.4095167
Agrahara Gate,bus_stop,13.1292116,77.455902
Basappa Layout,bus_stop,13.1077499,77.450157
Bolamaranahalli,bus_stop,13.1594492,77.3974964
Govindapura Cross,bus_stop,13.1187269,77.4647714
Byrashettyhalli,bus_stop,13.1565545,77.4031586
Thyagadahalli,bus_stop,13.1745862,77.3947033
Chikkanahalli,bus_stop,13.183752,77.3838299
Dolphin,school,13.100742,77.4861734
Betta Halli Cross,bus_stop,13.1616884,77.3929017
Guni Agrahara,bus_stop,13.0984105,77.5251924
Somashettihalli,bus_stop,13.088115,77.5214425
Nelamangala Bypass,bus_stop,13.0974151,77.3845733
Nelamangala,railway_station,13.1121865,77.3925031
Kakkehalli,bus_stop,13.2151067,77.5279983
Byrasandra,bus_stop,13.2482824,77.5208793
Byrapura,bus_stop,13.201792,77.5227817
Kondashettihalli Byalakere,bus_stop,13.1266044,77.5141077
Madhugirihalli,bus_stop,13.1282495,77.5072278
Muttugadahalli,bus_stop,13.1411446,77.5261802
Linganahalli,bus_stop,13.155488,77.52295
Koluvarayanahalli,bus_stop,13.1649051,77.5217674
Seetha Kempanahalli,bus_stop,13.171322,77.5186633
Kalathammanahalli,bus_stop,13.1036624,77.5165725
Lakshmipura,bus_stop,13.0862728,77.5289229
Soladevanahalli,railway_station,13.0913516,77.4898281
Siddaganga College,bus_stop,13.0825308,77.3927142
Lakshmi Devastana Nelamangala,bus_stop,13.0786129,77.3927094
Arishinakunte,bus_stop,13.0795115,77.4245821
Binnamangala,bus_stop,13.0873917,77.4124488
Nursery Nelamangala,bus_stop,13.0904032,77.4089299
Weavers Colony Nelamangala,bus_stop,13.0941771,77.4054492
Arishinakunte,bus_stop,13.0799703,77.4246609
Chikkabanawara,bus_stop,13.0825565,77.500118
Tharabana Halli Hesaraghatta,bus_stop,13.1012792,77.4806781
Huruli Chikkanahalli,bus_stop,13.1160504,77.4827892
Thirumalapura Gate,bus_stop,13.1252792,77.4835931
Hesaraghatta TB Cross,bus_stop,13.1303632,77.4843686
T B Hesaraghatta,bus_stop,13.1352937,77.4909127
Kakolu,bus_stop,13.1870345,77.5200736
Nagaroor Cross,bus_stop,13.0919732,77.445307
Vaderahalli,bus_stop,13.0993798,77.4448549
Pillahalli,bus_stop,13.1028053,77.4289397
Guddadahalli Hesaraghatta Road,bus_stop,13.1413529,77.4622125
Basavanna Temple,bus_stop,13.1381746,77.4534902
Kodihalli Hesarugatta,bus_stop,13.1897449,77.4537946
Madhure,bus_stop,13.2020439,77.4570425
Kanasawadi Mudhure Temple,bus_stop,13.2065898,77.4400082
Ghanigara Halli,bus_stop,13.0891518,77.5103914
Ganapathi Nagara,bus_stop,13.0791187,77.4969976
Muthkur Cross,bus_stop,13.1430123,77.5023435
Muthkuru,bus_stop,13.1557209,77.5084305
Seetha Kempanahalli Cross,bus_stop,13.1709308,77.5216448
Seethakempanahalli Gate,bus_stop,13.1735702,77.525477
Sonnenahalli,bus_stop,13.197828,77.5001654
Karlapura Gate,bus_stop,13.2000259,77.4921406
Karlapura,bus_stop,13.2065704,77.4918347
Karlapura Palya,bus_stop,13.2122263,77.4955469
Indo Danish Farm,bus_stop,13.1625348,77.4809922
Central Seed Production Farm,bus_stop,13.1785956,77.4896005
Thore Nagasandra,bus_stop,13.1147717,77.4745876
Bili Jaji,bus_stop,13.1258356,77.4757041
Bandaiahana Palya,bus_stop,13.1764861,77.452873
Shastri Palya,bus_stop,13.1717023,77.4359968
Kallodu,bus_stop,13.1779435,77.4344939
Doddakukkanahalli Cross,bus_stop,13.1755668,77.4411673
Kodipalya,bus_stop,13.2098124,77.4515936
Mallohalli Cross,bus_stop,13.2157881,77.4554788
Mallohalli,bus_stop,13.2306568,77.4510814
Mallohalli Palya,bus_stop,13.2304568,77.4563218
Muppadighatta,bus_stop,13.2431228,77.4485099
Hosahalli Palya,bus_stop,13.129919,77.46234
Birrayanapalya Mori,bus_stop,13.1696762,77.4516328
Thammarasanahalli,bus_stop,13.1259799,77.4973356
Shabari Nagara,bus_stop,13.1093076,77.4919747
Shiluvepura,bus_stop,13.1142743,77.5011419
Raghavendra Dhama,bus_stop,13.1147116,77.5149723
Dodda Byalakere,bus_stop,13.1127922,77.5251056
Mavallipura,bus_stop,13.1276253,77.5290563
Kumbarahalli,bus_stop,13.1026851,77.4915779
Kempapura,bus_stop,13.0954722,77.4996401
Matthahalli,bus_stop,13.1081864,77.4571906
Pillahalli Cross,bus_stop,13.1114723,77.438243
Huskur Cross,bus_stop,13.1204919,77.4231509
Vaderahalli,bus_stop,13.0992483,77.4521473
Nagaroor,bus_stop,13.0911094,77.434661
Narasipura,bus_stop,13.110033,77.4635531
Bommshetty Halli Gate,bus_stop,13.1255978,77.4169073
Hyadalu,bus_stop,13.14026,77.4102876
Arch Railway Gollahalli,bus_stop,13.1485825,77.4117771
Betthanagere,bus_stop,13.114626,77.4109772
Govinda Pura,bus_stop,13.1179174,77.4606517
Honnasandra,bus_stop,13.1169765,77.447162
Bhakthana Palya,bus_stop,13.1003819,77.4106477
Aluru,bus_stop,13.0854158,77.4656131
Aluru Palya,bus_stop,13.0972385,77.4706801
Nelamangala Bypass,bus_stop,13.0982387,77.386495
Pillahalli colony,bus_stop,13.1045677,77.4344668
Vajarahalli,bus_stop,13.1011285,77.4057263
Basavanahalli,bus_stop,13.1106017,77.3881252
Mylanahalli,bus_stop,13.1338905,77.3990142
Bommashetta Halli,bus_stop,13.1308842,77.4190932
Islampura,bus_stop,13.1222747,77.3850934
Kanegowdanahalli,bus_stop,13.1295814,77.3845994
Kannamangala Gate,bus_stop,13.1903251,77.4194507
Ramadevanahalli,bus_stop,13.1898368,77.4326705
Betta Halli Palya,bus_stop,13.1652744,77.3947193
Kannamangala,bus_stop,13.1967101,77.4104349
Arjuna Bettahalli,bus_stop,13.1597644,77.4190011
Uddichikkanahalli,bus_stop,13.1774589,77.3997762
Jodi Ragi Thimmasandra,bus_stop,13.2047306,77.4204702
Meda Agrahara Cross,bus_stop,13.1013948,77.5305966
Chikka Byalakere,bus_stop,13.1196231,77.5215523
Kurubarahalli Cross,bus_stop,13.1265226,77.5196707
Kalenahalli,bus_stop,13.1471635,77.5117797
Kere Guddadahalli,bus_stop,13.0794507,77.5155027
Gangadhara Kalyana Mantapa,bus_stop,13.0798991,77.5124437
Dasappana Palya,bus_stop,13.0793144,77.5059746
Layout Guniagrahara,bus_stop,13.0935051,77.5279929
Dibburu,bus_stop,13.1668209,77.5286513
Shanabhoganahalli Dibbur,bus_stop,13.1794035,77.5313953
Lakshmipura,bus_stop,13.0863992,77.5307839
Somashettihalli Gate,bus_stop,13.0928999,77.523654
Dodda Tumkur,bus_stop,13.2261715,77.5309654
Haniyuru,bus_stop,13.2131613,77.5147306
Gowdahalli,bus_stop,13.227338,77.5203689
Budamanahalli,bus_stop,13.1909444,77.5277535
Challahalli,bus_stop,13.2174019,77.5064555
Palya Cross,bus_stop,13.2086662,77.5010026
Bilva I.T.I.College,bus_stop,13.2038662,77.4990702
Gollahalli,railway_station,13.1458556,77.4173425
Bhairanayakanahalli,railway_station,13.1939766,77.3827897
M S Ramaiah Harsha Hospital,hospital,13.0856858,77.4127015
Rajalakshmi Hospital,hospital,13.0842019,77.5308891
"Sharada Hospital, Bengaluru Rural",hospital,13.0966204,77.3972158
"Prasad Hospital, Bengaluru Rural",hospital,13.099244,77.3918822
Mathru Shree Hospital,hospital,13.093893,77.39299
Government Hospital,hospital,13.0903942,77.4966765
Acharya graduate studies,college,13.0836189,77.4841495
ಡಿ.ಎಸ್ ಸ್ಪ್ಲೆಂಡರ್ ಅಪಾರ್ಟ್ಮೆಂಟ್,bus_stop,13.0800666,77.5107883
Nelamangala KSRTC Bus Stand,bus_stop,13.0982336,77.393962
Acharya Institute of Technology,bus_stop,13.0835308,77.48411
Nelamangala Bypass,bus_stop,13.0975609,77.3854342
Huskur Village,bus_stop,13.1241224,77.4312152
Sonnenahalli Government Hospital,bus_stop,13.1935284,77.5017894
Tumkur Road Junction,bus_stop,13.0972683,77.3862965
Sondekoppa Circle,bus_stop,13.0923961,77.3951948
Kanasawadi,bus_stop,13.2030897,77.4329174
Chikka Belavagala Gate,bus_stop,13.1985459,77.4269655
Ramadevanahalli Cross,bus_stop,13.1946001,77.4228001
Makali Cross Madhure Road,bus_stop,13.1344157,77.4057144
KG Srinivasapura Cross,bus_stop,13.1293326,77.4002641
Mylanahalli Cross,bus_stop,13.1272638,77.3983061
Islampura Cross,bus_stop,13.1134662,77.3887682
Basavanahalli Cross,bus_stop,13.1020608,77.3887333
Nelamangala Hunasemara,bus_stop,13.1003536,77.3907866
Byatha,bus_stop,13.1928975,77.4849415
Byatha Cross,bus_stop,13.1935086,77.4865293
Kamakshipura,bus_stop,13.1980106,77.488718
HP Petrol Bunk Kakolu,bus_stop,13.178691,77.5209407
Acharya Institute of technology,college,13.0841838,77.4856544
Indian Institute of Horticultural Research,college,13.1355146,77.4943559
M S Ramaiah Harsha Hospital,hospital,13.0931394,77.395632
Ashoka International School,school,13.0962673,77.5269986
Central Poultry Development Organisation And Training Institute,college,13.1486352,77.4751598
Nrityagram,school,13.1634286,77.4597291
Adarsha Film & TV Institute,college,13.1664161,77.4675821
Unnamed,park,13.1691991,77.41187
Acharya Hostel Park,park,13.0903405,77.4864538
Basket Ball Court,park,13.085625,77.4839206
Football Ground,park,13.0851185,77.4839238
Eid Gagh,park,13.084236,77.4963944
International Centre for Theoretical Sciences,college,13.1449041,77.5143868
Presidency University,college,13.1693505,77.5349284
Acharya Institute of Technology,college,13.0856894,77.4824135
Unnamed,park,13.14541,77.5146513
Unnamed,park,13.1460794,77.5151559
Government School Hesaraghatta,school,13.1381924,77.4918913
Unnamed,college,13.0833502,77.4800867
BGS College,college,13.1447827,77.4523312
Lakshya Career Academy PU College,college,13.1070127,77.5141591
Abbigere Lake Park,park,13.0800465,77.5277454
Aditya College of Engineering,college,13.2004993,77.488085
Gopalan National School,school,13.1251519,77.516731
Basil Woods Nature School,school,13.0947813,77.5319309
Unnamed,park,13.106975,77.5261268
St. Philomena's School,school,13.1149538,77.5237464
Unnamed,school,13.1105614,77.5271547
Unnamed,school,13.1190041,77.5269241
Unnamed,college,13.1107187,77.5013599
Unnamed,college,13.1099755,77.4968639
Unnamed,school,13.0909879,77.5307476
Unnamed,school,13.0936435,77.5290276
Jnana Ganga Public School,school,13.1093533,77.522564
Unnamed,school,13.1057951,77.5179789
Unnamed,park,13.1057422,77.5248883
Dr. BR Ambedkar Residential School,school,13.2275512,77.4322629
DR Academy,college,13.1025584,77.5303875
BGS Medical College Hospital,hospital,13.0912518,77.4262226
Unnamed,college,13.122669,77.52172
Unnamed,school,13.1221401,77.5207101
Unnamed,college,13.0823992,77.3918795
Unnamed,school,13.0839803,77.3823551
Escorts Yelahanka Road,bus_stop,13.1023262,77.5859726
Palanahalli Gate,bus_stop,13.1170056,77.6079633
Bhuvanahalli Gate,bus_stop,13.2215977,77.6823552
Kanshiram Nagar,bus_stop,13.0906208,77.5390081
Sampigehalli,bus_stop,13.0818733,77.6178913
Kogilu,bus_stop,13.104198,77.6170849
Srinivasapura Cross,bus_stop,13.1035997,77.6228795
Ittige Factory,bus_stop,13.1025966,77.628912
Bellahalli Cross,bus_stop,13.1013059,77.6364044
Bella Halli,bus_stop,13.0992922,77.6417679
Navodaya School Bagalur,bus_stop,13.1490326,77.6747949
Bagalur Colony,bus_stop,13.1420265,77.6714353
Aradeshanahalli Gate,bus_stop,13.216533,77.5525722
Sheshadripuram College,bus_stop,13.0994756,77.5882426
Yelahanka,bus_stop,13.1000357,77.5979706
GKVK Library,bus_stop,13.0782136,77.5794716
Dwaraka Nagara,bus_stop,13.1212335,77.6181063
Bagalur (Towards Hoovinayakanahalli),bus_stop,13.1348178,77.6680648
Vidyaranyapura,bus_stop,13.0838676,77.5603008
I. A. F. GATE,bus_stop,13.1313367,77.6155987
Yelahanka Junction,railway_station,13.1050067,77.5918938
Noor Nagara,bus_stop,13.0803244,77.6340291
Noor Nagara,bus_stop,13.0802242,77.6341451
Golden Chariot Public School,school,13.0989262,77.6350463
Poojenahalli,bus_stop,13.2165064,77.6572917
Itagalapura Gate,bus_stop,13.1701332,77.549895
Gollarahalli,bus_stop,13.0836729,77.6756214
Chikka Gubbi,bus_stop,13.0805504,77.6663499
Kada Sonappana Halli,bus_stop,13.0988737,77.6640397
Chokkanahalli,bus_stop,13.0847781,77.627086
H Tippunagar,bus_stop,13.1008901,77.6437751
Kodagalahatti,bus_stop,13.1433219,77.6281935
Billamaranahalli,bus_stop,13.150146,77.6376987
Vidyanagara Devanahalli Road,bus_stop,13.1597459,77.6407715
Akkayyamma Betta,bus_stop,13.1619312,77.6423847
Uttarahalli,bus_stop,13.1655475,77.6513803
Kolipura Uttanahalli,bus_stop,13.1684398,77.6573841
Byala Halli,bus_stop,13.1689391,77.6807898
Beguru (Towards Yalahanka),bus_stop,13.1835304,77.6811667
Buvanahalli,bus_stop,13.2176946,77.6814396
Surabhi Layout,bus_stop,13.0929358,77.6009735
Nagadasanahalli,bus_stop,13.1600155,77.5780295
Harohalli,bus_stop,13.130798,77.5803711
Nagenahalli Nagadasanahalli,bus_stop,13.131158,77.5743456
Sadahalli Gate,bus_stop,13.1910217,77.6459754
Drishya,school,13.1048022,77.5810644
Puttenahalli,bus_stop,13.1105278,77.5799898
Puttenahalli,bus_stop,13.1106047,77.580102
Wheel And Axle Plant,bus_stop,13.1062538,77.5820759
Escorts Yelahanka Road,bus_stop,13.1024542,77.5861962
Navarathna Agrahara,bus_stop,13.1990567,77.6141733
Unnamed,bus_stop,13.1626251,77.6014203
Bridavan College of Engineering,college,13.1246098,77.6202857
Kannamangala Gate Yalahanka Road,bus_stop,13.2063146,77.6679406
Basavanapura,bus_stop,13.2256469,77.5764466
Aradeshanahalli,bus_stop,13.2227686,77.5648189
Bettenahalli,bus_stop,13.2086623,77.5891188
Chikkana Hosahalli,bus_stop,13.2151885,77.5798963
Juttanahalli,bus_stop,13.2392514,77.5777974
Tindlu,bus_stop,13.2342702,77.5940666
Brothers Supermarket,shopping,13.0900453,77.54119
Nagappa Hadli Hospital,hospital,13.0829889,77.5489026
City Lights Supermarket,shopping,13.0816565,77.5480509
Poorna Prajna Education Center,school,13.0990532,77.5812916
ICICI Bank,bank,13.0996566,77.5838276
Reliance Fresh,shopping,13.0803293,77.5591419
Echal Mara Vidyaranyapura,bus_stop,13.0795041,77.5592368
Food World,shopping,13.0790883,77.5588656
Deeksha Orthopaedic Hospital,hospital,13.0973922,77.5964894
Shushrusha Hospital,hospital,13.0997316,77.5980216
City Union Bank,bank,13.0987998,77.5857428
Chaitanya Hospital,hospital,13.0990911,77.5861904
Chaitnya nursing School,school,13.0995417,77.5861639
Axis Bank,bank,13.0991225,77.5878882
Union Bank,bank,13.0940701,77.5828256
Pillekamma Nagara,bus_stop,13.171378,77.6365594
Maragondanahalli Cross,bus_stop,13.2063861,77.5627924
Suradenapura,bus_stop,13.2107692,77.5622267
Majara Hosahalli Cross,bus_stop,13.2458994,77.5526707
Bettahalasuru Cross,bus_stop,13.1570073,77.6233448
Sadahalli Gate,bus_stop,13.1912668,77.646333
Aashirvad Department Stores,shopping,13.0823952,77.5880175
Smart,shopping,13.0814599,77.5881516
Dhanavantri Hospital,hospital,13.0834023,77.6348642
Delhi Public School,bus_stop,13.1236378,77.6394921
Shrinivasapura Cross,bus_stop,13.1259843,77.6450624
Reva College,bus_stop,13.1222805,77.6302967
Dwaraka Nagara,bus_stop,13.1213129,77.617764
Sathanur Colony,bus_stop,13.1278826,77.6464992
Kattigenahalli,bus_stop,13.1218944,77.6257197
Bellahalli,bus_stop,13.0993802,77.6418078
Bellahalli Cross,bus_stop,13.1014103,77.6362394
Arakere,bus_stop,13.2007117,77.5387747
Kaditha Male,bus_stop,13.2094,77.5461821
Chokkanahalli Dibbu,bus_stop,13.1831067,77.5396328
Arakere Gate Byrapura,bus_stop,13.1848693,77.5441751
Adde Vishwanathapura,bus_stop,13.1869142,77.5508951
Adithyanagara MS Palya,bus_stop,13.0859091,77.5512173
Doddabettahalli,bus_stop,13.0941941,77.554559
Muneshwara Layout,bus_stop,13.0955217,77.5409808
Ramagondanahalli,bus_stop,13.1194467,77.5586487
Betta Halli Layout,bus_stop,13.0921819,77.5594157
Rainbow Layout,bus_stop,13.099269,77.5387852
Nagamangala,bus_stop,13.2168173,77.6193431
Hegganahalli Sadahalli,bus_stop,13.2182999,77.6101757
Singarahalli,bus_stop,13.2269626,77.6255071
Gadenahalli,bus_stop,13.1881794,77.6174652
Bhovi Palya,bus_stop,13.2093967,77.6078492
Sonnappanahalli,bus_stop,13.1561229,77.617007
Bettahalasuru,bus_stop,13.1616437,77.6110877
Thimmasandra,bus_stop,13.1719324,77.5813447
Embassy Group,bus_stop,13.17415,77.5950592
Government School,bus_stop,13.1770592,77.5901491
Thimmasandra Agrahara,bus_stop,13.1814565,77.578896
Patalamma Temple,bus_stop,13.1835715,77.5703527
MVIT Cross,bus_stop,13.1511664,77.6202757
Thara Hunise,bus_stop,13.1787359,77.5882085
Kuduragere Betta Halasuru,bus_stop,13.1857363,77.6106042
CRPF,bus_stop,13.123709,77.5749817
MES Pharmacy College,school,13.218605,77.5554717
Anantapura,bus_stop,13.1144798,77.5677789
State Bank of India,bank,13.0839191,77.5609033
Easy Day,shopping,13.0814716,77.559567
Karnataka Bank,bank,13.0795306,77.5590352
Indian Overseas Bank,bank,13.0785089,77.5590898
Corporation Bank,bank,13.0812236,77.5594805
Durgaparmeshwari Temple,bus_stop,13.0818224,77.5598389
Cable Factory Ittagalapura,bus_stop,13.1740381,77.5403676
Rajanukunte,bus_stop,13.1728522,77.5642789
MS Palya,bus_stop,13.0816572,77.5482326
MS Palya,bus_stop,13.0815439,77.5483978
Sambhram College,bus_stop,13.0883716,77.5464663
Nethravathi,bus_stop,13.0898321,77.5424946
Lakshmipura Cross,bus_stop,13.0921813,77.533964
Mylappanahalli,bus_stop,13.137133,77.5353369
Vinayaka Nagara,bus_stop,13.082878,77.5447231
Singapura,bus_stop,13.0797045,77.5384544
Marasandra Circle,bus_stop,13.2228954,77.5496423
Madappanahalli Cross,bus_stop,13.1485589,77.5518855
Madappanahalli,bus_stop,13.1541086,77.5401493
Jelly Machine Yalahanka,bus_stop,13.0858951,77.5557916
Betta Halli Layout,bus_stop,13.0925076,77.5595763
Chikkabettahalli,bus_stop,13.0894554,77.556171
Chikkabettahalli,bus_stop,13.0895199,77.5563736
Thirumala Daba,bus_stop,13.0976356,77.5630915
Thirumala Daba,bus_stop,13.0978139,77.563123
Atturu Layout Yelahanka Road,bus_stop,13.0977865,77.5677646
Atturu Layout Yelahanka Road,bus_stop,13.0979322,77.5677182
Dairy Circle,bus_stop,13.0995253,77.576873
Dairy Circle,bus_stop,13.0992974,77.576988
Veerasagara,bus_stop,13.1054402,77.5544339
Allalasandra Gate,bus_stop,13.0865172,77.5936872
Allalasandra Gate,bus_stop,13.086963,77.5938823
Yelahanka Police Station,bus_stop,13.0945671,77.5942646
Yelahanka Police Station,bus_stop,13.0947687,77.5944354
Kendriya Vihara,bus_stop,13.1067756,77.6005477
Yelahanka,bus_stop,13.1000877,77.5978794
Kogilu Cross Kannur,bus_stop,13.1038369,77.6016005
Maruthi Nagara Kannur Road,bus_stop,13.1044592,77.6048905
Maruthi Nagara,bus_stop,13.1043513,77.60623
Sapthagiri Layout,bus_stop,13.1046147,77.6106394
Spathagiri Layout,bus_stop,13.1044792,77.6108031
Srinivasapura Kogilu,bus_stop,13.1033376,77.6236014
Ittige Factory,bus_stop,13.1025776,77.6282994
Agrahara Layout,bus_stop,13.0985096,77.6273422
Kannuru,bus_stop,13.0932824,77.6543491
Byrathi Bande,bus_stop,13.0780135,77.653306
Chikkagubbi Cross,bus_stop,13.0780448,77.6535517
Hosuru Bande,bus_stop,13.1061519,77.660751
Mitaganahalli,bus_stop,13.1095022,77.6436835
Oasis School,bus_stop,13.0891136,77.6658879
Yarappana Bande,bus_stop,13.0946973,77.6833256
Agrahara Cross,bus_stop,13.0979764,77.6183872
Venkatala,bus_stop,13.1111301,77.6043597
Bagaluru Cross,bus_stop,13.1223144,77.6107191
Hunasamaranahalli,bus_stop,13.1439953,77.6177894
Bettahalasuru Cross,bus_stop,13.1563195,77.6234657
Vidya Nagara Cross,bus_stop,13.1608425,77.6268453
Chikkajala,bus_stop,13.1725347,77.6335819
Kadiganahalli Cross,bus_stop,13.1680513,77.6316075
Minakunte Hosuru,bus_stop,13.1806075,77.642183
Dodda Jala,bus_stop,13.1776563,77.6516917
Shettigere Chikkajala,bus_stop,13.179022,77.666534
Muthugadahalli,bus_stop,13.1822457,77.6730751
Gollarahalli,bus_stop,13.1410616,77.6325203
Hosahalli,bus_stop,13.140234,77.641885
Venkateshwara College,bus_stop,13.1603983,77.6366378
Meesaganahalli,bus_stop,13.1651476,77.6684732
Razak Palya,bus_stop,13.1496675,77.6588039
Suggatta,bus_stop,13.1446528,77.6033988
Ramagere School,bus_stop,13.1717607,77.5988951
Yelahanka Old Town,bus_stop,13.1010198,77.5947821
Chikkabommasandra Cross,bus_stop,13.0941545,77.5827706
Wheel And Axle Plant,bus_stop,13.1059972,77.5821043
Jn of 8th Main 14th Cross,bus_stop,13.08802,77.5890389
Judicial Layout,bus_stop,13.0887648,77.5824008
Nagenahalli Gate,bus_stop,13.1301805,77.5713619
CRPF,bus_stop,13.1229022,77.5755887
Anantapura Gate,bus_stop,13.1149667,77.579023
Anantapura Gate,bus_stop,13.1146253,77.5789648
Nagenahalli Gate,bus_stop,13.1297645,77.5713825
Singanayakanahalli Gate,bus_stop,13.1478136,77.5696141
Honnenahalli,bus_stop,13.1598735,77.566521
Addiganahalli Extension,bus_stop,13.1728266,77.5710643
Shriramanahalli Gate,bus_stop,13.1950027,77.5628783
Suradenapura Gate,bus_stop,13.2043202,77.559082
Ittagalapura,bus_stop,13.1708197,77.5417921
Chokkanahalli Cross,bus_stop,13.1859376,77.5402894
Jalige,bus_stop,13.2262762,77.5841551
Thindlu Cross,bus_stop,13.2285994,77.5999379
Kamenahalli,bus_stop,13.2249463,77.5925556
Dyavarahalli,bus_stop,13.2399354,77.5988217
Sadenahalli,bus_stop,13.1947093,77.5728845
Maragondana Halli,bus_stop,13.2029265,77.5762924
Government High School,bus_stop,13.2312257,77.550246
Hosahudya,bus_stop,13.2366728,77.551025
Sri Banashankri Layout,bus_stop,13.1715485,77.5581007
Yadiyurappa Nagara,bus_stop,13.1504829,77.5609588
Rto Office,bus_stop,13.1508314,77.5552642
Jakkuru,bus_stop,13.0793576,77.607557
Kattigehalli Cross,bus_stop,13.1217518,77.6257768
Reva College,bus_stop,13.1221959,77.6306863
Shrinivasapura Cross,bus_stop,13.1260856,77.6453037
Delhi Public School,bus_stop,13.1234777,77.6394543
Sathanur Colony,bus_stop,13.1279084,77.646629
Navodaya School,bus_stop,13.148862,77.6748556
KIADB Hoovinayakanahalli Gate,bus_stop,13.1561232,77.681043
Marenahalli,bus_stop,13.1195669,77.6787169
Chokkanahalli Gate,bus_stop,13.0845587,77.6346605
Chokkanahalli,bus_stop,13.0848014,77.6348471
KNS College,bus_stop,13.0887483,77.6354773
Thirumenahalli Cross (KNS College),bus_stop,13.0887175,77.635316
Chakkalatti,bus_stop,13.1224071,77.6682109
Reva College,bus_stop,13.1172617,77.6339854
Reva College,bus_stop,13.1171431,77.6341551
Agrahara Yalahanka,bus_stop,13.091183,77.6194175
VRL Godwon Jakkur,bus_stop,13.0864037,77.6041868
Raitarasante Yelahanka,bus_stop,13.0977704,77.5990696
Indian Overseas Bank,bank,13.099148,77.587717
Bande Bommasandra Cross,bus_stop,13.0810966,77.6826061
Vijaya School,bus_stop,13.1310415,77.6720692
5th Phase Yelahanka New Town,bus_stop,13.1057411,77.5725198
Yelahanka Bakery,bus_stop,13.1036863,77.5769869
Tharabana Halli Gate,bus_stop,13.1880891,77.6444773
Sadahalli,bus_stop,13.2104032,77.6465455
Chowdanahalli,bus_stop,13.2143105,77.6287596
Neraganahalli,bus_stop,13.2361675,77.6301883
Dyavasandra,bus_stop,13.2313853,77.6074954
Indrasanahalli,bus_stop,13.2257528,77.6139186
Jade Garden,bus_stop,13.2042628,77.6458748
Kempa Thimmanahalli Cross,bus_stop,13.2220635,77.6509289
Elthore Uganawadi,bus_stop,13.2209796,77.6448971
Uganawadi,bus_stop,13.2390194,77.6569679
Iltheri Cross,bus_stop,13.2307299,77.6448294
Kempathimmanahalli,bus_stop,13.2235086,77.6547075
Mother Milk Dairy Cross,bus_stop,13.23199,77.6559419
Kannamangala,bus_stop,13.2149942,77.666881
Unnamed,bus_stop,13.2210039,77.6821709
Kannamangala Palya,bus_stop,13.2216764,77.6701226
Kempalinganapura Cross,bus_stop,13.2306008,77.6647135
T Hosalli,bus_stop,13.229619,77.670245
Trumpet,bus_stop,13.1992187,77.6579831
Trumpet,bus_stop,13.1991127,77.6583797
Kannamangala Gate Yalahanka Road,bus_stop,13.206508,77.6677015
Tharabanahalli,bus_stop,13.1904539,77.6276853
Avalahalli,bus_stop,13.1350681,77.5693282
Avalahalli,bus_stop,13.1353822,77.5690259
State Bank of India,bank,13.102259,77.5769737
Karnataka Bank,bank,13.1174604,77.6342379
Royal Mart,shopping,13.093793,77.5712363
IDBI Bank,bank,13.0975803,77.5844426
Bachahalli Gate,bus_stop,13.2119258,77.6732277
Bachahalli Gate,bus_stop,13.2120891,77.6730577
Kogilu Cross,bus_stop,13.1040872,77.6009436
Kogilu Cross,bus_stop,13.1045782,77.6004842
Bharathi Nagara,bus_stop,13.1376154,77.6176906
Bharathi Nagara,bus_stop,13.1378373,77.6174559
Hunasamaranahalli,bus_stop,13.1435,77.6171315
MVIT Cross,bus_stop,13.1514323,77.6197027
Kadiganahalli Cross,bus_stop,13.1685155,77.6311914
Vidya Nagara Cross,bus_stop,13.1618124,77.6269153
Chikkajala,bus_stop,13.1732787,77.6334233
Tharabana Halli Gate,bus_stop,13.1887598,77.6443765
Unnamed,shopping,13.0813597,77.5839205
Agricultural Engineering,college,13.0788225,77.5717807
Sharavathi Hotel Bus Stop,bus_stop,13.0980485,77.5844881
State Bank of Mysore Settigere,bank,13.1908778,77.6457522
Unnamed,bank,13.0822621,77.5877293
State Bank of India,bank,13.1052531,77.5772085
Regal Hospital,hospital,13.0830463,77.6347174
State Bank of India,bank,13.0856754,77.5557494
SLN Super Market,shopping,13.0942914,77.5459382
Devi's Shop,shopping,13.0945389,77.5858712
Multi Mart Super Market,shopping,13.0902404,77.6024288
Dazzle Super Market,shopping,13.0990214,77.5768362
Agarahara Government Hospital,hospital,13.0957329,77.6273067
Unnamed,school,13.1718714,77.5685461
Jelly Machine Yalahanka,bus_stop,13.0860471,77.5556415
Rajanukunte,railway_station,13.1746304,77.5655922
Stationary Store,shopping,13.1254176,77.6201477
Spar,shopping,13.0938786,77.594727
Nice Mart,shopping,13.1214753,77.5764289
CyteCare,hospital,13.118638,77.6078781
Betta Halasuru,railway_station,13.1661211,77.6043173
Omega Multispeciality Hospital,hospital,13.1001877,77.5813432
NDR Hospital,hospital,13.0957808,77.5792872
Fountain,park,13.1497994,77.6092466
Hamsa Farm,bus_stop,13.1076969,77.6655883
Kadasonnappanahalli Gate,bus_stop,13.1019184,77.658357
Chikka Gubbi Cross,bus_stop,13.0843481,77.6541567
Nagenahalli,bus_stop,13.081456,77.6532018
Singanayakanahalli,bus_stop,13.1478791,77.5697617
N.D.R. Hospital,hospital,13.0965172,77.5787745
N.R.V Hospital,hospital,13.1631138,77.6293449
AU Small Finance Bank,bank,13.0959727,77.5885404
Krishnadevaraya Hospital And Research Centre,hospital,13.1498837,77.608248
Apple Hospital,hospital,13.103924,77.5837862
North City CT Scan,hospital,13.0945892,77.594104
Rajankunte Hospital,hospital,13.1731008,77.5640868
"Prasad Hospital, Bengaluru Urban",hospital,13.0983472,77.5773677
Saranalaya Hospital,hospital,13.1215236,77.6126106
Lakshmi Hospital,hospital,13.1579281,77.6252103
Yelahanka Santhe Circle,bus_stop,13.0991767,77.5971235
Kendriya Vihara,bus_stop,13.1063672,77.6021473
Venkatala,bus_stop,13.1108774,77.6048456
Palanahalli Gate,bus_stop,13.1167315,77.6085404
Bagaluru Cross,bus_stop,13.1214557,77.6109517
Reva College Gate,bus_stop,13.1221035,77.630454
Bellahalli Cross,bus_stop,13.1011046,77.6349413
The Big Market,shopping,13.1454748,77.569482
"Govt hospital,Rajanukunte",hospital,13.175209,77.564562
State Bank of India,bank,13.0979031,77.5662138
Atturu Layout Yelahanka Road,bus_stop,13.0978189,77.5681275
Atturu Layout Yelahanka Road,bus_stop,13.0978025,77.5679438
Axis Bank,bank,13.0982036,77.5691333
State Bank of India,bank,13.0845049,77.5527571
Jelly Machine Yalahanka,bus_stop,13.0859294,77.5554179
Royal Mart,shopping,13.1140618,77.5789194
Royal Mart,shopping,13.1710168,77.564182
Aveksha Hospital,hospital,13.081777,77.54091
Santhamma Hospital,hospital,13.0866852,77.5535728
Shree Sai Hospital,hospital,13.0885791,77.5455057
NDR Multi Speciality Hospital,hospital,13.1051735,77.6027864
Chiguru Hospital,hospital,13.1706303,77.5642307
Valens Hospitals,hospital,13.120977,77.6176084
Bengalure Hospital,hospital,13.1039081,77.5754898
Amruth Hospital,hospital,13.102578,77.627895
Rangalakshmi Netralaya,hospital,13.098943,77.576716
Saralaya Hospital,hospital,13.121743,77.629478
Apurva Hospital,hospital,13.101335,77.59858
Om Shakthi Hospital,hospital,13.1215701,77.6126077
Shadab Hospital,hospital,13.1025229,77.6278506
Rainbow Health Care,hospital,13.0997321,77.5760891
Jayalakshmi Hospital,hospital,13.098909,77.596219
NDR Orthopaedic,hospital,13.10051,77.595603
Sri Arogya Hospital,hospital,13.1215659,77.6250507
Sapthagiri Hospital,hospital,13.1213668,77.6174817
Pavan Hospitals,hospital,13.0981485,77.596139
Kushi Hospital,hospital,13.0938081,77.5804166
Vikrant Hospital,hospital,13.142831,77.6727356
Varsha Hospital,hospital,13.1026581,77.6297932
Just Smiles,hospital,13.098668,77.5826843
Orchids The International School - Yelahanka,school,13.1557516,77.5615716
Allahabad Bank,bank,13.0997967,77.5792365
Canara Bank,bank,13.0779626,77.5786126
Government Hospital,hospital,13.0803204,77.5535057
Sri Skanda Buy 'N' Save,shopping,13.1040018,77.5715488
Fresh Mart Super Bazar,shopping,13.1025457,77.5717503
Basket Ball Court,park,13.2259793,77.5471292
Skating Ring,park,13.2262429,77.547405
Sadahalli Gate,bus_stop,13.1906814,77.6463852
Doddajala,railway_station,13.1806713,77.6409183
Unnamed,bank,13.1581941,77.6250559
Simpli Namdhari's,shopping,13.1090384,77.5803302
"Manipal Law School, Bengaluru",college,13.1265925,77.5898427
"Department of Public Policy, MAHE",college,13.1251819,77.5905025
"Department of Liberal Arts, Humanities and Social Sciences, MAHE",college,13.1254954,77.5904596
"Manipal Institute of Technology, Bengaluru",college,13.1264958,77.5904864
IDFC First Bank,bank,13.0983837,77.5731577
the organic world,shopping,13.0984057,77.5732531
Beguru,bus_stop,13.1836643,77.6811451
Kenchenahalli Gate,bus_stop,13.1180494,77.5777231
Unnamed,bus_stop,13.079545,77.5590549
Unnamed,bus_stop,13.081377,77.5595634
Unnamed,bus_stop,13.084334,77.5598162
Dhanalaxmi Bank,bank,13.0944409,77.5809525
Chowdeshwari Mart,shopping,13.0955168,77.5781297
Sharavathi Hotel,bus_stop,13.0976393,77.5842355
Shopbox,shopping,13.1069608,77.6002193
Yelahanka Santhe Circle,bus_stop,13.0997554,77.5976114
Yelahanka Santhe Circle,bus_stop,13.0978934,77.5966268
Adithi School Yelahanka,bus_stop,13.1025258,77.5829481
Addiganahalli Extension,bus_stop,13.1729128,77.5712556
Ananthapura Gate Bus Stop,bus_stop,13.114669,77.5791251
Management Studies Department,college,13.1285502,77.5867957
EEE Department,college,13.1284405,77.5877371
ECE Department,college,13.1284784,77.5870505
CSE Department,college,13.1284562,77.5872771
Physics Department,college,13.1285737,77.5879464
Chemistry Department,college,13.1287331,77.5879531
MCA Department,college,13.1287057,77.5868145
ISE Department,college,13.1284549,77.5875024
NMIT Polytechnic,college,13.1274479,77.5861976
Nitte School of Architecture Planning & Design,college,13.1277797,77.5863504
Aeronautical Department,college,13.1286482,77.5864591
Mechanical Department,college,13.1288493,77.5864604
Civil Department,college,13.1290439,77.5864698
Nitte School of Fashion Technology and Interior Design,college,13.1303461,77.5868466
NITTE School of Management,college,13.1309703,77.5886518
Nitte College of Pharmaceutical Sciences,college,13.1307666,77.5869191
NES Office,bus_stop,13.0977614,77.5918215
Chikkabommasandra Cross,bus_stop,13.0937467,77.5824746
Srishti School Yelahanka,bus_stop,13.1070323,77.5757961
Bagalur Old Police Station,bus_stop,13.1302377,77.6664452
Kanakshree Layout Chikka Gubbi,bus_stop,13.0872951,77.6546904
Kogilu Cross,bus_stop,13.103589,77.6012045
Kogilu,bus_stop,13.1035374,77.6161424
Vishal Mega Mart,shopping,13.1062954,77.5775528
IDFC First Bank,bank,13.0794214,77.5590078
Green City Supermarket,shopping,13.0978647,77.5634022
Esha Hospital,hospital,13.098072,77.567378
Ujjivan Small Finance Bank,bank,13.096882,77.5837256
Yes Bank,bank,13.0988801,77.5873583
Union Bank of India,bank,13.0978667,77.5963115
Ashwini Hospital,hospital,13.0988482,77.5978974
DCB Bank,bank,13.0926026,77.5854229
Leafresh Super Mart,shopping,13.1272821,77.5643925
State Bank of India,bank,13.0928523,77.5872557
Unnamed,bus_stop,13.1216554,77.6118661
More,shopping,13.1216609,77.6266052
Axis Bank,bank,13.1208905,77.6164926
State Bank of India,bank,13.1236294,77.6388898
Unnamed,bus_stop,13.1219072,77.6113859
Unnamed,bus_stop,13.1219032,77.611446
Kotak Mahindra Bank,bank,13.1219021,77.6232327
State Bank of India,bank,13.1327573,77.6649985
7 Heven P-Mart,shopping,13.1394402,77.670404
Canara Bank,bank,13.0964933,77.5838827
Kempegowda-Yelahanka,bus_stop,13.0987564,77.5987364
Shuddh,shopping,13.1031842,77.5979105
All Mart,shopping,13.1216215,77.6258249
Shiva Mandira,bus_stop,13.1072011,77.5756518
Karnataka Gramin Bank,bank,13.1053707,77.5772403
Bank of Maharashtra,bank,13.102611,77.5770172
UCO Bank,bank,13.100087,77.5765234
HDFC Bank,bank,13.1012997,77.5769588
Bank of Baroda,bank,13.0987664,77.5863338
RBL Bank,bank,13.0988341,77.5849297
State Bank of India,bank,13.098337,77.5847352
Equitas Small Finance Bank,bank,13.0987488,77.5848885
Kallavar Public School,school,13.1055509,77.5678968
Unnamed,bank,13.1706722,77.6320794
IndusInd Bank,bank,13.0988361,77.5872262
HDFC Bank,bank,13.0982435,77.5880715
Suguna Super Market,shopping,13.1142754,77.5689594
Unnamed,shopping,13.1057106,77.5744761
IDBI Bank,bank,13.0842726,77.5602567
HDFC Bank,bank,13.0935578,77.5829081
Punjab National Bank,bank,13.093171,77.5887838
Kempegowda International Airport Back Gate,bus_stop,13.1982596,77.6799581
YAPB Toll,bus_stop,13.2125059,77.5542846
Ananthapura Gate,bus_stop,13.1145738,77.5789905
Sathanuru,bus_stop,13.1319042,77.6474485
Midland Supermart,shopping,13.0809981,77.6409622
Kempegowda International Airport Halt,railway_station,13.2106578,77.6761595
Unnamed,bus_stop,13.1997472,77.6827313
Unnamed,shopping,13.0840295,77.634815
Canara Bank,bank,13.083509,77.6347834
Unnamed,college,13.1681254,77.5582804
SVITgrounnd,college,13.1683987,77.5587809
HDFC bank,bank,13.1631789,77.6289541
Yenepoya College,college,13.0849778,77.6402789
Unnamed,park,13.0990547,77.5828353
Allalasandra Lake,park,13.09101,77.5874633
Sir M Vishvesvaraya Park,park,13.0981495,77.5796644
Sri Basavalingappa Udayana,park,13.097144,77.5805908
Unnamed,park,13.0991705,77.582836
Shankara Nag Park,park,13.0959167,77.5816748
Seshadripuram High School,school,13.1009023,77.5838617
Mallya Aditi International School,school,13.1024411,77.5835391
Unnamed,park,13.0947957,77.5845425
Unnamed,park,13.0975525,77.5865217
The Galleria Mall,shopping,13.0942029,77.5951482
Jyothi College,college,13.0994426,77.5853965
Seshadripuram First Grade College,college,13.0998144,77.588044
Railways Hospital,hospital,13.1041114,77.5829963
Kendriya Vidyalaya - RWF,school,13.1027468,77.5801742
Unnamed,park,13.1046976,77.5831761
Unnamed,park,13.0944923,77.5879401
National Insittute of Public Cooperation and Child Development,college,13.1025091,77.5846333
Unnamed,park,13.1023296,77.585574
Poornaprajna High School,school,13.0963852,77.5911416
KK Hospital,hospital,13.0971434,77.5893851
MEC School,school,13.0965348,77.5897477
Government Model Primary and High School,school,13.0960498,77.5794323
Central Institute of Medicinal and Aromatic Plants,college,13.083563,77.5908585
Unnamed,park,13.0983866,77.5769647
Dr. R. A. Bendre Park,park,13.0963339,77.5779574
Canadian International School,school,13.119396,77.5942252
Sambhram Institute of Technology,college,13.0897175,77.5458768
Kendriya Vidyalaya CRPF,school,13.1184672,77.575678
BMS Institute of Technology and Management,college,13.1338993,77.5680227
Government School,college,13.0971325,77.5934644
Government PU College,college,13.096833,77.5944513
"Kendriya Vidyalaya, Yelahanka AFS",school,13.129696,77.6168769
Chaitanya Nursing Home,hospital,13.0990774,77.5861467
Chaitanya Nursing College,college,13.0994512,77.5861481
Sir M Visvesvarayya Institute of Technology,college,13.1497114,77.6072979
Unnamed,park,13.0994014,77.5721929
Unnamed,park,13.1001694,77.571951
Unnamed,park,13.1000645,77.5737155
Swamy Vivekananda Park,park,13.1033671,77.5724178
Unnamed,park,13.1030762,77.5746465
Unnamed,park,13.100611,77.5747541
Unnamed,park,13.0999239,77.5751468
S.F.S 208 KHB Colony Park,park,13.0992273,77.5749291
Unnamed,park,13.0852933,77.6015135
7th Block Park,park,13.083976,77.5615787
Sri Sri Ravishankar Vidya Mandir,school,13.0814687,77.5580647
Unnamed,park,13.0802475,77.5565485
The Regency Public School,school,13.0857283,77.5576518
Unnamed,park,13.08364,77.5575438
Deva Matha Central School,school,13.0839628,77.55714
Unnamed,park,13.098686,77.571803
Jawahar Navodaya Vidyalaya,school,13.1486151,77.6733289
The Institute of Transdisciplinary Health Sciences and Technology,college,13.1232871,77.5494145
Football/Cricket ground,college,13.1344116,77.5673293
Institute of Ayurveda and Integrative Medicine (I-AIM),hospital,13.1256158,77.5468302
Dr. Agarwal Eye Hospital,hospital,13.0943148,77.58071
Unnamed,park,13.1068567,77.5608013
"Neha Prakash Hospital, Bengaluru Urban",hospital,13.1077314,77.5717299
Sri Lakshmi Venkateshwara Hospital,hospital,13.1056278,77.5772997
REVA University,college,13.1155417,77.6358788
Yelahanka 5th Phase Park,park,13.1069246,77.5733363
Unnamed,park,13.1164462,77.6351953
Unnamed,park,13.1155021,77.6352419
Unnamed,park,13.1170362,77.635142
Unnamed,park,13.1146709,77.6351224
Unnamed,park,13.1147006,77.6354764
Unnamed,park,13.1156581,77.6362036
Unnamed,park,13.1156169,77.6357835
Unnamed,park,13.1151513,77.6357441
Unnamed,park,13.1147018,77.6357933
Unnamed,park,13.0986326,77.5888781
Unnamed,college,13.1616871,77.6359344
Sri Venkateshwara College of Engineering - SVCE,college,13.1598841,77.6358885
Reliance Fresh,shopping,13.098154,77.5847397
Vidya Shilp Academy,school,13.087543,77.5971936
SB Nursing College,college,13.1046531,77.5727797
Shrada Vidyanikethan,school,13.0856703,77.5492593
"National Public School, Vidyaranyapura",school,13.0848132,77.5490275
Unnamed,school,13.0844352,77.5850551
Mahatma Gandhi Park,park,13.083228,77.5874716
DMart,shopping,13.1003312,77.5862156
M S Engineering College,college,13.2038627,77.6220522
Nitte Meenakshi Institute of Technology,college,13.1293899,77.5879044
Yelahanka Government Hospital,hospital,13.0995716,77.5962927
Unnamed,park,13.0937426,77.5705515
Unnamed,park,13.0969608,77.5699925
Unnamed,park,13.0960682,77.5703292
Unnamed,park,13.0950415,77.5706829
BMSIT,park,13.1330233,77.5682009
Unnamed,park,13.1336314,77.5685969
Unnamed,park,13.1331458,77.5696735
Ananda Shetty Park,park,13.0827104,77.5622565
NTI Park,park,13.078531,77.5555057
Unnamed,park,13.0781781,77.559992
Unnamed,park,13.0837733,77.5798214
Brindavan Group of Institutions,college,13.1240154,77.6204825
Unnamed,park,13.0808972,77.5497211
Oasis International School,school,13.0905257,77.6655794
Small Park,park,13.1020849,77.5738822
Unnamed,park,13.1056967,77.5709741
Unnamed,park,13.1071462,77.5723658
Unnamed,park,13.103928,77.5761507
Unnamed,park,13.1029938,77.5776406
Unnamed,park,13.1011261,77.5787442
AIR Park,park,13.1016195,77.5757449
Unnamed,park,13.1048363,77.5765128
TIFR Centre for Applicable Mathematics,college,13.093793,77.5763393
DMart,shopping,13.0984417,77.5742608
Krishnadevaraya College of Dental Science,college,13.1497515,77.6081437
Government School,school,13.1459888,77.6137144
Government Hospital,hospital,13.0991845,77.5968656
Deeksha Hospital,hospital,13.0982401,77.5970471
Stonehill International School,school,13.1699342,77.5960171
CRPF Hospital,hospital,13.1247842,77.5764128
Unnamed,school,13.1416143,77.5684587
Unnamed,school,13.1534058,77.5677305
Unnamed,park,13.0999022,77.5705421
Navachethana Hospital,hospital,13.1036126,77.5837987
Centro Mall,shopping,13.0975628,77.5838593
Unnamed,park,13.085887,77.6482673
Unnamed,park,13.085129,77.6458693
Unnamed,park,13.0846263,77.6441348
Unnamed,park,13.2112605,77.6569401
Unnamed,park,13.2144085,77.6551521
Unnamed,park,13.2136544,77.6607482
Unnamed,park,13.1929096,77.6599563
Sharadhanagar Park,park,13.0939755,77.5773897
Children's Park,park,13.0944889,77.5773051
Kids Play Area,park,13.094355,77.5767272
United International,school,13.0829476,77.6551558
KNS Institute of Technology,college,13.0883323,77.6371783
Vijaya School,school,13.1306125,77.6717319
Playground,park,13.19423,77.5585938
NIKISA Dementia Village,hospital,13.1114469,77.5550611
"ICAR - Indian Veterinary Research Institute, Yelahanka",college,13.127423,77.5581059
Nagarjuna Vidytaniketan,school,13.1227285,77.5650757
Dr. NSAM First Grade College,college,13.141502,77.5451393
NewAge World School,school,13.1412447,77.5397706
Nitte International School,school,13.1391918,77.5395365
Manipal Academy Of BFSI,college,13.0846319,77.6377447
Karnataka College of Pharmacy,college,13.0860699,77.6359056
Unnamed,park,13.1052446,77.5738674
Unnamed,park,13.1051287,77.5748545
Unnamed,park,13.107402,77.5716127
Unnamed,park,13.1074844,77.5711242
Unnamed,park,13.1067233,77.5709925
Geethanjali School Ground,school,13.1533755,77.5613475
Chaman Bharatiya School,school,13.0808232,77.6420658
Sri Jayaprakash Narayan National Youth Training Center,school,13.1588383,77.6432214
Vidyashilp University,college,13.2016717,77.6009032
Bishop Cotton Academy of Professional Management,college,13.0994183,77.5868339
Cambridge Public School,school,13.0944585,77.5896866
Agragami College of Aeronautical Engineering,college,13.094775,77.5904173
Chrysalis High School,school,13.0947143,77.5911186
East West College of Engineering,college,13.0957382,77.590225
"Manipal Academy of Higher Education, Bengaluru",college,13.1264517,77.5890581
Ryan International School,school,13.1240186,77.6016573
Alpha Public School,school,13.1091167,77.6142983
Indira Gandhi International Academy,school,13.0873487,77.6024074
Chinmaya Vidyalaya,school,13.1157885,77.6120715
Yashasvi Vidya Niketan,school,13.121393,77.6269081
Unnamed,park,13.0806801,77.6404198
Sparsh Hospital,hospital,13.0949654,77.5986449
Unnamed,park,13.1471803,77.6770068
Cambridge Institute of Technology North Campus,college,13.2459453,77.6100585
Sri Chaitanya Future Pathways Global Schools Hennur,school,13.080707,77.6465027
Vidyashilp Academy,school,13.1319578,77.5880348
"Srishti Manipal Institute of Art, Design and Technology",college,13.1258755,77.5915553
The HDFC School,school,13.086764,77.6078429
Delhi Public School Bangalore North,school,13.1173599,77.6425132
Poorna Learning Centre,school,13.1172746,77.6386443
Government Primary Health Centre,hospital,13.097274,77.6477522
Faran Group of Institutions,college,13.0836863,77.6536819
Unnamed,park,13.1067285,77.5999439
Unnamed,park,13.1066955,77.6002402
Unnamed,park,13.1076379,77.5798826
Presidency School Bangalore North,school,13.1331541,77.5589631
Orchids The International School - Yelahanka,school,13.155443,77.5615763
VIBGYOR High School Yelahanka,school,13.1489468,77.5564309
Chrysalis High School,school,13.1211866,77.6069022
"Orchids The International School, Jakkur",school,13.0823075,77.6193162
"Vibgyor High School, Chokkanahalli",school,13.0801773,77.6280616
Greenfield Public School,school,13.0816164,77.6209262
NAFL Jakkur,school,13.0818361,77.6153565
Unnamed,park,13.1180457,77.5693124
KPTCL Hospital Yelahanka,hospital,13.1166792,77.5800714
Unnamed,park,13.0951072,77.6012683
Unnamed,park,13.1115981,77.5747091
Unnamed,park,13.1136225,77.5609391
Unnamed,park,13.082237,77.6040651
The School of Raya,school,13.1178677,77.6704551
CMR University Campus (Lakeside),college,13.1186237,77.658857
Unnamed,park,13.0908619,77.5873938
Manipal Institute of Regenerative Medicine,college,13.0874224,77.5895866
Unnamed,park,13.2256616,77.677601
Unnamed,park,13.2067638,77.6066078
Unnamed,park,13.0807557,77.6389038
Unnamed,park,13.0860544,77.5993477
Embassy Academy,school,13.2071398,77.6164127
Unnamed,park,13.0836415,77.6418038
Bharath Co-Operative Bank,bank,13.0929116,77.5892036
Unnamed,park,13.0859115,77.6002552
Unnamed,park,13.0975155,77.6301288
Unnamed,park,13.0985984,77.6326266
Unnamed,park,13.1257912,77.5947269
Unnamed,park,13.1263612,77.5936816
Manipal Hospital North,hospital,13.1076284,77.6033814
Kempegowda Statue Park,park,13.1990378,77.6820483
Unnamed,park,13.1448908,77.5794733
Unnamed,park,13.1453398,77.5795775
Poorna Prajna Education Center,school,13.0991361,77.5812328
SJV World School,school,13.0939133,77.5787692
Unnamed,park,13.1000826,77.5825631
Unnamed,park,13.0996891,77.5828194
Unnamed,park,13.0947449,77.5795031
Unnamed,park,13.0958673,77.5766741
Unnamed,park,13.0960933,77.5771364
New Town Public School,school,13.0984246,77.5809871
Unnamed,park,13.0971133,77.5717297
Unnamed,park,13.0830615,77.5630896
Unnamed,school,13.0804436,77.5608721
National Public School Yelahanka,school,13.0999519,77.5845541
Unnamed,park,13.0937447,77.5814112
Anupamaa Hospital,hospital,13.0937967,77.5893672
Unnamed,park,13.0935761,77.5771753
Unnamed,park,13.126646,77.5953405
Strate School of Design,college,13.1429082,77.5990815
Unnamed,park,13.1066199,77.5990874
Unnamed,park,13.1066667,77.6004723
Unnamed,park,13.1105693,77.5803939
4th Phase 707 Park,park,13.1049348,77.5755327
Unnamed,park,13.1497008,77.6420874
Unnamed,park,13.1491318,77.6420046
Unnamed,park,13.1487292,77.6418654
Unnamed,park,13.1460139,77.6378123
Sadhu Vashwani International School,school,13.1621945,77.5987422
Unnamed,park,13.0822486,77.6433929
Unnamed,park,13.0800378,77.6416981
Unnamed,park,13.0802717,77.6388051
Kotak Manipal Academy of Banking,college,13.0859941,77.6318433
NAFL North Urbana,school,13.2064898,77.6613323
Unnamed,park,13.2112504,77.6250129
Unnamed,park,13.2113256,77.6220936
Unnamed,park,13.2114771,77.6212702
Unnamed,park,13.2118576,77.6205586
Unnamed,park,13.2120448,77.6200166
Unnamed,park,13.2122598,77.6192002
Unnamed,park,13.2125474,77.6183874
Unnamed,park,13.2099146,77.6183652
Unnamed,park,13.2092244,77.620446
Unnamed,park,13.2087141,77.6219246
Unnamed,park,13.210443,77.6147543
Unnamed,park,13.2102498,77.6155161
Unnamed,park,13.2102092,77.6159902
Unnamed,park,13.2101705,77.6164519
Unnamed,park,13.2101068,77.6169001
Unnamed,park,13.2100399,77.6174846
Unnamed,park,13.2097823,77.6191981
Unnamed,park,13.2095848,77.6197331
Unnamed,park,13.2079398,77.6232802
Unnamed,park,13.2084433,77.623032
Unnamed,park,13.2085883,77.6226116
Unnamed,park,13.2090545,77.6212802
Sri Revanna Siddeshwara Institute of Technology,college,13.1716136,77.6208624
Unnamed,park,13.149966,77.6404908
Unnamed,park,13.1487507,77.6402978
Unnamed,park,13.1539554,77.6372099
Unnamed,park,13.1543584,77.6366358
Unnamed,park,13.1594019,77.6391021
Katherine Public School,school,13.1585575,77.6386227
Unnamed,park,13.1560157,77.6382553
Jakarbande Kaval Oxygen Park,park,13.1249272,77.5487542
Unnamed,park,13.1913823,77.6585996
Unnamed,park,13.1107203,77.6034482
Unnamed,park,13.1933196,77.6379314
Unnamed,park,13.1453496,77.6798121
Unnamed,park,13.1441088,77.6803994
Unnamed,park,13.1441179,77.6783086
Unnamed,park,13.1441179,77.6793493
Unnamed,park,13.1422821,77.6826954
Unnamed,park,13.1423998,77.6824418
Unnamed,park,13.1433083,77.6842458
Bhartiya Mall,shopping,13.0834421,77.6436248
Unnamed,park,13.086531,77.6440367
Unnamed,park,13.0855617,77.6447435
Unnamed,park,13.0850144,77.645182
Unnamed,park,13.0854736,77.6452692
Unnamed,park,13.0859163,77.6453108
Unnamed,park,13.086015,77.6443177
Unnamed,park,13.0855708,77.6442238
Unnamed,park,13.0851159,77.6441692
Gurukul School,school,13.1724289,77.5997729
Unnamed,park,13.0832261,77.5616372
Unnamed,park,13.0827298,77.5634531
Unnamed,park,13.0812425,77.5374196
Unnamed,park,13.125284,77.6220626
Unnamed,school,13.1034937,77.5663606
Unnamed,park,13.1436561,77.6395051
Unnamed,park,13.1806977,77.6708593
Unnamed,park,13.179012,77.671982
Unnamed,park,13.1788393,77.6723575
Brains Hospital,hospital,13.1183866,77.6082057
MVM Institute of Nursing Sciences,college,13.1143915,77.6088685
Unnamed,park,13.1516224,77.5582547
Unnamed,park,13.151654,77.5577044
Unnamed,park,13.1827898,77.5605833
Unnamed,park,13.1208596,77.6108524
Unnamed,park,13.1475158,77.6190606
Unnamed,park,13.1482008,77.6191297
Unnamed,school,13.1451013,77.6172186
Unnamed,school,13.1774191,77.5908243
Unnamed,park,13.1651764,77.6628698
Unnamed,park,13.1637443,77.6628907
Unnamed,park,13.0825749,77.6040168
Unnamed,school,13.1987323,77.6379193
Unnamed,park,13.1945248,77.6251967
EuroSchool North Camputs,school,13.1043015,77.6252391
Oxford School and Composite PU College,school,13.1039708,77.6236331
"Presidency PU College, Kogilu",college,13.1028982,77.6236634
"National Public School, North",school,13.1031266,77.6195133
SJPU PU College,college,13.14367,77.6162262
"Jain School of Design, Media and Creative Arts",college,13.1451404,77.6103684
Unnamed,park,13.1402398,77.6157475
Adhyayana PU College,college,13.0893182,77.5569728
Oriental English High School,school,13.0859255,77.5569202
Unnamed,park,13.1036049,77.5739473
Unnamed,park,13.106636,77.5760105
Unnamed,park,13.1032882,77.5756062
Unnamed,park,13.1029415,77.5763875
Unnamed,park,13.1059403,77.5747035
Unnamed,park,13.1058754,77.5763786
Unnamed,park,13.1074989,77.5688086
Unnamed,park,13.104306,77.5746053
Chokkanahalli Lake Park,park,13.0847596,77.6290834
Agrahara Lake Park,park,13.0893565,77.6247771
Unnamed,school,13.1379811,77.6813557
Unnamed,park,13.0832729,77.6091063
Unnamed,park,13.1353718,77.5828377
Unnamed,park,13.171773,77.6460846
Vishwavidyapeeth Main Campus,school,13.1621527,77.5645481
Unnamed,school,13.0873415,77.6613383
Aadya Academy,school,13.0883604,77.6573499
Unnamed,park,13.0879463,77.6521176
IIBS Bengaluru Airport Campus,college,13.1871083,77.6750196
Chaitanya Medical Centre Maternity and Surgical Care,hospital,13.0924907,77.5863327
Unnamed,school,13.209732,77.6677535
Unnamed,school,13.2309534,77.5495974
Akash Global College of Management & Science,college,13.1894257,77.647432
Presidency University Hostel,college,13.1835275,77.543538
Government Model Public School,school,13.0937369,77.5547543
Government Model Primary School,school,13.0935249,77.5551375
Sri Vidya Institute of Technology,college,13.1680199,77.5582318
Unnamed,park,13.0821749,77.6372217
VEDIC,school,13.1899362,77.6313472
Unnamed,park,13.1140882,77.5550948
Unnamed,school,13.0984736,77.5593038
Government High School,school,13.1465039,77.671926
Vidyashilp School,school,13.1163702,77.6605218
Thirumenahalli Lake Park,park,13.0927109,77.6283813
Unnamed,school,13.1450301,77.6722773
Unnamed,park,13.1446365,77.6795547
Unnamed,school,13.1422562,77.5654205
Unnamed,park,13.20826,77.5830386
Unnamed,park,13.0788709,77.6664117
Unnamed,school,13.146763,77.6441299
Unnamed,park,13.0895486,77.6399907
Millenium World School,school,13.1052106,77.6203759
Mathru Center for the Dead and Differently-abled,school,13.1041687,77.6290065
"Navkis Educational Centre, Kogilu",school,13.0993308,77.6213988
Wisdom Montfort International School,school,13.0938186,77.6312513
Sri Chaitanya Techno School,school,13.0953484,77.6284443
The Shri Ram Universal School,school,13.0880225,77.6248235
Karnataka Public School,school,13.0859425,77.631044
Unnamed,park,13.0854428,77.630516
Capitol Public School,school,13.0858583,77.6324556
Monkey Park,park,13.1292623,77.5877464
Unnamed,park,13.2073571,77.6218296
Indira Priyadarshini College of Law,college,13.1056977,77.5676809
Unnamed,school,13.1743875,77.559056
Unnamed,park,13.1726307,77.5608112
Unnamed,park,13.1747488,77.5604275
Nagarjuna Degree College,college,13.1161867,77.5619876
Unnamed,park,13.0894661,77.6028702
Unnamed,park,13.082011,77.6001323
Vidya Prakash High School,school,13.0831098,77.5952671
Unnamed,park,13.0946055,77.5464251
Unnamed,park,13.190641,77.5956483
Holy Faith Public School,school,13.0887512,77.5573107
Shams Public School,school,13.1011975,77.6332908
Unnamed,park,13.0948421,77.5862364
Unnamed,park,13.097702,77.6242843
Unnamed,park,13.1131401,77.5538135
Unnamed,park,13.1268367,77.5933738
Unnamed,park,13.1267524,77.5928393
Unnamed,park,13.1238517,77.5937433
Unnamed,park,13.1245758,77.5921189
Unnamed,park,13.0875061,77.543024
Ramakrishna Ayurvedic College,college,13.1213492,77.5519578
Unnamed,school,13.1199293,77.6123727
Unnamed,school,13.1092748,77.6223269
Apex Hospital,hospital,13.115139,77.6339212
KPN Fresh,shopping,13.1149517,77.573367
Unnamed,school,13.128852,77.6842031
Unnamed,school,13.2425172,77.6424167
Unnamed,school,13.1458404,77.5578426
Mangala Vidya Mandira,school,13.1013082,77.5849401
Unnamed,school,13.1587417,77.6127555
Westline College,college,13.1040841,77.6337162
VBR College,college,13.1250135,77.6648169
Mary Immaculate School,school,13.1264167,77.6686084
Unnamed,park,13.086194,77.6031263
Unnamed,park,13.1821983,77.5712389
B M International School,school,13.1066024,77.6699388
Koshys Group Of Institutions,college,13.1062897,77.6659571
Maseehul Uloom University,college,13.1050337,77.6657847
Unnamed,school,13.1008085,77.6586921
Unnamed,park,13.2190591,77.6319378
Unnamed,park,13.2119653,77.6252853
Unnamed,park,13.2123714,77.6249849
Unnamed,park,13.211755,77.6384637
Small Lawn,park,13.1693431,77.5355098
Big Lawn,park,13.1705086,77.5358971
Unnamed,park,13.1920679,77.6612649
AP Securitas Training Academy,college,13.1130946,77.6680468
Unnamed,hospital,13.0947708,77.5832502
Unnamed,school,13.1940631,77.5590891
Unnamed,school,13.1539279,77.627019
Unnamed,park,13.1928543,77.6650264
Unnamed,park,13.0843097,77.5876178
Jnanadeepika School,school,13.0829204,77.5880851
