area_type,availability,location,bhk,total_sqft,bath,balcony,price
Super built-up  Area,19-Dec,Electronic City Phase II,2,1056.0,2.0,1.0,39.07
Plot  Area,Ready To Move,Chikka Tirupathi,4,2600.0,5.0,3.0,120.0
Built-up  Area,Ready To Move,Uttarahalli,3,1440.0,2.0,3.0,62.0
Super built-up  Area,Ready To Move,Lingadheeranahalli,3,1521.0,3.0,1.0,95.0
Super built-up  Area,Ready To Move,Kothanur,2,1200.0,2.0,1.0,51.0
Super built-up  Area,Ready To Move,Whitefield,2,1170.0,2.0,1.0,38.0
Super built-up  Area,18-May,Old Airport Road,4,2732.0,4.0,2.0,204.0
Super built-up  Area,Ready To Move,Rajaji Nagar,4,3300.0,4.0,2.0,600.0
Super built-up  Area,Ready To Move,Marathahalli,3,1310.0,3.0,1.0,63.25
Super built-up  Area,18-Feb,Whitefield,3,1800.0,2.0,2.0,70.0
Plot  Area,Ready To Move,Whitefield,4,2785.0,5.0,3.0,295.0
Super built-up  Area,Ready To Move,7th Phase JP Nagar,2,1000.0,2.0,1.0,38.0
Built-up  Area,Ready To Move,Gottigere,2,1100.0,2.0,2.0,40.0
Plot  Area,Ready To Move,Sarjapur,3,2250.0,3.0,2.0,148.0
Super built-up  Area,Ready To Move,Mysore Road,2,1175.0,2.0,2.0,73.5
Super built-up  Area,Ready To Move,Bisuvanahalli,3,1180.0,3.0,2.0,48.0
Super built-up  Area,Ready To Move,Raja Rajeshwari Nagar,3,1540.0,3.0,3.0,60.0
Built-up  Area,Ready To Move,Kengeri,1,600.0,1.0,1.0,15.0
Super built-up  Area,19-Dec,Binny Pete,3,1755.0,3.0,1.0,122.0
Super built-up  Area,Ready To Move,Bellandur,3,1767.0,3.0,1.0,103.0
Super built-up  Area,18-Nov,Thanisandra,1,510.0,1.0,0.0,25.25
Super built-up  Area,Ready To Move,Electronic City,2,660.0,1.0,1.0,23.1
Built-up  Area,20-Dec,Whitefield,3,1610.0,3.0,2.0,81.0
Super built-up  Area,17-Oct,Ramagondanahalli,2,1151.0,2.0,2.0,48.77
Super built-up  Area,Ready To Move,Electronic City,3,1025.0,2.0,1.0,47.0
Super built-up  Area,19-Dec,Yelahanka,4,2475.0,4.0,0.0,186.0
Super built-up  Area,Ready To Move,Bisuvanahalli,3,1075.0,2.0,1.0,35.0
Super built-up  Area,Ready To Move,Hebbal,3,1760.0,2.0,2.0,123.0
Super built-up  Area,Ready To Move,Raja Rajeshwari Nagar,3,1693.0,3.0,3.0,57.39
Built-up  Area,Ready To Move,Kasturi Nagar,3,1925.0,3.0,2.0,125.0
Super built-up  Area,21-Dec,Kanakpura Road,2,700.0,2.0,1.0,36.0
Super built-up  Area,Ready To Move,Electronics City Phase 1,2,1070.0,2.0,1.0,45.5
Super built-up  Area,Ready To Move,Kundalahalli,3,1724.0,3.0,2.0,125.0
Super built-up  Area,Ready To Move,Chikkalasandra,3,1290.0,2.0,2.0,56.12
Built-up  Area,Ready To Move,Uttarahalli,2,1143.0,2.0,2.0,45.0
Built-up  Area,Ready To Move,Murugeshpalya,2,1296.0,2.0,2.0,81.0
Super built-up  Area,19-Dec,Sarjapur  Road,3,1254.0,3.0,2.0,38.0
Plot  Area,Ready To Move,Yelahanka,1,660.0,1.0,0.0,48.0
Super built-up  Area,19-Sep,Kanakpura Road,2,1330.74,2.0,2.0,91.79
Super built-up  Area,Ready To Move,Doddathoguru,2,970.0,2.0,0.0,33.0
Super built-up  Area,20-Sep,Whitefield,2,1459.0,2.0,1.0,94.82
Super built-up  Area,18-Mar,Bhoganhalli,3,1670.0,3.0,1.0,99.0
Built-up  Area,Ready To Move,Whitefield,3,2010.0,3.0,2.0,91.0
Super built-up  Area,Ready To Move,Lakshminarayana Pura,2,1185.0,2.0,2.0,75.0
Super built-up  Area,Ready To Move,Yelahanka,3,1600.0,2.0,3.0,75.0
Super built-up  Area,Ready To Move,Begur Road,2,1200.0,2.0,2.0,44.0
Built-up  Area,20-Feb,Devanahalli,4,3210.0,2.0,2.0,192.0
Plot  Area,Ready To Move,Whitefield,4,5700.0,5.0,3.0,650.0
Built-up  Area,Ready To Move,Varthur,2,1160.0,2.0,2.0,44.0
Built-up  Area,Ready To Move,Bommanahalli,8,3000.0,8.0,0.0,140.0
Super built-up  Area,Ready To Move,Doddathoguru,2,1100.0,2.0,1.0,62.0
Super built-up  Area,18-Apr,Gunjur,2,1140.0,2.0,3.0,43.0
Super built-up  Area,Ready To Move,Marathahalli,2,1220.0,2.0,1.0,57.0
Super built-up  Area,Ready To Move,Kanakpura Road,2,1005.0,2.0,1.0,36.68
Super built-up  Area,20-Aug,Begur Road,2,1358.0,2.0,1.0,80.58
Super built-up  Area,Ready To Move,Hegde Nagar,3,1569.0,3.0,1.0,101.0
Super built-up  Area,18-Apr,Haralur Road,2,1240.0,2.0,1.0,70.0
Super built-up  Area,Ready To Move,Hennur Road,3,2089.0,3.0,2.0,140.0
Super built-up  Area,Ready To Move,Kothannur,2,1206.0,2.0,1.0,48.23
Super built-up  Area,Ready To Move,Kalena Agrahara,2,1150.0,2.0,3.0,40.0
Built-up  Area,18-Oct,Hennur Road,4,3203.5,2.0,2.0,224.5
Super built-up  Area,19-Mar,Yelahanka,2,1326.0,2.0,2.0,78.0
Super built-up  Area,Ready To Move,Garudachar Palya,3,1325.0,2.0,2.0,60.8
Super built-up  Area,Ready To Move,EPIP Zone,3,1499.0,5.0,2.0,102.0
Built-up  Area,Ready To Move,Hegde Nagar,6,3000.0,7.0,2.0,210.0
Super built-up  Area,Ready To Move,Kanakpura Road,3,1665.0,3.0,2.0,88.0
Super built-up  Area,17-Sep,Dasanapura,2,708.0,2.0,2.0,37.0
Super built-up  Area,Ready To Move,Kasavanhalli,2,1060.0,2.0,2.0,58.06
Built-up  Area,Ready To Move,Sanjay nagar,2,1000.0,2.0,2.0,70.0
Super built-up  Area,18-Dec,Electronic City,2,1000.0,2.0,1.0,28.88
Super built-up  Area,17-Aug,Thanisandra,2,1296.0,2.0,3.0,80.0
Plot  Area,Ready To Move,Kengeri,4,2894.0,4.0,1.0,245.0
Super built-up  Area,Ready To Move,Sarjapura - Attibele Road,3,1330.0,2.0,1.0,48.0
Super built-up  Area,Ready To Move,Yeshwanthpur,3,2502.0,3.0,3.0,138.0
Built-up  Area,Ready To Move,Chandapura,2,650.0,1.0,1.0,17.0
Plot  Area,Ready To Move,Kothanur,3,2400.0,2.0,1.0,150.0
Built-up  Area,Ready To Move,Nagarbhavi,3,1630.0,2.0,1.0,98.0
Built-up  Area,Ready To Move,Rajaji Nagar,3,1640.0,3.0,2.0,229.0
Super built-up  Area,19-Apr,Devanahalli,2,1260.0,2.0,2.0,66.78
Super built-up  Area,Ready To Move,Whitefield,2,1116.0,2.0,1.0,51.91
Super built-up  Area,Ready To Move,Electronic City,3,1530.0,2.0,1.0,45.9
Built-up  Area,Ready To Move,Ramamurthy Nagar,4,3700.0,4.0,1.0,225.0
Built-up  Area,Ready To Move,Sarjapur  Road,3,2497.0,3.0,2.0,140.0
Super built-up  Area,Ready To Move,Kengeri,3,1540.0,2.0,3.0,64.0
Super built-up  Area,18-Dec,Thanisandra,3,1436.0,3.0,1.0,74.75
Super built-up  Area,18-Jun,Malleshwaram,2,1100.0,2.0,2.0,75.0
Super built-up  Area,Ready To Move,Akshaya Nagar,3,2061.0,3.0,1.0,200.0
Super built-up  Area,18-Mar,Hebbal,4,5611.5,4.0,0.0,477.0
Super built-up  Area,22-Dec,Devanahalli,3,1282.0,2.0,2.0,68.52
Built-up  Area,Ready To Move,Kadugodi,2,1050.0,2.0,1.0,34.0
Built-up  Area,Ready To Move,LB Shastri Nagar,3,1600.0,3.0,2.0,65.0
Super built-up  Area,Ready To Move,Hormavu,2,1500.0,2.0,1.0,78.0
Plot  Area,Ready To Move,Sarjapur,3,1600.0,3.0,1.0,75.0
Super built-up  Area,Ready To Move,Kudlu Gate,3,1535.0,3.0,2.0,83.0
Built-up  Area,Ready To Move,Kanakpura Road,2,950.0,2.0,1.0,57.0
Super built-up  Area,18-Aug,Devanahalli,2,1360.0,2.0,1.0,65.0
Super built-up  Area,19-Mar,8th Phase JP Nagar,2,1073.5,2.0,0.0,54.005
Super built-up  Area,18-May,Bommasandra Industrial Area,3,1280.0,3.0,1.0,50.4
Built-up  Area,Ready To Move,Hennur Road,8,5000.0,8.0,2.0,250.0
Super built-up  Area,19-Dec,Yelahanka,5,3050.0,5.0,1.0,213.0
Super built-up  Area,Ready To Move,Kasavanhalli,3,1563.05,3.0,1.0,105.0
Super built-up  Area,17-Jul,Anandapura,2,1167.0,2.0,1.0,43.76
Super built-up  Area,Ready To Move,Kothanur,3,1828.0,3.0,2.0,110.0
Super built-up  Area,Ready To Move,Kengeri Satellite Town,2,890.0,2.0,1.0,35.0
Super built-up  Area,19-Apr,Mysore Road,3,1710.0,4.0,2.0,91.31
Super built-up  Area,Ready To Move,Kannamangala,2,957.0,2.0,1.0,58.0
Super built-up  Area,18-May,Devarachikkanahalli,3,1250.0,2.0,3.0,44.0
Super built-up  Area,Ready To Move,Hulimavu,2,1125.0,2.0,2.0,50.0
Super built-up  Area,18-Jul,Electronic City Phase II,2,1020.0,2.0,1.0,30.6
Super built-up  Area,Ready To Move,Kalena Agrahara,2,1200.0,2.0,2.0,50.0
Super built-up  Area,Ready To Move,Thanisandra,3,1735.0,3.0,3.0,135.0
Super built-up  Area,Ready To Move,Thanisandra,3,2050.0,3.0,1.0,145.0
Super built-up  Area,18-May,Hosa Road,2,1063.0,2.0,1.0,32.0
Built-up  Area,Ready To Move,Whitefield,4,4200.0,4.0,2.0,420.0
Super built-up  Area,18-Dec,Sarjapur,2,1242.5,2.0,0.0,43.49
Super built-up  Area,Ready To Move,Electronic City,3,1500.0,2.0,1.0,64.5
Built-up  Area,Ready To Move,Electronic City,2,1060.0,2.0,1.0,60.0
Super built-up  Area,Ready To Move,Attibele,1,450.0,1.0,1.0,11.0
Super built-up  Area,18-Apr,Electronic City,2,1152.0,2.0,1.0,64.5
Super built-up  Area,Ready To Move,Electronic City,3,1350.0,2.0,1.0,56.0
Super built-up  Area,Ready To Move,CV Raman Nagar,3,1550.0,3.0,3.0,65.0
Plot  Area,Ready To Move,Nagavara,1,400.0,1.0,0.0,14.0
Super built-up  Area,Ready To Move,Malleshwaram,1,705.0,1.0,2.0,67.0
Built-up  Area,Ready To Move,Electronic City,2,770.0,1.0,1.0,36.0
Super built-up  Area,Ready To Move,Hulimavu,2,1242.0,2.0,3.0,51.0
Super built-up  Area,Ready To Move,Hebbal Kempapura,3,1700.0,3.0,2.0,155.0
Super built-up  Area,Ready To Move,Thanisandra,3,2144.0,3.0,2.0,145.0
Super built-up  Area,21-Jun,Vijayanagar,3,1704.0,3.0,2.0,110.0
Super built-up  Area,Ready To Move,Electronic City,2,1070.0,2.0,1.0,52.0
Built-up  Area,Ready To Move,Electronic City,2,1025.0,2.0,1.0,46.0
Super built-up  Area,Ready To Move,KR Puram,2,1277.5,2.0,0.0,56.8
Super built-up  Area,Ready To Move,Marathahalli,2,1200.0,2.0,2.0,52.0
Built-up  Area,18-Dec,Kanakpura Road,4,2250.0,4.0,1.0,110.0
Super built-up  Area,Ready To Move,Pattandur Agrahara,3,1550.0,2.0,3.0,80.0
Super built-up  Area,Ready To Move,Marathahalli,2,1200.0,2.0,2.0,60.0
Super built-up  Area,Ready To Move,Yelahanka,2,1327.0,2.0,2.0,98.0
Super built-up  Area,Ready To Move,Kothanur,2,1186.0,2.0,2.0,58.0
Super built-up  Area,Ready To Move,HSR Layout,3,1400.0,3.0,2.0,56.0
Super built-up  Area,Ready To Move,EPIP Zone,2,1285.0,2.0,2.0,82.0
Built-up  Area,Ready To Move,Whitefield,2,1225.0,2.0,2.0,47.6
Super built-up  Area,Ready To Move,Whitefield,2,1075.0,2.0,1.0,53.0
Built-up  Area,Ready To Move,Kadugodi,3,1260.0,2.0,2.0,54.0
Super built-up  Area,Ready To Move,Yelahanka,3,1282.0,2.0,2.0,48.7
Super built-up  Area,Ready To Move,Kogilu,3,1909.0,3.0,2.0,88.0
Super built-up  Area,Ready To Move,Panathur,2,1359.0,2.0,1.0,87.0
Plot  Area,Ready To Move,Padmanabhanagar,4,1736.0,6.0,0.0,190.0
Super built-up  Area,20-May,1st Block Jayanagar,4,2850.0,4.0,1.0,428.0
Super built-up  Area,Ready To Move,Kammasandra,3,1595.0,3.0,2.0,65.0
Super built-up  Area,Ready To Move,Electronics City Phase 1,3,1475.0,3.0,2.0,78.29
Super built-up  Area,Ready To Move,Dasarahalli,2,1295.0,2.0,1.0,65.0
Built-up  Area,Ready To Move,Magadi Road,6,3600.0,6.0,0.0,141.0
Super built-up  Area,Ready To Move,Electronic City,1,589.0,1.0,1.0,27.0
Super built-up  Area,18-Dec,Sarjapur  Road,3,1787.0,3.0,2.0,98.29
Super built-up  Area,Ready To Move,Sarjapur  Road,3,1787.0,3.0,2.0,125.0
Super built-up  Area,Ready To Move,Koramangala,3,1475.0,2.0,3.0,90.0
Super built-up  Area,19-Mar,Sarjapur  Road,2,984.0,2.0,1.0,44.28
Super built-up  Area,19-Dec,Devanahalli,3,1630.0,2.0,2.0,74.82
Built-up  Area,Ready To Move,7th Phase JP Nagar,2,1080.0,2.0,2.0,72.0
Super built-up  Area,Ready To Move,Hebbal,3,1900.0,3.0,2.0,119.0
Super built-up  Area,19-Aug,Dommasandra,2,805.0,2.0,1.0,22.14
Super built-up  Area,Ready To Move,Budigere,2,1153.0,2.0,2.0,56.4
Built-up  Area,Ready To Move,Electronic City,2,1100.0,2.0,2.0,42.0
Super built-up  Area,Ready To Move,Kalyan nagar,2,1290.0,2.0,2.0,110.0
Super built-up  Area,21-Jun,Vijayanagar,3,1933.0,3.0,1.0,129.0
Built-up  Area,Ready To Move,Ramamurthy Nagar,5,3500.0,5.0,2.0,150.0
Super built-up  Area,18-Aug,Chandapura,1,645.0,1.0,1.0,16.45
Super built-up  Area,18-Sep,Chandapura,1,645.0,1.0,1.0,16.45
Plot  Area,Ready To Move,Electronic City,3,1200.0,3.0,1.0,90.0
Super built-up  Area,Ready To Move,Electronic City,2,910.0,2.0,1.0,40.0
Super built-up  Area,Ready To Move,Kothanur,3,1577.0,3.0,1.0,70.0
Super built-up  Area,Ready To Move,OMBR Layout,3,2420.0,3.0,2.0,185.0
Super built-up  Area,Ready To Move,Chandapura,2,800.0,1.0,1.0,20.0
Super built-up  Area,Ready To Move,7th Phase JP Nagar,2,1270.0,2.0,2.0,93.0
Plot  Area,Ready To Move,Horamavu Agara,4,1200.0,2.0,0.0,95.0
Built-up  Area,Ready To Move,Sarjapur  Road,2,1025.0,2.0,2.0,36.0
Super built-up  Area,17-Jun,Electronic City,2,1108.0,2.0,1.0,63.0
Plot  Area,Ready To Move,Ambedkar Nagar,4,2900.0,3.0,2.0,300.0
Super built-up  Area,Ready To Move,Vijayanagar,3,1500.0,3.0,2.0,75.5
Super built-up  Area,Ready To Move,Raja Rajeshwari Nagar,2,1295.0,2.0,2.0,43.9
Super built-up  Area,Ready To Move,Budigere,2,1162.0,2.0,1.0,59.9
Super built-up  Area,Ready To Move,Sarjapur  Road,2,1035.0,2.0,2.0,49.2
Built-up  Area,Ready To Move,Attibele,4,1600.0,4.0,0.0,52.8
Super built-up  Area,18-Oct,Hennur Road,3,1866.0,2.0,2.0,61.58
Super built-up  Area,Ready To Move,Kalena Agrahara,3,1804.0,3.0,2.0,120.0
Super built-up  Area,Ready To Move,Sarjapur,2,913.0,2.0,1.0,32.0
Super built-up  Area,21-Dec,Talaghattapura,3,1868.0,3.0,2.0,131.0
Built-up  Area,Ready To Move,Kengeri Satellite Town,2,883.0,2.0,1.0,45.0
Super built-up  Area,Ready To Move,Kogilu,3,1664.0,2.0,3.0,73.95
Super built-up  Area,Ready To Move,Hegde Nagar,3,2026.0,3.0,2.0,132.0
Super built-up  Area,Ready To Move,Balagere,2,1210.0,2.0,1.0,80.9
Super built-up  Area,Ready To Move,Kadugodi,3,1762.0,3.0,3.0,91.45
Super built-up  Area,Ready To Move,Jigani,3,1252.0,3.0,3.0,55.0
Built-up  Area,Ready To Move,Gollarapalya Hosahalli,2,861.0,2.0,1.0,34.5
Built-up  Area,Ready To Move,7th Phase JP Nagar,3,1420.0,2.0,1.0,100.0
Built-up  Area,Ready To Move,Electronics City Phase 1,3,1490.0,3.0,1.0,78.8
Super built-up  Area,Ready To Move,Bisuvanahalli,3,1075.0,2.0,1.0,46.0
Super built-up  Area,18-Aug,Old Madras Road,3,1425.0,2.0,2.0,94.0
Built-up  Area,Ready To Move,Kalena Agrahara,2,1200.0,2.0,1.0,40.0
Super built-up  Area,Ready To Move,Kaggadasapura,3,1280.0,2.0,2.0,56.0
Super built-up  Area,18-Jul,Chandapura,2,1015.0,2.0,2.0,25.88
Super built-up  Area,21-May,Kanakpura Road,2,1017.0,2.0,1.0,51.25
Super built-up  Area,Ready To Move,Haralur Road,2,1027.0,2.0,2.0,44.0
Super built-up  Area,Ready To Move,Electronic City Phase II,2,1069.0,2.0,2.0,45.0
Super built-up  Area,Ready To Move,Hebbal,2,1349.0,2.0,1.0,98.2
Super built-up  Area,Ready To Move,9th Phase JP Nagar,2,1005.0,2.0,1.0,50.0
Super built-up  Area,Ready To Move,Jakkur,2,1417.0,2.0,3.0,75.0
Plot  Area,18-Jan,TC Palaya,3,1475.0,3.0,1.0,98.0
Super built-up  Area,Ready To Move,Sarjapur  Road,4,1863.0,3.0,2.0,104.0
Super built-up  Area,Ready To Move,Kalena Agrahara,3,1425.0,2.0,1.0,70.0
Super built-up  Area,Ready To Move,Vijayanagar,3,1450.0,3.0,0.0,100.0
Super built-up  Area,Ready To Move,Kothanur,3,1847.0,3.0,2.0,105.0
Super built-up  Area,Ready To Move,AECS Layout,2,1100.0,2.0,3.0,45.0
Super built-up  Area,20-Dec,Kanakpura Road,1,525.0,1.0,1.0,26.0
Super built-up  Area,Ready To Move,Mallasandra,3,1665.0,3.0,2.0,95.0
Super built-up  Area,Ready To Move,Begur,4,1664.0,4.0,3.0,65.0
Super built-up  Area,Ready To Move,JP Nagar,3,1850.0,3.0,3.0,150.0
Super built-up  Area,Ready To Move,Panathur,2,1438.0,2.0,3.0,100.0
Super built-up  Area,18-Apr,Yelahanka,2,1350.0,2.0,1.0,55.55
Super built-up  Area,Ready To Move,Kanakpura Road,3,1550.0,3.0,3.0,67.0
Super built-up  Area,18-Apr,Malleshpalya,2,1140.0,2.0,2.0,46.5
Super built-up  Area,Ready To Move,Whitefield,2,1280.0,2.0,2.0,75.0
Built-up  Area,Ready To Move,Munnekollal,2,1170.0,2.0,2.0,52.0
Super built-up  Area,Ready To Move,Hennur Road,2,1385.0,2.0,1.0,83.09
Super built-up  Area,18-Apr,Electronic City,2,1128.0,2.0,1.0,65.0
Plot  Area,Ready To Move,Marathahalli,2,1200.0,2.0,2.0,128.0
Super built-up  Area,Ready To Move,Rajaji Nagar,3,2390.0,3.0,2.0,415.0
Plot  Area,Ready To Move,Giri Nagar,4,2400.0,4.0,1.0,400.0
Super built-up  Area,Ready To Move,Haralur Road,3,1464.0,3.0,2.0,56.0
Super built-up  Area,Ready To Move,Kaval Byrasandra,2,1200.0,2.0,2.0,52.0
Super built-up  Area,Ready To Move,Kaggalipura,3,1150.0,2.0,1.0,55.0
Super built-up  Area,20-Mar,Sarjapur  Road,2,1000.0,2.0,1.0,67.0
Plot  Area,Ready To Move,Haralur Road,4,2650.0,4.0,2.0,198.0
Super built-up  Area,Ready To Move,6th Phase JP Nagar,2,1192.0,2.0,2.0,74.0
Super built-up  Area,Ready To Move,Ulsoor,3,2135.0,3.0,2.0,215.0
Super built-up  Area,19-Dec,Whitefield,2,1173.0,2.0,1.0,58.0
Built-up  Area,Ready To Move,Uttarahalli,2,1020.0,2.0,2.0,45.0
Super built-up  Area,Ready To Move,Thigalarapalya,4,3122.0,6.0,2.0,230.0
Super built-up  Area,Ready To Move,Somasundara Palya,3,1600.0,3.0,3.0,64.0
Super built-up  Area,Ready To Move,Devarachikkanahalli,2,1250.0,2.0,2.0,40.0
Super built-up  Area,Ready To Move,Kalena Agrahara,2,1325.0,2.0,2.0,76.0
Built-up  Area,Ready To Move,7th Phase JP Nagar,3,1850.0,3.0,1.0,150.0
Super built-up  Area,21-Dec,Kanakpura Road,1,525.0,2.0,2.0,21.53
Super built-up  Area,Ready To Move,Basaveshwara Nagar,2,1200.0,2.0,2.0,65.0
Super built-up  Area,18-Jun,Bommasandra,3,1260.0,3.0,1.0,49.36
Super built-up  Area,Ready To Move,Harlur,2,1508.0,2.0,1.0,77.0
Super built-up  Area,Ready To Move,Akshaya Nagar,2,1388.0,2.0,3.0,57.0
Super built-up  Area,18-May,Electronic City Phase II,1,630.0,1.0,1.0,28.35
Super built-up  Area,Ready To Move,Kodihalli,4,3252.0,5.0,3.0,335.0
Super built-up  Area,18-Aug,Magadi Road,2,1116.0,2.0,1.0,50.0
Super built-up  Area,Ready To Move,Narayanapura,2,1308.0,2.0,2.0,89.04
Built-up  Area,Ready To Move,Bannerghatta Road,1,500.0,1.0,1.0,18.5
Super built-up  Area,Ready To Move,Hennur,2,1075.0,2.0,1.0,52.0
Super built-up  Area,18-Mar,Chandapura,1,530.0,1.0,0.0,11.66
Built-up  Area,Ready To Move,Bellandur,2,1205.0,2.0,3.0,66.0
Super built-up  Area,Ready To Move,5th Phase JP Nagar,2,1075.0,2.0,2.0,60.0
Built-up  Area,Ready To Move,KR Puram,2,930.0,2.0,2.0,39.0
Super built-up  Area,Ready To Move,Balagere,2,1380.0,2.0,1.0,60.0
Super built-up  Area,Ready To Move,Hebbal,4,2483.0,5.0,2.0,212.0
Built-up  Area,Ready To Move,Kodigehaali,2,1166.0,2.0,2.0,55.0
Super built-up  Area,Ready To Move,Bannerghatta Road,2,1050.0,2.0,1.0,65.0
Super built-up  Area,Ready To Move,Begur Road,2,1200.0,2.0,2.0,46.8
Super built-up  Area,Ready To Move,Lakshminarayana Pura,3,1600.0,2.0,1.0,108.0
Super built-up  Area,Ready To Move,Billekahalli,3,1935.0,3.0,2.0,110.0
Super built-up  Area,18-May,8th Phase JP Nagar,1,451.0,1.0,0.0,29.9
Super built-up  Area,Ready To Move,Electronic City,3,1800.0,3.0,2.0,95.0
Super built-up  Area,18-May,Jalahalli,3,1400.0,3.0,0.0,77.0
Super built-up  Area,Ready To Move,Hegde Nagar,3,1801.0,3.0,2.0,115.0
Built-up  Area,Ready To Move,Mahadevpura,2,1451.0,2.0,2.0,90.0
Plot  Area,19-Jan,Anekal,2,1200.0,1.0,1.0,36.0
Super built-up  Area,Ready To Move,Begur Road,2,1160.0,2.0,2.0,44.0
Built-up  Area,Ready To Move,Kengeri,2,1000.0,2.0,1.0,25.0
Super built-up  Area,Ready To Move,Kanakpura Road,2,950.0,2.0,1.0,40.0
Built-up  Area,Ready To Move,Vijayanagar,3,1580.0,2.0,0.0,134.0
Super built-up  Area,21-Jun,Vijayanagar,3,1826.0,3.0,2.0,121.0
Built-up  Area,Ready To Move,7th Phase JP Nagar,2,1245.0,2.0,1.0,94.0
Super built-up  Area,Ready To Move,Raja Rajeshwari Nagar,2,1145.0,2.0,2.0,45.79
Super built-up  Area,Ready To Move,Sompura,2,825.0,2.0,1.0,33.0
Super built-up  Area,18-Aug,Yeshwanthpur,3,1693.0,3.0,3.0,108.0
Super built-up  Area,Ready To Move,Electronics City Phase 1,2,1113.27,2.0,2.0,53.0
Built-up  Area,Ready To Move,Doddathoguru,2,1050.0,2.0,1.0,32.0
Built-up  Area,Ready To Move,Dodda Nekkundi,2,1260.0,2.0,2.0,55.0
Built-up  Area,Ready To Move,Hosur Road,2,1656.0,2.0,1.0,120.0
Super built-up  Area,Ready To Move,Chandapura,3,1208.0,3.0,1.0,45.0
Super built-up  Area,Ready To Move,Whitefield,3,1910.0,3.0,2.0,161.0
Super built-up  Area,Ready To Move,Whitefield,4,3252.0,4.0,1.0,230.0
Plot  Area,Ready To Move,Battarahalli,2,1200.0,2.0,1.0,65.0
Super built-up  Area,Ready To Move,7th Phase JP Nagar,2,1175.0,2.0,1.0,82.0
Plot  Area,Ready To Move,Bannerghatta Road,4,1200.0,2.0,0.0,125.0
Super built-up  Area,Ready To Move,Rajaji Nagar,3,2390.0,3.0,2.0,410.0
Super built-up  Area,19-Jan,Rajaji Nagar,7,12000.0,6.0,3.0,2200.0
Super built-up  Area,Ready To Move,Kengeri,2,750.0,2.0,1.0,38.0
Super built-up  Area,Ready To Move,Kanakpura Road,3,1550.0,3.0,3.0,64.5
Super built-up  Area,Ready To Move,Billekahalli,2,1125.0,2.0,2.0,62.0
Plot  Area,Ready To Move,Nagarbhavi,3,1350.0,3.0,2.0,150.0
Plot  Area,17-Dec,Anandapura,2,1000.0,2.0,1.0,55.0
Built-up  Area,18-Aug,Bommasandra Industrial Area,2,1090.0,2.0,2.0,31.48
Plot  Area,Ready To Move,TC Palaya,2,1200.0,2.0,0.0,60.0
Super built-up  Area,Ready To Move,Budigere,3,1991.0,4.0,2.0,103.0
Super built-up  Area,18-Oct,Bommasandra,2,1060.0,2.0,1.0,26.5
Super built-up  Area,Ready To Move,Ambalipura,2,1105.0,2.0,1.0,75.0
Built-up  Area,Ready To Move,Hoodi,2,985.0,2.0,2.0,67.0
Super built-up  Area,17-Jul,Balagere,3,1590.0,3.0,2.0,79.0
Super built-up  Area,Ready To Move,CV Raman Nagar,2,1120.0,2.0,2.0,55.0
Super built-up  Area,Ready To Move,Marathahalli,3,1933.0,3.0,2.0,140.0
Built-up  Area,16-Mar,Hosur Road,2,1194.0,2.0,0.0,69.0
Super built-up  Area,Ready To Move,Brookefield,2,1150.0,2.0,3.0,69.0
Super built-up  Area,Ready To Move,Yelenahalli,2,1240.0,2.0,2.0,47.12
Super built-up  Area,Ready To Move,Raja Rajeshwari Nagar,2,1419.0,2.0,2.0,48.1
Super built-up  Area,Ready To Move,Dasanapura,2,708.0,1.0,1.0,40.0
Plot  Area,Ready To Move,Kasavanhalli,3,1000.0,4.0,3.0,110.0
Plot  Area,Ready To Move,Whitefield,4,11890.0,4.0,3.0,700.0
Super built-up  Area,Ready To Move,Bellandur,2,1250.0,2.0,1.0,76.0
Super built-up  Area,Ready To Move,7th Phase JP Nagar,3,1400.0,2.0,1.0,95.0
Super built-up  Area,Ready To Move,Sarjapur  Road,3,1670.0,2.0,3.0,57.0
Super built-up  Area,Ready To Move,Ardendale,3,1750.0,3.0,2.0,100.0
Super built-up  Area,Ready To Move,Vittasandra,2,1404.0,2.0,1.0,71.0
Super built-up  Area,Ready To Move,Hoodi,3,1715.0,2.0,2.0,95.0
Built-up  Area,18-Apr,Electronic City,1,630.0,1.0,1.0,34.65
Super built-up  Area,Ready To Move,Harlur,3,1752.12,3.0,2.0,135.0
Super built-up  Area,Ready To Move,Hulimavu,3,1650.0,3.0,2.0,78.0
Super built-up  Area,Ready To Move,Raja Rajeshwari Nagar,2,1295.0,2.0,1.0,55.47
Plot  Area,Ready To Move,Giri Nagar,3,1800.0,3.0,2.0,252.0
Super built-up  Area,18-Sep,Sarjapur  Road,2,1346.0,2.0,1.0,74.03
Super built-up  Area,Ready To Move,Hormavu,2,1150.0,2.0,2.0,55.0
Super built-up  Area,18-May,Chandapura,3,1190.0,2.0,2.0,30.35
Super built-up  Area,18-Apr,Marathahalli,2,950.0,2.0,1.0,46.96
Super built-up  Area,Ready To Move,Harlur,3,2450.0,3.0,0.0,120.0
Super built-up  Area,18-May,Electronic City Phase II,3,1220.0,2.0,1.0,35.23
Built-up  Area,Ready To Move,Padmanabhanagar,2,1020.0,2.0,2.0,63.0
Built-up  Area,Ready To Move,Chikkalasandra,2,1100.0,2.0,2.0,50.0
Super built-up  Area,18-Dec,Hebbal,3,1760.0,2.0,2.0,130.0
Super built-up  Area,Ready To Move,Ambalipura,3,1800.0,3.0,3.0,110.0
Super built-up  Area,Ready To Move,Akshaya Nagar,2,1070.0,2.0,1.0,54.0
Plot  Area,Ready To Move,Vidyaranyapura,2,1440.0,2.0,0.0,95.0
Super built-up  Area,Ready To Move,Amruthahalli,2,900.0,2.0,1.0,40.0
Super built-up  Area,18-May,Whitefield,2,1130.0,2.0,1.0,42.16
Super built-up  Area,Ready To Move,Koramangala,2,1320.0,2.0,1.0,165.0
Super built-up  Area,Ready To Move,Subramanyapura,2,929.0,2.0,0.0,50.17
Super built-up  Area,Ready To Move,7th Phase JP Nagar,4,3600.0,4.0,3.0,400.0
Super built-up  Area,Ready To Move,Chikkalasandra,2,1208.0,2.0,1.0,49.0
Super built-up  Area,Ready To Move,Hebbal Kempapura,2,1130.0,2.0,2.0,60.0
Super built-up  Area,Ready To Move,Old Madras Road,5,4500.0,7.0,3.0,337.0
Super built-up  Area,22-Jun,Hoodi,2,1196.0,2.0,2.0,94.42
Built-up  Area,Ready To Move,5th Phase JP Nagar,2,1150.0,3.0,3.0,52.5
Super built-up  Area,18-Apr,Electronic City,2,1128.0,2.0,1.0,63.0
Super built-up  Area,Ready To Move,Yelahanka,2,1035.0,2.0,1.0,45.0
Built-up  Area,Ready To Move,Kereguddadahalli,2,950.0,2.0,1.0,32.0
Super built-up  Area,Ready To Move,Bisuvanahalli,3,1075.0,2.0,1.0,36.0
Super built-up  Area,Ready To Move,Whitefield,2,1040.0,2.0,1.0,48.5
Super built-up  Area,Ready To Move,Lingadheeranahalli,3,1511.0,3.0,1.0,95.0
Super built-up  Area,19-Dec,Hoodi,3,1545.0,3.0,1.0,68.75
Super built-up  Area,Ready To Move,Vidyaranyapura,2,1062.0,2.0,3.0,38.0
Super built-up  Area,Ready To Move,JP Nagar,2,1000.0,2.0,1.0,35.0
Super built-up  Area,17-May,Kambipura,2,883.0,2.0,1.0,45.0
Super built-up  Area,19-Apr,Sarjapur  Road,2,1195.0,2.0,1.0,70.0
Super built-up  Area,Ready To Move,Vittasandra,2,1246.0,2.0,1.0,67.0
Super built-up  Area,18-Dec,Haralur Road,4,2805.0,5.0,3.0,154.0
Super built-up  Area,Ready To Move,Begur Road,3,1584.0,3.0,2.0,65.0
Plot  Area,Ready To Move,Sector 7 HSR Layout,4,3000.0,5.0,1.0,275.0
Built-up  Area,Ready To Move,Hosur Road,3,1175.0,2.0,2.0,48.0
Super built-up  Area,18-Apr,Electronic City,3,1599.0,3.0,2.0,125.0
Super built-up  Area,Ready To Move,Whitefield,2,1150.0,2.0,1.0,70.0
Super built-up  Area,17-Dec,Jakkur,4,5230.0,6.0,1.0,465.0
Super built-up  Area,Ready To Move,KR Puram,2,1155.0,2.0,2.0,42.74
Super built-up  Area,18-Jul,Electronic City Phase II,2,1000.0,2.0,1.0,25.0
Super built-up  Area,Ready To Move,Thanisandra,4,3000.0,4.0,2.0,120.0
Super built-up  Area,18-Jun,Ramagondanahalli,2,1251.0,2.0,1.0,47.0
Super built-up  Area,Ready To Move,Bannerghatta Road,3,1170.0,2.0,1.0,66.0
Super built-up  Area,Ready To Move,Hebbal,3,2400.0,4.0,1.0,245.0
Super built-up  Area,Ready To Move,HSR Layout,2,1372.0,2.0,1.0,68.0
Super built-up  Area,Ready To Move,Magadi Road,3,1282.0,2.0,2.0,49.0
Super built-up  Area,Ready To Move,Mico Layout,9,5000.0,9.0,3.0,210.0
Super built-up  Area,Ready To Move,Kanakpura Road,2,1135.0,2.0,1.0,39.73
Built-up  Area,20-Dec,Whitefield,3,1768.0,3.0,2.0,101.0
Super built-up  Area,18-Apr,Electronic City,3,1599.0,3.0,2.0,99.0
Plot  Area,18-Mar,Whitefield,3,1500.0,3.0,1.0,61.95
Super built-up  Area,Ready To Move,Uttarahalli,2,1286.0,2.0,2.0,63.0
Built-up  Area,Ready To Move,Kammanahalli,5,2845.0,5.0,1.0,140.0
Super built-up  Area,18-Sep,Hennur Road,2,1317.5,2.0,0.0,63.77
Super built-up  Area,Ready To Move,Hebbal,3,3450.0,5.0,2.0,260.0
Super built-up  Area,18-Apr,Munnekollal,2,1102.0,2.0,2.0,53.67
Super built-up  Area,Ready To Move,Yelahanka,2,1350.0,2.0,2.0,54.0
Super built-up  Area,Ready To Move,Banashankari,3,1200.0,2.0,2.0,42.0
Built-up  Area,Ready To Move,Chikkabanavar,2,950.0,2.0,1.0,40.0
Super built-up  Area,21-Dec,Kanakpura Road,1,525.0,1.0,1.0,27.25
Built-up  Area,Ready To Move,Attibele,2,656.0,2.0,1.0,25.0
Plot  Area,Ready To Move,Marathahalli,4,1780.0,4.0,3.0,175.0
Super built-up  Area,21-Feb,Bannerghatta Road,1,595.0,1.0,1.0,33.32
Super built-up  Area,19-Dec,7th Phase JP Nagar,3,2225.0,3.0,1.0,160.0
Super built-up  Area,18-Aug,Bommasandra,2,1126.0,2.0,1.0,28.15
Super built-up  Area,Ready To Move,Electronics City Phase 1,3,1490.0,3.0,1.0,84.0
Plot  Area,Ready To Move,HRBR Layout,4,2000.0,4.0,1.0,300.0
Super built-up  Area,Ready To Move,Sarjapur  Road,3,1550.0,3.0,3.0,100.0
Built-up  Area,Ready To Move,Whitefield,4,4144.0,4.0,3.0,315.0
Super built-up  Area,Ready To Move,Sarjapur  Road,3,2100.0,3.0,2.0,125.0
Super built-up  Area,Ready To Move,Vittasandra,2,1404.0,2.0,1.0,69.3
Plot  Area,Ready To Move,Sarjapur  Road,4,2230.0,4.0,3.0,225.0
Super built-up  Area,18-May,Banashankari Stage III,3,1305.0,2.0,1.0,58.7
Super built-up  Area,Ready To Move,Marathahalli,2,1230.0,2.0,2.0,80.0
Super built-up  Area,Ready To Move,Harlur,3,1460.0,3.0,1.0,73.0
Built-up  Area,Ready To Move,Gottigere,2,967.0,2.0,3.0,45.0
Super built-up  Area,19-Dec,Hormavu,1,715.0,1.0,2.0,46.0
Super built-up  Area,Ready To Move,Whitefield,3,2500.0,3.0,2.0,313.0
Super built-up  Area,Ready To Move,Mysore Road,2,1020.0,2.0,1.0,48.95
Super built-up  Area,Ready To Move,Jigani,2,1020.0,2.0,1.0,40.0
Super built-up  Area,Ready To Move,Koramangala,2,1253.0,2.0,1.0,102.0
Built-up  Area,Ready To Move,Kanakapura,3,1419.0,3.0,3.0,75.0
Super built-up  Area,Ready To Move,Harlur,3,1709.0,3.0,2.0,150.0
Carpet  Area,Ready To Move,Sanjay nagar,2,1100.0,2.0,2.0,98.0
Super built-up  Area,Ready To Move,HSR Layout,3,1430.0,2.0,1.0,65.0
Super built-up  Area,19-May,Sarjapur  Road,3,1249.0,3.0,2.0,44.71
Super built-up  Area,Ready To Move,Kalena Agrahara,3,1450.0,2.0,3.0,85.0
Super built-up  Area,17-Nov,Konanakunte,3,2791.0,3.0,1.0,223.0
Super built-up  Area,Ready To Move,Arekere,3,2060.0,3.0,2.0,140.0
Super built-up  Area,19-Jan,Malleshwaram,7,12000.0,7.0,3.0,2200.0
Built-up  Area,Ready To Move,Gottigere,2,891.0,2.0,1.0,25.0
Super built-up  Area,Ready To Move,Raja Rajeshwari Nagar,2,1133.0,2.0,1.0,49.07
Built-up  Area,Ready To Move,Bisuvanahalli,3,1075.0,2.0,1.0,37.0
Built-up  Area,Ready To Move,Vidyaranyapura,2,1200.0,2.0,2.0,55.0
Super built-up  Area,Ready To Move,Thanisandra,2,1075.0,2.0,2.0,45.8
Super built-up  Area,Ready To Move,Kaggadasapura,2,1140.0,2.0,2.0,40.0
Super built-up  Area,Ready To Move,Raja Rajeshwari Nagar,2,1090.0,2.0,1.0,42.0
Built-up  Area,Ready To Move,R.T. Nagar,4,1500.0,4.0,1.0,70.0
Super built-up  Area,Ready To Move,Whitefield,4,4104.0,4.0,2.0,360.0
Super built-up  Area,Ready To Move,Whitefield,3,1790.0,3.0,2.0,100.0
Super built-up  Area,18-Dec,Hebbal,3,1920.0,3.0,2.0,134.0
Built-up  Area,Ready To Move,HRBR Layout,2,1374.0,2.0,2.0,95.0
Carpet  Area,Ready To Move,Bannerghatta Road,3,1445.0,3.0,2.0,95.0
Super built-up  Area,19-Dec,Kanakapura,1,711.0,1.0,1.0,36.0
Super built-up  Area,Ready To Move,Tumkur Road,3,1500.0,3.0,3.0,95.0
Super built-up  Area,Ready To Move,Whitefield,3,1720.0,3.0,3.0,100.0
Built-up  Area,Ready To Move,Kundalahalli,2,1030.0,2.0,2.0,49.0
Super built-up  Area,Ready To Move,Mysore Road,2,1200.0,2.0,1.0,85.0
Plot  Area,Ready To Move,Hegde Nagar,2,1050.0,1.0,2.0,56.0
Super built-up  Area,Ready To Move,Jalahalli,3,2250.0,3.0,2.0,160.0
Super built-up  Area,Ready To Move,Bellandur,2,1000.0,2.0,2.0,50.0
Super built-up  Area,Ready To Move,Marathahalli,4,3800.0,4.0,3.0,250.0
Super built-up  Area,Ready To Move,GM Palaya,3,1820.0,2.0,3.0,86.0
Built-up  Area,Ready To Move,Singasandra,3,1440.0,2.0,3.0,65.0
Built-up  Area,Ready To Move,Malleshwaram,4,2500.0,5.0,2.0,325.0
Super built-up  Area,18-Aug,Mahadevpura,2,1225.0,2.0,2.0,48.0
Carpet  Area,Ready To Move,Chikkalasandra,2,875.0,2.0,3.0,52.8
Super built-up  Area,Ready To Move,Jalahalli East,1,750.0,1.0,2.0,40.0
Super built-up  Area,Ready To Move,6th Phase JP Nagar,2,1180.0,2.0,3.0,80.0
Super built-up  Area,Ready To Move,Haralur Road,2,1194.0,2.0,2.0,47.0
Super built-up  Area,Ready To Move,Hennur Road,3,1500.0,2.0,2.0,62.0
Super built-up  Area,Ready To Move,Hosakerehalli,3,2378.0,3.0,1.0,262.0
Super built-up  Area,Ready To Move,Sarjapur,2,1128.0,2.0,1.0,60.0
Super built-up  Area,Ready To Move,Hebbal,3,1500.0,3.0,1.0,150.0
Super built-up  Area,Ready To Move,Sarjapur  Road,2,1210.0,2.0,2.0,58.0
Super built-up  Area,20-Oct,Kanakpura Road,3,1100.0,2.0,1.0,58.0
Super built-up  Area,Ready To Move,Bommasandra,3,1200.0,3.0,2.0,46.0
Built-up  Area,18-Mar,Haralur Road,4,3385.0,5.0,2.0,260.0
Super built-up  Area,Ready To Move,Horamavu Agara,2,1200.0,2.0,1.0,45.0
Super built-up  Area,Ready To Move,Raja Rajeshwari Nagar,2,1260.0,2.0,1.0,67.39
Super built-up  Area,Ready To Move,Mahadevpura,3,1720.0,3.0,3.0,78.0
Super built-up  Area,Ready To Move,Yelahanka,2,1132.5,2.0,0.0,48.13
Super built-up  Area,Ready To Move,Yelahanka,2,1210.0,2.0,1.0,45.98
Built-up  Area,Ready To Move,Indira Nagar,4,2200.0,4.0,2.0,200.0
Super built-up  Area,Ready To Move,Bisuvanahalli,3,1075.0,2.0,1.0,45.0
Built-up  Area,Ready To Move,Thanisandra,3,1702.0,3.0,2.0,130.0
Super built-up  Area,Ready To Move,Raja Rajeshwari Nagar,2,1141.0,2.0,2.0,38.55
Super built-up  Area,18-Dec,JP Nagar,5,5520.0,2.0,2.0,375.0
Super built-up  Area,Ready To Move,Bannerghatta Road,3,1640.0,2.0,1.0,120.0
Super built-up  Area,Ready To Move,Kodichikkanahalli,3,1190.0,2.0,2.0,57.0
Plot  Area,Ready To Move,OMBR Layout,4,2400.0,4.0,2.0,375.0
Super built-up  Area,Ready To Move,Marathahalli,2,1019.0,2.0,2.0,49.85
Plot  Area,Ready To Move,Brookefield,3,1200.0,3.0,2.0,140.0
Super built-up  Area,Ready To Move,Whitefield,2,1140.0,2.0,1.0,56.0
Super built-up  Area,Ready To Move,Lingadheeranahalli,3,1683.0,3.0,1.0,109.0
Super built-up  Area,Ready To Move,Kaggadasapura,3,1515.0,3.0,2.0,83.3
Super built-up  Area,19-Dec,Hoodi,4,2118.0,4.0,2.0,111.0
Built-up  Area,Ready To Move,Bannerghatta Road,4,1380.0,3.0,0.0,58.0
Super built-up  Area,Ready To Move,Varthur Road,2,1083.0,2.0,2.0,61.75
Plot  Area,17-Aug,Anjanapura,3,1500.0,3.0,1.0,139.0
Super built-up  Area,Ready To Move,Abbigere,2,985.0,2.0,1.0,40.39
Plot  Area,Ready To Move,Tindlu,3,1500.0,2.0,1.0,87.0
Built-up  Area,18-Dec,Electronic City,2,1125.0,2.0,1.0,32.49
Super built-up  Area,18-Dec,JP Nagar,5,5600.0,2.0,2.0,548.5
Super built-up  Area,Ready To Move,Kothanur,3,1580.0,3.0,3.0,76.0
Built-up  Area,18-Jul,Electronic City Phase II,2,1090.0,2.0,1.0,28.34
Built-up  Area,19-Mar,Hennur Road,3,2264.0,3.0,1.0,159.0
Super built-up  Area,18-Apr,Kammasandra,2,810.0,2.0,2.0,24.5
Super built-up  Area,18-Sep,Hebbal,2,1337.0,2.0,1.0,82.0
Super built-up  Area,Ready To Move,Chandapura,2,1200.0,2.0,2.0,32.0
Super built-up  Area,Ready To Move,Koramangala,3,1580.0,3.0,2.0,160.0
Super built-up  Area,Ready To Move,Begur Road,3,1500.0,2.0,3.0,54.0
Super built-up  Area,18-Sep,Whitefield,3,1640.0,4.0,2.0,91.0
Super built-up  Area,Ready To Move,Gubbalala,3,1470.0,2.0,2.0,82.0
Super built-up  Area,Ready To Move,Kengeri,2,1160.0,2.0,2.0,40.61
Built-up  Area,Ready To Move,7th Phase JP Nagar,2,1050.0,2.0,1.0,71.0
Super built-up  Area,20-Jun,Dairy Circle,3,1855.0,3.0,1.0,225.0
Super built-up  Area,Ready To Move,Bannerghatta Road,3,1460.0,2.0,1.0,90.0
Built-up  Area,Ready To Move,Hulimavu,3,1823.0,3.0,2.0,100.0
Super built-up  Area,Ready To Move,Electronic City,2,1094.0,2.0,2.0,42.0
Super built-up  Area,Ready To Move,Budigere,2,1153.0,2.0,2.0,57.0
Built-up  Area,Ready To Move,Jakkur,3,1590.0,2.0,2.0,125.0
Built-up  Area,Ready To Move,Haralur Road,2,1202.0,2.0,1.0,53.0
Super built-up  Area,18-Feb,Panathur,3,1688.0,3.0,1.0,118.0
Built-up  Area,Ready To Move,Kaval Byrasandra,2,1020.0,2.0,1.0,52.0
Super built-up  Area,Ready To Move,Sarjapur,2,1185.0,2.0,2.0,47.0
Super built-up  Area,17-Oct,Ramagondanahalli,2,1235.0,2.0,1.0,52.04
Super built-up  Area,Ready To Move,Banashankari,2,1077.0,2.0,2.0,37.64
Super built-up  Area,Ready To Move,Kengeri Satellite Town,3,1415.0,2.0,3.0,66.0
Super built-up  Area,18-Apr,EPIP Zone,3,2330.0,3.0,2.0,162.0
Super built-up  Area,Ready To Move,Whitefield,2,805.0,2.0,2.0,35.0
Super built-up  Area,Ready To Move,Whitefield,2,1155.0,2.0,3.0,59.95
Super built-up  Area,Ready To Move,Cunningham Road,4,5270.0,4.0,3.0,1250.0
Super built-up  Area,Ready To Move,Anekal,2,656.0,2.0,1.0,22.0
Super built-up  Area,Ready To Move,Mahadevpura,2,1150.0,2.0,3.0,52.0
Super built-up  Area,18-Dec,Whitefield,3,2280.0,4.0,2.0,126.0
Super built-up  Area,Ready To Move,Hegde Nagar,2,1341.0,2.0,1.0,97.0
Super built-up  Area,Ready To Move,Jakkur,2,1279.0,2.0,1.0,77.0
Super built-up  Area,18-Dec,Electronic City Phase II,4,2225.0,4.0,0.0,98.88
Super built-up  Area,Ready To Move,Thanisandra,2,1185.0,2.0,2.0,43.51
Super built-up  Area,Ready To Move,Kudlu,2,1152.0,2.0,1.0,53.5
Plot  Area,18-Nov,Varthur Road,4,2760.0,4.0,2.0,155.0
Super built-up  Area,Ready To Move,Uttarahalli,2,1101.0,2.0,0.0,45.0
Super built-up  Area,Ready To Move,Yeshwanthpur,1,667.0,1.0,1.0,36.85
Super built-up  Area,Ready To Move,Electronic City,2,1070.0,2.0,1.0,55.0
Built-up  Area,Ready To Move,Old Airport Road,3,1875.0,2.0,2.0,110.0
Super built-up  Area,Ready To Move,Kundalahalli,2,735.0,2.0,1.0,57.99
Plot  Area,Ready To Move,Sarjapur,5,4360.0,4.0,1.0,90.0
Super built-up  Area,Ready To Move,Koramangala,3,1750.0,3.0,2.0,130.0
Super built-up  Area,Ready To Move,Marathahalli,2,1215.0,2.0,1.0,67.0
Super built-up  Area,20-Dec,Banashankari Stage VI,2,1177.5,2.0,0.0,59.935
Super built-up  Area,Ready To Move,Battarahalli,3,1779.0,3.0,2.0,89.61
Super built-up  Area,Ready To Move,Whitefield,3,1650.0,3.0,2.0,60.0
Super built-up  Area,Ready To Move,Jalahalli,2,1694.0,2.0,2.0,150.0
Super built-up  Area,Ready To Move,Hosakerehalli,3,2376.0,3.0,1.0,203.0
Super built-up  Area,Ready To Move,Cox Town,3,1975.0,3.0,3.0,150.0
Super built-up  Area,Ready To Move,Kammasandra,2,674.0,2.0,1.0,33.0
Super built-up  Area,Ready To Move,Kaggadasapura,2,1185.0,2.0,1.0,41.0
Super built-up  Area,Ready To Move,Thanisandra,1,445.0,1.0,0.0,28.0
Super built-up  Area,Ready To Move,HSR Layout,3,1475.0,3.0,2.0,75.0
Super built-up  Area,Ready To Move,Gottigere,3,1618.0,3.0,3.0,82.5
Super built-up  Area,Ready To Move,Koramangala,2,1120.0,2.0,0.0,65.0
Super built-up  Area,Ready To Move,Marathahalli,4,2181.0,3.0,2.0,152.0
Plot  Area,Ready To Move,Vidyaranyapura,4,1200.0,4.0,0.0,90.0
Super built-up  Area,18-Oct,Bannerghatta Road,3,1556.0,2.0,1.0,59.13
Super built-up  Area,19-Feb,Bannerghatta Road,2,1179.0,2.0,1.0,66.02
Super built-up  Area,Ready To Move,Thanisandra,2,1296.0,2.0,2.0,83.0
Built-up  Area,Ready To Move,Kaggadasapura,2,1275.0,2.0,2.0,52.0
Super built-up  Area,Ready To Move,Kathriguppe,3,1400.0,2.0,2.0,77.0
Super built-up  Area,Ready To Move,Gottigere,2,1222.0,2.0,1.0,63.0
Super built-up  Area,Ready To Move,Electronic City,2,940.0,2.0,1.0,41.0
Super built-up  Area,Ready To Move,Thanisandra,2,1185.0,2.0,2.0,42.6
Super built-up  Area,Ready To Move,Tumkur Road,3,1779.0,3.0,2.0,112.0
Super built-up  Area,Ready To Move,Begur Road,3,1615.0,3.0,2.0,59.76
Super built-up  Area,18-Dec,JP Nagar,4,4624.5,2.0,2.0,453.0
Super built-up  Area,Ready To Move,Haralur Road,2,1056.0,2.0,1.0,61.0
Super built-up  Area,Ready To Move,7th Phase JP Nagar,2,1100.0,2.0,0.0,46.0
Built-up  Area,Ready To Move,Arekere,2,920.0,2.0,1.0,40.0
Built-up  Area,Ready To Move,Padmanabhanagar,2,1176.0,2.0,0.0,62.0
Built-up  Area,Ready To Move,Kasavanhalli,3,1717.0,3.0,3.0,99.0
Super built-up  Area,18-Jul,Bhoganhalli,4,2119.0,4.0,3.0,111.0
Super built-up  Area,Ready To Move,Vittasandra,2,1246.0,2.0,1.0,67.3
Super built-up  Area,17-Jul,Anandapura,2,1141.0,2.0,1.0,42.79
Built-up  Area,Ready To Move,Hennur Road,2,1157.0,2.0,1.0,84.0
Super built-up  Area,18-Aug,Chandapura,2,1025.0,2.0,2.0,27.68
Built-up  Area,Ready To Move,Yelahanka New Town,1,650.0,1.0,2.0,33.0
Super built-up  Area,Ready To Move,Hebbal,2,1349.0,2.0,1.0,98.0
Super built-up  Area,Ready To Move,Narayanapura,3,1566.0,3.0,1.0,83.3
Super built-up  Area,Ready To Move,Sahakara Nagar,4,2830.0,3.0,3.0,195.0
Built-up  Area,18-Dec,Electronic City,3,1320.0,2.0,1.0,38.13
Super built-up  Area,Ready To Move,Varthur,2,1091.0,2.0,1.0,34.9
Super built-up  Area,Ready To Move,Rachenahalli,4,3670.0,4.0,3.0,300.0
Built-up  Area,Ready To Move,7th Phase JP Nagar,2,918.0,2.0,1.0,50.49
Super built-up  Area,20-Dec,Yeshwanthpur,4,1950.0,4.0,0.0,130.0
Super built-up  Area,Ready To Move,Panathur,3,1695.0,3.0,1.0,90.0
Super built-up  Area,Ready To Move,Yelahanka,3,1705.0,3.0,2.0,95.0
Built-up  Area,Ready To Move,Kalyan nagar,3,1375.0,3.0,2.0,75.0
Super built-up  Area,21-Oct,Kanakpura Road,1,525.0,1.0,1.0,30.0
Built-up  Area,20-Dec,Whitefield,2,1447.0,2.0,1.0,83.0
Super built-up  Area,Ready To Move,Thanisandra,2,1114.0,2.0,1.0,39.0
Super built-up  Area,Ready To Move,7th Phase JP Nagar,3,1450.0,2.0,1.0,100.0
Built-up  Area,Ready To Move,Hebbal,2,1000.0,2.0,2.0,45.0
Super built-up  Area,18-Apr,Electronic City,2,1128.0,2.0,1.0,68.75
Super built-up  Area,18-May,Kanakpura Road,2,1180.0,2.0,2.0,57.0
Plot  Area,Ready To Move,Nagarbhavi,2,1200.0,2.0,1.0,150.0
Super built-up  Area,Ready To Move,Sadashiva Nagar,3,3761.0,3.0,2.0,660.0
Super built-up  Area,Ready To Move,Kanakpura Road,2,1339.0,2.0,3.0,75.0
Super built-up  Area,Ready To Move,Yelachenahalli,3,1400.0,2.0,3.0,55.0
Super built-up  Area,Ready To Move,7th Phase JP Nagar,2,1040.0,2.0,1.0,39.52
Super built-up  Area,Ready To Move,Kadugodi,2,1198.0,2.0,2.0,58.0
Super built-up  Area,Ready To Move,Sarjapur  Road,3,1691.0,3.0,2.0,113.0
Super built-up  Area,Ready To Move,Bisuvanahalli,3,1075.0,3.0,2.0,36.0
Super built-up  Area,18-Jun,1st Block Jayanagar,3,1630.0,3.0,2.0,194.0
Super built-up  Area,18-Jun,8th Phase JP Nagar,3,1240.0,3.0,2.0,43.5
Super built-up  Area,22-Dec,Bannerghatta Road,2,1122.5,2.0,0.0,58.935
Super built-up  Area,Ready To Move,Mallasandra,3,1665.0,3.0,2.0,86.58
Built-up  Area,Ready To Move,Marathahalli,3,2489.0,3.0,2.0,94.0
Built-up  Area,Ready To Move,Brookefield,2,1142.0,2.0,2.0,70.0
Super built-up  Area,Ready To Move,Kothannur,3,1853.0,3.0,2.0,82.0
Super built-up  Area,Ready To Move,Kasturi Nagar,2,1567.0,2.0,2.0,92.0
Super built-up  Area,Ready To Move,Talaghattapura,2,1090.0,2.0,1.0,27.24
Super built-up  Area,Ready To Move,Electronics City Phase 1,2,1175.0,2.0,2.0,51.47
Built-up  Area,Ready To Move,Subramanyapura,2,1200.0,2.0,2.0,52.0
Built-up  Area,Ready To Move,Kodichikkanahalli,2,995.0,2.0,1.0,41.0
Super built-up  Area,Ready To Move,Magadi Road,2,884.0,2.0,1.0,41.1
Built-up  Area,Ready To Move,Yeshwanthpur,2,1170.0,2.0,2.0,57.0
Super built-up  Area,Ready To Move,KR Puram,2,1225.0,2.0,1.0,46.55
Super built-up  Area,18-Apr,Electronic City,2,1342.0,2.0,1.0,73.3
Built-up  Area,19-Dec,Uttarahalli,2,1345.0,2.0,1.0,67.0
Built-up  Area,Ready To Move,Kodigehaali,3,1320.0,3.0,0.0,65.0
Super built-up  Area,Ready To Move,Raja Rajeshwari Nagar,2,1140.0,2.0,1.0,49.39
Super built-up  Area,Ready To Move,Battarahalli,2,1300.0,2.0,1.0,50.0
Super built-up  Area,Ready To Move,Hosa Road,3,1652.0,3.0,2.0,85.0
Super built-up  Area,Ready To Move,Thigalarapalya,3,2072.0,4.0,2.0,142.0
Built-up  Area,Ready To Move,Arekere,3,1740.0,2.0,2.0,95.0
Super built-up  Area,Ready To Move,Electronic City,3,1360.0,2.0,1.0,71.0
Super built-up  Area,Ready To Move,Hosur Road,3,1145.0,2.0,2.0,60.0
Super built-up  Area,Ready To Move,Sarjapur  Road,2,1278.0,2.0,2.0,95.0
Super built-up  Area,21-Jan,Kanakpura Road,3,1100.0,3.0,2.0,58.0
Super built-up  Area,18-Jun,Chandapura,1,582.5,1.0,0.0,15.135
Super built-up  Area,18-Sep,Chandapura,2,1015.0,2.0,2.0,25.88
Built-up  Area,Ready To Move,Hosur Road,5,3300.0,5.0,2.0,240.0
Plot  Area,Ready To Move,Basaveshwara Nagar,5,4500.0,5.0,1.0,415.0
Super built-up  Area,Ready To Move,Gunjur,3,1356.0,2.0,3.0,66.0
Plot  Area,Ready To Move,TC Palaya,3,1200.0,2.0,0.0,66.0
Built-up  Area,Ready To Move,Ramamurthy Nagar,2,1050.0,2.0,0.0,37.0
Super built-up  Area,Ready To Move,Whitefield,2,1116.0,2.0,3.0,51.91
Super built-up  Area,Ready To Move,7th Phase JP Nagar,2,1070.0,2.0,1.0,42.79
Super built-up  Area,17-Mar,Varthur,2,1385.0,2.0,3.0,80.0
Plot  Area,Ready To Move,Varthur,1,1000.0,1.0,1.0,70.0
Built-up  Area,18-Feb,Whitefield,3,1897.0,3.0,2.0,130.0
Super built-up  Area,18-Aug,Magadi Road,2,1005.0,2.0,1.0,55.78
Super built-up  Area,Ready To Move,Green Glen Layout,3,1575.0,3.0,2.0,125.0
Super built-up  Area,Ready To Move,Subramanyapura,2,975.0,2.0,1.0,65.0
Super built-up  Area,Ready To Move,Hennur Road,3,1904.0,3.0,2.0,120.0
Super built-up  Area,Ready To Move,Kengeri Satellite Town,1,930.0,1.0,1.0,30.0
Super built-up  Area,21-Dec,Kanakpura Road,1,525.0,1.0,1.0,26.0
Plot  Area,Ready To Move,Electronic City Phase II,2,2400.0,3.0,1.0,150.0
Built-up  Area,18-Apr,Sarjapur  Road,3,2238.0,3.0,1.0,140.0
Super built-up  Area,Ready To Move,Harlur,2,1174.0,2.0,1.0,69.0
Built-up  Area,Ready To Move,Thubarahalli,4,3800.0,4.0,3.0,239.0
Super built-up  Area,Ready To Move,Whitefield,3,2225.0,2.0,1.0,125.0
Super built-up  Area,Ready To Move,Jigani,2,918.0,2.0,2.0,52.0
Super built-up  Area,Ready To Move,Mahadevpura,2,1250.0,2.0,3.0,52.0
Super built-up  Area,Ready To Move,Sarjapur  Road,3,1800.0,3.0,2.0,110.0
Built-up  Area,Ready To Move,Marathahalli,2,1170.0,2.0,3.0,53.0
Built-up  Area,Ready To Move,Bannerghatta Road,2,793.0,2.0,1.0,45.0
Super built-up  Area,Ready To Move,Jakkur,3,1710.0,3.0,2.0,107.0
Super built-up  Area,Ready To Move,Kambipura,3,1082.0,2.0,1.0,57.5
Super built-up  Area,Ready To Move,Yelahanka,3,1590.0,2.0,1.0,54.0
Super built-up  Area,18-Dec,Thanisandra,2,1142.5,2.0,0.0,43.415
Super built-up  Area,Ready To Move,Bellandur,5,4239.0,5.0,2.0,423.0
Built-up  Area,Ready To Move,Konanakunte,2,884.0,1.0,0.0,58.0
Super built-up  Area,Ready To Move,Marathahalli,2,1019.0,2.0,2.0,49.86
Super built-up  Area,Ready To Move,Ambedkar Nagar,3,1935.0,4.0,2.0,130.0
Super built-up  Area,Ready To Move,Uttarahalli,3,1135.0,2.0,2.0,39.73
Super built-up  Area,Ready To Move,Lakshminarayana Pura,3,1680.0,3.0,2.0,150.0
Super built-up  Area,19-Jun,Hebbal,4,2470.0,5.0,2.0,247.0
Super built-up  Area,Ready To Move,1st Phase JP Nagar,4,2825.0,4.0,3.0,250.0
Super built-up  Area,Ready To Move,Hosakerehalli,3,2480.0,3.0,1.0,330.0
Plot  Area,Ready To Move,Ramamurthy Nagar,5,1800.0,4.0,3.0,187.0
Built-up  Area,Ready To Move,Kasavanhalli,3,1799.0,3.0,3.0,90.0
Super built-up  Area,Ready To Move,Whitefield,4,4348.5,2.0,2.0,304.0
Built-up  Area,Ready To Move,Attibele,1,400.0,1.0,1.0,11.0
Built-up  Area,18-Mar,Kundalahalli,2,1047.0,2.0,1.0,82.0
Super built-up  Area,Ready To Move,NGR Layout,2,1020.0,2.0,1.0,45.9
Super built-up  Area,Ready To Move,Whitefield,2,1495.0,2.0,1.0,79.5
Built-up  Area,Ready To Move,Kasavanhalli,4,3260.0,4.0,1.0,240.0
Super built-up  Area,Ready To Move,Koramangala,4,3500.0,5.0,2.0,425.0
Super built-up  Area,Ready To Move,Sahakara Nagar,3,1500.0,2.0,2.0,95.0
Plot  Area,Ready To Move,Yelahanka,4,3206.0,5.0,2.0,270.0
Super built-up  Area,Ready To Move,Uttarahalli,3,1540.0,3.0,0.0,50.0
Super built-up  Area,18-May,Hosa Road,3,1639.0,3.0,1.0,80.0
Super built-up  Area,Ready To Move,Raja Rajeshwari Nagar,2,1303.0,2.0,2.0,55.79
Super built-up  Area,Ready To Move,Koramangala,2,1005.0,1.0,1.0,110.0
Super built-up  Area,Ready To Move,Kammasandra,1,657.5,1.0,0.0,18.41
Super built-up  Area,18-Oct,Chandapura,3,1305.0,3.0,1.0,33.28
Super built-up  Area,Ready To Move,Brookefield,3,1440.0,2.0,3.0,68.0
Super built-up  Area,18-Dec,Seegehalli,2,901.0,2.0,1.0,35.14
Super built-up  Area,Ready To Move,Rajaji Nagar,3,1725.0,3.0,3.0,200.0
Built-up  Area,Ready To Move,Sarjapur,3,900.0,2.0,1.0,42.0
Super built-up  Area,Ready To Move,NGR Layout,2,1020.0,2.0,1.0,48.45
Super built-up  Area,20-Dec,Varthur,3,1535.0,3.0,2.0,65.99
Super built-up  Area,Ready To Move,Sarjapur  Road,2,1115.0,2.0,2.0,50.0
Super built-up  Area,Ready To Move,Uttarahalli,2,1175.0,2.0,2.0,47.0
Built-up  Area,Ready To Move,Whitefield,2,1113.0,2.0,1.0,62.0
Built-up  Area,Ready To Move,Giri Nagar,2,650.0,2.0,0.0,42.0
Super built-up  Area,Ready To Move,Marathahalli,2,1325.0,2.0,2.0,71.55
Built-up  Area,Ready To Move,Electronics City Phase 1,2,950.0,2.0,3.0,31.0
Super built-up  Area,18-Apr,Jakkur,3,1396.0,2.0,1.0,86.51
Super built-up  Area,Ready To Move,Rachenahalli,2,1050.0,2.0,2.0,52.07
Super built-up  Area,Ready To Move,Thanisandra,3,1825.0,3.0,2.0,100.0
Super built-up  Area,Ready To Move,7th Phase JP Nagar,2,1190.0,2.0,1.0,49.98
Super built-up  Area,Ready To Move,Marathahalli,2,1220.0,2.0,1.0,56.5
Super built-up  Area,Ready To Move,NRI Layout,3,1565.0,2.0,2.0,75.0
Super built-up  Area,Ready To Move,Hennur Road,3,1891.0,3.0,1.0,109.0
Super built-up  Area,18-Jul,Hosa Road,2,1161.0,2.0,1.0,55.15
Super built-up  Area,Ready To Move,Sarjapur,1,649.5,1.0,0.0,17.535
Super built-up  Area,Ready To Move,Yeshwanthpur,1,665.0,1.0,1.0,36.85
Super built-up  Area,19-Jan,Mysore Road,2,1175.0,2.0,1.0,73.5
Built-up  Area,Ready To Move,Hoodi,2,1425.0,2.0,2.0,80.0
Plot  Area,18-Aug,ITPL,3,1200.0,3.0,1.0,56.12
Built-up  Area,Ready To Move,Somasundara Palya,2,1255.0,2.0,2.0,67.0
Super built-up  Area,Ready To Move,Hegde Nagar,3,2112.95,4.0,2.0,145.0
Super built-up  Area,Ready To Move,Raja Rajeshwari Nagar,1,600.0,1.0,1.0,22.0
Super built-up  Area,18-Jul,Haralur Road,3,1810.0,3.0,2.0,100.0
Super built-up  Area,Ready To Move,Indira Nagar,2,1200.0,2.0,2.0,93.0
Super built-up  Area,Ready To Move,Harlur,2,1033.0,2.0,2.0,49.0
Super built-up  Area,Ready To Move,ITPL,3,1548.0,3.0,2.0,89.5
Super built-up  Area,18-May,Horamavu Banaswadi,3,1611.0,3.0,3.0,66.0
Built-up  Area,18-Jul,Electronic City Phase II,3,1400.0,2.0,1.0,40.43
Super built-up  Area,Ready To Move,Vidyaranyapura,3,1485.0,2.0,2.0,67.0
Built-up  Area,Ready To Move,Margondanahalli,2,2400.0,2.0,1.0,82.0
Super built-up  Area,Ready To Move,Pattandur Agrahara,2,1025.0,2.0,1.0,44.5
Built-up  Area,Ready To Move,5th Phase JP Nagar,2,1256.0,2.0,1.0,62.8
Super built-up  Area,Ready To Move,Whitefield,4,2268.0,3.0,2.0,163.0
Super built-up  Area,21-Dec,Kanakpura Road,3,1100.0,3.0,2.0,53.0
Built-up  Area,Ready To Move,Attibele,1,400.0,1.0,1.0,12.0
Plot  Area,Ready To Move,Chandapura,2,1400.0,2.0,0.0,60.0
Super built-up  Area,Ready To Move,Sahakara Nagar,2,1100.0,2.0,1.0,56.0
Super built-up  Area,Ready To Move,Kanakpura Road,3,1843.0,3.0,2.0,95.84
Super built-up  Area,19-Dec,Horamavu Banaswadi,2,1460.0,2.0,1.0,80.5
Super built-up  Area,Ready To Move,Rachenahalli,3,1530.0,2.0,2.0,74.5
Built-up  Area,Ready To Move,HSR Layout,2,1467.0,2.0,1.0,55.0
Super built-up  Area,Ready To Move,Vittasandra,2,1246.0,2.0,1.0,64.5
Super built-up  Area,19-Dec,Kanakapura,1,711.0,1.0,1.0,38.0
Super built-up  Area,Ready To Move,Haralur Road,2,1194.0,2.0,2.0,46.0
Super built-up  Area,Ready To Move,Babusapalaya,3,1358.0,2.0,1.0,43.4
Super built-up  Area,Ready To Move,Hoodi,2,1420.0,2.0,2.0,75.0
Super built-up  Area,Ready To Move,Kathriguppe,3,1250.0,2.0,1.0,68.75
Built-up  Area,Ready To Move,Akshaya Nagar,2,1280.0,2.0,2.0,58.0
Super built-up  Area,Ready To Move,Nagappa Reddy Layout,2,1209.0,2.0,1.0,50.0
Super built-up  Area,Ready To Move,Panathur,3,1315.0,2.0,1.0,54.8
Super built-up  Area,Ready To Move,TC Palaya,3,1600.0,2.0,2.0,65.0
Super built-up  Area,Ready To Move,Whitefield,3,1560.0,2.0,2.0,72.0
Super built-up  Area,Ready To Move,Brookefield,3,2169.0,4.0,2.0,115.0
Super built-up  Area,Ready To Move,Rachenahalli,2,1050.0,2.0,2.0,55.5
Super built-up  Area,Ready To Move,Iblur Village,3,3235.0,3.0,1.0,235.0
Plot  Area,Ready To Move,TC Palaya,3,1200.0,3.0,0.0,66.0
Super built-up  Area,Ready To Move,HSR Layout,2,1140.0,2.0,2.0,46.0
Plot  Area,Ready To Move,7th Phase JP Nagar,3,1500.0,3.0,1.0,170.0
Super built-up  Area,Ready To Move,Horamavu Agara,3,1560.0,3.0,2.0,75.0
Super built-up  Area,Ready To Move,JP Nagar,2,1100.0,2.0,2.0,70.0
Super built-up  Area,Ready To Move,Kasavanhalli,3,1260.0,2.0,3.0,40.32
Super built-up  Area,18-Mar,Hebbal,2,1036.0,2.0,1.0,50.0
Built-up  Area,Ready To Move,Akshaya Nagar,3,1662.0,3.0,3.0,85.1
Super built-up  Area,Ready To Move,Yelachenahalli,3,1464.0,2.0,3.0,105.0
Super built-up  Area,Ready To Move,Yelahanka,2,1234.0,2.0,2.0,80.0
Super built-up  Area,Ready To Move,Sarjapur  Road,3,1403.0,3.0,1.0,55.0
Super built-up  Area,Ready To Move,Seegehalli,3,1150.0,2.0,2.0,42.9
Built-up  Area,Ready To Move,Hebbal,4,3900.0,4.0,2.0,410.0
Super built-up  Area,18-Mar,Kanakapura,2,929.0,2.0,1.0,46.0
Plot  Area,Ready To Move,TC Palaya,3,1350.0,2.0,1.0,75.0
Plot  Area,18-Sep,Whitefield,2,1200.0,2.0,1.0,45.84
Super built-up  Area,18-Apr,Haralur Road,4,2805.0,4.0,3.0,154.0
Super built-up  Area,Ready To Move,Yeshwanthpur,2,1161.0,2.0,2.0,64.08
Super built-up  Area,18-Dec,Kanakpura Road,2,1290.0,2.0,3.0,74.0
Super built-up  Area,Ready To Move,Yeshwanthpur,3,2557.0,3.0,2.0,141.0
Super built-up  Area,20-Dec,Old Madras Road,3,1350.0,3.0,0.0,54.54
Super built-up  Area,Ready To Move,Kadugodi,3,1580.0,2.0,2.0,65.0
Super built-up  Area,17-Oct,Banashankari,3,1470.0,2.0,1.0,88.64
Super built-up  Area,18-Jun,Ananth Nagar,1,500.0,1.0,1.0,14.0
Super built-up  Area,18-Sep,Sarjapur  Road,2,1346.0,2.0,1.0,61.92
Built-up  Area,Ready To Move,Channasandra,3,1340.0,2.0,2.0,48.33
Plot  Area,Ready To Move,Devanahalli,4,6136.0,4.0,2.0,560.0
Super built-up  Area,Ready To Move,Jigani,2,918.0,2.0,2.0,48.0
Super built-up  Area,Ready To Move,Yelahanka,2,1315.0,2.0,2.0,85.0
Super built-up  Area,Ready To Move,Uttarahalli,3,1390.0,2.0,2.0,62.55
Super built-up  Area,Ready To Move,Uttarahalli,3,1330.0,2.0,1.0,56.0
Built-up  Area,Ready To Move,Jalahalli,5,3100.0,4.0,2.0,265.0
Super built-up  Area,Ready To Move,7th Phase JP Nagar,3,1420.0,2.0,2.0,96.0
Super built-up  Area,Ready To Move,Jalahalli East,3,1260.0,2.0,1.0,60.0
Super built-up  Area,19-Sep,Hennur Road,3,1561.0,3.0,2.0,95.0
Super built-up  Area,18-Jul,Haralur Road,2,1225.0,2.0,1.0,67.38
Super built-up  Area,Ready To Move,Thanisandra,3,2144.0,3.0,2.0,135.0
Super built-up  Area,Ready To Move,Electronic City,2,880.0,2.0,2.0,29.0
Super built-up  Area,21-Dec,Hoodi,3,1639.0,3.0,2.0,110.0
Built-up  Area,Ready To Move,Thanisandra,3,1240.0,2.0,1.0,62.0
Super built-up  Area,Ready To Move,Kanakpura Road,2,1500.0,2.0,2.0,69.0
Super built-up  Area,Ready To Move,Haralur Road,2,1243.0,2.0,1.0,46.0
Super built-up  Area,Ready To Move,Marathahalli,3,1575.0,3.0,2.0,78.0
Super built-up  Area,Ready To Move,Kambipura,3,1082.0,2.0,1.0,56.0
Super built-up  Area,Ready To Move,Kanakpura Road,3,1665.0,3.0,2.0,86.58
Super built-up  Area,18-Dec,Electronic City,2,1265.0,2.0,0.0,56.93
Super built-up  Area,21-Dec,Electronic City,3,1691.0,2.0,2.0,102.0
Super built-up  Area,Ready To Move,Thanisandra,2,1100.0,2.0,1.0,38.0
Built-up  Area,Ready To Move,Hosakerehalli,4,3205.0,5.0,1.0,380.0
Built-up  Area,Ready To Move,Kammanahalli,5,1666.0,4.0,1.0,150.0
Super built-up  Area,Ready To Move,Choodasandra,2,1115.0,2.0,2.0,50.0
Super built-up  Area,Ready To Move,Mysore Road,2,1070.0,2.0,1.0,45.0
Super built-up  Area,Ready To Move,Indira Nagar,2,1128.0,2.0,2.0,105.0
Super built-up  Area,Ready To Move,Budigere,2,1162.0,2.0,1.0,57.0
Super built-up  Area,Ready To Move,Mahadevpura,2,1192.0,2.0,2.0,75.0
Super built-up  Area,Ready To Move,Haralur Road,3,1920.0,3.0,1.0,115.0
Super built-up  Area,Ready To Move,Hennur,2,1255.0,2.0,1.0,52.32
Super built-up  Area,18-Apr,Rajaji Nagar,2,1357.0,2.0,1.0,115.0
Plot  Area,Ready To Move,Whitefield,4,2400.0,4.0,3.0,200.0
Super built-up  Area,Ready To Move,Thanisandra,2,1093.0,2.0,2.0,70.0
Built-up  Area,Ready To Move,Basaveshwara Nagar,3,1865.0,3.0,3.0,145.0
Super built-up  Area,Ready To Move,Kaikondrahalli,2,1039.0,2.0,2.0,80.0
Super built-up  Area,Ready To Move,Whitefield,3,1985.0,3.0,2.0,75.0
Super built-up  Area,Ready To Move,Hosakerehalli,3,1590.0,3.0,3.0,49.0
Super built-up  Area,Ready To Move,Electronic City Phase II,2,775.0,2.0,2.0,38.0
Super built-up  Area,Ready To Move,Hebbal Kempapura,3,1800.0,3.0,2.0,175.0
Super built-up  Area,18-Jun,Bommasandra,2,1035.0,2.0,1.0,41.0
Super built-up  Area,Ready To Move,Dasarahalli,3,1520.0,2.0,1.0,75.0
Super built-up  Area,Ready To Move,Whitefield,2,1360.0,2.0,1.0,95.0
Super built-up  Area,Ready To Move,Kodigehaali,2,1117.0,2.0,2.0,56.0
Plot  Area,Ready To Move,KR Puram,4,1200.0,4.0,3.0,120.0
Super built-up  Area,Ready To Move,EPIP Zone,2,1330.0,2.0,1.0,92.5
Super built-up  Area,Ready To Move,Marathahalli,3,1937.0,3.0,2.0,160.0
Super built-up  Area,18-Aug,Electronic City,2,1128.0,2.0,1.0,65.49
Super built-up  Area,Ready To Move,Neeladri Nagar,2,1053.0,2.0,1.0,45.0
Super built-up  Area,18-May,Panathur,2,1198.0,2.0,1.0,77.0
Super built-up  Area,18-Apr,Marathahalli,2,1152.0,2.0,1.0,56.0
Super built-up  Area,Ready To Move,Kundalahalli,3,1397.0,3.0,3.0,105.0
Super built-up  Area,Ready To Move,Yeshwanthpur,3,1523.0,3.0,3.0,170.0
Super built-up  Area,Ready To Move,Kambipura,2,883.0,2.0,1.0,45.0
Super built-up  Area,Ready To Move,Kaggalipura,1,700.0,1.0,0.0,38.0
Super built-up  Area,Ready To Move,Yelahanka,2,1170.0,2.0,1.0,62.5
Super built-up  Area,Ready To Move,Kanakpura Road,3,1200.0,2.0,2.0,42.0
Super built-up  Area,Ready To Move,Akshaya Nagar,3,1897.0,3.0,2.0,120.0
Super built-up  Area,Ready To Move,Rachenahalli,2,996.0,2.0,1.0,67.0
Super built-up  Area,18-May,Haralur Road,3,1875.0,3.0,2.0,110.0
Super built-up  Area,20-Dec,Yelahanka,3,1450.0,3.0,0.0,65.255
Super built-up  Area,17-Nov,Yelahanka,1,697.0,1.0,0.0,45.0
Built-up  Area,Ready To Move,Sarjapur  Road,1,710.0,1.0,1.0,27.0
Built-up  Area,Ready To Move,Sompura,3,1025.0,2.0,1.0,48.0
Super built-up  Area,18-Aug,Magadi Road,2,1000.0,2.0,0.0,46.5
Super built-up  Area,18-May,Horamavu Agara,3,1453.0,2.0,1.0,46.48
Super built-up  Area,Ready To Move,Sarjapur  Road,4,3335.0,5.0,2.0,300.0
Super built-up  Area,18-Mar,Thanisandra,2,971.5,2.0,0.0,36.435
Super built-up  Area,Ready To Move,Bellandur,2,1281.0,2.0,1.0,74.0
Built-up  Area,Ready To Move,Cooke Town,1,565.0,1.0,1.0,35.0
Built-up  Area,Ready To Move,Varthur,2,1024.0,2.0,2.0,42.0
Built-up  Area,Ready To Move,Electronic City,3,1620.0,3.0,2.0,62.0
Super built-up  Area,Ready To Move,Whitefield,2,1254.0,2.0,2.0,40.0
Built-up  Area,Ready To Move,Banashankari,3,1300.0,2.0,2.0,75.0
Built-up  Area,Ready To Move,Doddakallasandra,2,1233.0,2.0,2.0,43.0
Super built-up  Area,18-Oct,Hosur Road,3,1510.0,2.0,1.0,105.0
Super built-up  Area,Ready To Move,Kaggalipura,2,950.0,2.0,1.0,65.0
Super built-up  Area,Ready To Move,Battarahalli,3,1945.0,3.0,2.0,97.42
Super built-up  Area,Ready To Move,Uttarahalli,2,1008.0,2.0,3.0,45.0
Super built-up  Area,Ready To Move,Thanisandra,3,1265.0,2.0,1.0,79.0
Super built-up  Area,19-Dec,Hebbal,3,1255.0,2.0,1.0,77.68
Built-up  Area,Ready To Move,Yelenahalli,2,1200.0,2.0,2.0,46.17
Super built-up  Area,19-Dec,Sarjapur  Road,3,1403.0,3.0,3.0,51.63
Super built-up  Area,Ready To Move,Kudlu Gate,3,1535.0,3.0,2.0,85.0
Super built-up  Area,Ready To Move,Chamrajpet,3,1475.0,2.0,2.0,120.0
Super built-up  Area,Ready To Move,Uttarahalli,3,1390.0,2.0,2.0,60.47
Super built-up  Area,Ready To Move,Raja Rajeshwari Nagar,3,1278.0,2.0,1.0,53.76
Super built-up  Area,Ready To Move,Kogilu,2,1170.0,2.0,1.0,51.99
Plot  Area,Ready To Move,Sahakara Nagar,3,1200.0,3.0,3.0,200.0
Super built-up  Area,18-Dec,Whitefield,3,1697.0,3.0,2.0,94.79
Super built-up  Area,Ready To Move,Thanisandra,3,1651.0,3.0,3.0,97.38
Super built-up  Area,17-Apr,Hennur Road,3,1192.0,2.0,1.0,60.0
Built-up  Area,Ready To Move,OMBR Layout,2,1078.0,2.0,3.0,65.0
Super built-up  Area,Ready To Move,Kasavanhalli,2,1349.0,2.0,2.0,78.0
Super built-up  Area,Ready To Move,7th Phase JP Nagar,3,1680.0,3.0,2.0,120.0
Super built-up  Area,Ready To Move,Rayasandra,3,1314.0,2.0,2.0,63.0
Super built-up  Area,Ready To Move,Garudachar Palya,2,1060.0,2.0,1.0,48.7
Built-up  Area,Ready To Move,Kalyan nagar,2,820.0,2.0,0.0,39.0
Plot  Area,Ready To Move,Whitefield,4,5000.0,4.0,3.0,400.0
Super built-up  Area,Ready To Move,Kalkere,2,856.0,2.0,3.0,40.0
Super built-up  Area,18-Feb,Rajaji Nagar,3,1621.0,4.0,0.0,130.0
Plot  Area,18-Dec,ITPL,3,1200.0,3.0,1.0,68.4
Super built-up  Area,Ready To Move,Bannerghatta Road,3,1484.0,3.0,2.0,52.5
Super built-up  Area,Ready To Move,Yelahanka New Town,1,500.0,1.0,1.0,20.0
Super built-up  Area,Ready To Move,7th Phase JP Nagar,2,1050.0,2.0,1.0,42.0
Super built-up  Area,Ready To Move,Uttarahalli,3,1617.0,3.0,3.0,66.68
Super built-up  Area,18-Apr,Devanahalli,2,1408.0,2.0,2.0,85.0
Built-up  Area,Ready To Move,Uttarahalli,2,1150.0,2.0,1.0,49.0
Super built-up  Area,Ready To Move,Akshaya Nagar,3,1410.0,2.0,2.0,75.0
Built-up  Area,Ready To Move,Kaggadasapura,4,2150.0,4.0,1.0,100.0
Super built-up  Area,Ready To Move,Koramangala,3,2292.0,4.0,1.0,275.0
Built-up  Area,Ready To Move,Malleshwaram,3,2006.0,3.0,2.0,297.0
Built-up  Area,Ready To Move,Ramamurthy Nagar,2,1040.0,2.0,2.0,50.0
Plot  Area,Ready To Move,TC Palaya,2,1240.0,2.0,1.0,60.0
Super built-up  Area,Ready To Move,Kudlu Gate,3,1535.0,3.0,1.0,78.0
Built-up  Area,Ready To Move,Lakshminarayana Pura,2,1180.0,2.0,2.0,75.0
Built-up  Area,Ready To Move,Abbigere,6,2200.0,6.0,2.0,68.0
Super built-up  Area,Ready To Move,Bannerghatta Road,2,1400.0,2.0,2.0,78.0
Super built-up  Area,Ready To Move,Raja Rajeshwari Nagar,1,500.0,1.0,1.0,25.0
Plot  Area,Ready To Move,Whitefield,4,4800.0,4.0,3.0,525.0
Super built-up  Area,Ready To Move,Sarjapur  Road,3,1984.0,4.0,1.0,146.0
Plot  Area,Ready To Move,Whitefield,4,3000.0,5.0,3.0,250.0
Super built-up  Area,Ready To Move,Garudachar Palya,3,1960.0,3.0,3.0,160.0
Super built-up  Area,Ready To Move,Sarjapur  Road,2,1035.0,2.0,1.0,45.0
Built-up  Area,Ready To Move,Whitefield,3,1700.0,3.0,2.0,115.0
Super built-up  Area,Ready To Move,Hosakerehalli,4,3024.0,5.0,1.0,248.0
Super built-up  Area,21-Jan,Tumkur Road,3,1586.0,3.0,1.0,100.0
Built-up  Area,18-May,Hennur,3,2264.0,2.0,2.0,155.0
Plot  Area,Ready To Move,Chikka Tirupathi,4,2325.0,4.0,1.0,120.0
Super built-up  Area,Ready To Move,Yelahanka,2,1120.0,2.0,2.0,55.0
Super built-up  Area,18-Jun,Yelahanka,3,1662.0,2.0,2.0,67.98
Super built-up  Area,Ready To Move,Sarjapur  Road,2,1128.0,2.0,2.0,59.0
Super built-up  Area,Ready To Move,Jigani,2,924.0,2.0,2.0,65.0
Super built-up  Area,Ready To Move,Pai Layout,2,1006.0,2.0,2.0,35.0
Super built-up  Area,Ready To Move,Amruthahalli,2,1200.0,2.0,2.0,55.0
Built-up  Area,Ready To Move,Kannamangala,2,957.0,2.0,1.0,56.0
Super built-up  Area,Ready To Move,Whitefield,2,1140.0,2.0,2.0,41.0
Super built-up  Area,Ready To Move,Kasturi Nagar,3,1565.0,3.0,2.0,88.5
Super built-up  Area,Ready To Move,Whitefield,2,1190.0,2.0,3.0,57.0
Built-up  Area,18-Jan,Whitefield,3,2842.0,3.0,2.0,162.0
Built-up  Area,Ready To Move,Kanakpura Road,3,1558.67,2.0,2.0,65.0
Super built-up  Area,Ready To Move,Electronics City Phase 1,1,630.0,1.0,1.0,39.0
Super built-up  Area,Ready To Move,Whitefield,3,1403.0,2.0,2.0,60.81
Super built-up  Area,Ready To Move,Kanakpura Road,3,1542.0,2.0,3.0,85.0
Built-up  Area,Ready To Move,Haralur Road,4,2750.0,4.0,0.0,220.0
Super built-up  Area,Ready To Move,Iblur Village,4,3596.0,5.0,1.0,290.0
Super built-up  Area,Ready To Move,Kengeri Satellite Town,3,1635.0,2.0,2.0,78.0
Super built-up  Area,Ready To Move,Mysore Road,2,1239.0,2.0,1.0,53.0
Super built-up  Area,17-Nov,Channasandra,2,1009.0,2.0,1.0,38.34
Super built-up  Area,18-Jul,Hosa Road,3,1726.0,3.0,2.0,81.99
Super built-up  Area,Ready To Move,Kudlu Gate,3,1535.0,3.0,2.0,86.0
Super built-up  Area,Ready To Move,Banashankari Stage V,3,1300.0,2.0,1.0,58.5
Plot  Area,Ready To Move,Whitefield,4,3100.0,4.0,2.0,465.0
Super built-up  Area,19-Dec,Binny Pete,1,665.0,1.0,0.0,50.75
Plot  Area,Ready To Move,TC Palaya,3,1500.0,2.0,1.0,100.0
Built-up  Area,Ready To Move,Kalkere,2,925.0,2.0,2.0,48.0
Super built-up  Area,18-Dec,Old Airport Road,4,3356.0,4.0,2.0,251.0
Super built-up  Area,Ready To Move,Sonnenahalli,3,1415.0,2.0,1.0,55.0
Super built-up  Area,Ready To Move,Begur,3,1419.0,2.0,2.0,59.0
Super built-up  Area,18-Feb,Kasavanhalli,2,1121.0,2.0,2.0,78.0
Super built-up  Area,Ready To Move,Kambipura,3,1082.0,2.0,1.0,45.0
Super built-up  Area,18-Jun,KR Puram,2,1100.0,2.0,1.0,47.0
Super built-up  Area,Ready To Move,Hoodi,3,1606.0,3.0,3.0,89.55
Built-up  Area,Ready To Move,Billekahalli,3,1650.0,3.0,2.0,88.0
Super built-up  Area,Ready To Move,Old Airport Road,2,1206.0,2.0,3.0,75.0
Built-up  Area,Ready To Move,Sarjapur  Road,3,1495.0,2.0,0.0,64.0
Super built-up  Area,Ready To Move,Electronic City,2,710.0,2.0,2.0,16.0
Super built-up  Area,Ready To Move,Balagere,2,1210.0,2.0,1.0,72.0
Super built-up  Area,Ready To Move,Nagarbhavi,3,1523.0,2.0,2.0,53.4
Super built-up  Area,Ready To Move,Whitefield,2,1232.0,2.0,2.0,45.0
Super built-up  Area,20-Aug,Rachenahalli,1,680.0,1.0,1.0,44.0
Super built-up  Area,19-Dec,Hebbal,3,1355.0,3.0,1.0,83.87
Super built-up  Area,Ready To Move,Thanisandra,3,1430.0,2.0,2.0,51.46
Super built-up  Area,18-Jun,Kothannur,3,1275.0,2.0,2.0,43.85
Super built-up  Area,Ready To Move,Electronic City,2,1070.0,2.0,1.0,56.1
Plot  Area,Ready To Move,Electronic City,4,2000.0,4.0,0.0,120.0
Super built-up  Area,Ready To Move,Bommanahalli,2,1200.0,2.0,2.0,40.0
Super built-up  Area,Ready To Move,Marathahalli,3,1610.0,3.0,1.0,90.0
Super built-up  Area,Ready To Move,Haralur Road,2,1140.0,2.0,2.0,43.0
Super built-up  Area,Ready To Move,Raja Rajeshwari Nagar,2,1143.0,2.0,2.0,38.65
Super built-up  Area,22-May,Jakkur,4,3467.86,6.0,3.0,249.0
Super built-up  Area,Ready To Move,Rachenahalli,3,1530.0,2.0,2.0,74.4
Super built-up  Area,Ready To Move,7th Phase JP Nagar,2,980.0,2.0,2.0,69.0
Super built-up  Area,Ready To Move,Whitefield,3,1485.0,3.0,2.0,65.0
Plot  Area,18-May,Whitefield,3,1500.0,3.0,1.0,130.0
Super built-up  Area,18-Oct,Whitefield,2,1280.0,2.0,1.0,75.0
Super built-up  Area,Ready To Move,Thanisandra,2,1265.0,2.0,2.0,85.0
Super built-up  Area,Ready To Move,JP Nagar,2,940.0,2.0,1.0,49.0
Built-up  Area,Ready To Move,Kothanur,3,1840.0,3.0,1.0,69.0
Built-up  Area,Ready To Move,Electronic City,2,890.0,2.0,2.0,45.0
Super built-up  Area,Ready To Move,Hennur Road,3,2060.0,3.0,1.0,149.0
Super built-up  Area,Ready To Move,Bommanahalli,3,1730.0,3.0,1.0,96.0
Built-up  Area,Ready To Move,Yelahanka,3,2195.0,4.0,2.0,127.0
Super built-up  Area,18-Mar,Kathriguppe,3,1650.0,3.0,2.0,125.0
Plot  Area,Ready To Move,KR Puram,2,1200.0,2.0,0.0,71.0
Super built-up  Area,18-May,Hosa Road,2,1079.0,2.0,1.0,32.37
Super built-up  Area,Ready To Move,Yelahanka,2,1075.0,2.0,1.0,51.5
Super built-up  Area,Ready To Move,Thubarahalli,2,1200.0,2.0,2.0,78.0
Super built-up  Area,Ready To Move,Benson Town,3,3200.0,4.0,2.0,350.0
Super built-up  Area,21-Jul,Hoodi,3,1639.0,3.0,1.0,98.32
Super built-up  Area,21-Jun,Vijayanagar,3,1739.0,3.0,1.0,116.0
Super built-up  Area,20-Dec,Old Madras Road,2,935.0,2.0,1.0,32.72
Super built-up  Area,21-Nov,Thanisandra,1,510.0,1.0,1.0,25.25
Built-up  Area,Ready To Move,Chikkalasandra,3,1375.0,2.0,1.0,50.0
Super built-up  Area,Ready To Move,Chandapura,3,1065.0,2.0,1.0,33.0
Super built-up  Area,Ready To Move,Amruthahalli,2,4400.0,3.0,2.0,475.0
Built-up  Area,Ready To Move,Kothannur,2,1100.0,2.0,2.0,40.0
Super built-up  Area,Ready To Move,Koramangala,3,1835.0,2.0,3.0,155.0
Super built-up  Area,20-Dec,Hoodi,4,2090.0,4.0,0.0,95.1
Super built-up  Area,Ready To Move,Lingadheeranahalli,3,1519.0,3.0,1.0,93.0
Built-up  Area,Ready To Move,Dommasandra,3,1267.0,3.0,2.0,56.0
Super built-up  Area,Ready To Move,Sanjay nagar,2,1150.0,2.0,3.0,72.2
Super built-up  Area,19-Dec,Marathahalli,2,1146.0,2.0,1.0,70.0
Built-up  Area,Ready To Move,Kannamangala,3,1550.0,3.0,3.0,65.0
Built-up  Area,Ready To Move,Chandapura,2,850.0,1.0,1.0,18.5
Carpet  Area,Ready To Move,Electronics City Phase 1,1,785.0,1.0,1.0,55.0
Super built-up  Area,Ready To Move,Hebbal Kempapura,3,2900.0,4.0,2.0,300.0
Built-up  Area,Ready To Move,Raja Rajeshwari Nagar,3,1610.0,3.0,2.0,74.0
Super built-up  Area,Ready To Move,Bellandur,2,921.0,2.0,2.0,40.0
Built-up  Area,Ready To Move,Bannerghatta Road,5,2700.0,5.0,0.0,158.0
Super built-up  Area,Ready To Move,Sarjapur  Road,3,1700.0,3.0,3.0,110.0
Built-up  Area,Ready To Move,Sarjapur,2,1020.0,2.0,2.0,35.0
Super built-up  Area,Ready To Move,Billekahalli,2,1090.0,2.0,3.0,52.0
Super built-up  Area,Ready To Move,Thanisandra,2,1185.0,2.0,2.0,42.1
Super built-up  Area,Ready To Move,Doddathoguru,2,850.0,2.0,1.0,25.0
Built-up  Area,Ready To Move,Harlur,2,1197.0,2.0,1.0,84.0
Super built-up  Area,Ready To Move,Poorna Pragna Layout,2,920.0,2.0,2.0,39.55
Super built-up  Area,Ready To Move,Raja Rajeshwari Nagar,2,1105.0,2.0,1.0,65.0
Super built-up  Area,Ready To Move,Yeshwanthpur,3,1850.0,3.0,3.0,100.0
Super built-up  Area,20-Dec,Judicial Layout,3,1300.0,3.0,1.0,64.0
Built-up  Area,Ready To Move,Horamavu Agara,2,755.0,2.0,1.0,37.49
Super built-up  Area,21-Dec,Kanakpura Road,3,1300.0,2.0,3.0,69.0
Built-up  Area,Ready To Move,Bannerghatta Road,2,1215.0,2.0,0.0,50.0
Super built-up  Area,20-Oct,Kanakpura Road,2,900.0,2.0,1.0,46.0
Super built-up  Area,18-Oct,Banashankari Stage III,2,1145.0,2.0,3.0,58.4
Super built-up  Area,17-Nov,Babusapalaya,3,1213.0,2.0,2.0,41.39
Super built-up  Area,Ready To Move,Bannerghatta Road,3,1654.0,3.0,2.0,100.0
Super built-up  Area,Ready To Move,NGR Layout,2,1105.0,2.0,1.0,52.48
Super built-up  Area,Ready To Move,Babusapalaya,3,1611.0,2.0,2.0,66.0
Super built-up  Area,Ready To Move,Devanahalli,2,1010.0,2.0,1.0,51.0
Super built-up  Area,Ready To Move,Anekal,2,620.0,2.0,1.0,22.0
Built-up  Area,Ready To Move,Horamavu Agara,2,982.0,2.0,1.0,47.65
Super built-up  Area,Ready To Move,Banashankari Stage II,2,1700.0,2.0,2.0,150.0
Super built-up  Area,18-Dec,Whitefield,2,1330.0,2.0,1.0,71.0
Built-up  Area,Ready To Move,JP Nagar,3,2500.0,3.0,2.0,135.0
Super built-up  Area,Ready To Move,Poorna Pragna Layout,3,1475.0,2.0,2.0,58.99
Super built-up  Area,Ready To Move,Bhoganhalli,3,1410.0,3.0,1.0,65.0
Super built-up  Area,Ready To Move,Yelahanka New Town,1,440.0,1.0,1.0,16.5
Super built-up  Area,Ready To Move,Yelahanka,3,1614.0,3.0,2.0,95.0
Super built-up  Area,Ready To Move,Neeladri Nagar,2,1363.0,2.0,2.0,68.0
Built-up  Area,Ready To Move,Kogilu,2,650.0,2.0,0.0,28.0
Super built-up  Area,Ready To Move,Horamavu Banaswadi,2,1156.0,2.0,2.0,46.0
Super built-up  Area,18-Jan,KR Puram,3,1455.0,3.0,2.0,46.0
Built-up  Area,Ready To Move,KR Puram,2,1200.0,2.0,0.0,90.0
Super built-up  Area,Ready To Move,Karuna Nagar,4,2900.0,3.0,2.0,135.0
Super built-up  Area,18-Mar,Kadugodi,3,1890.0,4.0,3.0,127.0
Super built-up  Area,Ready To Move,Hebbal Kempapura,3,3522.0,3.0,2.0,380.0
Built-up  Area,Ready To Move,HRBR Layout,2,1440.0,2.0,2.0,98.0
Super built-up  Area,Ready To Move,Kodichikkanahalli,1,650.0,1.0,2.0,38.0
Super built-up  Area,19-Jun,Budigere,1,764.0,1.0,1.0,32.0
Built-up  Area,Ready To Move,Hoodi,3,1445.0,3.0,2.0,65.0
Super built-up  Area,21-Oct,Kanakpura Road,2,900.0,1.0,0.0,45.0
Super built-up  Area,Ready To Move,Singasandra,2,1030.0,2.0,2.0,55.0
Super built-up  Area,Ready To Move,Yelahanka,3,1381.0,2.0,2.0,52.48
Super built-up  Area,Ready To Move,Hoodi,3,1575.0,3.0,2.0,66.39
Plot  Area,Ready To Move,Thigalarapalya,2,1200.0,2.0,1.0,65.0
Super built-up  Area,Ready To Move,Begur Road,2,1200.0,2.0,2.0,43.2
Super built-up  Area,Ready To Move,Kasturi Nagar,2,1080.0,2.0,2.0,80.0
Plot  Area,Ready To Move,Hebbal Kempapura,5,2280.0,5.0,2.0,200.0
Super built-up  Area,18-Mar,Akshaya Nagar,3,1360.0,2.0,2.0,85.0
Super built-up  Area,19-Dec,Jakkur,3,1865.0,3.0,1.0,124.0
Super built-up  Area,18-Nov,Sarjapur  Road,3,1157.0,2.0,1.0,75.0
Super built-up  Area,Ready To Move,Kammasandra,2,674.0,2.0,1.0,29.0
Super built-up  Area,Ready To Move,Whitefield,3,1405.0,2.0,1.0,78.0
Super built-up  Area,Ready To Move,Begur Road,2,1160.0,2.0,2.0,44.08
Super built-up  Area,21-Mar,Hebbal,3,1790.0,3.0,2.0,127.0
Super built-up  Area,18-May,Electronic City,2,1128.0,2.0,1.0,65.65
Super built-up  Area,Ready To Move,Panathur,2,1180.0,2.0,1.0,70.0
Built-up  Area,18-Mar,Kengeri,1,340.0,1.0,1.0,10.0
Super built-up  Area,Ready To Move,Rachenahalli,2,1050.0,2.0,2.0,53.5
Super built-up  Area,Ready To Move,Varthur,2,1125.0,2.0,2.0,40.0
Super built-up  Area,Ready To Move,Vittasandra,2,1246.0,2.0,1.0,68.0
Super built-up  Area,Ready To Move,HSR Layout,2,1372.0,2.0,1.0,61.0
Super built-up  Area,19-Dec,Binny Pete,3,2465.0,5.0,2.0,234.0
Super built-up  Area,Ready To Move,Dasarahalli,2,1300.0,2.0,3.0,55.0
Super built-up  Area,Ready To Move,Channasandra,2,1065.0,2.0,1.0,35.0
Carpet  Area,18-Mar,Hebbal,2,687.325,2.0,0.0,42.72
Built-up  Area,Ready To Move,Electronic City,2,865.0,2.0,0.0,42.0
Super built-up  Area,Ready To Move,Uttarahalli,2,1200.0,2.0,2.0,44.0
Super built-up  Area,Ready To Move,Yelahanka,1,628.0,1.0,1.0,24.0
Super built-up  Area,Ready To Move,5th Phase JP Nagar,2,1207.0,2.0,2.0,63.0
Super built-up  Area,Ready To Move,Kalena Agrahara,3,1765.0,3.0,1.0,125.0
Built-up  Area,18-Dec,Electronic City,2,1130.0,2.0,1.0,32.64
Built-up  Area,18-May,Horamavu Banaswadi,4,1200.0,4.0,2.0,105.0
Carpet  Area,18-Dec,Bhoganhalli,2,804.1,2.0,1.0,69.09
Super built-up  Area,18-Apr,Doddathoguru,2,1200.0,2.0,2.0,75.0
Super built-up  Area,Ready To Move,Kengeri,2,1197.0,2.0,2.0,50.0
Super built-up  Area,Ready To Move,Uttarahalli,3,1385.0,2.0,2.0,48.48
Super built-up  Area,Ready To Move,Whitefield,3,2225.0,3.0,3.0,115.0
Super built-up  Area,Ready To Move,Ananth Nagar,2,1100.0,2.0,2.0,31.5
Built-up  Area,Ready To Move,Attibele,1,400.0,1.0,1.0,14.0
Super built-up  Area,Ready To Move,Dommasandra,2,1200.0,2.0,2.0,50.0
Super built-up  Area,21-Mar,Whitefield,2,1272.0,2.0,1.0,95.05
Super built-up  Area,Ready To Move,Whitefield,2,1205.0,2.0,1.0,39.0
Built-up  Area,Ready To Move,Kalena Agrahara,2,980.0,2.0,1.0,40.0
Super built-up  Area,18-May,Malleshpalya,2,1225.0,2.0,2.0,46.86
Built-up  Area,Ready To Move,Whitefield,3,1541.0,3.0,1.0,72.0
Super built-up  Area,Ready To Move,Ramagondanahalli,3,1610.0,2.0,2.0,111.0
Super built-up  Area,Ready To Move,Jalahalli,2,1694.0,2.0,2.0,125.0
Super built-up  Area,Ready To Move,Chandapura,2,1201.0,2.0,2.0,27.0
Plot  Area,Ready To Move,Chandapura,2,1500.0,2.0,1.0,60.0
Super built-up  Area,Ready To Move,Malleshpalya,3,1785.0,3.0,2.0,75.0
Built-up  Area,Ready To Move,Raja Rajeshwari Nagar,2,1258.0,2.0,1.0,63.53
Super built-up  Area,Ready To Move,Electronic City,2,910.0,2.0,2.0,42.0
Super built-up  Area,Ready To Move,Thigalarapalya,2,1297.0,2.0,2.0,112.0
Super built-up  Area,Ready To Move,Kundalahalli,2,1291.0,2.0,3.0,49.0
Super built-up  Area,Ready To Move,Varthur,2,1012.0,2.0,1.0,66.5
Super built-up  Area,Ready To Move,Mahadevpura,2,1260.0,2.0,3.0,57.6
Super built-up  Area,Ready To Move,Sarjapur  Road,2,1282.0,2.0,2.0,72.0
Super built-up  Area,Ready To Move,Kanakpura Road,3,1843.0,3.0,2.0,92.15
Super built-up  Area,19-Mar,Hebbal,4,2790.0,5.0,3.0,198.0
Super built-up  Area,Ready To Move,EPIP Zone,2,1330.0,2.0,1.0,86.98
Super built-up  Area,Ready To Move,Konanakunte,3,1400.0,2.0,1.0,73.0
Built-up  Area,18-Dec,Whitefield,2,1192.0,2.0,1.0,71.0
Super built-up  Area,Ready To Move,Thigalarapalya,2,1297.0,2.0,2.0,103.0
Super built-up  Area,21-Jun,Vijayanagar,3,1490.0,3.0,2.0,100.0
Super built-up  Area,Ready To Move,Rayasandra,3,1373.0,3.0,2.0,72.0
Super built-up  Area,Ready To Move,7th Phase JP Nagar,2,1035.0,2.0,1.0,41.39
Plot  Area,Ready To Move,Kadugodi,4,3750.0,4.0,0.0,210.0
Super built-up  Area,Ready To Move,Doddakallasandra,2,1010.0,2.0,1.0,40.39
Built-up  Area,Ready To Move,Sarjapur,2,1195.0,2.0,1.0,42.0
Super built-up  Area,Ready To Move,HSR Layout,3,1750.0,3.0,2.0,95.0
Super built-up  Area,Ready To Move,Malleshpalya,2,1052.0,2.0,2.0,50.0
Super built-up  Area,Ready To Move,Horamavu Banaswadi,2,1180.0,2.0,2.0,58.0
Built-up  Area,Ready To Move,Padmanabhanagar,5,3680.0,4.0,2.0,440.0
Built-up  Area,Ready To Move,Hormavu,3,2100.0,3.0,2.0,73.0
Built-up  Area,18-Mar,Hoodi,4,2863.0,4.0,1.0,140.0
Super built-up  Area,Ready To Move,Raja Rajeshwari Nagar,2,1128.0,2.0,2.0,38.24
Built-up  Area,Ready To Move,Ulsoor,3,2700.0,3.0,1.0,450.0
Super built-up  Area,18-Jul,JP Nagar,2,1120.0,2.0,2.0,33.6
Built-up  Area,Ready To Move,HSR Layout,3,2424.0,3.0,2.0,90.0
Built-up  Area,Ready To Move,Yelahanka,3,2710.0,3.0,1.0,251.0
Super built-up  Area,Ready To Move,Uttarahalli,3,1330.0,2.0,2.0,46.55
Super built-up  Area,18-Jul,Hosur Road,3,1427.0,2.0,1.0,80.63
Built-up  Area,Ready To Move,Begur,3,1580.0,3.0,2.0,75.0
Plot  Area,Ready To Move,Chikka Tirupathi,3,1808.0,4.0,2.0,80.27
Super built-up  Area,Ready To Move,Rajaji Nagar,4,3516.0,4.0,3.0,540.0
Super built-up  Area,21-Dec,Kanakpura Road,2,900.0,2.0,1.0,46.0
Super built-up  Area,21-Oct,Kanakpura Road,2,900.0,2.0,1.0,46.0
Built-up  Area,Ready To Move,Singasandra,4,3850.0,6.0,3.0,195.0
Super built-up  Area,16-Dec,Yelachenahalli,2,2400.0,1.0,1.0,150.0
Super built-up  Area,Ready To Move,Koramangala,2,1290.0,2.0,3.0,100.0
Built-up  Area,Ready To Move,Yelahanka,6,3770.0,6.0,3.0,110.0
Built-up  Area,Ready To Move,Bisuvanahalli,2,845.0,2.0,1.0,33.0
Super built-up  Area,Ready To Move,Yelahanka,3,1537.0,3.0,3.0,120.0
Super built-up  Area,19-Dec,Hoodi,3,1512.0,3.0,2.0,75.77
Super built-up  Area,Ready To Move,Jigani,3,1230.0,3.0,3.0,54.0
Super built-up  Area,17-Oct,Whitefield,2,1277.0,2.0,1.0,61.3
Super built-up  Area,19-Jun,Hebbal,3,1985.0,4.0,2.0,189.0
Plot  Area,Ready To Move,Kengeri,5,8000.0,5.0,2.0,500.0
Super built-up  Area,Ready To Move,Yelahanka,2,890.0,2.0,2.0,40.0
Plot  Area,Ready To Move,Sarjapur,4,1200.0,5.0,2.0,110.0
Built-up  Area,Ready To Move,Ardendale,4,3198.0,4.0,3.0,200.0
Super built-up  Area,Ready To Move,Hebbal,4,2483.0,5.0,2.0,215.0
Super built-up  Area,Ready To Move,Sarjapur  Road,4,4111.0,4.0,1.0,310.0
Super built-up  Area,Ready To Move,Electronic City,2,975.0,2.0,2.0,37.5
Super built-up  Area,Ready To Move,Rajiv Nagar,3,1690.0,3.0,1.0,125.0
Super built-up  Area,18-May,Hosa Road,2,1063.0,2.0,1.0,31.89
Plot  Area,Ready To Move,Cooke Town,3,2572.0,3.0,3.0,390.0
Super built-up  Area,Ready To Move,Bommanahalli,1,520.0,1.0,0.0,19.5
Super built-up  Area,Ready To Move,Marathahalli,4,4000.0,5.0,2.0,212.0
Built-up  Area,Ready To Move,Munnekollal,3,1390.0,3.0,2.0,68.0
Super built-up  Area,18-May,Whitefield,2,1185.0,2.0,2.0,40.0
Super built-up  Area,Ready To Move,Sahakara Nagar,2,1219.0,2.0,2.0,48.0
Super built-up  Area,18-Dec,Kudlu Gate,3,1564.0,2.0,1.0,92.0
Super built-up  Area,Ready To Move,Sarjapur  Road,4,3430.0,6.0,0.0,228.5
Super built-up  Area,Ready To Move,Hosa Road,2,1100.0,2.0,2.0,37.1
Built-up  Area,Ready To Move,Kothannur,3,1300.0,2.0,0.0,60.0
Plot  Area,Ready To Move,Chikkabanavar,3,1600.0,2.0,0.0,80.0
Built-up  Area,Ready To Move,Ramamurthy Nagar,3,1600.0,3.0,2.0,75.0
Super built-up  Area,19-Mar,Hennur Road,3,1482.0,2.0,1.0,92.0
Super built-up  Area,Ready To Move,Kengeri,2,1200.0,2.0,0.0,58.0
Built-up  Area,Ready To Move,Nagarbhavi,3,2400.0,3.0,0.0,160.0
Super built-up  Area,19-Dec,Marathahalli,3,1469.0,3.0,1.0,89.0
Super built-up  Area,22-Mar,Kanakapura,1,551.0,1.0,1.0,30.0
Super built-up  Area,19-Dec,Electronics City Phase 1,2,1160.0,2.0,1.0,52.0
Super built-up  Area,Ready To Move,Balagere,2,1205.0,2.0,1.0,78.5
Built-up  Area,Ready To Move,Kasavanhalli,3,1550.0,2.0,3.0,52.0
Super built-up  Area,Ready To Move,Gubbalala,3,1745.0,3.0,2.0,125.0
Super built-up  Area,Ready To Move,AECS Layout,2,1028.0,2.0,1.0,42.0
Super built-up  Area,Ready To Move,Frazer Town,3,1700.0,3.0,1.0,180.0
Super built-up  Area,Ready To Move,Kodihalli,3,2700.0,4.0,1.0,270.0
Plot  Area,Ready To Move,Ramamurthy Nagar,2,1200.0,3.0,1.0,72.0
Super built-up  Area,Ready To Move,Electronic City Phase II,2,1266.0,2.0,2.0,59.0
Super built-up  Area,Ready To Move,Mysore Road,2,1060.0,2.0,1.0,62.0
Super built-up  Area,18-May,Talaghattapura,3,2038.5,3.0,0.0,120.0
Super built-up  Area,Ready To Move,Attibele,1,500.0,1.0,1.0,17.0
Super built-up  Area,Ready To Move,Hulimavu,2,1080.0,2.0,2.0,43.2
Built-up  Area,Ready To Move,Electronics City Phase 1,2,920.0,2.0,2.0,33.0
Super built-up  Area,Ready To Move,Horamavu Agara,3,1650.0,2.0,1.0,75.0
Super built-up  Area,18-Dec,Raja Rajeshwari Nagar,2,1157.0,2.0,1.0,53.8
Super built-up  Area,Ready To Move,Konanakunte,4,3000.0,4.0,3.0,160.0
Super built-up  Area,Ready To Move,Basavangudi,3,2200.0,2.0,1.0,162.0
Super built-up  Area,Ready To Move,Rachenahalli,3,1530.0,2.0,2.0,74.39
Super built-up  Area,Ready To Move,Judicial Layout,3,2070.0,3.0,3.0,162.0
Built-up  Area,Ready To Move,Yelahanka,3,1815.0,3.0,2.0,82.0
Super built-up  Area,Ready To Move,Sarjapur  Road,4,3900.0,4.0,3.0,300.0
Super built-up  Area,18-Aug,Electronic City Phase II,2,1000.0,2.0,1.0,28.88
Super built-up  Area,18-May,Ananth Nagar,2,982.0,2.0,2.0,24.55
Super built-up  Area,Ready To Move,Hennur Road,2,1232.0,2.0,2.0,89.0
Super built-up  Area,19-Dec,Binny Pete,3,1282.0,3.0,2.0,178.0
Super built-up  Area,Ready To Move,Yelahanka,1,654.0,1.0,1.0,38.4
Built-up  Area,Ready To Move,Bannerghatta Road,2,1181.0,2.0,0.0,55.0
Super built-up  Area,20-Dec,Whitefield,3,1306.0,3.0,2.0,54.65
Super built-up  Area,Ready To Move,Whitefield,3,1626.0,3.0,3.0,89.0
Super built-up  Area,Ready To Move,Whitefield,3,1585.0,3.0,2.0,88.0
Super built-up  Area,Ready To Move,7th Phase JP Nagar,2,1370.0,2.0,1.0,56.17
Super built-up  Area,Ready To Move,Kanakpura Road,2,1495.0,2.0,2.0,90.0
Plot  Area,Ready To Move,Bannerghatta,3,1375.0,3.0,0.0,57.0
Super built-up  Area,Ready To Move,Old Madras Road,4,3715.0,6.0,0.0,224.5
Built-up  Area,Ready To Move,Kereguddadahalli,3,1400.0,2.0,2.0,48.0
Super built-up  Area,21-Dec,Whitefield,1,665.0,2.0,2.0,28.585
Super built-up  Area,Ready To Move,Yelahanka,2,1150.0,2.0,2.0,46.0
Super built-up  Area,Ready To Move,Hebbal,2,1080.0,2.0,1.0,54.0
Super built-up  Area,Ready To Move,Kaikondrahalli,3,1645.0,3.0,2.0,100.0
Plot  Area,Ready To Move,Bommenahalli,3,1200.0,3.0,1.0,125.0
Super built-up  Area,18-Dec,JP Nagar,4,4624.5,4.0,0.0,314.5
Plot  Area,Ready To Move,Ramagondanahalli,1,540.0,1.0,0.0,30.0
Super built-up  Area,Ready To Move,Sarjapur  Road,2,1300.0,2.0,2.0,60.0
Built-up  Area,Ready To Move,9th Phase JP Nagar,3,1890.0,2.0,2.0,85.0
Built-up  Area,Ready To Move,Ulsoor,2,1275.0,2.0,2.0,120.0
Super built-up  Area,Ready To Move,Kathriguppe,3,1245.0,2.0,2.0,68.48
Super built-up  Area,18-Apr,Panathur,2,1193.0,2.0,1.0,86.0
Super built-up  Area,18-Dec,Chandapura,2,850.0,2.0,1.0,25.4
Super built-up  Area,Ready To Move,Marathahalli,3,1678.0,3.0,3.0,70.0
Built-up  Area,Ready To Move,Gunjur,3,1600.0,3.0,3.0,75.0
Super built-up  Area,Ready To Move,Electronics City Phase 1,3,1750.0,3.0,2.0,84.0
Super built-up  Area,18-Nov,Whitefield,2,1125.0,2.0,2.0,62.0
Built-up  Area,Ready To Move,HBR Layout,3,2800.0,2.0,0.0,200.0
Plot  Area,Ready To Move,R.T. Nagar,2,1200.0,2.0,1.0,120.0
Built-up  Area,Ready To Move,Sadashiva Nagar,4,2780.0,5.0,2.0,480.0
Built-up  Area,18-Dec,Electronic City Phase II,3,1320.0,2.0,1.0,38.13
Super built-up  Area,Ready To Move,Ardendale,4,2422.0,4.0,2.0,160.0
Built-up  Area,Ready To Move,Kasavanhalli,2,1100.0,2.0,1.0,50.0
Built-up  Area,Ready To Move,Uttarahalli,2,882.0,2.0,1.0,30.0
Super built-up  Area,Ready To Move,Bisuvanahalli,2,845.0,2.0,1.0,37.0
Super built-up  Area,Ready To Move,Kambipura,2,883.0,2.0,1.0,39.0
Super built-up  Area,Ready To Move,Thanisandra,1,776.5,2.0,2.0,48.145
Super built-up  Area,Ready To Move,Brookefield,3,1595.0,3.0,3.0,88.0
Built-up  Area,Ready To Move,Whitefield,2,1280.0,2.0,0.0,85.0
Super built-up  Area,Ready To Move,Choodasandra,2,1300.0,2.0,3.0,57.0
Super built-up  Area,Ready To Move,Harlur,3,1757.0,3.0,2.0,132.0
Super built-up  Area,Ready To Move,Sarjapur,2,1240.0,2.0,1.0,44.0
Super built-up  Area,18-Feb,EPIP Zone,2,1330.0,2.0,1.0,93.36
Super built-up  Area,Ready To Move,8th Phase JP Nagar,2,1062.0,2.0,1.0,42.47
Built-up  Area,Ready To Move,JP Nagar,2,1078.0,2.0,2.0,45.0
Super built-up  Area,Ready To Move,Bannerghatta Road,3,1460.0,2.0,2.0,72.0
Plot  Area,18-Dec,Whitefield,3,1200.0,3.0,2.0,68.5
Super built-up  Area,Ready To Move,Laggere,1,1200.0,1.0,1.0,48.0
Super built-up  Area,Ready To Move,Kammasandra,3,912.0,2.0,1.0,39.0
Plot  Area,Ready To Move,Prithvi Layout,4,2028.0,4.0,3.0,162.0
Super built-up  Area,19-Apr,Mysore Road,2,980.0,2.0,1.0,45.47
Built-up  Area,Ready To Move,Sarjapur  Road,2,1000.0,2.0,2.0,40.0
Super built-up  Area,Ready To Move,Sarjapur  Road,2,1050.0,2.0,1.0,62.0
Super built-up  Area,Ready To Move,Domlur,3,1875.0,2.0,2.0,150.0
Super built-up  Area,Ready To Move,Hennur Road,2,1065.0,2.0,1.0,42.6
Built-up  Area,Ready To Move,Sanjay nagar,3,1800.0,3.0,2.0,180.0
Super built-up  Area,Ready To Move,Sector 7 HSR Layout,2,1163.0,2.0,2.0,98.86
Super built-up  Area,Ready To Move,Tumkur Road,2,1098.0,2.0,1.0,72.0
Built-up  Area,Ready To Move,5th Phase JP Nagar,3,1725.0,2.0,2.0,100.0
Plot  Area,Ready To Move,Whitefield,4,4000.0,4.0,2.0,330.0
Super built-up  Area,Ready To Move,Thubarahalli,2,1128.0,2.0,2.0,75.0
Super built-up  Area,Ready To Move,Yelahanka,3,1705.0,3.0,1.0,74.16
Super built-up  Area,Ready To Move,Thigalarapalya,2,1418.0,2.0,2.0,95.0
Built-up  Area,Ready To Move,Ramamurthy Nagar,3,1500.0,3.0,1.0,160.0
Built-up  Area,Ready To Move,Hebbal,2,1100.0,2.0,2.0,50.0
Super built-up  Area,18-May,Hebbal,2,812.0,2.0,2.0,55.0
Super built-up  Area,19-Dec,Binny Pete,4,2817.5,2.0,2.0,204.0
Super built-up  Area,Ready To Move,Whitefield,2,1420.0,2.0,2.0,136.0
Plot  Area,Ready To Move,Banashankari Stage II,4,1200.0,2.0,1.0,150.0
Super built-up  Area,18-May,Old Airport Road,4,2774.0,4.0,2.0,207.0
Super built-up  Area,Ready To Move,HBR Layout,3,1722.0,3.0,2.0,95.0
Super built-up  Area,Ready To Move,Indira Nagar,3,2800.0,3.0,1.0,330.0
Built-up  Area,Ready To Move,Jigani,2,914.0,2.0,2.0,47.0
Super built-up  Area,19-Mar,Hennur Road,3,1482.0,2.0,2.0,83.73
Super built-up  Area,17-Dec,Kundalahalli,3,1724.0,3.0,2.0,127.0
Super built-up  Area,Ready To Move,Banaswadi,2,1184.0,2.0,3.0,53.0
Super built-up  Area,Ready To Move,Kodigehaali,2,1200.0,2.0,1.0,55.0
Plot  Area,Ready To Move,TC Palaya,2,1200.0,2.0,0.0,65.0
Super built-up  Area,Ready To Move,Jigani,2,927.0,2.0,2.0,55.0
Built-up  Area,18-Aug,Electronic City Phase II,3,1220.0,3.0,1.0,35.23
Built-up  Area,Ready To Move,Electronic City,3,1360.0,2.0,1.0,75.0
Plot  Area,Ready To Move,Brookefield,4,2800.0,4.0,2.0,240.0
Super built-up  Area,Ready To Move,7th Phase JP Nagar,2,1180.0,2.0,2.0,72.0
Super built-up  Area,Ready To Move,Whitefield,3,1697.0,3.0,2.0,108.0
Super built-up  Area,Ready To Move,Hennur,2,1225.0,2.0,1.0,57.0
Super built-up  Area,Ready To Move,JP Nagar,1,1050.0,1.0,1.0,44.0
Super built-up  Area,Ready To Move,HSR Layout,2,1027.0,2.0,2.0,44.0
Super built-up  Area,21-May,Kanakpura Road,3,1699.0,3.0,3.0,81.94
Built-up  Area,Ready To Move,Whitefield,2,1205.0,2.0,2.0,58.0
Super built-up  Area,18-Feb,Horamavu Agara,2,950.0,2.0,3.0,39.0
Plot  Area,Ready To Move,TC Palaya,2,1200.0,2.0,0.0,70.0
Super built-up  Area,Ready To Move,Akshaya Nagar,3,1476.0,3.0,1.0,120.0
Built-up  Area,Ready To Move,CV Raman Nagar,2,1070.0,2.0,1.0,55.0
Super built-up  Area,Ready To Move,EPIP Zone,3,2160.0,4.0,2.0,172.0
Super built-up  Area,Ready To Move,Sector 2 HSR Layout,2,1296.0,2.0,1.0,75.0
Built-up  Area,Ready To Move,Chikkalasandra,2,1800.0,1.0,1.0,128.0
Super built-up  Area,Ready To Move,Kanakpura Road,3,1570.0,3.0,3.0,64.5
Super built-up  Area,Ready To Move,Koramangala,2,1300.0,2.0,3.0,110.0
Built-up  Area,Ready To Move,Sarjapur,4,1550.0,2.0,2.0,65.0
Super built-up  Area,Ready To Move,Electronic City,2,770.0,1.0,1.0,40.0
Built-up  Area,Ready To Move,Jalahalli,3,1870.0,3.0,2.0,110.0
Super built-up  Area,Ready To Move,Domlur,3,1429.0,3.0,3.0,86.0
Super built-up  Area,17-Nov,Babusapalaya,3,1167.0,2.0,2.0,39.98
Super built-up  Area,18-May,Bommasandra,2,1035.0,2.0,1.0,41.73
Super built-up  Area,Ready To Move,Kengeri,3,1188.0,2.0,2.0,38.0
Super built-up  Area,Ready To Move,Nagarbhavi,1,884.0,2.0,2.0,36.0
Super built-up  Area,19-Dec,Hoodi,2,1026.0,2.0,1.0,60.87
Super built-up  Area,Ready To Move,Kaikondrahalli,2,1115.0,2.0,2.0,50.0
Plot  Area,Ready To Move,Hebbal Kempapura,2,1200.0,2.0,1.0,125.0
Super built-up  Area,18-Dec,Old Airport Road,4,2690.0,4.0,3.0,191.0
Super built-up  Area,Ready To Move,Subramanyapura,2,975.0,2.0,1.0,58.0
Super built-up  Area,Ready To Move,Chamrajpet,4,1900.0,2.0,1.0,170.0
Super built-up  Area,Ready To Move,OMBR Layout,2,1101.0,2.0,2.0,65.5
Super built-up  Area,Ready To Move,Sarjapur  Road,3,1700.0,3.0,3.0,135.0
Super built-up  Area,Ready To Move,Whitefield,4,3606.0,4.0,2.0,312.0
Super built-up  Area,Ready To Move,Padmanabhanagar,2,1258.0,2.0,2.0,115.0
Carpet  Area,Ready To Move,Kanakpura Road,3,1560.0,3.0,2.0,92.0
Super built-up  Area,Ready To Move,Old Madras Road,4,3630.0,6.0,1.0,195.0
Built-up  Area,Ready To Move,JP Nagar,3,2000.0,3.0,2.0,250.0
Super built-up  Area,19-Jun,Hebbal,4,2790.0,4.0,3.0,198.0
Super built-up  Area,18-Oct,Hennur Road,3,1482.0,2.0,1.0,87.0
Super built-up  Area,Ready To Move,Raja Rajeshwari Nagar,2,1185.0,2.0,2.0,47.39
Super built-up  Area,Ready To Move,Hulimavu,2,1100.0,2.0,2.0,71.5
Super built-up  Area,Ready To Move,Hulimavu,3,1758.0,3.0,2.0,65.0
Super built-up  Area,Ready To Move,Banaswadi,2,1145.0,2.0,2.0,55.0
Built-up  Area,Ready To Move,Hormavu,2,1180.0,2.0,2.0,50.0
Super built-up  Area,19-Jun,Yelahanka,4,3461.0,2.0,2.0,173.0
Built-up  Area,Ready To Move,Arekere,2,1190.0,2.0,2.0,55.0
Super built-up  Area,Ready To Move,Sarjapur  Road,3,1691.0,3.0,2.0,119.0
Built-up  Area,Ready To Move,Frazer Town,3,1305.0,3.0,2.0,95.45
Super built-up  Area,18-Apr,Basavangudi,3,2337.0,4.0,3.0,292.0
Super built-up  Area,20-Dec,Domlur,2,1206.0,2.0,1.0,217.0
Super built-up  Area,Ready To Move,Kogilu,2,1140.0,2.0,1.0,50.66
Built-up  Area,Ready To Move,Kereguddadahalli,2,800.0,2.0,2.0,28.0
Super built-up  Area,Ready To Move,Jalahalli East,2,1020.0,2.0,1.0,58.0
Super built-up  Area,Ready To Move,Anekal,2,925.0,2.0,1.0,40.0
Built-up  Area,Ready To Move,Yelachenahalli,4,1800.0,3.0,1.0,220.0
Built-up  Area,Ready To Move,Frazer Town,3,1510.0,2.0,1.0,75.0
Plot  Area,Ready To Move,Gottigere,2,1200.0,2.0,0.0,95.0
Plot  Area,Ready To Move,TC Palaya,2,900.0,2.0,0.0,55.0
Built-up  Area,Ready To Move,Bommenahalli,4,1632.0,3.0,0.0,145.0
Super built-up  Area,Ready To Move,OMBR Layout,2,1041.0,2.0,2.0,65.5
Built-up  Area,Ready To Move,7th Phase JP Nagar,6,5080.0,7.0,2.0,450.0
Super built-up  Area,18-Jul,Bannerghatta,4,3012.0,6.0,2.0,250.0
Super built-up  Area,Ready To Move,Marathahalli,3,1530.0,3.0,2.0,74.5
Super built-up  Area,Ready To Move,Bannerghatta Road,2,1200.0,2.0,2.0,75.0
Plot  Area,Ready To Move,Sahakara Nagar,4,1200.0,4.0,2.0,130.0
Super built-up  Area,Ready To Move,Hosur Road,3,1508.0,2.0,1.0,110.0
Super built-up  Area,18-May,Old Airport Road,4,2690.0,4.0,3.0,199.0
Super built-up  Area,Ready To Move,Harlur,2,1174.0,2.0,1.0,76.0
Super built-up  Area,19-Dec,Old Madras Road,3,1350.0,3.0,1.0,58.99
Super built-up  Area,Ready To Move,Frazer Town,3,1870.0,3.0,3.0,185.0
Super built-up  Area,18-Nov,Kengeri,2,726.0,2.0,1.0,31.0
Super built-up  Area,Ready To Move,Hosur Road,2,1345.0,2.0,2.0,106.0
Super built-up  Area,Ready To Move,Begur Road,2,1200.0,2.0,2.0,45.0
Super built-up  Area,Ready To Move,Hormavu,2,1050.0,2.0,1.0,77.0
Super built-up  Area,Ready To Move,Uttarahalli,2,993.0,2.0,1.0,39.71
Super built-up  Area,Ready To Move,7th Phase JP Nagar,3,1300.0,2.0,2.0,52.0
Super built-up  Area,Ready To Move,Vittasandra,3,1743.0,3.0,2.0,85.0
Plot  Area,Ready To Move,Whitefield,4,1204.0,4.0,1.0,125.0
Plot  Area,Ready To Move,Hormavu,2,1200.0,2.0,0.0,67.0
Super built-up  Area,Ready To Move,Sarjapur,2,950.0,2.0,2.0,32.5
Built-up  Area,Ready To Move,Domlur,1,640.0,1.0,0.0,55.0
Super built-up  Area,18-Jul,Electronic City Phase II,2,972.0,2.0,1.0,44.0
Super built-up  Area,Ready To Move,Marathahalli,3,1840.0,3.0,3.0,98.0
Super built-up  Area,Ready To Move,Electronic City,2,1128.0,2.0,1.0,64.0
Super built-up  Area,Ready To Move,Doddakallasandra,3,1360.0,2.0,2.0,54.39
Super built-up  Area,Ready To Move,BTM Layout,2,1150.0,2.0,2.0,63.0
Built-up  Area,19-Mar,Hennur Road,4,3450.0,4.0,3.0,294.0
Super built-up  Area,Ready To Move,Jigani,2,920.0,2.0,2.0,46.0
Super built-up  Area,18-Jun,Bommasandra Industrial Area,2,1030.0,2.0,1.0,41.0
Super built-up  Area,Ready To Move,Thanisandra,3,1564.0,3.0,1.0,101.0
Super built-up  Area,Ready To Move,Uttarahalli,2,1045.0,2.0,1.0,45.0
Plot  Area,Ready To Move,Hegde Nagar,4,1200.0,4.0,1.0,83.0
Built-up  Area,Ready To Move,Subramanyapura,2,1277.0,2.0,2.0,55.0
Super built-up  Area,Ready To Move,Sarjapur  Road,3,1846.0,3.0,2.0,140.0
Plot  Area,17-Jul,Hormavu,2,1200.0,3.0,0.0,70.0
Built-up  Area,Ready To Move,Yelahanka,4,3042.0,4.0,0.0,131.0
Super built-up  Area,Ready To Move,Rajaji Nagar,3,1640.0,3.0,3.0,223.0
Super built-up  Area,Ready To Move,Kanakpura Road,2,1135.0,2.0,2.0,58.0
Super built-up  Area,Ready To Move,Begur Road,3,1615.0,3.0,2.0,60.0
Super built-up  Area,Ready To Move,Kaggadasapura,2,1150.0,2.0,3.0,42.0
Super built-up  Area,Ready To Move,Tumkur Road,3,1354.0,3.0,1.0,90.0
Built-up  Area,Ready To Move,Arekere,1,600.0,1.0,1.0,28.0
Plot  Area,Ready To Move,Varthur,4,1320.0,2.0,1.0,110.0
Super built-up  Area,18-May,Koramangala,3,1600.0,3.0,2.0,88.0
Built-up  Area,Ready To Move,Kanakpura Road,4,3500.0,6.0,2.0,225.0
Super built-up  Area,Ready To Move,GM Palaya,2,1000.0,2.0,1.0,36.0
Super built-up  Area,Ready To Move,Vittasandra,2,1238.0,2.0,1.0,67.0
Super built-up  Area,18-Apr,Kudlu Gate,3,1364.0,2.0,3.0,46.38
Super built-up  Area,Ready To Move,Gubbalala,3,1745.0,3.0,2.0,104.0
Super built-up  Area,Ready To Move,Kogilu,2,1200.0,2.0,1.0,53.33
Super built-up  Area,Ready To Move,Kanakapura,2,1020.0,2.0,1.0,42.83
Super built-up  Area,18-Dec,Banashankari Stage III,3,1650.0,3.0,2.0,118.0
Super built-up  Area,Ready To Move,5th Phase JP Nagar,2,1440.0,2.0,2.0,60.0
Super built-up  Area,Ready To Move,Sarjapura - Attibele Road,3,1329.0,2.0,2.0,45.95
Super built-up  Area,Ready To Move,Hulimavu,1,688.0,1.0,2.0,50.0
Super built-up  Area,19-Jul,Kanakpura Road,2,1331.0,2.0,1.0,107.0
Super built-up  Area,Ready To Move,Malleshwaram,1,686.0,1.0,1.0,62.5
Super built-up  Area,Ready To Move,Hoodi,2,1050.0,2.0,2.0,50.0
Super built-up  Area,Ready To Move,Talaghattapura,3,2106.0,3.0,2.0,126.0
Super built-up  Area,18-Jul,Bhoganhalli,3,1718.0,3.0,2.0,90.2
Super built-up  Area,Ready To Move,Raja Rajeshwari Nagar,3,1530.0,3.0,2.0,57.0
Built-up  Area,Ready To Move,Hebbal,2,1075.0,2.0,3.0,52.0
Plot  Area,18-Dec,Sarjapur  Road,3,1200.0,3.0,1.0,95.0
Super built-up  Area,Ready To Move,Nagavara,4,2172.65,3.0,3.0,120.0
Super built-up  Area,Ready To Move,Sahakara Nagar,3,1100.0,2.0,2.0,75.0
Plot  Area,Ready To Move,BTM 2nd Stage,3,1260.0,5.0,1.0,185.0
Super built-up  Area,Ready To Move,CV Raman Nagar,2,740.0,2.0,1.0,37.0
Plot  Area,Ready To Move,Magadi Road,4,1500.0,2.0,2.0,93.0
Super built-up  Area,Ready To Move,Banashankari,3,1800.0,3.0,2.0,115.0
Super built-up  Area,Ready To Move,Yelachenahalli,3,1700.0,3.0,2.0,130.0
Built-up  Area,Ready To Move,Uttarahalli,2,850.0,2.0,2.0,37.93
Super built-up  Area,Ready To Move,Hennur Road,3,1891.0,3.0,1.0,139.0
Built-up  Area,Ready To Move,Jalahalli,2,1400.0,1.0,1.0,80.0
Super built-up  Area,Ready To Move,Lakshminarayana Pura,2,1172.0,2.0,2.0,82.0
Super built-up  Area,18-May,Electronic City Phase II,3,1400.0,2.0,2.0,40.43
Built-up  Area,Ready To Move,Sonnenahalli,2,896.0,2.0,1.0,43.75
Super built-up  Area,20-Jun,Vijayanagar,2,1180.0,2.0,2.0,65.0
Plot  Area,Ready To Move,Basaveshwara Nagar,7,2460.0,7.0,1.0,350.0
Super built-up  Area,19-Oct,Anekal,1,530.0,1.0,1.0,18.0
Super built-up  Area,19-Dec,Kanakapura,3,1699.0,3.0,3.0,97.0
Super built-up  Area,17-Oct,Bellandur,4,2025.0,4.0,3.0,109.0
Super built-up  Area,18-Jun,Ananth Nagar,1,500.0,2.0,2.0,14.0
Super built-up  Area,Ready To Move,Malleshwaram,3,2475.0,4.0,3.0,332.0
Super built-up  Area,Ready To Move,Haralur Road,2,1455.0,2.0,1.0,145.0
Plot  Area,Ready To Move,Seegehalli,2,800.0,1.0,0.0,50.0
Super built-up  Area,Ready To Move,Abbigere,1,765.0,2.0,2.0,30.0
Super built-up  Area,Ready To Move,Lingadheeranahalli,3,1521.0,3.0,1.0,94.99
Super built-up  Area,Ready To Move,Gottigere,3,1600.0,2.0,2.0,55.0
Super built-up  Area,Ready To Move,Hebbal Kempapura,3,2900.0,4.0,2.0,240.0
Super built-up  Area,Ready To Move,Kasavanhalli,3,1980.0,3.0,2.0,88.0
Built-up  Area,Ready To Move,Amruthahalli,3,1900.0,3.0,1.0,135.0
Super built-up  Area,Ready To Move,Bommasandra,2,1034.0,2.0,3.0,40.0
Super built-up  Area,Ready To Move,Electronic City,2,1070.0,2.0,1.0,54.0
Built-up  Area,Ready To Move,Mahadevpura,4,3555.0,4.0,1.0,230.0
Super built-up  Area,Ready To Move,Bellandur,3,1490.0,2.0,2.0,98.0
Super built-up  Area,Ready To Move,Mysore Road,2,883.0,2.0,1.0,40.0
Super built-up  Area,Ready To Move,Yeshwanthpur,1,671.0,1.0,1.0,36.85
Super built-up  Area,Ready To Move,Kammasandra,2,1156.0,2.0,2.0,32.0
Super built-up  Area,Ready To Move,Haralur Road,3,2017.0,3.0,2.0,125.0
Super built-up  Area,Ready To Move,Thigalarapalya,4,3122.0,6.0,2.0,235.0
Super built-up  Area,18-Jul,Ramagondanahalli,3,1635.0,3.0,1.0,62.0
Super built-up  Area,19-Jul,Kanakpura Road,2,1296.0,2.0,1.0,89.0
Super built-up  Area,Ready To Move,Budigere,2,1139.0,2.0,2.0,62.0
Super built-up  Area,18-Aug,CV Raman Nagar,2,1230.0,3.0,2.0,47.0
Super built-up  Area,19-Dec,Binny Pete,2,1245.0,2.0,1.0,86.28
Built-up  Area,Ready To Move,Marathahalli,4,3951.0,4.0,2.0,220.0
Super built-up  Area,Ready To Move,Ramamurthy Nagar,1,360.0,1.0,1.0,26.0
Super built-up  Area,Ready To Move,Electronics City Phase 1,3,1350.0,3.0,1.0,55.0
Built-up  Area,Ready To Move,Green Glen Layout,3,1670.0,3.0,2.0,120.0
Super built-up  Area,Ready To Move,Akshaya Nagar,3,1600.0,2.0,2.0,65.0
Super built-up  Area,Ready To Move,Horamavu Banaswadi,2,1307.0,2.0,2.0,51.6
Built-up  Area,Ready To Move,7th Phase JP Nagar,3,1050.0,2.0,1.0,57.0
Super built-up  Area,Ready To Move,Hennur Road,3,1703.0,3.0,2.0,101.0
Super built-up  Area,Ready To Move,Kaggalipura,3,1210.0,2.0,1.0,58.0
Built-up  Area,18-Dec,Electronic City,2,1025.0,2.0,1.0,29.6
Super built-up  Area,Ready To Move,7th Phase JP Nagar,3,1343.0,2.0,2.0,56.41
Super built-up  Area,Ready To Move,R.T. Nagar,3,1560.0,3.0,2.0,85.0
Super built-up  Area,17-Aug,Kalkere,2,925.0,2.0,2.0,51.0
Super built-up  Area,Ready To Move,Kanakpura Road,3,1420.0,2.0,2.0,75.0
Built-up  Area,Ready To Move,1st Block Koramangala,2,1415.0,2.0,3.0,110.0
Super built-up  Area,Ready To Move,Yeshwanthpur,3,1852.0,3.0,2.0,160.0
Super built-up  Area,Ready To Move,Hoskote,3,1250.0,3.0,2.0,50.0
Super built-up  Area,21-Sep,9th Phase JP Nagar,2,1100.0,2.0,1.0,65.0
Super built-up  Area,20-Dec,Jakkur,2,1100.0,2.0,1.0,53.35
Plot  Area,Ready To Move,Magadi Road,2,1350.0,1.0,0.0,100.0
Super built-up  Area,Ready To Move,Panathur,3,1546.0,3.0,2.0,99.0
Super built-up  Area,Ready To Move,Ambedkar Nagar,2,1424.0,2.0,2.0,90.0
Built-up  Area,Ready To Move,Bellandur,3,1398.0,3.0,1.0,68.0
Super built-up  Area,Ready To Move,Indira Nagar,3,1650.0,3.0,2.0,200.0
Plot  Area,Ready To Move,HBR Layout,4,1200.0,4.0,0.0,120.0
Super built-up  Area,Ready To Move,Brookefield,3,1476.0,3.0,2.0,105.0
Super built-up  Area,18-Aug,Magadi Road,3,1322.0,2.0,2.0,58.82
Built-up  Area,Ready To Move,Sarjapur,3,1285.0,2.0,2.0,68.0
Built-up  Area,Ready To Move,Ambalipura,2,1150.0,2.0,2.0,80.0
Super built-up  Area,Ready To Move,Thanisandra,3,1430.0,2.0,2.0,56.0
Super built-up  Area,Ready To Move,Marathahalli,3,1350.0,2.0,2.0,62.0
Built-up  Area,Ready To Move,Thubarahalli,2,1185.0,2.0,2.0,65.0
Super built-up  Area,Ready To Move,Bannerghatta Road,3,1760.0,3.0,2.0,67.0
Super built-up  Area,21-Dec,Kanakpura Road,2,900.0,2.0,1.0,41.0
Super built-up  Area,19-Jul,Kanakpura Road,2,1297.0,2.0,1.0,105.0
Built-up  Area,Ready To Move,Ramamurthy Nagar,2,950.0,2.0,1.0,50.79
Carpet  Area,Ready To Move,BTM 2nd Stage,2,950.0,2.0,1.0,52.0
Super built-up  Area,Ready To Move,Yeshwanthpur,2,1277.5,2.0,0.0,95.815
Super built-up  Area,18-Jan,Electronic City,3,1571.0,3.0,2.0,89.0
Super built-up  Area,Ready To Move,Electronic City Phase II,2,1031.0,2.0,1.0,55.0
Super built-up  Area,19-Dec,Whitefield,2,1485.0,2.0,1.0,90.0
Super built-up  Area,18-Dec,Ananth Nagar,2,1109.0,2.0,1.0,60.0
Super built-up  Area,Ready To Move,Koramangala,3,2200.0,3.0,2.0,180.0
Super built-up  Area,18-Apr,Whitefield,1,950.0,1.0,1.0,50.0
Super built-up  Area,Ready To Move,Basavangudi,3,2350.0,3.0,3.0,300.0
Super built-up  Area,18-Apr,Electronic City Phase II,2,1003.0,2.0,1.0,40.6
Super built-up  Area,18-Jun,9th Phase JP Nagar,2,1080.0,2.0,2.0,37.0
Super built-up  Area,Ready To Move,Hulimavu,2,1255.0,2.0,2.0,73.0
Super built-up  Area,Ready To Move,Banaswadi,2,1250.0,2.0,0.0,60.0
Plot  Area,Ready To Move,Brookefield,4,1700.0,4.0,1.0,152.0
Plot  Area,Ready To Move,Ramamurthy Nagar,3,1200.0,2.0,0.0,66.0
Super built-up  Area,Ready To Move,1st Phase JP Nagar,3,1875.0,3.0,1.0,167.0
Built-up  Area,18-Aug,Bommasandra Industrial Area,3,1320.0,2.0,1.0,38.12
Plot  Area,Ready To Move,Kothanur,5,9600.0,5.0,2.0,550.0
Super built-up  Area,Ready To Move,Uttarahalli,3,1330.0,2.0,1.0,47.0
Super built-up  Area,Ready To Move,Kaikondrahalli,3,1220.0,3.0,2.0,56.0
Super built-up  Area,18-Dec,Electronic City,3,1111.0,3.0,1.0,50.0
Super built-up  Area,Ready To Move,Kothannur,2,1197.0,2.0,1.0,47.88
Super built-up  Area,Ready To Move,Marathahalli,4,2519.0,5.0,2.0,185.0
Plot  Area,Ready To Move,Old Madras Road,4,1450.0,3.0,3.0,132.0
Super built-up  Area,22-Jun,Hoodi,3,1837.0,3.0,3.0,145.0
Super built-up  Area,Ready To Move,Kudlu Gate,2,1238.0,2.0,3.0,55.0
Super built-up  Area,Ready To Move,7th Phase JP Nagar,3,1405.0,2.0,2.0,59.01
Super built-up  Area,Ready To Move,Doddaballapur,4,1690.0,3.0,2.0,80.0
Super built-up  Area,Ready To Move,Kanakpura Road,3,1673.0,3.0,2.0,115.0
Plot  Area,Ready To Move,Margondanahalli,2,1090.0,2.0,0.0,58.0
Super built-up  Area,Ready To Move,Varthur,2,1112.0,2.0,2.0,40.0
Super built-up  Area,Ready To Move,Marathahalli,3,1385.0,2.0,2.0,66.65
Super built-up  Area,Ready To Move,Subramanyapura,2,985.0,2.0,1.0,58.0
Super built-up  Area,20-Dec,Kanakpura Road,1,825.0,1.0,0.0,36.29
Super built-up  Area,Ready To Move,Kanakpura Road,2,1080.0,2.0,1.0,37.8
Super built-up  Area,19-Mar,Hosa Road,2,1430.0,2.0,1.0,97.52
Super built-up  Area,Ready To Move,Kengeri Satellite Town,2,1050.0,2.0,2.0,43.0
Plot  Area,Ready To Move,Kumaraswami Layout,4,2000.0,4.0,1.0,139.0
Built-up  Area,Ready To Move,Banashankari Stage VI,4,4800.0,4.0,3.0,190.0
Super built-up  Area,Ready To Move,Malleshwaram,3,2610.0,3.0,2.0,399.0
Super built-up  Area,Ready To Move,Lakshminarayana Pura,3,1750.0,3.0,2.0,150.0
Super built-up  Area,Ready To Move,Prithvi Layout,2,1352.0,2.0,2.0,87.5
Super built-up  Area,Ready To Move,Harlur,3,1754.0,3.0,2.0,125.0
Super built-up  Area,18-Jul,Bannerghatta,4,3012.0,6.0,2.0,268.0
Super built-up  Area,Ready To Move,Whitefield,4,3584.0,4.0,2.0,199.0
Super built-up  Area,Ready To Move,Channasandra,3,1470.0,2.0,1.0,90.0
Built-up  Area,Ready To Move,9th Phase JP Nagar,2,1035.0,2.0,1.0,45.0
Plot  Area,Ready To Move,Whitefield,4,2400.0,5.0,2.0,329.0
Super built-up  Area,Ready To Move,Jakkur,2,1100.0,2.0,2.0,52.0
Super built-up  Area,Ready To Move,Horamavu Agara,2,1170.0,2.0,2.0,38.0
Super built-up  Area,19-Dec,Bannerghatta Road,1,595.0,1.0,1.0,31.83
Super built-up  Area,Ready To Move,HSR Layout,3,1650.0,3.0,2.0,110.0
Super built-up  Area,Ready To Move,1st Block Jayanagar,3,1875.0,2.0,3.0,235.0
Super built-up  Area,18-Jun,Ramagondanahalli,2,1235.0,2.0,1.0,46.8
Built-up  Area,Ready To Move,7th Phase JP Nagar,3,1400.0,3.0,1.0,115.0
Super built-up  Area,Ready To Move,Poorna Pragna Layout,3,1270.0,2.0,2.0,50.79
Super built-up  Area,18-Dec,Bannerghatta Road,2,1105.0,2.0,1.0,51.0
Plot  Area,Ready To Move,Attibele,4,2168.0,4.0,2.0,95.0
Super built-up  Area,Ready To Move,Yelahanka,2,1065.0,2.0,1.0,40.84
Plot  Area,Ready To Move,Raja Rajeshwari Nagar,9,3125.0,9.0,2.0,350.0
Super built-up  Area,Ready To Move,Whitefield,1,825.0,1.0,1.0,45.0
Super built-up  Area,Ready To Move,Electronic City,2,870.0,2.0,1.0,39.5
Super built-up  Area,Ready To Move,Panathur,2,1195.0,2.0,1.0,84.0
Super built-up  Area,Ready To Move,Raja Rajeshwari Nagar,3,1530.0,3.0,3.0,61.2
Super built-up  Area,17-Oct,Padmanabhanagar,3,1708.0,2.0,1.0,90.5
Built-up  Area,Ready To Move,KR Puram,2,750.0,2.0,1.0,25.0
Super built-up  Area,18-Dec,Iblur Village,3,1920.0,3.0,2.0,130.0
Super built-up  Area,21-Dec,Thanisandra,2,1183.0,2.0,1.0,58.56
Super built-up  Area,Ready To Move,Mico Layout,3,1550.0,2.0,2.0,65.0
Super built-up  Area,Ready To Move,Kaggadasapura,2,1110.0,2.0,3.0,53.0
Super built-up  Area,Ready To Move,Kaggadasapura,2,1105.0,2.0,1.0,38.67
Plot  Area,Ready To Move,Anekal,3,1800.0,3.0,2.0,68.0
Super built-up  Area,18-Jul,Bommanahalli,2,1000.0,2.0,2.0,29.9
Built-up  Area,Ready To Move,Prithvi Layout,2,1190.0,2.0,2.0,68.0
Super built-up  Area,19-Oct,Hebbal,4,3067.0,4.0,2.0,230.0
Super built-up  Area,18-May,Sarjapur  Road,3,1929.0,4.0,1.0,103.0
Built-up  Area,Ready To Move,Ramamurthy Nagar,3,1525.0,3.0,1.0,100.0
Super built-up  Area,Ready To Move,Nehru Nagar,3,1775.0,3.0,3.0,110.0
Built-up  Area,Ready To Move,Banashankari,2,1125.0,2.0,1.0,63.0
Super built-up  Area,18-Mar,Sarjapur  Road,2,1155.0,2.0,1.0,58.0
Built-up  Area,Ready To Move,Hulimavu,4,1200.0,4.0,0.0,75.0
Super built-up  Area,Ready To Move,Sonnenahalli,2,1268.0,2.0,1.0,73.0
Super built-up  Area,18-Jan,Electronic City,1,630.0,1.0,1.0,47.0
Super built-up  Area,Ready To Move,Seegehalli,3,1525.0,3.0,2.0,65.0
Super built-up  Area,Ready To Move,Kaggadasapura,2,1060.0,2.0,2.0,48.0
Super built-up  Area,Ready To Move,Lingadheeranahalli,3,1687.0,3.0,3.0,127.0
Super built-up  Area,Ready To Move,Thanisandra,3,1847.0,3.0,2.0,123.0
Super built-up  Area,Ready To Move,Begur Road,3,1410.0,2.0,3.0,53.0
Super built-up  Area,Ready To Move,7th Phase JP Nagar,2,1075.0,2.0,1.0,42.99
Super built-up  Area,Ready To Move,Rajaji Nagar,4,3526.0,4.0,2.0,492.0
Built-up  Area,18-Apr,Basavangudi,3,1500.0,2.0,1.0,143.0
Super built-up  Area,18-Jul,Haralur Road,3,1875.0,3.0,3.0,110.0
Super built-up  Area,20-Dec,Kanakpura Road,2,983.0,2.0,1.0,50.6
Super built-up  Area,Ready To Move,Kasturi Nagar,2,1101.0,2.0,2.0,65.0
Super built-up  Area,Ready To Move,Sarjapur  Road,2,1215.0,2.0,2.0,110.0
Super built-up  Area,Ready To Move,Kengeri Satellite Town,2,1007.0,2.0,3.0,42.0
Super built-up  Area,Ready To Move,Bellandur,3,2039.0,3.0,2.0,168.0
Built-up  Area,Ready To Move,Ulsoor,3,1020.0,3.0,2.0,110.0
Super built-up  Area,Ready To Move,Kaggadasapura,3,1350.0,3.0,1.0,55.5
Super built-up  Area,18-May,Gunjur Palya,2,1050.0,2.0,1.0,43.0
Carpet  Area,Ready To Move,KR Puram,3,1128.76,3.0,0.0,47.405
Super built-up  Area,Ready To Move,Electronic City,2,921.0,2.0,1.0,34.0
Super built-up  Area,Ready To Move,Kundalahalli,2,1010.0,2.0,1.0,49.27
Super built-up  Area,18-Jun,KR Puram,2,1015.0,2.0,1.0,43.0
Plot  Area,Ready To Move,TC Palaya,3,1200.0,2.0,0.0,66.5
Built-up  Area,Ready To Move,Lakshminarayana Pura,2,1179.0,2.0,1.0,75.0
Built-up  Area,Ready To Move,Anjanapura,4,1850.0,4.0,2.0,86.0
Super built-up  Area,Ready To Move,Kammasandra,2,870.0,2.0,1.0,24.0
Super built-up  Area,Ready To Move,Bellandur,3,1605.0,3.0,2.0,85.0
Super built-up  Area,Ready To Move,Malleshwaram,3,2475.0,4.0,3.0,320.0
Plot  Area,Ready To Move,Ramamurthy Nagar,2,1200.0,2.0,0.0,80.0
Plot  Area,18-May,Kammasandra,2,1200.0,2.0,1.0,66.0
Super built-up  Area,Ready To Move,Hennur,2,1255.0,2.0,1.0,57.5
Super built-up  Area,Ready To Move,Hosur Road,2,1085.0,2.0,2.0,30.38
Super built-up  Area,19-Jul,Kanakpura Road,3,1592.0,3.0,2.0,125.0
Super built-up  Area,21-May,Kogilu,3,1934.0,3.0,2.0,150.0
Super built-up  Area,Ready To Move,Harlur,2,1200.0,2.0,1.0,49.5
Super built-up  Area,Ready To Move,Uttarahalli,6,3600.0,6.0,2.0,120.0
Super built-up  Area,19-Dec,Old Madras Road,2,935.0,2.0,1.0,45.0
Built-up  Area,Ready To Move,Bommasandra,2,877.0,2.0,2.0,30.0
Super built-up  Area,19-Mar,Hennur Road,2,1232.0,2.0,0.0,69.61
Super built-up  Area,Ready To Move,Ambedkar Nagar,3,2225.0,4.0,2.0,169.0
Super built-up  Area,Ready To Move,Dasarahalli,3,1901.0,3.0,2.0,119.0
Super built-up  Area,18-Dec,Sarjapur  Road,3,1819.0,3.0,2.0,100.0
Super built-up  Area,Ready To Move,Old Madras Road,4,3715.0,6.0,0.0,200.5
Built-up  Area,Ready To Move,9th Phase JP Nagar,4,5000.0,4.0,3.0,290.0
Super built-up  Area,Ready To Move,7th Phase JP Nagar,2,1100.0,2.0,2.0,44.0
Plot  Area,Ready To Move,TC Palaya,4,4800.0,3.0,3.0,302.0
Super built-up  Area,Ready To Move,Kothanur,3,1435.0,3.0,3.0,70.0
Super built-up  Area,Ready To Move,6th Phase JP Nagar,4,3245.0,4.0,2.0,250.0
Super built-up  Area,Ready To Move,Sarjapur  Road,3,1845.0,4.0,1.0,110.0
Plot  Area,Ready To Move,Jigani,3,2400.0,4.0,1.0,130.0
Super built-up  Area,18-Feb,Ulsoor,2,1200.0,2.0,0.0,60.0
Super built-up  Area,18-Aug,Talaghattapura,3,2254.0,3.0,2.0,170.0
Super built-up  Area,Ready To Move,Frazer Town,3,1750.0,3.0,2.0,150.0
Built-up  Area,Ready To Move,Bommanahalli,1,515.0,1.0,1.0,25.0
Super built-up  Area,Ready To Move,Lingadheeranahalli,3,1893.0,3.0,2.0,140.0
Built-up  Area,Ready To Move,Singasandra,2,600.0,2.0,1.0,36.5
Super built-up  Area,Ready To Move,Kasavanhalli,2,1200.0,2.0,1.0,78.0
Super built-up  Area,19-Oct,Sarjapur  Road,2,1233.0,2.0,2.0,77.65
Super built-up  Area,Ready To Move,Bannerghatta Road,2,1255.0,2.0,2.0,65.26
Super built-up  Area,Ready To Move,Begur Road,2,1200.0,2.0,2.0,37.8
Super built-up  Area,Ready To Move,Varthur,3,2145.0,3.0,2.0,175.0
Built-up  Area,Ready To Move,1st Phase JP Nagar,5,1500.0,5.0,2.0,85.0
Built-up  Area,Ready To Move,Kothannur,2,740.0,2.0,1.0,34.0
Super built-up  Area,Ready To Move,Kengeri,3,1250.0,3.0,3.0,48.0
Super built-up  Area,Ready To Move,Sarjapur  Road,3,1525.0,2.0,2.0,60.0
Built-up  Area,Ready To Move,Kogilu,1,540.0,1.0,0.0,36.0
Super built-up  Area,Ready To Move,Tumkur Road,3,1240.0,2.0,1.0,84.0
Super built-up  Area,Ready To Move,Subramanyapura,3,1245.0,2.0,1.0,68.0
Super built-up  Area,18-Mar,Hosa Road,2,1104.0,2.0,0.0,36.43
Super built-up  Area,Ready To Move,Bisuvanahalli,3,1075.0,2.0,1.0,35.99
Super built-up  Area,Ready To Move,Whitefield,2,1155.0,2.0,1.0,60.0
Super built-up  Area,Ready To Move,Thigalarapalya,4,3122.0,6.0,2.0,245.0
Super built-up  Area,Ready To Move,Harlur,2,1290.0,2.0,1.0,85.0
Built-up  Area,Ready To Move,Kannamangala,4,3000.0,4.0,0.0,200.0
Super built-up  Area,Ready To Move,Banashankari,3,1340.0,2.0,3.0,53.6
Super built-up  Area,Ready To Move,Malleshwaram,2,900.0,2.0,1.0,95.0
Plot  Area,Ready To Move,Rajaji Nagar,6,1800.0,4.0,2.0,324.0
Super built-up  Area,Ready To Move,Hennur Road,2,987.0,2.0,1.0,49.0
Super built-up  Area,Ready To Move,Old Madras Road,3,1720.0,3.0,2.0,100.0
Super built-up  Area,Ready To Move,Hebbal,2,1040.0,2.0,1.0,50.0
Built-up  Area,Ready To Move,Anandapura,2,900.0,2.0,0.0,64.0
Built-up  Area,Ready To Move,Raja Rajeshwari Nagar,2,1030.0,2.0,1.0,50.0
Super built-up  Area,Ready To Move,Neeladri Nagar,3,2556.0,3.0,2.0,133.0
Super built-up  Area,Ready To Move,Basavangudi,3,1850.0,3.0,1.0,168.0
Super built-up  Area,Ready To Move,7th Phase JP Nagar,2,1270.0,2.0,1.0,83.0
Built-up  Area,18-Mar,Sahakara Nagar,3,1655.0,3.0,1.0,115.0
Built-up  Area,Ready To Move,Electronics City Phase 1,2,940.0,2.0,1.0,40.0
Super built-up  Area,Ready To Move,Domlur,2,1050.0,2.0,2.0,85.0
Built-up  Area,Ready To Move,CV Raman Nagar,3,1726.0,3.0,3.0,145.0
Super built-up  Area,Ready To Move,Sarakki Nagar,3,2121.0,4.0,3.0,253.0
Super built-up  Area,Ready To Move,Vittasandra,2,1404.0,2.0,1.0,75.0
Super built-up  Area,Ready To Move,Sarjapur,3,1525.0,2.0,2.0,48.0
Super built-up  Area,Ready To Move,Kengeri,2,1025.0,2.0,2.0,57.0
Super built-up  Area,Ready To Move,Talaghattapura,3,1223.0,2.0,1.0,42.81
Super built-up  Area,Ready To Move,Kothannur,2,1197.0,2.0,1.0,47.8
Super built-up  Area,Ready To Move,Garudachar Palya,2,1150.0,2.0,1.0,52.75
Super built-up  Area,Ready To Move,R.T. Nagar,2,1040.0,2.0,2.0,46.0
Super built-up  Area,18-May,Banashankari,2,1310.0,2.0,2.0,80.0
Super built-up  Area,Ready To Move,Uttarahalli,3,1788.0,3.0,2.0,98.34
Super built-up  Area,Ready To Move,Raja Rajeshwari Nagar,2,1144.0,2.0,2.0,38.55
Super built-up  Area,18-Jul,Anjanapura,2,1070.0,2.0,2.0,39.0
Super built-up  Area,Ready To Move,Ambedkar Nagar,3,1862.0,3.0,2.0,120.0
Plot  Area,Ready To Move,Margondanahalli,2,1200.0,2.0,1.0,58.5
Super built-up  Area,19-Mar,Kasavanhalli,3,1646.0,3.0,2.0,79.5
Super built-up  Area,Ready To Move,Sarjapur  Road,4,4395.0,4.0,2.0,242.0
Super built-up  Area,18-Dec,Iblur Village,3,1995.0,3.0,2.0,135.0
Super built-up  Area,18-Dec,Hosakerehalli,2,1085.0,2.0,1.0,47.74
Super built-up  Area,Ready To Move,Budigere,2,1139.0,2.0,2.0,56.8
Super built-up  Area,Ready To Move,Haralur Road,2,1092.0,2.0,2.0,44.0
Super built-up  Area,Ready To Move,Bellandur,3,1692.0,3.0,2.0,88.0
Built-up  Area,Ready To Move,6th Phase JP Nagar,3,1645.0,3.0,3.0,100.0
Super built-up  Area,Ready To Move,Uttarahalli,3,1345.0,2.0,1.0,57.0
Super built-up  Area,Ready To Move,Gollarapalya Hosahalli,3,1408.0,3.0,3.0,62.0
Plot  Area,Ready To Move,Banashankari Stage III,4,2400.0,4.0,1.0,240.0
Plot  Area,Ready To Move,Kadugodi,4,1920.0,4.0,2.0,200.0
Super built-up  Area,Ready To Move,Thigalarapalya,3,2072.0,4.0,2.0,150.0
Super built-up  Area,Ready To Move,Malleshwaram,2,1420.0,2.0,1.0,158.0
Plot  Area,Ready To Move,Electronics City Phase 1,3,2040.0,3.0,2.0,137.0
Super built-up  Area,Ready To Move,Sarjapur  Road,3,1220.0,3.0,2.0,56.0
Plot  Area,Ready To Move,8th Phase JP Nagar,4,1200.0,4.0,2.0,145.0
Super built-up  Area,21-Aug,Electronics City Phase 1,2,1150.0,2.0,2.0,39.0
Super built-up  Area,Ready To Move,KR Puram,2,1470.0,2.0,2.0,86.0
Super built-up  Area,18-May,Hosa Road,2,1063.0,2.0,1.0,31.9
Built-up  Area,Ready To Move,Vidyaranyapura,2,1060.0,2.0,2.0,55.0
Super built-up  Area,Ready To Move,Sector 7 HSR Layout,3,1760.0,3.0,2.0,145.0
Super built-up  Area,Ready To Move,Whitefield,3,2010.0,3.0,3.0,92.0
Super built-up  Area,Ready To Move,Kanakpura Road,3,1480.0,2.0,2.0,64.23
Super built-up  Area,18-Jun,8th Phase JP Nagar,3,1230.0,2.0,2.0,43.5
Super built-up  Area,Ready To Move,Gottigere,3,1300.0,3.0,3.0,65.0
Super built-up  Area,Ready To Move,Frazer Town,4,4850.0,6.0,2.0,385.0
Super built-up  Area,Ready To Move,Singasandra,2,1100.0,2.0,1.0,52.0
Super built-up  Area,Ready To Move,Harlur,3,1752.12,3.0,2.0,116.0
Super built-up  Area,Ready To Move,Marathahalli,2,957.0,2.0,1.0,46.9
Super built-up  Area,20-Jan,Balagere,1,790.5,1.0,0.0,41.9
Super built-up  Area,Ready To Move,Yeshwanthpur,1,668.0,1.0,1.0,36.85
Super built-up  Area,Ready To Move,Uttarahalli,2,1089.0,2.0,1.0,43.55
Super built-up  Area,Ready To Move,Thanisandra,3,1800.0,3.0,3.0,90.0
Super built-up  Area,Ready To Move,Yelahanka,2,1036.0,2.0,3.0,39.35
Super built-up  Area,Ready To Move,Marathahalli,3,1583.0,3.0,3.0,105.0
Built-up  Area,Ready To Move,7th Phase JP Nagar,4,3300.0,4.0,0.0,150.0
Super built-up  Area,Ready To Move,Padmanabhanagar,2,1100.0,2.0,2.0,65.0
Super built-up  Area,Ready To Move,Vittasandra,2,1246.0,2.0,1.0,65.0
Super built-up  Area,Ready To Move,Raja Rajeshwari Nagar,2,1196.0,2.0,2.0,51.51
Super built-up  Area,Ready To Move,Thanisandra,3,1697.0,3.0,2.0,114.0
Built-up  Area,Ready To Move,TC Palaya,2,1000.0,2.0,0.0,64.0
Super built-up  Area,Ready To Move,HRBR Layout,3,1567.0,3.0,3.0,90.0
Plot  Area,Ready To Move,Sarjapur  Road,4,3750.0,6.0,3.0,290.0
Super built-up  Area,Ready To Move,Bharathi Nagar,2,1322.0,2.0,2.0,68.0
Super built-up  Area,Ready To Move,Doddakallasandra,3,1460.0,2.0,2.0,58.39
Super built-up  Area,Ready To Move,Whitefield,3,1635.0,2.0,2.0,85.0
Super built-up  Area,Ready To Move,Rajaji Nagar,4,3526.0,4.0,1.0,558.0
Built-up  Area,Ready To Move,Padmanabhanagar,4,3400.0,3.0,1.0,210.0
Super built-up  Area,Ready To Move,EPIP Zone,4,3035.0,5.0,0.0,200.0
Super built-up  Area,Ready To Move,Akshaya Nagar,3,1720.0,3.0,1.0,134.0
Super built-up  Area,Ready To Move,Frazer Town,3,2000.0,3.0,1.0,200.0
Super built-up  Area,18-Aug,Yeshwanthpur,2,1185.0,2.0,2.0,75.84
Super built-up  Area,19-Dec,Varthur Road,2,900.0,2.0,1.0,27.0
Built-up  Area,Ready To Move,Attibele,1,395.0,1.0,1.0,10.25
Super built-up  Area,Ready To Move,Electronic City Phase II,2,1031.0,2.0,1.0,56.35
Super built-up  Area,Ready To Move,Hennur,2,1259.0,2.0,2.0,57.0
Built-up  Area,Ready To Move,Raja Rajeshwari Nagar,3,1570.0,3.0,2.0,88.0
Built-up  Area,Ready To Move,Bisuvanahalli,3,1075.0,2.0,1.0,36.0
Super built-up  Area,18-May,Whitefield,2,1216.0,2.0,1.0,79.0
Super built-up  Area,Ready To Move,Sarjapur  Road,3,1428.0,2.0,2.0,66.0
Super built-up  Area,Ready To Move,Begur Road,2,1160.0,2.0,2.0,40.59
Super built-up  Area,Ready To Move,Harlur,3,1754.0,3.0,2.0,135.0
Super built-up  Area,18-Feb,Rayasandra,3,1639.0,3.0,1.0,83.0
Super built-up  Area,19-Mar,Hennur Road,3,1804.0,3.0,2.0,102.0
Plot  Area,18-Aug,Whitefield,3,1200.0,3.0,2.0,56.2
Super built-up  Area,Ready To Move,Begur Road,2,1260.0,2.0,2.0,46.62
Built-up  Area,Ready To Move,Hennur Road,3,2160.0,3.0,2.0,160.0
Super built-up  Area,Ready To Move,Rachenahalli,2,1220.0,2.0,2.0,59.5
Plot  Area,Ready To Move,Margondanahalli,2,1200.0,2.0,0.0,67.0
Super built-up  Area,Ready To Move,Yelahanka,2,1300.0,2.0,3.0,65.0
Super built-up  Area,18-Apr,Bhoganhalli,2,1444.0,2.0,1.0,75.97
Built-up  Area,Ready To Move,Amruthahalli,2,924.0,2.0,1.0,45.0
Super built-up  Area,18-Nov,Kaikondrahalli,2,1000.0,2.0,1.0,30.0
Super built-up  Area,Ready To Move,Bisuvanahalli,2,845.0,2.0,1.0,29.0
Super built-up  Area,21-Dec,Kanakpura Road,2,700.0,2.0,1.0,35.0
Super built-up  Area,Ready To Move,Kothanur,2,1187.0,2.0,2.0,58.0
Super built-up  Area,Ready To Move,Kaggadasapura,3,1625.0,3.0,2.0,55.0
Plot  Area,Ready To Move,Devarachikkanahalli,2,1200.0,2.0,2.0,83.0
Super built-up  Area,Ready To Move,Kaval Byrasandra,2,1200.0,2.0,1.0,49.5
Super built-up  Area,Ready To Move,Budigere,2,1139.0,2.0,2.0,56.85
Super built-up  Area,Ready To Move,Kanakpura Road,3,1660.0,3.0,3.0,75.0
Super built-up  Area,Ready To Move,Somasundara Palya,2,1448.0,2.0,2.0,68.0
Super built-up  Area,18-May,Kadugodi,3,1762.0,3.0,3.0,110.0
Super built-up  Area,Ready To Move,Kaggadasapura,2,1105.0,2.0,1.0,38.65
Super built-up  Area,18-Mar,Yelahanka,3,1825.0,3.0,1.0,105.0
Super built-up  Area,Ready To Move,Thanisandra,2,1185.0,2.0,2.0,43.0
Built-up  Area,18-Aug,Electronic City Phase II,3,1320.0,2.0,1.0,38.12
Super built-up  Area,Ready To Move,Hulimavu,2,1058.0,2.0,1.0,48.0
Super built-up  Area,Ready To Move,Bellandur,2,1220.0,2.0,2.0,60.0
Super built-up  Area,18-Aug,Sarjapur,2,925.0,2.0,1.0,25.0
Super built-up  Area,18-May,Old Madras Road,2,1200.0,2.0,1.0,72.0
Super built-up  Area,Ready To Move,Kengeri,3,1160.0,2.0,2.0,40.6
Super built-up  Area,Ready To Move,Bannerghatta Road,3,1550.0,3.0,2.0,78.0
Super built-up  Area,Ready To Move,Green Glen Layout,4,3250.0,4.0,3.0,230.0
Super built-up  Area,Ready To Move,Haralur Road,3,2475.0,4.0,2.0,130.0
Super built-up  Area,22-May,Jakkur,4,3181.0,2.0,2.0,260.5
Super built-up  Area,19-Dec,7th Phase JP Nagar,4,2503.0,4.0,0.0,188.0
Super built-up  Area,Ready To Move,Marathahalli,4,2524.0,5.0,2.0,190.0
Super built-up  Area,Ready To Move,Kaggadasapura,2,1063.0,2.0,2.0,42.0
Super built-up  Area,Ready To Move,Kanakpura Road,2,1077.0,2.0,1.0,37.7
Built-up  Area,Ready To Move,Hosakerehalli,4,1500.0,3.0,2.0,70.0
Super built-up  Area,Ready To Move,Jalahalli,2,1045.0,2.0,2.0,76.77
Super built-up  Area,Ready To Move,Kanakapura,3,1290.0,2.0,3.0,45.15
Super built-up  Area,Ready To Move,Hoodi,2,1400.0,2.0,1.0,78.0
Built-up  Area,Ready To Move,Begur Road,3,1600.0,3.0,2.0,58.14
Super built-up  Area,Ready To Move,Nagavara,3,1545.0,2.0,1.0,58.0
Super built-up  Area,Ready To Move,Sarjapur  Road,3,1680.0,3.0,1.0,112.0
Super built-up  Area,Ready To Move,Gottigere,2,950.0,2.0,1.0,38.0
Super built-up  Area,Ready To Move,Thanisandra,2,1050.0,2.0,2.0,45.0
Super built-up  Area,Ready To Move,Banashankari Stage V,3,1305.0,2.0,2.0,49.0
Built-up  Area,18-Feb,Kodichikkanahalli,5,2700.0,7.0,2.0,125.0
Built-up  Area,Ready To Move,Thanisandra,6,3500.0,5.0,0.0,160.0
Super built-up  Area,19-Oct,Begur Road,3,1634.0,3.0,1.0,83.33
Super built-up  Area,Ready To Move,Prithvi Layout,2,1352.0,2.0,2.0,85.0
Super built-up  Area,17-Sep,Balagere,2,1145.0,2.0,2.0,65.0
Super built-up  Area,Ready To Move,7th Phase JP Nagar,3,2200.0,3.0,2.0,190.0
Super built-up  Area,18-Mar,Bommasandra Industrial Area,2,1020.0,2.0,1.0,39.0
Super built-up  Area,18-Aug,Raja Rajeshwari Nagar,2,1168.0,2.0,1.0,61.0
Super built-up  Area,18-Jul,Electronic City Phase II,2,1205.0,2.0,1.0,75.0
Super built-up  Area,Ready To Move,Yeshwanthpur,2,1195.0,2.0,2.0,100.0
Built-up  Area,Ready To Move,CV Raman Nagar,2,1028.0,2.0,1.0,49.0
Super built-up  Area,Ready To Move,Pai Layout,3,1550.0,2.0,2.0,90.0
Super built-up  Area,Ready To Move,Yeshwanthpur,3,1826.0,3.0,2.0,165.0
Plot  Area,Ready To Move,Hoodi,5,2400.0,5.0,2.0,160.0
Super built-up  Area,Ready To Move,Yelahanka,3,1603.0,3.0,2.0,96.0
Built-up  Area,Ready To Move,Marathahalli,3,1350.0,3.0,1.0,72.0
Built-up  Area,Ready To Move,KR Puram,1,714.0,1.0,1.0,28.0
Super built-up  Area,18-Nov,Whitefield,2,1215.0,2.0,3.0,65.0
Built-up  Area,Ready To Move,Malleshpalya,3,1405.0,2.0,2.0,77.0
Super built-up  Area,Ready To Move,KR Puram,2,1142.0,2.0,1.0,51.0
Super built-up  Area,Ready To Move,Whitefield,3,1870.0,3.0,2.0,90.0
Super built-up  Area,Ready To Move,Subramanyapura,2,1313.0,2.0,2.0,73.0
Super built-up  Area,17-Jul,Thanisandra,3,1573.0,3.0,2.0,95.0
Super built-up  Area,Ready To Move,Sarjapur  Road,2,1255.0,2.0,1.0,92.0
Super built-up  Area,Ready To Move,Sarjapur  Road,3,1380.0,2.0,1.0,52.0
Super built-up  Area,Ready To Move,Thigalarapalya,2,1418.0,2.0,2.0,103.0
Built-up  Area,Ready To Move,Anekal,1,351.0,1.0,1.0,16.0
Super built-up  Area,Ready To Move,Uttarahalli,2,1279.0,2.0,2.0,48.0
Built-up  Area,Ready To Move,Kasavanhalli,3,1870.0,3.0,1.0,200.0
Super built-up  Area,19-Oct,Hebbal,3,2526.0,2.0,2.0,250.0
Super built-up  Area,Ready To Move,Rajaji Nagar,4,3539.5,2.0,2.0,424.5
Super built-up  Area,18-Aug,Uttarahalli,3,1845.0,2.0,1.0,68.27
Super built-up  Area,Ready To Move,Whitefield,2,1260.0,2.0,2.0,49.5
Built-up  Area,Ready To Move,Dasanapura,2,965.0,2.0,1.0,42.5
Built-up  Area,Ready To Move,Hoodi,3,1350.0,2.0,3.0,48.0
Super built-up  Area,18-Jul,Bhoganhalli,2,1447.0,2.0,1.0,75.97
Super built-up  Area,Ready To Move,Kudlu,2,1027.0,2.0,2.0,43.0
Super built-up  Area,Ready To Move,Gottigere,2,1153.0,2.0,1.0,48.5
Super built-up  Area,18-Dec,Whitefield,4,2856.0,5.0,0.0,145.5
Super built-up  Area,Ready To Move,Malleshpalya,2,1065.0,2.0,2.0,50.0
Super built-up  Area,Ready To Move,Mallasandra,2,1340.0,2.0,2.0,61.0
Super built-up  Area,Ready To Move,Begur Road,3,1410.0,2.0,3.0,44.42
Super built-up  Area,20-Dec,Varthur,2,1055.0,2.0,2.0,45.35
Super built-up  Area,18-May,Yelahanka,2,1304.0,2.0,1.0,79.0
Super built-up  Area,18-Feb,Sadashiva Nagar,4,2720.0,4.0,1.0,485.0
Built-up  Area,Ready To Move,Kammasandra,2,990.0,2.0,1.0,31.5
Super built-up  Area,Ready To Move,7th Phase JP Nagar,2,1035.0,2.0,1.0,39.33
Super built-up  Area,21-Jun,Tumkur Road,1,700.0,1.0,0.0,30.09
Super built-up  Area,Ready To Move,Sonnenahalli,2,1120.0,2.0,2.0,43.0
Super built-up  Area,Ready To Move,Haralur Road,2,1300.0,2.0,2.0,73.0
Super built-up  Area,21-Jan,Tumkur Road,2,1239.0,2.0,1.0,82.0
Super built-up  Area,Ready To Move,Hosa Road,2,1365.0,2.0,1.0,92.0
Super built-up  Area,Ready To Move,Subramanyapura,3,1130.0,2.0,3.0,45.19
Super built-up  Area,Ready To Move,Green Glen Layout,3,1776.42,3.0,2.0,105.0
Super built-up  Area,Ready To Move,Nagavara,3,2319.0,3.0,2.0,180.0
Super built-up  Area,19-Jul,Kannamangala,3,1536.0,3.0,1.0,89.0
Super built-up  Area,22-Jun,Hoodi,3,1850.0,3.0,2.0,146.0
Super built-up  Area,Ready To Move,Billekahalli,2,1112.0,2.0,2.0,62.0
Super built-up  Area,Ready To Move,Marathahalli,3,1535.0,3.0,2.0,72.5
Plot  Area,Ready To Move,Banashankari,4,2400.0,3.0,2.0,370.0
Super built-up  Area,Ready To Move,7th Phase JP Nagar,3,1250.0,3.0,2.0,65.0
Super built-up  Area,Ready To Move,Kalena Agrahara,2,1187.0,2.0,3.0,52.0
Built-up  Area,Ready To Move,9th Phase JP Nagar,2,1164.0,2.0,1.0,56.0
Super built-up  Area,18-May,Electronic City Phase II,3,1395.0,2.0,1.0,62.78
Super built-up  Area,18-Jul,Arekere,3,2072.0,3.0,2.0,108.0
Super built-up  Area,Ready To Move,Kanakpura Road,3,1450.0,3.0,3.0,60.91
Super built-up  Area,Ready To Move,Bannerghatta Road,3,1550.0,3.0,2.0,82.0
Super built-up  Area,19-Dec,Hebbal,4,3067.0,4.0,3.0,230.0
Super built-up  Area,Ready To Move,Bisuvanahalli,3,1075.0,2.0,1.0,47.0
Built-up  Area,Ready To Move,Kaggadasapura,3,1470.0,2.0,2.0,75.0
Built-up  Area,Ready To Move,Hosur Road,3,1590.0,2.0,2.0,125.0
Super built-up  Area,Ready To Move,Kanakpura Road,2,1050.0,2.0,1.0,36.75
Super built-up  Area,Ready To Move,Raja Rajeshwari Nagar,2,1306.0,2.0,1.0,55.91
Built-up  Area,Ready To Move,Malleshwaram,3,2000.0,3.0,2.0,250.0
Super built-up  Area,Ready To Move,Sarjapur  Road,3,1220.0,3.0,2.0,58.0
Plot  Area,Ready To Move,Sarjapur,4,3190.0,3.0,1.0,160.0
Super built-up  Area,18-May,Ramagondanahalli,2,1215.0,2.0,1.0,51.26
Built-up  Area,Ready To Move,Budigere,3,1920.0,2.0,1.0,88.0
Super built-up  Area,Ready To Move,Dodda Nekkundi,2,1390.0,2.0,2.0,60.0
Super built-up  Area,21-Jul,Hoodi,2,1196.0,2.0,0.0,71.74
Super built-up  Area,Ready To Move,Bannerghatta Road,3,1550.0,2.0,2.0,75.0
Super built-up  Area,Ready To Move,Thigalarapalya,2,1418.0,2.0,2.0,101.0
Built-up  Area,Ready To Move,KR Puram,2,1115.0,2.0,2.0,33.45
Super built-up  Area,Ready To Move,Anekal,2,1035.0,2.0,2.0,38.3
Super built-up  Area,Ready To Move,Singasandra,3,1306.0,2.0,2.0,58.0
Super built-up  Area,18-Dec,Kengeri,2,750.0,2.0,2.0,22.0
Super built-up  Area,Ready To Move,Thanisandra,3,1917.0,3.0,3.0,122.0
Super built-up  Area,Ready To Move,Kaggadasapura,3,1615.0,3.0,3.0,58.0
Super built-up  Area,Ready To Move,Marathahalli,2,1071.0,2.0,2.0,52.25
Super built-up  Area,Ready To Move,Koramangala,2,1325.0,2.0,2.0,119.0
Plot  Area,Ready To Move,Malleshwaram,7,3000.0,4.0,2.0,900.0
Super built-up  Area,Ready To Move,5th Phase JP Nagar,3,1400.0,2.0,1.0,88.0
Super built-up  Area,21-Jan,Tumkur Road,2,1246.0,2.0,1.0,82.0
Built-up  Area,Ready To Move,Sarjapur,2,1215.0,2.0,0.0,40.0
Super built-up  Area,Ready To Move,Munnekollal,2,1200.0,2.0,2.0,49.5
Super built-up  Area,Ready To Move,Kodigehaali,2,1200.0,2.0,2.0,60.0
Built-up  Area,Ready To Move,Kaval Byrasandra,2,945.0,2.0,2.0,50.0
Super built-up  Area,Ready To Move,Benson Town,4,4460.0,5.0,2.0,650.0
Super built-up  Area,Ready To Move,Hormavu,2,1175.0,2.0,1.0,52.0
Super built-up  Area,Ready To Move,Whitefield,2,920.0,2.0,1.0,63.0
Super built-up  Area,Ready To Move,Hosakerehalli,4,3024.0,5.0,1.0,350.0
Super built-up  Area,Ready To Move,Ardendale,3,1750.0,3.0,3.0,100.0
Super built-up  Area,Ready To Move,Uttarahalli,3,1425.0,2.0,2.0,64.0
Super built-up  Area,Ready To Move,Basavangudi,3,2150.0,3.0,2.0,265.0
Super built-up  Area,20-Dec,Whitefield,2,1165.0,2.0,1.0,40.5
Super built-up  Area,Ready To Move,Kaggadasapura,2,1050.0,2.0,2.0,48.0
Super built-up  Area,18-Apr,Electronic City,3,1374.0,2.0,1.0,72.0
Super built-up  Area,Ready To Move,Harlur,3,1754.0,3.0,2.0,124.0
Super built-up  Area,Ready To Move,Kothanur,3,1847.0,3.0,2.0,110.0
Super built-up  Area,Ready To Move,Ambedkar Nagar,3,1850.0,4.0,3.0,139.0
Plot  Area,18-May,Chikka Tirupathi,3,3297.0,3.0,1.0,135.0
Built-up  Area,18-Dec,Bommasandra Industrial Area,3,1400.0,2.0,1.0,40.44
Super built-up  Area,Ready To Move,Chamrajpet,2,1350.0,2.0,3.0,180.0
Plot  Area,Ready To Move,Doddaballapur,3,3000.0,2.0,2.0,120.0
Super built-up  Area,21-Dec,Thanisandra,1,693.0,1.0,1.0,34.3
Super built-up  Area,21-May,Dairy Circle,3,1980.0,3.0,2.0,224.0
Super built-up  Area,Ready To Move,KR Puram,2,1021.0,2.0,1.0,48.0
Super built-up  Area,Ready To Move,Thigalarapalya,2,1165.0,2.0,2.0,95.0
Super built-up  Area,19-Mar,Horamavu Agara,3,1756.0,3.0,2.0,92.0
Super built-up  Area,Ready To Move,Bharathi Nagar,3,1739.0,3.0,1.0,105.0
Super built-up  Area,Ready To Move,Varthur,2,1280.0,2.0,2.0,65.0
Super built-up  Area,Ready To Move,Marathahalli,2,1215.0,2.0,2.0,58.86
Super built-up  Area,18-Apr,Munnekollal,2,950.0,2.0,1.0,46.5
Built-up  Area,Ready To Move,Kengeri,3,1082.0,2.0,1.0,49.0
Super built-up  Area,Ready To Move,Devanahalli,2,1080.0,2.0,0.0,53.35
Super built-up  Area,Ready To Move,Arekere,2,1100.0,2.0,2.0,55.0
Plot  Area,Ready To Move,Ardendale,4,3200.0,4.0,1.0,205.0
Super built-up  Area,Ready To Move,Sarjapur  Road,2,1311.0,2.0,1.0,78.0
Super built-up  Area,Ready To Move,Raja Rajeshwari Nagar,3,1608.0,3.0,1.0,67.98
Super built-up  Area,Ready To Move,Begur Road,2,1160.0,2.0,2.0,36.0
Super built-up  Area,Ready To Move,Whitefield,2,1170.0,2.0,1.0,71.0
Super built-up  Area,Ready To Move,Kengeri,2,1155.0,2.0,2.0,40.6
Super built-up  Area,18-Dec,Hebbal,3,1255.0,2.0,1.0,77.68
Super built-up  Area,Ready To Move,Rayasandra,2,1065.0,2.0,2.0,44.95
Super built-up  Area,Ready To Move,Neeladri Nagar,1,674.0,1.0,1.0,21.0
Super built-up  Area,Ready To Move,Ambedkar Nagar,3,1936.0,4.0,2.0,126.0
Super built-up  Area,18-Dec,Sarakki Nagar,3,2289.0,3.0,2.0,260.0
Super built-up  Area,Ready To Move,Ramagondanahalli,3,2257.0,4.0,2.0,157.0
Super built-up  Area,Ready To Move,Nagarbhavi,2,1055.0,2.0,2.0,55.0
Super built-up  Area,Ready To Move,Raja Rajeshwari Nagar,3,1530.0,3.0,3.0,51.87
Super built-up  Area,Ready To Move,Raja Rajeshwari Nagar,3,1575.0,2.0,2.0,78.0
Built-up  Area,Ready To Move,Frazer Town,3,3500.0,4.0,2.0,330.0
Super built-up  Area,Ready To Move,Rajiv Nagar,2,1263.0,2.0,1.0,93.32
Super built-up  Area,Ready To Move,KR Puram,3,1559.0,3.0,0.0,69.315
Super built-up  Area,Ready To Move,Kengeri Satellite Town,2,1043.0,2.0,2.0,65.0
Super built-up  Area,Ready To Move,Hennur,2,1255.0,2.0,2.0,53.5
Super built-up  Area,18-Mar,JP Nagar,2,1352.5,2.0,0.0,93.865
Super built-up  Area,18-Dec,Chandapura,1,590.0,1.0,0.0,13.57
Plot  Area,Ready To Move,Yelahanka,3,1550.0,3.0,1.0,120.0
Super built-up  Area,Ready To Move,Sarjapur  Road,3,1220.0,3.0,3.0,56.0
Super built-up  Area,20-Mar,8th Phase JP Nagar,3,1455.0,3.0,2.0,73.31
Built-up  Area,Ready To Move,KR Puram,2,1035.0,2.0,1.0,40.5
Super built-up  Area,Ready To Move,Harlur,2,1152.0,2.0,2.0,69.0
Super built-up  Area,Ready To Move,Bellandur,2,1299.0,2.0,2.0,82.0
Super built-up  Area,Ready To Move,Rachenahalli,2,1050.0,2.0,2.0,52.5
Super built-up  Area,Ready To Move,Pai Layout,2,1050.0,2.0,2.0,40.0
Super built-up  Area,Ready To Move,Vittasandra,2,1246.0,2.0,1.0,67.4
Super built-up  Area,Ready To Move,Hennur,2,1285.0,2.0,1.0,60.0
Plot  Area,Ready To Move,Margondanahalli,3,1200.0,2.0,0.0,65.0
Built-up  Area,Ready To Move,BTM 2nd Stage,3,1850.0,3.0,2.0,170.0
Built-up  Area,Ready To Move,Sompura,3,1025.0,2.0,0.0,37.0
Built-up  Area,Ready To Move,Malleshwaram,2,1124.0,3.0,2.0,80.0
Super built-up  Area,19-Dec,Balagere,2,1012.0,2.0,1.0,54.59
Super built-up  Area,Ready To Move,8th Phase JP Nagar,2,871.0,2.0,2.0,55.0
Super built-up  Area,Ready To Move,Rachenahalli,3,1550.0,3.0,3.0,73.5
Super built-up  Area,Ready To Move,Akshaya Nagar,3,1410.0,2.0,2.0,80.0
Plot  Area,18-Dec,Chikka Tirupathi,4,3500.0,5.0,3.0,150.0
Super built-up  Area,18-Apr,Whitefield,2,1118.0,2.0,1.0,75.0
Super built-up  Area,Ready To Move,Thanisandra,2,1098.0,2.0,1.0,68.0
Super built-up  Area,Ready To Move,Kanakapura,2,1130.0,2.0,1.0,45.2
Super built-up  Area,Ready To Move,Sarjapur  Road,2,1145.0,2.0,2.0,75.0
Plot  Area,Ready To Move,Kadugodi,3,950.0,3.0,1.0,80.0
Super built-up  Area,18-Apr,Marathahalli,2,1102.0,2.0,2.0,53.67
Super built-up  Area,Ready To Move,Jalahalli,2,1478.0,2.0,2.0,125.0
Carpet  Area,18-Dec,Hebbal,2,823.0,2.0,1.0,50.63
Super built-up  Area,21-Dec,Abbigere,2,880.0,2.0,1.0,35.0
Super built-up  Area,Ready To Move,Budigere,3,1991.0,4.0,2.0,100.0
Built-up  Area,Ready To Move,TC Palaya,3,1100.0,3.0,1.0,50.0
Super built-up  Area,Ready To Move,Gubbalala,3,1745.0,3.0,2.0,115.0
Super built-up  Area,Ready To Move,5th Phase JP Nagar,2,1450.0,2.0,1.0,58.0
Super built-up  Area,Ready To Move,Singasandra,4,3366.0,4.0,2.0,120.0
Built-up  Area,Ready To Move,Sahakara Nagar,2,1150.0,2.0,1.0,54.0
Plot  Area,Ready To Move,Banashankari Stage VI,4,2200.0,4.0,2.0,195.0
Built-up  Area,Ready To Move,Bommanahalli,2,1090.0,3.0,2.0,44.0
Super built-up  Area,Ready To Move,Kaggadasapura,2,1132.0,2.0,2.0,42.0
Super built-up  Area,Ready To Move,Hulimavu,2,1375.0,2.0,2.0,80.0
Plot  Area,Ready To Move,7th Phase JP Nagar,4,1500.0,5.0,3.0,220.0
Super built-up  Area,Ready To Move,Thanisandra,1,760.0,1.0,2.0,50.3
Super built-up  Area,Ready To Move,Kaggadasapura,2,1180.0,2.0,2.0,65.0
Super built-up  Area,Ready To Move,Jigani,2,918.0,2.0,2.0,45.0
Built-up  Area,Ready To Move,Margondanahalli,2,1200.0,1.0,0.0,53.0
Super built-up  Area,Ready To Move,Ardendale,3,1728.0,3.0,2.0,95.0
Super built-up  Area,Ready To Move,Malleshwaram,3,2215.0,3.0,1.0,275.0
Super built-up  Area,Ready To Move,BTM 2nd Stage,2,1200.0,2.0,2.0,80.0
Super built-up  Area,Ready To Move,6th Phase JP Nagar,2,1280.0,2.0,2.0,56.0
Super built-up  Area,20-Aug,Rachenahalli,1,440.0,1.0,0.0,28.0
Plot  Area,Ready To Move,Kanakpura Road,3,1500.0,3.0,2.0,97.0
Super built-up  Area,Ready To Move,Whitefield,3,1800.0,3.0,2.0,110.0
Super built-up  Area,Ready To Move,Mysore Road,3,1525.0,3.0,2.0,96.0
Super built-up  Area,19-Dec,Old Madras Road,2,1225.0,2.0,1.0,53.55
Super built-up  Area,Ready To Move,Bannerghatta Road,3,1650.0,3.0,2.0,122.0
Super built-up  Area,Ready To Move,9th Phase JP Nagar,2,1005.0,2.0,1.0,42.0
Super built-up  Area,20-Dec,Whitefield,3,1562.0,3.0,2.0,103.0
Built-up  Area,Ready To Move,Devanahalli,4,5000.0,5.0,2.0,395.0
Super built-up  Area,Ready To Move,Ramamurthy Nagar,2,1200.0,2.0,3.0,42.0
Super built-up  Area,Ready To Move,Kasavanhalli,3,1555.0,3.0,2.0,82.5
Plot  Area,Ready To Move,KR Puram,2,1550.0,2.0,1.0,71.0
Super built-up  Area,Ready To Move,Whitefield,2,1190.0,2.0,2.0,67.0
Built-up  Area,Ready To Move,Chikkalasandra,2,1070.0,2.0,2.0,50.0
Super built-up  Area,Ready To Move,Jalahalli East,2,1020.0,2.0,1.0,42.48
Super built-up  Area,Ready To Move,Yelahanka,3,1610.0,3.0,1.0,115.0
Super built-up  Area,Ready To Move,Hebbal,2,1420.0,2.0,1.0,123.0
Carpet  Area,18-Dec,Hebbal,3,1069.0,3.0,2.0,65.4
Super built-up  Area,Ready To Move,Marathahalli,3,1900.0,3.0,3.0,123.0
Super built-up  Area,18-May,Old Airport Road,2,1655.0,2.0,1.0,97.65
Super built-up  Area,Ready To Move,Uttarahalli,2,1155.0,2.0,2.0,40.42
Built-up  Area,Ready To Move,Sarjapur  Road,3,1300.0,2.0,2.0,70.0
Super built-up  Area,Ready To Move,Electronic City,2,1100.0,2.0,2.0,45.0
Super built-up  Area,Ready To Move,Doddathoguru,2,1030.0,2.0,2.0,42.0
Built-up  Area,Ready To Move,Bhoganhalli,3,1700.0,3.0,2.0,126.0
Super built-up  Area,Ready To Move,Jakkur,3,1760.0,3.0,2.0,139.0
Built-up  Area,Ready To Move,Bannerghatta Road,2,912.0,2.0,1.0,55.0
Super built-up  Area,Ready To Move,Whitefield,2,1102.0,2.0,1.0,48.0
Super built-up  Area,Ready To Move,Haralur Road,2,1243.0,2.0,2.0,46.0
Super built-up  Area,Ready To Move,Jigani,2,918.0,2.0,2.0,63.2
Super built-up  Area,Ready To Move,Begur Road,3,1500.0,2.0,3.0,70.0
Super built-up  Area,Ready To Move,Kasavanhalli,3,1476.0,3.0,0.0,89.0
Super built-up  Area,18-Apr,Mysore Road,2,1200.0,2.0,3.0,65.0
Super built-up  Area,21-Jun,Vijayanagar,1,606.0,1.0,0.0,34.78
Super built-up  Area,Ready To Move,Garudachar Palya,3,1295.0,2.0,1.0,59.5
Built-up  Area,Ready To Move,Neeladri Nagar,1,527.0,1.0,0.0,26.0
Super built-up  Area,Ready To Move,OMBR Layout,2,1300.0,2.0,2.0,80.0
Built-up  Area,Ready To Move,Koramangala,2,1140.0,2.0,1.0,75.2
Super built-up  Area,18-Dec,Whitefield,3,2321.0,4.0,1.0,128.0
Super built-up  Area,Ready To Move,Sarjapur  Road,2,1390.0,2.0,2.0,62.0
Super built-up  Area,Ready To Move,Sarjapur  Road,3,1725.0,3.0,3.0,90.0
Super built-up  Area,18-May,Hebbal,4,3067.0,4.0,1.0,310.0
Super built-up  Area,18-Mar,Hennur Road,3,1186.0,2.0,1.0,63.0
Super built-up  Area,18-Dec,Kanakpura Road,2,1230.0,2.0,1.0,85.0
Super built-up  Area,18-Dec,Yeshwanthpur,3,1313.0,3.0,1.0,96.0
Super built-up  Area,Ready To Move,Ambalipura,2,1250.0,2.0,2.0,66.25
Super built-up  Area,19-Dec,Binny Pete,1,660.0,1.0,1.0,54.0
Super built-up  Area,Ready To Move,Basavangudi,2,1036.0,2.0,2.0,105.0
Built-up  Area,Ready To Move,Koramangala,4,2700.0,4.0,3.0,450.0
Super built-up  Area,Ready To Move,Old Madras Road,2,1100.0,2.0,1.0,70.0
Built-up  Area,Ready To Move,Electronics City Phase 1,2,1015.0,2.0,1.0,56.0
Plot  Area,Ready To Move,Gottigere,1,812.0,1.0,0.0,26.0
Super built-up  Area,Ready To Move,BTM 2nd Stage,2,1274.0,2.0,2.0,70.0
Super built-up  Area,Ready To Move,Raja Rajeshwari Nagar,2,1151.0,2.0,2.0,39.02
Super built-up  Area,Ready To Move,Banashankari Stage V,2,1035.0,2.0,2.0,35.77
Super built-up  Area,Ready To Move,Kothannur,2,1070.0,2.0,1.0,42.79
Built-up  Area,Ready To Move,Raja Rajeshwari Nagar,3,1570.0,2.0,2.0,65.0
Built-up  Area,Ready To Move,Tindlu,7,7500.0,7.0,2.0,400.0
Built-up  Area,Ready To Move,5th Phase JP Nagar,3,1700.0,2.0,3.0,100.0
Super built-up  Area,Ready To Move,Haralur Road,3,1850.0,3.0,2.0,110.0
Built-up  Area,Ready To Move,Kereguddadahalli,2,904.0,2.0,1.0,30.0
Super built-up  Area,Ready To Move,7th Phase JP Nagar,3,1385.0,2.0,2.0,58.17
Super built-up  Area,Ready To Move,Sahakara Nagar,2,1270.0,2.0,1.0,69.85
Super built-up  Area,Ready To Move,Kanakpura Road,3,1450.0,3.0,3.0,56.0
Super built-up  Area,Ready To Move,Mahadevpura,1,730.0,1.0,1.0,35.0
Super built-up  Area,Ready To Move,Raja Rajeshwari Nagar,3,1580.0,3.0,3.0,53.56
Super built-up  Area,Ready To Move,Thanisandra,2,1111.0,2.0,1.0,50.0
Super built-up  Area,Ready To Move,Varthur,2,977.0,2.0,2.0,36.0
Plot  Area,Ready To Move,Sarjapur,4,2540.0,4.0,1.0,115.0
Super built-up  Area,17-Dec,Jakkur,2,1290.0,2.0,1.0,100.0
Super built-up  Area,Ready To Move,Abbigere,2,795.0,2.0,1.0,32.54
Super built-up  Area,20-Dec,Kanakpura Road,2,700.0,1.0,1.0,35.0
Built-up  Area,Ready To Move,Vijayanagar,3,1000.0,3.0,0.0,140.0
Plot  Area,Ready To Move,Bommenahalli,4,1670.0,3.0,0.0,135.0
Super built-up  Area,Ready To Move,Dodda Nekkundi,3,1804.0,3.0,2.0,121.0
Super built-up  Area,Ready To Move,1st Phase JP Nagar,3,2065.0,4.0,1.0,210.0
Super built-up  Area,Ready To Move,Hoskote,3,1225.0,3.0,1.0,40.0
Super built-up  Area,18-Nov,Thanisandra,2,1185.5,2.0,0.0,58.68
Super built-up  Area,Ready To Move,Bellandur,2,900.0,2.0,2.0,56.0
Super built-up  Area,Ready To Move,Kaggalipura,1,700.0,1.0,0.0,36.0
Super built-up  Area,18-Jun,Mysore Road,2,1005.0,2.0,0.0,35.175
Super built-up  Area,Ready To Move,Poorna Pragna Layout,2,1160.0,2.0,1.0,46.39
Super built-up  Area,Ready To Move,Hennur Road,3,1680.0,3.0,2.0,99.27
Carpet  Area,Ready To Move,LB Shastri Nagar,2,1043.0,2.0,2.0,55.0
Plot  Area,Ready To Move,Hoskote,4,1200.0,4.0,1.0,120.0
Super built-up  Area,Ready To Move,Hebbal,2,1040.0,2.0,2.0,46.0
Super built-up  Area,Ready To Move,Tindlu,3,1357.0,2.0,2.0,65.0
Super built-up  Area,Ready To Move,Yelachenahalli,2,1130.0,2.0,2.0,40.0
Carpet  Area,Ready To Move,Sultan Palaya,3,1700.0,3.0,3.0,120.0
Super built-up  Area,Ready To Move,Doddathoguru,3,1549.0,3.0,2.0,65.0
Super built-up  Area,Ready To Move,Yeshwanthpur,2,1400.0,2.0,2.0,100.0
Super built-up  Area,Ready To Move,Dodda Nekkundi,2,1080.0,2.0,2.0,50.0
Built-up  Area,Ready To Move,Ulsoor,2,1180.0,2.0,2.0,100.0
Super built-up  Area,Ready To Move,Domlur,3,1800.0,3.0,2.0,150.0
Super built-up  Area,18-Aug,Haralur Road,2,1225.0,2.0,1.0,67.38
Super built-up  Area,Ready To Move,Abbigere,2,1005.0,2.0,1.0,39.59
Super built-up  Area,Ready To Move,Whitefield,2,1320.0,2.0,1.0,95.0
Super built-up  Area,18-Dec,Kudlu Gate,3,1707.0,2.0,2.0,99.745
Super built-up  Area,18-Aug,Electronic City,2,1128.0,2.0,1.0,65.35
Super built-up  Area,22-May,Jakkur,2,1452.19,2.0,1.0,100.0
Super built-up  Area,18-Jul,Banashankari,3,2600.0,4.0,1.0,135.0
Super built-up  Area,Ready To Move,Sarakki Nagar,3,2500.0,4.0,2.0,325.0
Built-up  Area,Ready To Move,Sanjay nagar,2,630.0,1.0,1.0,35.0
Super built-up  Area,Ready To Move,Hosa Road,2,1243.0,2.0,2.0,48.5
Built-up  Area,Ready To Move,Whitefield,2,735.0,2.0,1.0,35.0
Super built-up  Area,Ready To Move,Banaswadi,2,1365.0,2.0,2.0,73.0
Super built-up  Area,Ready To Move,Rajaji Nagar,5,2849.0,5.0,0.0,300.0
Super built-up  Area,Ready To Move,Hebbal,2,1420.0,2.0,1.0,99.39
Super built-up  Area,Ready To Move,Somasundara Palya,3,1570.0,3.0,3.0,68.0
Super built-up  Area,Ready To Move,Bisuvanahalli,2,850.0,1.0,1.0,32.0
Super built-up  Area,Ready To Move,7th Phase JP Nagar,3,1575.0,2.0,2.0,110.0
Super built-up  Area,Ready To Move,Thigalarapalya,2,1418.0,2.0,2.0,104.0
Super built-up  Area,Ready To Move,Uttarahalli,2,1050.0,2.0,1.0,42.0
Built-up  Area,Ready To Move,Ulsoor,3,1340.0,3.0,0.0,90.0
Super built-up  Area,Ready To Move,Yelahanka New Town,3,1610.0,3.0,2.0,92.0
Built-up  Area,18-Aug,Electronic City Phase II,2,1160.0,2.0,1.0,33.5
Super built-up  Area,Ready To Move,Yelahanka,3,1455.0,3.0,1.0,61.5
Super built-up  Area,18-Jun,Abbigere,1,734.0,1.0,0.0,19.82
Built-up  Area,Ready To Move,Whitefield,3,1896.0,3.0,1.0,75.0
Super built-up  Area,Ready To Move,Ardendale,2,1100.0,2.0,1.0,48.0
Built-up  Area,Ready To Move,Bellandur,2,1350.0,2.0,1.0,79.0
Super built-up  Area,Ready To Move,Cunningham Road,3,3875.0,3.0,2.0,864.0
Super built-up  Area,Ready To Move,Kasavanhalli,3,1493.0,3.0,2.0,82.0
Super built-up  Area,Ready To Move,8th Phase JP Nagar,2,1098.0,2.0,1.0,43.91
Super built-up  Area,Ready To Move,Banashankari,3,1900.0,2.0,1.0,170.0
Super built-up  Area,Ready To Move,Frazer Town,3,2350.0,4.0,3.0,285.0
Plot  Area,Ready To Move,Horamavu Banaswadi,5,1600.0,5.0,3.0,140.0
Super built-up  Area,Ready To Move,Varthur,2,1091.0,2.0,1.0,32.0
Super built-up  Area,Ready To Move,Yelahanka,2,1180.0,2.0,3.0,42.0
Super built-up  Area,19-Dec,Kanakpura Road,2,1366.0,3.0,1.0,76.85
Built-up  Area,Ready To Move,Koramangala,2,1260.0,2.0,3.0,100.0
Plot  Area,Ready To Move,Whitefield,3,3010.0,3.0,2.0,200.0
Plot  Area,Ready To Move,Ramamurthy Nagar,3,1330.0,4.0,1.0,140.0
Super built-up  Area,18-Apr,Whitefield,2,1346.0,2.0,1.0,96.17
Super built-up  Area,18-Aug,Chandapura,1,630.0,1.0,0.0,13.86
Super built-up  Area,19-May,Sarjapur  Road,3,1476.0,2.0,2.0,98.94
Super built-up  Area,Ready To Move,7th Phase JP Nagar,3,1850.0,3.0,2.0,140.0
Super built-up  Area,Ready To Move,Electronic City,2,755.0,1.0,1.0,34.0
Super built-up  Area,18-Feb,Whitefield,3,3850.0,5.0,2.0,316.0
Super built-up  Area,18-Jul,Hebbal,4,4235.0,4.0,2.0,365.0
Super built-up  Area,Ready To Move,Vijayanagar,2,1352.0,2.0,2.0,68.0
Super built-up  Area,Ready To Move,Thanisandra,3,2002.0,3.0,2.0,112.0
Built-up  Area,Ready To Move,Kaval Byrasandra,2,1060.0,2.0,2.0,45.0
Super built-up  Area,Ready To Move,Kanakpura Road,3,1419.59,2.0,1.0,59.0
Super built-up  Area,Ready To Move,Raja Rajeshwari Nagar,2,1196.0,2.0,2.0,51.15
Built-up  Area,18-Dec,Electronic City,3,1220.0,2.0,2.0,35.24
Super built-up  Area,18-Apr,Electronics City Phase 1,3,1595.0,3.0,2.0,75.0
Super built-up  Area,Ready To Move,Banashankari,2,1260.0,2.0,3.0,75.0
Super built-up  Area,Ready To Move,Hebbal,2,1100.0,2.0,2.0,47.0
Super built-up  Area,Ready To Move,Frazer Town,2,1550.0,2.0,2.0,140.0
Plot  Area,18-Dec,Electronic City,4,4000.0,5.0,1.0,150.0
Built-up  Area,Ready To Move,Akshaya Nagar,3,1662.0,3.0,2.0,85.0
Super built-up  Area,Ready To Move,Ambedkar Nagar,3,1862.0,3.0,2.0,119.0
Super built-up  Area,Ready To Move,Raja Rajeshwari Nagar,2,1419.0,2.0,2.0,48.0
Built-up  Area,14-Nov,Whitefield,3,1410.0,3.0,2.0,43.71
Super built-up  Area,Ready To Move,Raja Rajeshwari Nagar,3,1560.0,2.0,2.0,62.4
Super built-up  Area,19-Nov,Thanisandra,3,1634.0,3.0,3.0,78.0
Plot  Area,Ready To Move,Ambedkar Nagar,5,5530.0,5.0,3.0,627.0
Built-up  Area,Ready To Move,Whitefield,3,1150.0,2.0,3.0,44.0
Super built-up  Area,19-Mar,Yelahanka,3,1616.0,3.0,1.0,65.0
Super built-up  Area,17-Dec,Nagavarapalya,2,1392.0,2.0,1.0,99.0
Super built-up  Area,19-Dec,Jakkur,3,1798.0,3.0,1.0,120.0
Super built-up  Area,Ready To Move,Babusapalaya,3,1675.0,3.0,3.0,75.0
Super built-up  Area,19-Jun,Hebbal,3,1700.0,3.0,2.0,124.0
Super built-up  Area,Ready To Move,Hulimavu,2,1248.0,2.0,1.0,69.0
Built-up  Area,Ready To Move,Kalkere,2,1147.0,2.0,1.0,54.0
Super built-up  Area,Ready To Move,Sultan Palaya,2,1100.0,2.0,2.0,40.0
Super built-up  Area,Ready To Move,Vijayanagar,3,1527.0,3.0,2.0,115.0
Super built-up  Area,21-Dec,Kanakpura Road,1,525.0,1.0,1.0,25.0
Super built-up  Area,Ready To Move,Kaggadasapura,2,1100.0,2.0,3.0,58.0
Super built-up  Area,17-Dec,Seegehalli,2,1118.0,2.0,2.0,37.5
Super built-up  Area,20-Dec,Kanakapura,3,1476.0,3.0,1.0,75.0
Super built-up  Area,Ready To Move,Ambalipura,2,1332.0,2.0,1.0,79.0
Super built-up  Area,Ready To Move,Hennur Road,2,1350.0,2.0,3.0,49.0
Super built-up  Area,Ready To Move,NGR Layout,2,1105.0,2.0,2.0,49.73
Super built-up  Area,Ready To Move,Kasavanhalli,2,1200.0,2.0,2.0,50.0
Super built-up  Area,18-Jun,Ramagondanahalli,2,1251.0,2.0,1.0,47.4
Super built-up  Area,Ready To Move,Pai Layout,3,1400.0,2.0,3.0,67.0
Super built-up  Area,Ready To Move,Rajaji Nagar,3,1800.0,3.0,3.0,260.0
Super built-up  Area,Ready To Move,Hegde Nagar,3,1703.0,3.0,2.0,113.0
Super built-up  Area,Ready To Move,NRI Layout,5,2500.0,5.0,3.0,130.0
Super built-up  Area,Ready To Move,Varthur,3,1250.0,3.0,2.0,71.0
Super built-up  Area,Ready To Move,Jigani,2,933.0,2.0,2.0,43.0
Super built-up  Area,Ready To Move,Brookefield,2,1262.0,2.0,1.0,75.0
Super built-up  Area,Ready To Move,Yelahanka,2,915.0,2.0,2.0,48.0
Super built-up  Area,Ready To Move,Panathur,3,1370.0,2.0,2.0,61.5
Super built-up  Area,Ready To Move,Malleshpalya,2,1210.0,2.0,3.0,55.0
Super built-up  Area,Ready To Move,Kodihalli,3,2392.0,4.0,2.0,260.0
Super built-up  Area,Ready To Move,Rajaji Nagar,4,3100.0,4.0,2.0,570.0
Super built-up  Area,Ready To Move,Ramamurthy Nagar,3,1515.0,3.0,3.0,65.0
Plot  Area,19-Dec,Sarjapura - Attibele Road,4,1800.0,4.0,2.0,110.0
Super built-up  Area,Ready To Move,Uttarahalli,3,1300.0,2.0,1.0,55.0
Built-up  Area,Ready To Move,Vijayanagar,2,989.0,2.0,0.0,60.0
Super built-up  Area,Ready To Move,Jakkur,2,1300.0,2.0,1.0,85.0
Super built-up  Area,18-Jul,Chandapura,3,1185.0,2.0,2.0,30.22
Super built-up  Area,Ready To Move,Marathahalli,2,1045.0,2.0,3.0,60.0
Super built-up  Area,Ready To Move,Ulsoor,3,1500.0,2.0,2.0,125.0
Super built-up  Area,18-May,Bommanahalli,3,1250.0,2.0,2.0,42.5
Super built-up  Area,Ready To Move,Lakshminarayana Pura,2,1149.0,2.0,1.0,75.0
Super built-up  Area,Ready To Move,Sarjapur  Road,3,2180.0,3.0,2.0,170.0
Super built-up  Area,Ready To Move,Hulimavu,3,1818.0,3.0,1.0,135.0
Super built-up  Area,Ready To Move,Rajaji Nagar,3,1640.0,3.0,2.0,241.0
Built-up  Area,Ready To Move,Nagarbhavi,3,1350.0,2.0,2.0,54.6
Built-up  Area,Ready To Move,Chandapura,2,630.0,1.0,1.0,27.0
Super built-up  Area,22-Jun,Hoodi,2,1430.0,2.0,2.0,113.0
Super built-up  Area,Ready To Move,Nagavara,3,2430.0,4.0,3.0,180.0
Super built-up  Area,Ready To Move,Sarjapur  Road,2,1084.0,2.0,3.0,55.0
Super built-up  Area,Ready To Move,Hennur Road,3,1186.0,2.0,1.0,56.0
Built-up  Area,Ready To Move,Kengeri,2,1255.0,2.0,2.0,50.0
Super built-up  Area,Ready To Move,Haralur Road,4,3400.0,5.0,3.0,240.0
Super built-up  Area,18-Dec,Hosa Road,3,1541.0,3.0,1.0,69.84
Super built-up  Area,Ready To Move,Iblur Village,4,3596.0,5.0,1.0,282.0
Super built-up  Area,Ready To Move,Raja Rajeshwari Nagar,2,1295.0,2.0,2.0,70.0
Super built-up  Area,Ready To Move,7th Phase JP Nagar,3,1370.0,2.0,2.0,54.79
Super built-up  Area,Ready To Move,Electronic City,2,1100.0,2.0,1.0,40.0
Super built-up  Area,18-Apr,Hebbal,4,4772.0,6.0,2.0,510.0
Super built-up  Area,Ready To Move,Rajaji Nagar,2,1370.0,2.0,1.0,170.0
Super built-up  Area,Ready To Move,7th Phase JP Nagar,3,1370.0,2.0,1.0,54.79
Super built-up  Area,Ready To Move,JP Nagar,2,1200.0,2.0,2.0,62.0
Plot  Area,Ready To Move,Gunjur,4,2000.0,3.0,0.0,95.0
Built-up  Area,Ready To Move,9th Phase JP Nagar,4,3500.0,4.0,2.0,300.0
Super built-up  Area,Ready To Move,Sarjapur  Road,3,1220.0,3.0,2.0,62.0
Super built-up  Area,Ready To Move,Somasundara Palya,2,1178.0,2.0,3.0,73.0
Super built-up  Area,Ready To Move,Dasanapura,3,1286.0,3.0,2.0,61.44
Super built-up  Area,Ready To Move,Begur Road,2,1160.0,2.0,2.0,42.0
Super built-up  Area,Ready To Move,Jigani,2,918.0,2.0,2.0,55.0
Super built-up  Area,21-Dec,Electronic City,3,1563.0,3.0,2.0,91.84
Super built-up  Area,17-Dec,Hebbal,4,3960.0,5.0,3.0,386.0
Super built-up  Area,Ready To Move,Begur Road,2,1240.0,2.0,2.0,39.06
Super built-up  Area,Ready To Move,Kaggadasapura,2,1325.0,2.0,2.0,50.0
Super built-up  Area,Ready To Move,Sonnenahalli,2,1100.0,2.0,1.0,44.0
Super built-up  Area,Ready To Move,Cunningham Road,3,3875.0,3.0,2.0,800.0
Super built-up  Area,Ready To Move,Hennur Road,5,5600.0,5.0,3.0,515.0
Super built-up  Area,Ready To Move,Somasundara Palya,2,1260.0,2.0,1.0,60.0
Super built-up  Area,19-Dec,Hoodi,3,1553.0,3.0,2.0,83.09
Super built-up  Area,Ready To Move,Whitefield,2,1280.0,2.0,2.0,52.0
Super built-up  Area,Ready To Move,Hebbal,3,1550.0,2.0,2.0,75.0
Super built-up  Area,Ready To Move,Murugeshpalya,3,1550.0,3.0,2.0,74.0
Super built-up  Area,Ready To Move,Electronics City Phase 1,3,1515.0,2.0,1.0,80.91
Super built-up  Area,19-Mar,Hosa Road,3,1332.0,2.0,1.0,86.12
Super built-up  Area,Ready To Move,Electronic City,3,1652.0,3.0,2.0,70.0
Super built-up  Area,Ready To Move,Hegde Nagar,3,1570.0,3.0,1.0,105.0
Plot  Area,Ready To Move,Sarjapur  Road,4,5400.0,4.0,3.0,725.0
Super built-up  Area,Ready To Move,Sector 2 HSR Layout,1,794.0,1.0,1.0,60.0
Plot  Area,Ready To Move,Seegehalli,3,1200.0,2.0,0.0,62.0
Built-up  Area,Ready To Move,7th Phase JP Nagar,4,3600.0,3.0,2.0,410.0
Plot  Area,Ready To Move,Hosakerehalli,3,1200.0,3.0,2.0,175.0
Super built-up  Area,Ready To Move,HRBR Layout,3,2800.0,3.0,2.0,250.0
Super built-up  Area,Ready To Move,Sarjapur  Road,3,1750.0,3.0,2.0,110.0
Built-up  Area,Ready To Move,Hebbal,2,1053.0,2.0,1.0,48.0
Super built-up  Area,Ready To Move,Kadubeesanahalli,3,1665.0,3.0,3.0,70.0
Plot  Area,Ready To Move,Malleshwaram,4,5500.0,5.0,1.0,1500.0
Built-up  Area,Ready To Move,Bommasandra,3,1447.0,3.0,2.0,80.0
Built-up  Area,Ready To Move,Balagere,2,1012.0,2.0,1.0,75.0
Super built-up  Area,Ready To Move,Green Glen Layout,4,3250.0,4.0,2.0,230.0
Super built-up  Area,Ready To Move,Hormavu,1,1351.0,2.0,1.0,53.0
Super built-up  Area,Ready To Move,Electronic City,2,1000.0,2.0,2.0,22.0
Super built-up  Area,18-Aug,Gunjur,2,1140.0,2.0,2.0,49.11
Super built-up  Area,22-May,Jakkur,4,3181.0,4.0,0.0,260.5
Built-up  Area,Ready To Move,Uttarahalli,3,1250.0,2.0,1.0,55.0
Super built-up  Area,Ready To Move,Kanakapura,3,1290.0,3.0,3.0,45.15
Super built-up  Area,Ready To Move,Garudachar Palya,3,1320.0,2.0,2.0,60.6
Built-up  Area,Ready To Move,Akshaya Nagar,3,1662.0,3.0,2.0,85.5
Built-up  Area,Ready To Move,Koramangala,3,1975.0,3.0,2.0,210.0
Super built-up  Area,Ready To Move,Garudachar Palya,3,1295.0,2.0,2.0,59.5
Super built-up  Area,Ready To Move,Battarahalli,3,1777.0,3.0,2.0,100.0
Super built-up  Area,18-Apr,Kadugodi,3,1900.0,3.0,2.0,108.0
Super built-up  Area,17-Jul,Anandapura,3,1576.0,3.0,2.0,59.1
Super built-up  Area,Ready To Move,Sompura,2,1020.0,2.0,3.0,41.0
Super built-up  Area,18-Aug,Raja Rajeshwari Nagar,1,648.0,1.0,1.0,31.75
Super built-up  Area,Ready To Move,Neeladri Nagar,3,1167.0,2.0,1.0,38.0
Super built-up  Area,Ready To Move,Hoodi,2,1220.0,2.0,2.0,50.89
Super built-up  Area,Ready To Move,Vittasandra,2,1259.0,2.0,1.0,67.4
Built-up  Area,Ready To Move,Gottigere,4,2000.0,4.0,2.0,82.0
Super built-up  Area,Ready To Move,8th Phase JP Nagar,3,1800.0,3.0,1.0,80.0
Super built-up  Area,Ready To Move,Bannerghatta,3,1665.0,3.0,3.0,110.0
Super built-up  Area,Ready To Move,Mysore Road,3,1340.0,2.0,2.0,64.31
Super built-up  Area,Ready To Move,Banashankari,2,1170.0,2.0,2.0,46.79
Built-up  Area,Ready To Move,Electronics City Phase 1,2,995.0,2.0,0.0,46.0
Super built-up  Area,Ready To Move,Old Airport Road,2,1075.0,2.0,2.0,60.0
Super built-up  Area,18-Apr,Electronic City,2,1025.0,2.0,1.0,54.5
Super built-up  Area,Ready To Move,Rachenahalli,3,2721.0,3.0,2.0,113.0
Super built-up  Area,Ready To Move,Thanisandra,3,2000.0,3.0,2.0,99.0
Super built-up  Area,Ready To Move,Whitefield,4,2500.0,4.0,3.0,155.0
Super built-up  Area,Ready To Move,Mallasandra,2,1325.0,2.0,2.0,70.0
Super built-up  Area,18-Apr,Kadugodi,2,1314.0,2.0,3.0,68.2
Super built-up  Area,21-Feb,Kanakpura Road,3,2265.0,3.0,2.0,136.0
Super built-up  Area,21-Dec,Yelahanka,2,1026.0,2.0,1.0,41.0
Super built-up  Area,18-Sep,KR Puram,2,1192.5,2.0,0.0,51.22
Super built-up  Area,18-Dec,Hebbal,2,1420.0,2.0,1.0,99.39
Super built-up  Area,Ready To Move,Sarjapur  Road,3,1888.0,4.0,1.0,95.0
Super built-up  Area,18-May,JP Nagar,2,1300.0,2.0,1.0,90.87
Super built-up  Area,18-May,Rajaji Nagar,2,1216.0,2.0,0.0,97.16
Built-up  Area,Ready To Move,Begur,3,1559.0,3.0,2.0,63.0
Super built-up  Area,Ready To Move,Harlur,2,1290.0,2.0,1.0,87.0
Built-up  Area,18-Jun,Whitefield,1,905.0,1.0,1.0,55.0
Super built-up  Area,19-Aug,Sarjapura - Attibele Road,2,829.0,2.0,1.0,22.8
Built-up  Area,Ready To Move,Koramangala,2,1900.0,2.0,1.0,200.0
Built-up  Area,Ready To Move,Sarjapur  Road,3,1300.0,3.0,2.0,60.0
Super built-up  Area,Ready To Move,Channasandra,2,1115.0,2.0,1.0,33.45
Super built-up  Area,Ready To Move,Rajaji Nagar,3,2409.0,3.0,2.0,360.0
Super built-up  Area,19-Mar,Marathahalli,3,1305.0,2.0,1.0,69.0
Super built-up  Area,20-Dec,Kanakpura Road,2,1252.0,2.0,1.0,56.32
Plot  Area,Ready To Move,Hosakerehalli,5,2400.0,5.0,2.0,250.0
Plot  Area,18-Sep,Whitefield,2,1200.0,2.0,1.0,46.13
Built-up  Area,Ready To Move,Koramangala,3,1750.0,3.0,1.0,130.0
Super built-up  Area,Ready To Move,Subramanyapura,2,1313.0,2.0,2.0,66.5
Plot  Area,Ready To Move,Attibele,4,3640.0,4.0,1.0,275.0
Super built-up  Area,Ready To Move,Subramanyapura,3,1255.0,2.0,2.0,79.0
Super built-up  Area,Ready To Move,Yelahanka New Town,3,1700.0,3.0,2.0,90.0
Carpet  Area,Ready To Move,Indira Nagar,3,1875.0,3.0,1.0,180.0
Carpet  Area,Ready To Move,Uttarahalli,3,1700.0,3.0,2.0,88.0
Super built-up  Area,Ready To Move,Harlur,3,1749.0,3.0,2.0,115.0
Plot  Area,Ready To Move,Dasanapura,2,1500.0,3.0,1.0,65.0
Built-up  Area,Ready To Move,Akshaya Nagar,2,1280.0,2.0,1.0,60.0
Super built-up  Area,Ready To Move,Ramagondanahalli,3,1610.0,2.0,2.0,115.0
Super built-up  Area,Ready To Move,Electronic City,2,1070.0,2.0,1.0,46.0
Plot  Area,Ready To Move,TC Palaya,2,1200.0,2.0,0.0,66.0
Super built-up  Area,19-Dec,9th Phase JP Nagar,2,1127.0,2.0,1.0,50.0
Built-up  Area,Ready To Move,Indira Nagar,2,1210.0,2.0,1.0,102.0
Super built-up  Area,Ready To Move,Whitefield,4,2268.0,3.0,0.0,146.0
Built-up  Area,Ready To Move,Magadi Road,2,1345.0,2.0,2.0,55.0
Built-up  Area,Ready To Move,Kengeri,2,750.0,2.0,1.0,36.0
Super built-up  Area,Ready To Move,Pattandur Agrahara,2,1247.0,2.0,1.0,59.8
Super built-up  Area,Ready To Move,Kaggalipura,2,950.0,2.0,1.0,48.0
Super built-up  Area,21-Jun,Vijayanagar,3,1520.0,2.0,1.0,103.0
Super built-up  Area,Ready To Move,Hennur Road,3,2350.0,3.0,2.0,174.0
Super built-up  Area,Ready To Move,Thanisandra,2,1050.0,2.0,2.0,46.0
Plot  Area,Ready To Move,Laggere,5,2800.0,5.0,2.0,125.0
Built-up  Area,Ready To Move,8th Phase JP Nagar,4,2700.0,4.0,2.0,130.0
Super built-up  Area,18-May,Bommasandra,2,920.0,2.0,1.0,37.46
Plot  Area,18-Feb,Sarjapur  Road,3,1200.0,3.0,2.0,70.0
Super built-up  Area,18-Mar,Hosakerehalli,3,1817.0,4.0,2.0,153.0
Super built-up  Area,Ready To Move,Haralur Road,2,1464.0,2.0,2.0,56.0
Super built-up  Area,Ready To Move,Electronics City Phase 1,3,1555.0,2.0,1.0,82.0
Built-up  Area,Ready To Move,Whitefield,2,1150.0,2.0,0.0,55.0
Super built-up  Area,18-May,Banashankari,4,2500.0,4.0,3.0,95.0
Plot  Area,Ready To Move,Konanakunte,3,2779.0,3.0,1.0,317.0
Super built-up  Area,Ready To Move,Electronic City,3,1350.0,3.0,2.0,58.0
Super built-up  Area,Ready To Move,Kodichikkanahalli,3,1495.0,2.0,2.0,75.0
Built-up  Area,Ready To Move,Indira Nagar,2,1224.0,2.0,2.0,105.0
Super built-up  Area,Ready To Move,Banashankari Stage III,3,1350.0,2.0,2.0,68.0
Built-up  Area,Ready To Move,Green Glen Layout,2,940.0,2.0,1.0,56.8
Super built-up  Area,Ready To Move,Raja Rajeshwari Nagar,2,1100.0,2.0,1.0,55.0
Super built-up  Area,Ready To Move,Kaikondrahalli,2,1300.0,2.0,2.0,61.0
Super built-up  Area,Ready To Move,Hoodi,2,1105.0,2.0,2.0,46.37
Plot  Area,17-Jun,Sarjapur  Road,3,2600.0,3.0,2.0,200.0
Super built-up  Area,21-Mar,Yelahanka,3,1517.0,3.0,2.0,76.3
Built-up  Area,Ready To Move,Horamavu Banaswadi,6,3800.0,8.0,0.0,200.0
Super built-up  Area,Ready To Move,Jalahalli,3,1615.0,3.0,2.0,89.75
Super built-up  Area,Ready To Move,Mysore Road,3,1082.0,3.0,1.0,50.5
Super built-up  Area,Ready To Move,Marathahalli,2,1365.0,2.0,2.0,73.0
Super built-up  Area,Ready To Move,Electronic City,2,1000.0,2.0,3.0,25.0
Super built-up  Area,Ready To Move,CV Raman Nagar,2,1392.0,2.0,1.0,98.0
Super built-up  Area,Ready To Move,Hennur Road,3,1586.0,3.0,3.0,93.94
Built-up  Area,Ready To Move,Hennur,2,1100.0,2.0,1.0,60.0
Super built-up  Area,18-May,Electronic City Phase II,2,1065.0,2.0,1.0,30.75
Plot  Area,Ready To Move,TC Palaya,3,1500.0,2.0,1.0,120.0
Built-up  Area,Ready To Move,7th Phase JP Nagar,3,1575.0,2.0,2.0,120.0
Super built-up  Area,Ready To Move,Hennur Road,3,1975.0,3.0,3.0,123.0
Super built-up  Area,Ready To Move,Gubbalala,3,1745.0,3.0,2.0,110.0
Super built-up  Area,Ready To Move,Nagarbhavi,2,1223.0,2.0,1.0,60.0
Super built-up  Area,Ready To Move,Ananth Nagar,3,1200.0,2.0,1.0,65.0
Super built-up  Area,Ready To Move,Basaveshwara Nagar,2,1200.0,2.0,0.0,90.0
Super built-up  Area,19-Dec,Binny Pete,1,665.0,1.0,1.0,46.08
Super built-up  Area,Ready To Move,Bharathi Nagar,2,1351.0,2.0,2.0,70.0
Super built-up  Area,18-Dec,Hebbal,3,1355.0,3.0,1.0,83.87
Super built-up  Area,18-Nov,Thanisandra,3,1588.0,3.0,1.0,75.55
Carpet  Area,Ready To Move,Amruthahalli,2,900.0,2.0,1.0,60.0
Built-up  Area,18-Feb,Harlur,4,3385.0,4.0,2.0,260.0
Super built-up  Area,Ready To Move,Panathur,3,1370.0,2.0,2.0,75.0
Plot  Area,18-Dec,Whitefield,3,1500.0,3.0,1.0,71.8
Built-up  Area,Ready To Move,Hoodi,2,1247.0,2.0,0.0,53.0
Super built-up  Area,18-Jul,Balagere,2,1020.07,2.0,1.0,68.38
Super built-up  Area,19-Dec,Gunjur Palya,3,1033.0,2.0,2.0,32.0
Super built-up  Area,Ready To Move,Garudachar Palya,2,1150.0,2.0,2.0,52.8
Super built-up  Area,Ready To Move,Sarjapur  Road,5,5965.0,5.0,2.0,385.0
Super built-up  Area,Ready To Move,Babusapalaya,2,1141.0,2.0,1.0,46.0
Super built-up  Area,Ready To Move,Yelahanka,4,2912.5,6.0,0.0,125.5
Plot  Area,Ready To Move,Doddaballapur,4,4200.0,4.0,3.0,325.0
Super built-up  Area,18-Jul,Hosa Road,3,1665.0,2.0,3.0,125.0
Super built-up  Area,18-Dec,Kanakapura,2,1295.0,2.0,2.0,64.0
Super built-up  Area,18-Aug,Haralur Road,2,1230.0,2.0,1.0,78.0
Super built-up  Area,Ready To Move,Kaggalipura,2,1000.0,2.0,1.0,60.0
Super built-up  Area,19-Dec,Whitefield,1,630.5,1.0,0.0,32.79
Super built-up  Area,18-May,Rayasandra,3,1708.0,3.0,2.0,75.0
Super built-up  Area,Ready To Move,Thanisandra,3,1697.0,3.0,2.0,115.0
Super built-up  Area,Ready To Move,Whitefield,4,3537.0,5.0,3.0,210.0
Super built-up  Area,19-Mar,Hosa Road,1,615.0,1.0,1.0,28.29
Built-up  Area,Ready To Move,Banashankari,3,1350.0,2.0,0.0,83.0
Super built-up  Area,Ready To Move,Kanakpura Road,3,1530.0,2.0,2.0,66.4
Super built-up  Area,19-Dec,Jalahalli,2,1083.0,2.0,1.0,32.49
Super built-up  Area,Ready To Move,Gottigere,3,1460.0,2.0,2.0,65.0
Super built-up  Area,Ready To Move,Babusapalaya,2,1084.0,2.0,1.0,58.0
Super built-up  Area,18-May,Bommasandra,2,1035.0,2.0,1.0,41.43
Super built-up  Area,Ready To Move,Hosur Road,1,460.0,1.0,1.0,21.0
Super built-up  Area,Ready To Move,Whitefield,2,1285.0,2.0,2.0,55.9
Plot  Area,Ready To Move,Sarjapur,3,1200.0,3.0,2.0,78.0
Super built-up  Area,Ready To Move,Hegde Nagar,3,1801.0,3.0,2.0,140.0
Super built-up  Area,18-Dec,Whitefield,3,1697.0,3.0,2.0,115.0
Super built-up  Area,Ready To Move,AECS Layout,2,1199.0,2.0,2.0,65.0
Super built-up  Area,Ready To Move,Mysore Road,3,1340.0,2.0,3.0,64.31
Super built-up  Area,Ready To Move,Marathahalli,4,3800.0,4.0,3.0,205.0
Plot  Area,Ready To Move,Anandapura,2,1200.0,2.0,1.0,67.0
Built-up  Area,Ready To Move,Subramanyapura,2,1050.0,2.0,3.0,41.0
Built-up  Area,Ready To Move,Nagarbhavi,2,956.0,2.0,1.0,49.0
Super built-up  Area,Ready To Move,Sarjapur,2,1000.0,2.0,2.0,30.0
Super built-up  Area,19-Jul,Kanakpura Road,2,1296.0,2.0,3.0,89.06
Super built-up  Area,Ready To Move,Electronic City Phase II,2,1219.0,2.0,1.0,61.25
Built-up  Area,Ready To Move,Uttarahalli,3,1200.0,3.0,1.0,50.0
Super built-up  Area,Ready To Move,Bannerghatta Road,2,1218.0,2.0,1.0,73.0
Super built-up  Area,Ready To Move,Yeshwanthpur,3,2559.0,3.0,2.0,141.0
Super built-up  Area,18-Feb,Bannerghatta Road,3,1427.0,2.0,2.0,48.51
Super built-up  Area,18-Apr,Kothannur,3,1270.0,3.0,2.0,45.0
Built-up  Area,Ready To Move,Ramagondanahalli,2,920.0,2.0,3.0,65.0
Built-up  Area,Ready To Move,Dommasandra,4,2700.0,3.0,2.0,68.0
Built-up  Area,Ready To Move,Ramamurthy Nagar,3,1355.0,2.0,2.0,40.0
Super built-up  Area,Ready To Move,Lingadheeranahalli,3,1530.0,2.0,2.0,90.0
Super built-up  Area,Ready To Move,Nehru Nagar,4,2363.0,5.0,2.0,120.0
Super built-up  Area,Ready To Move,Marathahalli,4,3895.0,4.0,3.0,220.0
Super built-up  Area,20-Jun,Jakkur,3,1950.0,3.0,2.0,131.0
Built-up  Area,Ready To Move,Yelahanka,2,600.0,2.0,2.0,27.0
Plot  Area,Ready To Move,Vijayanagar,2,1380.0,2.0,0.0,225.0
Super built-up  Area,Ready To Move,Kanakpura Road,2,1339.0,2.0,2.0,62.0
Super built-up  Area,Ready To Move,Whitefield,2,1130.0,2.0,1.0,36.0
Built-up  Area,Ready To Move,Uttarahalli,2,1085.0,2.0,2.0,43.0
Built-up  Area,Ready To Move,Yeshwanthpur,3,1430.0,3.0,2.0,72.0
Carpet  Area,18-Dec,Bhoganhalli,4,1451.5,4.0,1.0,121.0
Super built-up  Area,Ready To Move,Bellandur,2,1286.0,2.0,2.0,57.0
Super built-up  Area,Ready To Move,Bellandur,4,3016.0,4.0,3.0,230.0
Built-up  Area,Ready To Move,Haralur Road,2,1000.0,2.0,2.0,44.0
Super built-up  Area,Ready To Move,Whitefield,2,1215.0,2.0,2.0,39.0
Super built-up  Area,Ready To Move,Lakshminarayana Pura,2,1336.0,2.0,2.0,100.0
Super built-up  Area,Ready To Move,Yeshwanthpur,1,673.0,1.0,1.0,36.85
Plot  Area,Ready To Move,Anandapura,2,1200.0,2.0,1.0,58.0
Super built-up  Area,Ready To Move,Malleshwaram,3,1600.0,3.0,3.0,160.0
Plot  Area,Ready To Move,Indira Nagar,6,2480.0,4.0,1.0,750.0
Plot  Area,Ready To Move,Devanahalli,5,2400.0,5.0,3.0,100.0
Super built-up  Area,Ready To Move,Sector 2 HSR Layout,2,1143.0,2.0,2.0,65.0
Super built-up  Area,Ready To Move,Kanakpura Road,2,1470.0,2.0,2.0,61.74
Super built-up  Area,Ready To Move,Marathahalli,3,1785.0,3.0,2.0,94.0
Super built-up  Area,Ready To Move,Koramangala,3,2292.0,3.0,2.0,286.0
Super built-up  Area,Ready To Move,Kothanur,3,1460.0,3.0,3.0,71.0
Super built-up  Area,Ready To Move,Kasturi Nagar,3,1500.0,2.0,3.0,80.0
Built-up  Area,Ready To Move,Sanjay nagar,5,3300.0,3.0,2.0,250.0
Super built-up  Area,Ready To Move,Chikkalasandra,2,1230.0,2.0,2.0,48.0
Super built-up  Area,Ready To Move,Yelahanka New Town,1,650.0,1.0,1.0,20.0
Super built-up  Area,Ready To Move,Benson Town,2,1480.0,2.0,2.0,120.0
Super built-up  Area,Ready To Move,Thanisandra,2,1220.0,2.0,1.0,43.92
Super built-up  Area,Ready To Move,Mallasandra,3,1665.0,3.0,2.0,86.91
Plot  Area,Ready To Move,Ramamurthy Nagar,2,1100.0,2.0,0.0,68.0
Super built-up  Area,Ready To Move,Kathriguppe,3,1350.0,2.0,1.0,87.01
Built-up  Area,Ready To Move,Kasavanhalli,3,1719.0,3.0,2.0,116.0
Super built-up  Area,Ready To Move,Budigere,1,664.0,1.0,1.0,35.0
Super built-up  Area,18-Dec,Sonnenahalli,2,1011.0,2.0,1.0,50.53
Super built-up  Area,Ready To Move,Yeshwanthpur,2,717.0,2.0,0.0,49.475
Super built-up  Area,Ready To Move,Whitefield,3,1520.0,2.0,2.0,150.0
Carpet  Area,Ready To Move,Uttarahalli,3,1350.0,2.0,2.0,53.0
Super built-up  Area,15-Nov,Kothanur,3,1760.0,3.0,2.0,150.0
Super built-up  Area,Ready To Move,Somasundara Palya,2,1174.0,2.0,3.0,74.0
Built-up  Area,Ready To Move,Munnekollal,3,1560.0,3.0,3.0,75.0
Plot  Area,Ready To Move,Kanakpura Road,3,2200.0,3.0,2.0,130.0
Built-up  Area,Ready To Move,Shivaji Nagar,2,850.0,2.0,2.0,55.0
Super built-up  Area,Ready To Move,1st Phase JP Nagar,3,2024.0,3.0,2.0,157.0
Super built-up  Area,Ready To Move,Kodihalli,3,2408.0,4.0,2.0,260.0
Super built-up  Area,Ready To Move,Indira Nagar,3,2070.0,3.0,2.0,225.0
Built-up  Area,18-Dec,Electronic City,2,1020.0,2.0,1.0,29.46
Super built-up  Area,Ready To Move,Begur Road,3,1500.0,2.0,3.0,55.0
Plot  Area,Ready To Move,Kodichikkanahalli,4,3250.0,4.0,1.0,180.0
Super built-up  Area,Ready To Move,Uttarahalli,2,1175.0,2.0,1.0,47.0
Super built-up  Area,Ready To Move,Channasandra,2,1030.0,2.0,1.0,34.5
Super built-up  Area,18-Jul,Hebbal,2,1440.0,2.0,1.0,115.0
Built-up  Area,Ready To Move,Hoodi,2,1500.0,2.0,1.0,84.0
Plot  Area,Ready To Move,Thanisandra,1,1380.0,1.0,1.0,62.1
Super built-up  Area,Ready To Move,Harlur,3,2240.0,5.0,2.0,155.0
Super built-up  Area,Ready To Move,Hegde Nagar,3,1584.01,3.0,1.0,103.0
Super built-up  Area,Ready To Move,R.T. Nagar,2,1200.0,2.0,3.0,45.0
Super built-up  Area,18-Nov,Sarjapur  Road,1,685.0,1.0,1.0,40.0
Super built-up  Area,Ready To Move,Kalkere,2,925.0,2.0,3.0,42.0
Super built-up  Area,Ready To Move,Kodichikkanahalli,2,1125.0,2.0,1.0,52.0
Super built-up  Area,Ready To Move,Hebbal,2,1100.0,2.0,1.0,54.0
Plot  Area,18-Aug,Jigani,3,2400.0,3.0,2.0,149.0
Super built-up  Area,18-Jul,Electronic City Phase II,3,1400.0,2.0,2.0,41.58
Super built-up  Area,Ready To Move,Jakkur,3,1858.0,3.0,1.0,98.3
Built-up  Area,Ready To Move,Ambedkar Nagar,4,3530.0,4.0,2.0,290.0
Super built-up  Area,Ready To Move,HSR Layout,2,1185.0,2.0,2.0,60.0
Super built-up  Area,Ready To Move,Hennur,2,1255.0,2.0,1.0,58.0
Super built-up  Area,Ready To Move,Rajaji Nagar,4,3436.0,6.0,3.0,475.0
Built-up  Area,Ready To Move,Kudlu Gate,3,1335.0,3.0,2.0,89.0
Super built-up  Area,Ready To Move,Dodda Nekkundi,3,1999.0,3.0,2.0,132.0
Super built-up  Area,Ready To Move,Kundalahalli,3,1397.0,3.0,2.0,110.0
Super built-up  Area,Ready To Move,Cooke Town,4,3950.0,4.0,2.0,450.0
Plot  Area,Ready To Move,Yelahanka New Town,2,1200.0,2.0,1.0,130.0
Plot  Area,Ready To Move,Chikka Tirupathi,3,1616.0,3.0,0.0,95.0
Super built-up  Area,Ready To Move,Raja Rajeshwari Nagar,2,1140.0,2.0,2.0,38.55
Super built-up  Area,21-Jan,Kanakpura Road,1,525.0,1.0,1.0,30.0
Plot  Area,Ready To Move,Varthur,3,1200.0,2.0,1.0,98.0
Super built-up  Area,18-Jul,Balagere,2,1205.47,2.0,1.0,81.0
Super built-up  Area,Ready To Move,Electronic City,3,1700.0,3.0,2.0,75.0
Super built-up  Area,21-May,Kanakpura Road,2,1090.0,2.0,1.0,54.54
Super built-up  Area,Ready To Move,Yeshwanthpur,4,3600.0,5.0,2.0,220.0
Super built-up  Area,19-Mar,Thanisandra,1,923.0,1.0,1.0,60.84
Super built-up  Area,Ready To Move,Green Glen Layout,2,1050.0,2.0,2.0,48.0
Super built-up  Area,Ready To Move,Whitefield,2,1495.0,2.0,2.0,79.5
Super built-up  Area,19-Mar,Hennur Road,3,1664.0,2.0,2.0,93.865
Built-up  Area,Ready To Move,Narayanapura,3,1485.0,3.0,2.0,85.0
Super built-up  Area,19-Dec,Dommasandra,3,1033.0,2.0,2.0,31.5
Super built-up  Area,Ready To Move,Electronic City,3,1400.0,2.0,1.0,48.0
Built-up  Area,Ready To Move,Indira Nagar,1,500.0,1.0,0.0,70.0
Super built-up  Area,Ready To Move,Sarjapur  Road,2,944.0,2.0,1.0,35.0
Built-up  Area,Ready To Move,Whitefield,5,3250.0,5.0,0.0,290.0
Super built-up  Area,19-Mar,Whitefield,2,1216.0,2.0,1.0,66.48
Super built-up  Area,Ready To Move,Thanisandra,3,1743.0,3.0,2.0,93.25
Super built-up  Area,Ready To Move,Yelahanka,2,1274.0,2.0,2.0,48.42
Super built-up  Area,Ready To Move,Mysore Road,3,1512.0,2.0,2.0,110.0
Super built-up  Area,Ready To Move,Cox Town,3,1650.0,3.0,3.0,100.0
Built-up  Area,Ready To Move,Doddathoguru,3,1875.0,3.0,1.0,55.0
Built-up  Area,Ready To Move,Whitefield,3,1350.0,3.0,2.0,54.0
Plot  Area,Ready To Move,Sarjapura - Attibele Road,3,2400.0,3.0,3.0,85.0
Super built-up  Area,Ready To Move,Hormavu,2,1141.0,2.0,1.0,44.4
Super built-up  Area,Ready To Move,Anandapura,2,1151.0,2.0,1.0,43.1
Super built-up  Area,Ready To Move,Sarjapur  Road,2,915.0,2.0,1.0,38.0
Super built-up  Area,22-Dec,Bannerghatta Road,2,1115.0,2.0,1.0,65.12
Super built-up  Area,Ready To Move,Thigalarapalya,3,2072.0,4.0,2.0,139.0
Super built-up  Area,Ready To Move,Kaggadasapura,2,1200.0,2.0,2.0,53.0
Super built-up  Area,Ready To Move,Singasandra,2,1300.0,2.0,2.0,65.0
Super built-up  Area,Ready To Move,Bellandur,2,1457.0,2.0,2.0,85.0
Super built-up  Area,Ready To Move,Kannamangala,2,1262.0,2.0,2.0,55.0
Super built-up  Area,18-Aug,Ananth Nagar,2,900.0,2.0,2.0,22.5
Built-up  Area,Ready To Move,Attibele,1,420.0,1.0,1.0,17.0
Super built-up  Area,Ready To Move,Kanakapura,2,1160.0,2.0,1.0,46.39
Super built-up  Area,Ready To Move,Kasavanhalli,2,1115.0,2.0,2.0,50.0
Built-up  Area,Ready To Move,JP Nagar,3,1315.0,2.0,1.0,85.4
Built-up  Area,Ready To Move,Babusapalaya,2,1500.0,2.0,2.0,57.0
Super built-up  Area,Ready To Move,HSR Layout,2,1127.0,2.0,1.0,68.0
Super built-up  Area,18-Feb,Kundalahalli,3,1397.0,3.0,2.0,104.0
Built-up  Area,20-Dec,Whitefield,2,1173.0,2.0,1.0,60.0
Super built-up  Area,Ready To Move,Sarjapur  Road,3,2720.0,5.0,2.0,210.0
Super built-up  Area,18-May,Jakkur,2,1230.0,2.0,1.0,76.0
Super built-up  Area,19-Dec,Sarjapur  Road,2,858.0,2.0,1.0,31.57
Super built-up  Area,21-Mar,Talaghattapura,3,1868.0,3.0,1.0,121.0
Super built-up  Area,Ready To Move,Uttarahalli,3,1689.28,3.0,2.0,91.2
Super built-up  Area,Ready To Move,Banashankari,3,1425.0,3.0,3.0,49.88
Built-up  Area,Ready To Move,Channasandra,6,4200.0,6.0,0.0,180.0
Super built-up  Area,Ready To Move,Uttarahalli,3,1310.0,2.0,1.0,85.0
Super built-up  Area,18-Jun,Haralur Road,4,3185.0,2.0,2.0,175.0
Super built-up  Area,18-May,Kundalahalli,3,1397.0,3.0,3.0,108.0
Super built-up  Area,18-Jul,Sarjapur,2,1157.0,2.0,1.0,40.0
Super built-up  Area,Ready To Move,Kasavanhalli,2,1125.0,2.0,1.0,61.2
Super built-up  Area,Ready To Move,Sonnenahalli,2,1157.0,2.0,1.0,42.0
Super built-up  Area,Ready To Move,Sarjapur  Road,2,1241.0,2.0,1.0,82.0
Super built-up  Area,19-Dec,Binny Pete,1,660.0,1.0,1.0,62.0
Built-up  Area,Ready To Move,Marathahalli,4,4000.0,4.0,3.0,220.0
Super built-up  Area,Ready To Move,Rajiv Nagar,4,2340.0,4.0,1.0,148.0
Super built-up  Area,Ready To Move,Brookefield,2,1139.0,2.0,2.0,80.0
Super built-up  Area,Ready To Move,Thigalarapalya,4,3122.0,5.0,2.0,225.0
Super built-up  Area,Ready To Move,Yeshwanthpur,2,1168.0,2.0,2.0,64.08
Super built-up  Area,Ready To Move,Chandapura,2,877.0,2.0,3.0,42.0
Built-up  Area,18-Jul,Electronics City Phase 1,2,1340.0,2.0,2.0,75.0
Super built-up  Area,Ready To Move,7th Phase JP Nagar,3,1850.0,3.0,2.0,150.0
Super built-up  Area,19-Aug,Hormavu,2,1130.0,2.0,1.0,42.3
Super built-up  Area,Ready To Move,Yelachenahalli,2,1080.0,2.0,2.0,55.0
Built-up  Area,Ready To Move,Singasandra,4,3126.0,4.0,2.0,120.0
Super built-up  Area,Ready To Move,Begur Road,3,1410.0,2.0,3.0,52.17
Super built-up  Area,Ready To Move,Bommanahalli,3,1375.0,3.0,2.0,59.0
Super built-up  Area,Ready To Move,Hennur Road,3,1290.0,2.0,1.0,94.5
Super built-up  Area,19-Mar,Hosa Road,3,1318.0,2.0,1.0,85.28
Super built-up  Area,Ready To Move,Electronic City,2,1128.0,2.0,1.0,68.0
Super built-up  Area,21-Mar,Kanakpura Road,2,1051.0,2.0,2.0,56.74
Plot  Area,Ready To Move,Kengeri,3,3500.0,5.0,0.0,275.0
Plot  Area,Ready To Move,Kannamangala,4,2400.0,4.0,1.0,130.0
Super built-up  Area,Ready To Move,Yelahanka,2,1327.0,2.0,3.0,85.0
Super built-up  Area,Ready To Move,Thigalarapalya,4,2912.0,6.0,2.0,210.0
Plot  Area,18-Jul,Varthur,3,1200.0,3.0,1.0,67.75
Built-up  Area,18-Aug,Electronic City Phase II,2,1000.0,2.0,1.0,28.88
Super built-up  Area,19-Nov,Sarjapur  Road,2,984.0,2.0,1.0,45.91
Super built-up  Area,22-May,Jakkur,3,1819.18,3.0,1.0,160.0
Built-up  Area,Ready To Move,Nagarbhavi,1,900.0,1.0,0.0,175.0
Super built-up  Area,18-Apr,Hebbal,3,1355.0,3.0,1.0,83.87
Super built-up  Area,Ready To Move,Sarakki Nagar,3,2145.0,4.0,1.0,270.0
Super built-up  Area,Ready To Move,Malleshwaram,3,2475.0,4.0,3.0,300.0
Super built-up  Area,18-Mar,Hosakerehalli,2,1304.0,2.0,3.0,100.0
Super built-up  Area,Ready To Move,Begur Road,3,1615.0,3.0,2.0,58.0
Super built-up  Area,Ready To Move,Sarjapur  Road,2,1400.0,2.0,2.0,68.0
Super built-up  Area,Ready To Move,CV Raman Nagar,2,1070.0,2.0,2.0,47.5
Super built-up  Area,17-Nov,Hebbal,3,3500.0,3.0,3.0,395.0
Super built-up  Area,22-Jun,Hoodi,2,1132.0,2.0,1.0,89.37
Super built-up  Area,Ready To Move,Sector 2 HSR Layout,1,794.0,1.0,2.0,65.0
Super built-up  Area,Ready To Move,Raja Rajeshwari Nagar,2,1090.0,2.0,2.0,43.59
Super built-up  Area,Ready To Move,Gottigere,3,1500.0,3.0,2.0,70.0
Super built-up  Area,Ready To Move,1st Phase JP Nagar,3,2059.0,3.0,2.0,225.0
Super built-up  Area,18-May,Bhoganhalli,2,1447.0,2.0,1.0,75.97
Super built-up  Area,20-Dec,Whitefield,2,1269.0,2.0,1.0,75.0
Super built-up  Area,Ready To Move,Kanakpura Road,2,1070.0,2.0,2.0,37.45
Super built-up  Area,Ready To Move,Marathahalli,2,1208.0,2.0,2.0,70.0
Super built-up  Area,Ready To Move,Ramamurthy Nagar,2,1185.0,2.0,1.0,45.5
Plot  Area,Ready To Move,Laggere,3,1200.0,3.0,1.0,130.0
Super built-up  Area,Ready To Move,Anekal,2,888.0,2.0,1.0,34.0
Super built-up  Area,18-Aug,Chandapura,2,1015.0,2.0,2.0,25.88
Built-up  Area,Ready To Move,Electronic City,1,700.0,1.0,1.0,35.0
Super built-up  Area,19-Dec,Binny Pete,2,1365.0,2.0,1.0,122.0
Super built-up  Area,Ready To Move,Doddathoguru,2,984.0,2.0,1.0,51.0
Plot  Area,Ready To Move,Hebbal,4,2700.0,2.0,2.0,100.0
Super built-up  Area,Ready To Move,Jalahalli East,3,1475.0,3.0,2.0,96.0
Super built-up  Area,Ready To Move,Haralur Road,2,1300.0,2.0,2.0,79.0
Built-up  Area,Ready To Move,Babusapalaya,3,1453.0,2.0,2.0,43.59
Built-up  Area,Ready To Move,Akshaya Nagar,3,1666.0,3.0,2.0,95.0
Super built-up  Area,Ready To Move,Murugeshpalya,3,1845.0,3.0,3.0,91.0
Super built-up  Area,Ready To Move,Sarjapura - Attibele Road,3,1676.0,3.0,3.0,52.0
Super built-up  Area,20-Dec,Uttarahalli,2,1137.0,2.0,1.0,63.0
Super built-up  Area,Ready To Move,Electronic City,3,1360.0,2.0,1.0,70.5
Built-up  Area,Ready To Move,Judicial Layout,3,1700.0,3.0,2.0,155.0
Plot  Area,Ready To Move,Whitefield,5,3227.0,5.0,0.0,250.0
Super built-up  Area,18-May,Kasavanhalli,3,2170.0,3.0,2.0,151.0
Built-up  Area,Ready To Move,Electronic City Phase II,3,1790.0,3.0,3.0,100.0
Super built-up  Area,Ready To Move,Doddathoguru,1,550.0,1.0,1.0,17.0
Built-up  Area,Ready To Move,Somasundara Palya,2,1033.0,2.0,2.0,48.0
Super built-up  Area,19-Dec,Binny Pete,4,2940.0,6.0,2.0,280.0
Super built-up  Area,Ready To Move,Marathahalli,3,1730.0,3.0,3.0,139.0
Super built-up  Area,Ready To Move,Kasavanhalli,3,1915.0,3.0,3.0,80.0
Super built-up  Area,Ready To Move,Whitefield,3,1545.0,3.0,2.0,79.0
Built-up  Area,Ready To Move,Kengeri,2,963.0,2.0,2.0,40.0
Super built-up  Area,Ready To Move,Basavangudi,4,2600.0,4.0,3.0,260.0
Built-up  Area,Ready To Move,Kaikondrahalli,4,1700.0,4.0,2.0,108.0
Super built-up  Area,Ready To Move,Lingadheeranahalli,3,1682.0,3.0,1.0,120.0
Built-up  Area,Ready To Move,Yelahanka,3,1371.0,2.0,2.0,65.0
Super built-up  Area,21-Mar,Hennur Road,2,901.0,2.0,1.0,49.5
Super built-up  Area,Ready To Move,Ambalipura,3,1730.0,3.0,1.0,120.0
Plot  Area,Ready To Move,Konanakunte,4,1200.0,4.0,0.0,125.0
Super built-up  Area,Ready To Move,EPIP Zone,3,1500.0,3.0,3.0,102.0
Super built-up  Area,Ready To Move,Sarjapur  Road,4,3785.0,6.0,2.0,280.0
Super built-up  Area,Ready To Move,Horamavu Banaswadi,2,1357.0,2.0,2.0,54.0
Built-up  Area,Ready To Move,Yelahanka New Town,1,350.0,1.0,1.0,13.5
Super built-up  Area,Ready To Move,Varthur,3,1665.0,3.0,1.0,53.0
Plot  Area,Ready To Move,Ramamurthy Nagar,3,1400.0,3.0,3.0,200.0
Super built-up  Area,Ready To Move,Sarjapur  Road,1,835.0,1.0,1.0,46.95
Super built-up  Area,Ready To Move,Haralur Road,3,1444.0,2.0,1.0,80.0
Super built-up  Area,Ready To Move,Kanakapura,2,1277.0,2.0,2.0,55.0
Super built-up  Area,Ready To Move,Lingadheeranahalli,3,1521.0,3.0,1.0,94.71
Super built-up  Area,Ready To Move,Old Madras Road,3,2760.0,5.0,2.0,157.0
Built-up  Area,Ready To Move,Marathahalli,2,1325.0,1.0,1.0,92.0
Built-up  Area,Ready To Move,Kothanur,6,4000.0,6.0,2.0,150.0
Built-up  Area,Ready To Move,Marathahalli,3,1525.0,3.0,2.0,90.0
Super built-up  Area,Ready To Move,Electronics City Phase 1,1,650.0,1.0,1.0,23.0
Built-up  Area,Ready To Move,Old Airport Road,3,1858.0,2.0,1.0,167.0
Super built-up  Area,21-Aug,Electronic City,2,1150.0,2.0,1.0,38.0
Super built-up  Area,Ready To Move,Electronic City Phase II,2,769.0,2.0,1.0,40.0
Super built-up  Area,Ready To Move,Electronic City,3,1571.0,3.0,2.0,105.0
Super built-up  Area,Ready To Move,Hennur Road,3,1445.0,3.0,1.0,86.56
Super built-up  Area,Ready To Move,Hosur Road,3,1590.0,2.0,2.0,135.0
Super built-up  Area,Ready To Move,Bommasandra,2,902.0,2.0,2.0,49.0
Plot  Area,18-Mar,Sarjapur,3,2238.0,3.0,1.0,140.0
Built-up  Area,18-Dec,Electronic City,2,1090.0,2.0,1.0,31.49
Built-up  Area,Ready To Move,Yelahanka,3,1712.0,3.0,3.0,82.0
Built-up  Area,Ready To Move,Haralur Road,2,1088.0,2.0,1.0,68.0
Super built-up  Area,Ready To Move,Somasundara Palya,3,1575.0,3.0,3.0,63.1
Super built-up  Area,Ready To Move,Kundalahalli,3,1920.0,3.0,2.0,150.0
Plot  Area,Ready To Move,Margondanahalli,2,1000.0,2.0,0.0,57.0
Super built-up  Area,Ready To Move,Electronic City,2,1089.0,2.0,2.0,45.0
Built-up  Area,Ready To Move,Horamavu Agara,2,1106.0,2.0,1.0,43.09
Super built-up  Area,18-Dec,Kengeri,2,927.0,2.0,2.0,37.0
Super built-up  Area,Ready To Move,Kanakpura Road,2,1339.0,2.0,2.0,58.0
Built-up  Area,21-Dec,Thanisandra,1,923.0,1.0,1.0,45.69
Plot  Area,18-Aug,Sarjapur  Road,3,2900.0,3.0,2.0,285.0
Super built-up  Area,Ready To Move,Lakshminarayana Pura,2,1175.0,2.0,2.0,75.0
Built-up  Area,Ready To Move,Thubarahalli,2,975.0,2.0,1.0,55.0
Super built-up  Area,Ready To Move,Hebbal,3,2400.0,4.0,1.0,180.0
Super built-up  Area,Ready To Move,Subramanyapura,3,1330.0,3.0,2.0,72.0
Super built-up  Area,20-Dec,Thanisandra,2,1183.0,2.0,1.0,59.74
Super built-up  Area,Ready To Move,Harlur,3,1758.0,3.0,2.0,133.0
Plot  Area,Ready To Move,Nagarbhavi,3,1200.0,3.0,2.0,265.0
Built-up  Area,Ready To Move,Pai Layout,2,1100.0,2.0,2.0,50.0
Super built-up  Area,18-Dec,Ramamurthy Nagar,2,1170.0,2.0,2.0,46.8
Super built-up  Area,Ready To Move,Raja Rajeshwari Nagar,3,1530.0,3.0,3.0,51.77
Built-up  Area,17-Dec,Hebbal,2,1420.0,2.0,2.0,107.0
Super built-up  Area,19-Jan,Kanakpura Road,3,1591.0,3.0,1.0,115.0
Super built-up  Area,19-Dec,Hoodi,2,1055.0,2.0,1.0,57.63
Super built-up  Area,Ready To Move,Iblur Village,3,1918.0,3.0,2.0,129.0
Super built-up  Area,18-Jan,Sarjapur  Road,2,1280.0,2.0,1.0,76.0
Super built-up  Area,Ready To Move,Nagarbhavi,3,1560.0,3.0,3.0,66.0
Super built-up  Area,Ready To Move,Sarjapur  Road,2,1145.0,2.0,2.0,49.5
Super built-up  Area,Ready To Move,Rajaji Nagar,2,1718.0,3.0,2.0,288.0
Super built-up  Area,20-Jun,Whitefield,3,1306.0,3.0,2.0,54.65
Super built-up  Area,19-Jun,Hebbal,2,1320.0,2.0,1.0,92.0
Built-up  Area,Ready To Move,Kalyan nagar,4,3800.0,5.0,3.0,300.0
Super built-up  Area,Ready To Move,Bannerghatta Road,3,1893.0,3.0,2.0,100.0
Super built-up  Area,Ready To Move,Chandapura,3,1107.0,2.0,1.0,43.0
Super built-up  Area,Ready To Move,Lakshminarayana Pura,2,1190.0,2.0,1.0,75.0
Built-up  Area,Ready To Move,Whitefield,2,1000.0,2.0,1.0,35.0
Super built-up  Area,Ready To Move,Kumaraswami Layout,2,1000.0,2.0,1.0,48.5
Super built-up  Area,Ready To Move,Jalahalli,3,2113.0,3.0,2.0,155.0
Built-up  Area,Ready To Move,KR Puram,2,1100.0,2.0,1.0,46.0
Super built-up  Area,Ready To Move,Harlur,4,1884.0,4.0,2.0,120.0
Super built-up  Area,Ready To Move,Electronic City,2,1110.0,2.0,1.0,40.0
Built-up  Area,Ready To Move,Sarjapur  Road,3,1470.0,3.0,0.0,62.0
Super built-up  Area,18-Aug,Kudlu Gate,1,703.0,1.0,1.0,52.0
Super built-up  Area,Ready To Move,Bellandur,2,1195.0,2.0,2.0,51.0
Super built-up  Area,Ready To Move,Narayanapura,2,1302.0,2.0,1.0,69.1
Super built-up  Area,19-Aug,Begur Road,3,1583.0,3.0,1.0,74.4
Super built-up  Area,18-Aug,Kammasandra,3,1385.0,2.0,2.0,34.63
Super built-up  Area,Ready To Move,Whitefield,4,3262.0,4.0,2.0,260.0
Built-up  Area,18-Jan,Electronic City,3,1600.0,3.0,2.0,104.0
Super built-up  Area,Ready To Move,Old Airport Road,2,1150.0,2.0,1.0,90.0
Super built-up  Area,Ready To Move,Sarjapur  Road,2,1263.0,2.0,1.0,78.0
Super built-up  Area,20-May,Kanakpura Road,2,1299.0,2.0,2.0,85.0
Super built-up  Area,Ready To Move,Banashankari,2,1330.0,2.0,1.0,78.0
Super built-up  Area,18-Apr,Devanahalli,3,1282.0,2.0,2.0,52.43
Built-up  Area,Ready To Move,Bannerghatta Road,3,1600.0,3.0,2.0,95.0
Built-up  Area,Ready To Move,Hebbal,2,919.0,2.0,1.0,49.0
Plot  Area,18-May,Margondanahalli,3,1625.0,3.0,0.0,80.0
Super built-up  Area,Ready To Move,Gunjur,2,1195.0,2.0,2.0,44.0
Super built-up  Area,20-Jun,Whitefield,3,1386.0,3.0,1.0,57.46
Super built-up  Area,Ready To Move,Harlur,2,1197.0,2.0,1.0,79.0
Super built-up  Area,Ready To Move,Jigani,4,4303.5,2.0,2.0,226.0
Super built-up  Area,18-May,Bommasandra,3,1295.0,2.0,1.0,50.28
Super built-up  Area,21-Dec,Whitefield,2,1132.0,2.0,1.0,79.28
Super built-up  Area,19-Dec,Hebbal,3,1645.0,3.0,2.0,135.0
Super built-up  Area,18-Nov,Whitefield,2,1200.0,2.0,1.0,45.84
Plot  Area,Ready To Move,Whitefield,4,3000.0,4.0,0.0,330.0
Super built-up  Area,Ready To Move,Marathahalli,3,1937.0,3.0,2.0,140.0
Super built-up  Area,Ready To Move,Doddathoguru,2,1015.0,2.0,2.0,33.5
Super built-up  Area,Ready To Move,Kathriguppe,3,1350.0,2.0,2.0,80.99
Super built-up  Area,18-Aug,Kengeri Satellite Town,3,1149.0,2.0,2.0,29.0
Super built-up  Area,Ready To Move,Kothanur,2,1185.0,2.0,2.0,59.0
Super built-up  Area,Ready To Move,Domlur,3,1720.0,3.0,1.0,135.0
Super built-up  Area,Ready To Move,Hebbal,3,2080.0,3.0,3.0,175.0
Plot  Area,Ready To Move,Tindlu,3,1500.0,3.0,1.0,87.0
Super built-up  Area,Ready To Move,Yelahanka,3,1566.0,3.0,2.0,97.0
Super built-up  Area,Ready To Move,Rajaji Nagar,3,2386.0,3.0,2.0,334.0
Super built-up  Area,Ready To Move,KR Puram,2,1290.0,2.0,1.0,49.02
Super built-up  Area,Ready To Move,Whitefield,2,1140.0,2.0,2.0,39.0
Super built-up  Area,21-Jun,Tumkur Road,3,1343.5,3.0,0.0,57.76
Built-up  Area,Ready To Move,Banashankari Stage III,4,2000.0,4.0,0.0,100.0
Built-up  Area,Ready To Move,Kaval Byrasandra,2,1100.0,2.0,1.0,46.0
Super built-up  Area,18-Apr,Bannerghatta,3,1618.0,3.0,1.0,68.0
Super built-up  Area,18-Oct,Whitefield,4,2830.0,5.0,2.0,160.0
Super built-up  Area,Ready To Move,Uttarahalli,3,1315.0,2.0,2.0,74.0
Super built-up  Area,Ready To Move,Anandapura,2,1141.0,2.0,1.0,42.75
Super built-up  Area,Ready To Move,AECS Layout,2,1080.0,2.0,2.0,55.0
Super built-up  Area,Ready To Move,HBR Layout,2,1200.0,2.0,2.0,60.0
Super built-up  Area,Ready To Move,Varthur,2,1111.0,2.0,2.0,41.88
Super built-up  Area,Ready To Move,NGR Layout,2,1022.0,2.0,1.0,45.9
Super built-up  Area,Ready To Move,Bannerghatta Road,2,1275.0,2.0,2.0,65.0
Super built-up  Area,Ready To Move,Rachenahalli,2,1224.0,2.0,3.0,39.2
Super built-up  Area,Ready To Move,Battarahalli,2,1135.0,2.0,3.0,43.0
Super built-up  Area,Ready To Move,Rachenahalli,2,1050.0,2.0,2.0,52.1
Super built-up  Area,17-Nov,Nagavarapalya,2,1392.0,2.0,1.0,130.0
Super built-up  Area,Ready To Move,Bellandur,2,1050.0,2.0,2.0,72.0
Super built-up  Area,19-Jun,Hosa Road,3,1513.0,3.0,1.0,103.0
Super built-up  Area,Ready To Move,Gottigere,3,1621.0,3.0,3.0,72.0
Super built-up  Area,Ready To Move,Bannerghatta Road,2,892.0,2.0,1.0,39.0
Super built-up  Area,Ready To Move,Whitefield,2,1205.0,2.0,1.0,40.0
Super built-up  Area,18-Dec,Hebbal,3,1355.0,3.0,2.0,83.87
Super built-up  Area,Ready To Move,Indira Nagar,2,1400.0,2.0,2.0,168.0
Super built-up  Area,18-Nov,Kengeri,2,726.0,2.0,1.0,35.0
Super built-up  Area,Ready To Move,Hebbal,4,3895.0,4.0,2.0,405.0
Super built-up  Area,18-Dec,Horamavu Agara,2,1079.0,2.0,2.0,41.0
Super built-up  Area,Ready To Move,Begur Road,2,1170.0,2.0,2.0,46.0
Super built-up  Area,Ready To Move,Doddathoguru,2,1104.0,2.0,2.0,39.0
Super built-up  Area,Ready To Move,Kanakpura Road,2,950.0,2.0,1.0,45.0
Built-up  Area,Ready To Move,Hormavu,4,4818.0,4.0,3.0,390.0
Super built-up  Area,21-May,Kogilu,3,1559.0,3.0,2.0,127.0
Super built-up  Area,Ready To Move,Benson Town,3,1750.0,3.0,3.0,150.0
Super built-up  Area,18-Jul,Ramagondanahalli,2,1215.0,2.0,1.0,45.5
Super built-up  Area,21-Feb,Talaghattapura,3,1868.0,3.0,1.0,135.0
Built-up  Area,18-Dec,Electronic City,2,1130.0,2.0,1.0,32.63
Super built-up  Area,Ready To Move,Sarjapur  Road,3,1691.0,3.0,1.0,98.0
Built-up  Area,Ready To Move,Ardendale,5,4355.0,3.0,1.0,350.0
Super built-up  Area,17-Oct,Hulimavu,2,1225.0,2.0,2.0,55.0
Super built-up  Area,Ready To Move,JP Nagar,3,1690.0,3.0,2.0,112.0
Super built-up  Area,Ready To Move,Kasturi Nagar,4,1896.0,3.0,1.0,125.0
Super built-up  Area,Ready To Move,Electronic City Phase II,2,900.0,2.0,2.0,32.5
Super built-up  Area,Ready To Move,Ananth Nagar,2,908.0,2.0,1.0,26.0
Built-up  Area,18-May,Sarjapur  Road,4,3416.5,6.0,0.0,143.0
Super built-up  Area,Ready To Move,Thanisandra,4,3216.0,4.0,1.0,226.0
Super built-up  Area,Ready To Move,Hulimavu,2,1255.0,2.0,2.0,74.0
Built-up  Area,Ready To Move,Electronic City,3,1500.0,2.0,1.0,100.0
Super built-up  Area,18-Feb,Thanisandra,2,1296.0,2.0,2.0,72.0
Super built-up  Area,Ready To Move,Horamavu Banaswadi,2,925.0,2.0,3.0,38.0
Built-up  Area,Ready To Move,Raja Rajeshwari Nagar,2,1023.0,2.0,2.0,42.0
Super built-up  Area,18-May,Thanisandra,2,1020.0,2.0,1.0,44.5
Super built-up  Area,17-Jul,Choodasandra,3,1530.0,3.0,2.0,77.0
Super built-up  Area,Ready To Move,Gubbalala,3,1650.0,3.0,2.0,71.0
Super built-up  Area,Ready To Move,Kogilu,2,1190.0,2.0,2.0,50.66
Super built-up  Area,Ready To Move,Jakkur,3,1374.0,3.0,2.0,68.0
Built-up  Area,Ready To Move,6th Phase JP Nagar,2,1140.0,2.0,2.0,65.0
Super built-up  Area,Ready To Move,Green Glen Layout,3,1725.0,3.0,2.0,130.0
Super built-up  Area,Ready To Move,Bisuvanahalli,3,1075.0,2.0,1.0,50.0
Super built-up  Area,Ready To Move,Kannamangala,3,1574.0,3.0,1.0,93.34
Super built-up  Area,Ready To Move,Marathahalli,3,1550.0,3.0,2.0,83.0
Super built-up  Area,Ready To Move,Kambipura,3,1082.0,2.0,1.0,55.0
Super built-up  Area,Ready To Move,Uttarahalli,3,1215.0,2.0,2.0,52.85
Super built-up  Area,Ready To Move,Hebbal,4,2483.0,5.0,2.0,230.0
Plot  Area,18-May,1st Block Koramangala,4,2360.0,4.0,2.0,600.0
Super built-up  Area,Ready To Move,Ardendale,4,3198.0,4.0,2.0,250.0
Super built-up  Area,Ready To Move,Kanakpura Road,3,1452.0,3.0,3.0,60.98
Super built-up  Area,18-Apr,Electronic City Phase II,3,1329.0,2.0,2.0,41.0
Built-up  Area,Ready To Move,Sarjapur  Road,3,1350.0,3.0,3.0,39.97
Super built-up  Area,Ready To Move,Uttarahalli,3,1312.5,3.0,0.0,51.19
Super built-up  Area,19-Oct,Hebbal,3,2600.0,3.0,2.0,195.0
Built-up  Area,18-Dec,Electronic City Phase II,3,1220.0,3.0,1.0,35.23
Super built-up  Area,Ready To Move,Pai Layout,2,1255.0,2.0,1.0,80.0
Super built-up  Area,Ready To Move,Somasundara Palya,2,1329.0,2.0,2.0,70.0
Plot  Area,Ready To Move,Chandapura,2,1200.0,2.0,1.0,60.0
Super built-up  Area,Ready To Move,Murugeshpalya,3,2135.0,3.0,2.0,160.0
Plot  Area,Ready To Move,Doddaballapur,3,3876.0,3.0,1.0,300.0
Super built-up  Area,Ready To Move,Kalena Agrahara,2,800.0,2.0,2.0,30.0
Super built-up  Area,Ready To Move,Hormavu,3,1500.0,3.0,3.0,70.0
Super built-up  Area,Ready To Move,Bannerghatta Road,3,1880.0,3.0,2.0,95.0
Super built-up  Area,Ready To Move,Electronic City,3,1440.0,2.0,2.0,55.0
Super built-up  Area,Ready To Move,Akshaya Nagar,3,1575.0,3.0,2.0,90.0
Super built-up  Area,Ready To Move,Yelahanka,3,1180.0,3.0,1.0,55.0
Super built-up  Area,Ready To Move,NGR Layout,2,1020.0,2.0,2.0,48.45
Super built-up  Area,18-Mar,Varthur,2,1097.0,2.0,1.0,33.82
Super built-up  Area,Ready To Move,Raja Rajeshwari Nagar,2,1070.0,2.0,1.0,50.0
Super built-up  Area,Ready To Move,Kumaraswami Layout,2,1000.0,2.0,1.0,58.0
Built-up  Area,Ready To Move,Frazer Town,3,1900.0,4.0,2.0,145.0
Built-up  Area,Ready To Move,Jigani,2,937.0,2.0,1.0,44.0
Built-up  Area,Ready To Move,Green Glen Layout,2,1075.0,2.0,1.0,60.0
Super built-up  Area,18-Feb,Panathur,2,1000.0,2.0,1.0,65.3
Super built-up  Area,Ready To Move,Kasavanhalli,3,1450.0,3.0,2.0,77.41
Super built-up  Area,Ready To Move,Babusapalaya,2,1050.0,2.0,3.0,45.0
Super built-up  Area,Ready To Move,Marathahalli,2,1350.0,2.0,1.0,86.0
Super built-up  Area,Ready To Move,Mallasandra,2,1325.0,2.0,1.0,70.0
Super built-up  Area,18-Apr,Devanahalli,2,1174.0,2.0,1.0,59.0
Super built-up  Area,Ready To Move,Hosur Road,3,1890.0,3.0,2.0,162.0
Super built-up  Area,Ready To Move,Gottigere,3,1304.0,3.0,3.0,80.0
Built-up  Area,Ready To Move,Yelahanka,3,1653.0,3.0,2.0,120.0
Super built-up  Area,Ready To Move,Bisuvanahalli,3,1075.0,2.0,1.0,52.0
Super built-up  Area,Ready To Move,Rajaji Nagar,4,3436.0,6.0,3.0,500.0
Super built-up  Area,Ready To Move,Billekahalli,2,1140.0,2.0,2.0,50.0
Super built-up  Area,Ready To Move,Kudlu Gate,3,1532.0,3.0,2.0,83.0
Plot  Area,Ready To Move,Doddaballapur,3,2776.0,4.0,2.0,195.0
Super built-up  Area,Ready To Move,Padmanabhanagar,3,1531.0,2.0,0.0,75.0
Super built-up  Area,18-Dec,Uttarahalli,2,1325.0,2.0,1.0,53.0
Super built-up  Area,17-Apr,Electronic City,3,1156.0,2.0,2.0,44.0
Plot  Area,Ready To Move,R.T. Nagar,4,2000.0,4.0,2.0,320.0
Super built-up  Area,Ready To Move,Bannerghatta Road,2,1260.0,2.0,2.0,70.0
Super built-up  Area,Ready To Move,Vittasandra,2,1934.0,2.0,0.0,90.0
Super built-up  Area,Ready To Move,Malleshpalya,2,1060.0,2.0,1.0,40.0
Super built-up  Area,Ready To Move,Kasavanhalli,3,1476.0,3.0,1.0,95.0
Super built-up  Area,Ready To Move,Murugeshpalya,2,1185.0,2.0,1.0,85.0
Built-up  Area,Ready To Move,EPIP Zone,2,1280.0,2.0,1.0,69.0
Built-up  Area,Ready To Move,Hulimavu,2,1175.0,2.0,2.0,45.0
Plot  Area,Ready To Move,Indira Nagar,4,2400.0,4.0,2.0,525.0
Super built-up  Area,Ready To Move,Whitefield,2,1195.0,2.0,1.0,70.0
Super built-up  Area,Ready To Move,Ulsoor,3,2000.0,3.0,3.0,185.0
Super built-up  Area,Ready To Move,Hosur Road,2,1180.0,2.0,2.0,36.5
Super built-up  Area,Ready To Move,Jakkur,2,1050.0,2.0,1.0,49.87
Built-up  Area,18-Dec,Electronic City,3,1400.0,2.0,1.0,40.44
Built-up  Area,Ready To Move,Subramanyapura,2,929.0,2.0,1.0,48.0
Super built-up  Area,Ready To Move,Jigani,3,1252.0,3.0,3.0,61.0
Built-up  Area,Ready To Move,Green Glen Layout,3,1485.0,3.0,2.0,115.0
Super built-up  Area,Ready To Move,Electronics City Phase 1,3,1124.0,2.0,2.0,55.0
Built-up  Area,Ready To Move,Indira Nagar,3,1407.0,3.0,1.0,120.0
Super built-up  Area,19-Mar,Hennur Road,3,1482.0,2.0,3.0,97.0
Super built-up  Area,Ready To Move,Sector 7 HSR Layout,2,1163.0,2.0,1.0,98.86
Super built-up  Area,Ready To Move,Jalahalli,3,1570.0,3.0,2.0,140.0
Super built-up  Area,18-Feb,Whitefield,3,3480.0,4.0,2.0,284.0
Super built-up  Area,19-Sep,Chandapura,1,520.0,1.0,1.0,14.04
Super built-up  Area,Ready To Move,Prithvi Layout,2,1352.0,2.0,2.0,75.0
Super built-up  Area,18-Apr,Electronic City,2,1152.0,2.0,1.0,65.0
Super built-up  Area,Ready To Move,Hegde Nagar,3,1965.0,4.0,2.0,125.0
Super built-up  Area,18-Apr,Marathahalli,2,957.0,2.0,1.0,47.0
Super built-up  Area,Ready To Move,Hoskote,3,1740.0,3.0,3.0,60.0
Super built-up  Area,Ready To Move,Neeladri Nagar,2,1060.0,2.0,0.0,35.0
Super built-up  Area,18-May,Ramamurthy Nagar,2,1150.0,2.0,2.0,51.0
Super built-up  Area,Ready To Move,Whitefield,3,1738.0,2.0,3.0,79.0
Super built-up  Area,18-May,Bommanahalli,3,1250.0,3.0,2.0,55.0
Built-up  Area,Ready To Move,Bannerghatta Road,3,1788.0,3.0,2.0,90.0
Super built-up  Area,19-Dec,Kanakapura,2,1151.0,2.0,1.0,59.0
Super built-up  Area,Ready To Move,Uttarahalli,3,1300.0,2.0,2.0,60.0
Super built-up  Area,Ready To Move,Garudachar Palya,2,1150.0,2.0,1.0,52.8
Super built-up  Area,19-Jun,Hebbal,3,1645.0,3.0,2.0,117.0
Super built-up  Area,Ready To Move,Babusapalaya,2,1141.0,2.0,1.0,45.9
Super built-up  Area,Ready To Move,7th Phase JP Nagar,2,1175.0,2.0,2.0,82.5
Super built-up  Area,Ready To Move,Banashankari Stage V,3,1355.0,2.0,1.0,61.0
Built-up  Area,Ready To Move,Dasarahalli,2,1150.0,2.0,0.0,70.0
Super built-up  Area,20-Jan,Balagere,2,1007.0,2.0,1.0,65.0
Super built-up  Area,Ready To Move,Kothanur,3,1436.0,3.0,3.0,70.0
Super built-up  Area,Ready To Move,Marathahalli,4,4000.0,4.0,3.0,220.0
Built-up  Area,Ready To Move,Somasundara Palya,3,2372.0,3.0,2.0,140.0
Plot  Area,Ready To Move,Rajaji Nagar,2,1200.0,2.0,0.0,150.0
Super built-up  Area,Ready To Move,Dodda Nekkundi,2,1100.0,2.0,2.0,48.0
Super built-up  Area,Ready To Move,Electronic City,2,1070.0,2.0,1.0,60.0
Super built-up  Area,Ready To Move,Kadubeesanahalli,3,1532.0,3.0,1.0,115.0
Super built-up  Area,Ready To Move,Hennur,2,1040.0,2.0,2.0,42.12
Super built-up  Area,21-Jun,Tumkur Road,2,1137.5,2.0,0.0,48.905
Super built-up  Area,Ready To Move,Thanisandra,3,1430.0,2.0,2.0,51.6
Plot  Area,Ready To Move,Rajaji Nagar,2,1160.0,1.0,0.0,163.0
Super built-up  Area,Ready To Move,HRBR Layout,2,1210.0,2.0,1.0,75.0
Super built-up  Area,21-Mar,Hebbal,2,1251.0,2.0,1.0,88.73
Super built-up  Area,Ready To Move,HSR Layout,3,1600.0,2.0,2.0,115.0
Super built-up  Area,18-Apr,Electronic City,2,1128.0,2.0,1.0,65.5
Super built-up  Area,Ready To Move,Budigere,3,1820.0,3.0,2.0,93.0
Super built-up  Area,Ready To Move,Thigalarapalya,3,2072.0,4.0,2.0,159.0
Super built-up  Area,Ready To Move,Raja Rajeshwari Nagar,3,1510.0,2.0,3.0,59.0
Super built-up  Area,Ready To Move,Hoodi,3,1925.0,2.0,3.0,114.0
Plot  Area,Ready To Move,Hennur Road,3,2651.0,2.0,2.0,225.0
Super built-up  Area,Ready To Move,Thigalarapalya,3,2072.0,4.0,2.0,147.0
Super built-up  Area,Ready To Move,Kumaraswami Layout,2,1000.0,2.0,2.0,36.0
Plot  Area,Ready To Move,KR Puram,3,1752.0,3.0,2.0,145.0
Super built-up  Area,Ready To Move,Sahakara Nagar,2,960.0,2.0,3.0,56.0
Built-up  Area,Ready To Move,Benson Town,3,2270.0,3.0,1.0,180.0
Built-up  Area,Ready To Move,NRI Layout,2,650.0,2.0,0.0,59.0
Super built-up  Area,Ready To Move,Lakshminarayana Pura,2,1200.0,2.0,1.0,75.0
Super built-up  Area,Ready To Move,Bisuvanahalli,3,1180.0,2.0,1.0,46.0
Built-up  Area,Ready To Move,Bannerghatta Road,2,1157.0,2.0,0.0,40.0
Super built-up  Area,21-Jan,Kanakpura Road,3,1300.0,3.0,2.0,69.0
Super built-up  Area,Ready To Move,Banashankari Stage III,3,1305.0,2.0,1.0,59.0
Super built-up  Area,Ready To Move,Hegde Nagar,3,2006.0,4.0,2.0,196.0
Super built-up  Area,Ready To Move,Jakkur,2,1290.0,2.0,1.0,80.0
Super built-up  Area,Ready To Move,Hoskote,2,1170.0,2.0,3.0,45.0
Super built-up  Area,Ready To Move,Yelachenahalli,2,1400.0,2.0,3.0,78.0
Super built-up  Area,Ready To Move,Lakshminarayana Pura,2,1200.0,2.0,2.0,75.0
Built-up  Area,Ready To Move,Hormavu,3,1725.0,3.0,2.0,85.0
Super built-up  Area,21-Oct,Kanakpura Road,2,700.0,2.0,1.0,40.0
Super built-up  Area,22-Jun,Hoodi,2,1112.0,2.0,1.0,88.0
Super built-up  Area,Ready To Move,Somasundara Palya,2,1178.0,2.0,2.0,78.0
Super built-up  Area,Ready To Move,Doddathoguru,2,915.0,2.0,1.0,32.0
Super built-up  Area,Ready To Move,Hosur Road,1,760.0,1.0,2.0,21.28
Super built-up  Area,Ready To Move,Nehru Nagar,4,2342.0,3.0,2.0,115.0
Plot  Area,Ready To Move,Raja Rajeshwari Nagar,8,4800.0,8.0,2.0,225.0
Super built-up  Area,Ready To Move,Kanakpura Road,3,1450.0,3.0,3.0,54.3
Built-up  Area,Ready To Move,Uttarahalli,2,850.0,2.0,2.0,35.0
Super built-up  Area,Ready To Move,Green Glen Layout,3,1715.0,3.0,2.0,115.0
Super built-up  Area,Ready To Move,Basavangudi,3,2300.0,3.0,2.0,317.0
Super built-up  Area,Ready To Move,Electronic City,2,1200.0,2.0,1.0,59.0
Super built-up  Area,18-Oct,8th Phase JP Nagar,2,1080.0,2.0,2.0,38.0
Super built-up  Area,Ready To Move,Kasavanhalli,2,1200.0,2.0,1.0,50.3
Super built-up  Area,Ready To Move,Banashankari,3,1400.0,2.0,1.0,78.0
Plot  Area,Ready To Move,Whitefield,4,1500.0,4.0,3.0,200.0
Carpet  Area,20-Dec,Kanakpura Road,1,458.0,1.0,0.0,19.695
Super built-up  Area,Ready To Move,Marathahalli,2,1230.0,2.0,1.0,57.0
Built-up  Area,Ready To Move,Kalyan nagar,3,1640.0,3.0,3.0,88.0
Super built-up  Area,Ready To Move,Banashankari,3,1700.0,3.0,2.0,125.0
Super built-up  Area,Ready To Move,Bommasandra,3,1478.0,2.0,2.0,44.0
Super built-up  Area,Ready To Move,Banashankari,2,1020.0,2.0,2.0,40.79
Built-up  Area,Ready To Move,Yelahanka,3,1275.0,2.0,2.0,95.0
Super built-up  Area,Ready To Move,Kanakapura,2,1110.0,2.0,2.0,38.85
Super built-up  Area,Ready To Move,Uttarahalli,3,1627.86,3.0,2.0,88.0
Plot  Area,Ready To Move,Whitefield,4,3004.0,4.0,2.0,285.0
Super built-up  Area,18-May,Hosa Road,2,1133.0,2.0,1.0,52.0
Super built-up  Area,Ready To Move,Hennur Road,2,1182.0,2.0,2.0,82.5
Super built-up  Area,Ready To Move,Tumkur Road,3,1500.0,3.0,3.0,100.0
Super built-up  Area,Ready To Move,Hebbal Kempapura,4,3900.0,5.0,2.0,360.0
Super built-up  Area,Ready To Move,Marathahalli,2,1200.0,2.0,2.0,58.0
Super built-up  Area,Ready To Move,Raja Rajeshwari Nagar,2,1128.0,2.0,1.0,48.79
Super built-up  Area,Ready To Move,Malleshwaram,3,2345.0,2.0,2.0,293.0
Built-up  Area,Ready To Move,Amruthahalli,2,1100.0,2.0,1.0,45.0
Super built-up  Area,Ready To Move,Kengeri Satellite Town,2,635.0,1.0,1.0,22.0
Super built-up  Area,Ready To Move,Ardendale,4,2062.0,3.0,2.0,140.0
Built-up  Area,Ready To Move,Thanisandra,3,1874.0,4.0,1.0,130.0
Super built-up  Area,18-Jun,Old Madras Road,2,1171.0,2.0,2.0,75.0
Super built-up  Area,Ready To Move,Sarjapur,3,2020.0,3.0,3.0,85.0
Super built-up  Area,18-Jan,8th Phase JP Nagar,2,1059.0,2.0,2.0,34.5
Super built-up  Area,Ready To Move,Panathur,3,1315.0,2.0,1.0,59.1
Super built-up  Area,Ready To Move,Jakkur,3,1760.0,3.0,2.0,110.0
Super built-up  Area,Ready To Move,Hennur Road,3,1192.0,2.0,1.0,62.0
Super built-up  Area,19-Jun,Hebbal,3,1645.0,3.0,2.0,121.0
Super built-up  Area,Ready To Move,Whitefield,2,1250.0,2.0,2.0,72.0
Super built-up  Area,19-Dec,Whitefield,1,709.0,1.0,0.0,34.385
Super built-up  Area,Ready To Move,Whitefield,2,1340.0,2.0,1.0,77.0
Built-up  Area,Ready To Move,Cooke Town,3,2388.0,4.0,3.0,239.0
Super built-up  Area,18-Jun,Hosa Road,2,1369.1,2.0,1.0,104.0
Built-up  Area,Ready To Move,Bannerghatta Road,2,1150.0,2.0,2.0,65.0
Super built-up  Area,19-Dec,Kanakapura,3,1938.0,3.0,3.0,113.0
Super built-up  Area,19-Jun,Begur Road,4,2462.0,4.0,3.0,124.0
Super built-up  Area,Ready To Move,Budigere,3,1636.0,3.0,2.0,85.0
Super built-up  Area,Ready To Move,Akshaya Nagar,3,1430.0,2.0,2.0,75.0
Carpet  Area,18-May,Electronic City Phase II,3,993.0,2.0,2.0,50.0
Plot  Area,Ready To Move,Laggere,4,1260.0,4.0,1.0,150.0
Super built-up  Area,Ready To Move,Kanakpura Road,3,1700.0,3.0,3.0,88.0
Super built-up  Area,Ready To Move,Yelahanka,2,1270.0,2.0,2.0,78.0
Plot  Area,18-Apr,Anjanapura,3,1500.0,3.0,1.0,121.0
Built-up  Area,Ready To Move,Koramangala,3,2300.0,3.0,3.0,290.0
Super built-up  Area,Ready To Move,Marathahalli,3,1650.0,3.0,3.0,86.45
Super built-up  Area,Ready To Move,Panathur,2,1109.0,2.0,1.0,63.0
Built-up  Area,Ready To Move,Sarjapur,4,2885.0,3.0,1.0,185.0
Plot  Area,Ready To Move,Devanahalli,3,1600.0,3.0,2.0,180.0
Super built-up  Area,Ready To Move,Kothanur,3,1462.0,3.0,3.0,71.0
Super built-up  Area,19-Mar,Marathahalli,1,607.0,1.0,1.0,35.0
Super built-up  Area,Ready To Move,Kammasandra,2,930.0,2.0,0.0,25.0
Plot  Area,17-Nov,Varthur,4,4500.0,5.0,2.0,300.0
Super built-up  Area,Ready To Move,Malleshwaram,3,2600.0,3.0,1.0,237.0
Super built-up  Area,Ready To Move,JP Nagar,4,3000.0,4.0,2.0,140.0
Super built-up  Area,18-May,Electronic City Phase II,3,1418.0,3.0,2.0,52.47
Built-up  Area,Ready To Move,EPIP Zone,2,1125.0,2.0,1.0,65.0
Super built-up  Area,Ready To Move,CV Raman Nagar,3,1825.0,3.0,2.0,126.0
Super built-up  Area,Ready To Move,Whitefield,2,1320.0,2.0,3.0,79.5
Built-up  Area,Ready To Move,JP Nagar,4,3000.0,4.0,2.0,140.0
Super built-up  Area,20-Dec,Whitefield,2,750.0,2.0,1.0,52.7
Super built-up  Area,19-Dec,Yelahanka,3,1400.0,2.0,2.0,80.54
Built-up  Area,Ready To Move,Rajaji Nagar,4,5000.0,4.0,0.0,375.0
Plot  Area,Ready To Move,Mahadevpura,5,3295.0,4.0,2.0,260.0
Plot  Area,18-Jul,Whitefield,3,1200.0,3.0,1.0,61.96
Built-up  Area,Ready To Move,Poorna Pragna Layout,2,965.0,2.0,2.0,48.0
Plot  Area,Ready To Move,Gottigere,1,812.0,1.0,1.0,26.0
Super built-up  Area,Ready To Move,KR Puram,2,1100.0,2.0,2.0,43.0
Super built-up  Area,Ready To Move,Whitefield,2,1180.0,2.0,2.0,41.0
Super built-up  Area,Ready To Move,HSR Layout,2,1145.0,2.0,2.0,48.0
Super built-up  Area,Ready To Move,Haralur Road,2,1027.0,2.0,1.0,44.0
Plot  Area,Ready To Move,Hegde Nagar,2,1200.0,2.0,0.0,75.0
Super built-up  Area,Ready To Move,Kenchenahalli,2,1015.0,2.0,2.0,58.0
Plot  Area,Ready To Move,Whitefield,4,3000.0,4.0,3.0,306.0
Built-up  Area,Ready To Move,7th Phase JP Nagar,3,3300.0,4.0,3.0,160.0
Super built-up  Area,18-Dec,JP Nagar,2,1300.0,2.0,1.0,109.0
Built-up  Area,Ready To Move,Hebbal Kempapura,2,1300.0,2.0,2.0,102.0
Super built-up  Area,19-Jun,Hosa Road,3,1512.0,3.0,1.0,123.0
Carpet  Area,18-Dec,Bhoganhalli,3,1053.4,3.0,1.0,88.91
Super built-up  Area,Ready To Move,Yeshwanthpur,1,605.0,1.0,0.0,41.745
Super built-up  Area,Ready To Move,Hormavu,2,1153.0,2.0,1.0,65.0
Super built-up  Area,Ready To Move,Hulimavu,2,1255.0,2.0,2.0,69.0
Super built-up  Area,Ready To Move,Marathahalli,3,1583.0,3.0,3.0,109.0
Super built-up  Area,Ready To Move,Kathriguppe,3,1365.0,2.0,2.0,75.08
Built-up  Area,Ready To Move,Magadi Road,1,440.0,1.0,0.0,35.0
Super built-up  Area,Ready To Move,Subramanyapura,2,975.0,2.0,1.0,63.0
Super built-up  Area,Ready To Move,Kereguddadahalli,3,1300.0,2.0,2.0,39.0
Super built-up  Area,Ready To Move,Channasandra,2,1115.0,2.0,1.0,40.0
Super built-up  Area,Ready To Move,Sarjapur  Road,2,1308.0,2.0,1.0,83.0
Super built-up  Area,Ready To Move,Uttarahalli,3,1490.0,2.0,2.0,59.6
Plot  Area,Ready To Move,Bannerghatta Road,4,10000.0,4.0,0.0,450.0
Super built-up  Area,19-Apr,Sarjapur  Road,3,1592.0,3.0,1.0,91.0
Super built-up  Area,18-Jun,Rajaji Nagar,2,1222.0,2.0,0.0,112.0
Super built-up  Area,Ready To Move,Raja Rajeshwari Nagar,2,1267.0,2.0,2.0,42.85
Super built-up  Area,Ready To Move,Balagere,1,656.0,1.0,1.0,53.0
Plot  Area,Ready To Move,Dodda Nekkundi,4,3400.0,4.0,3.0,530.0
Plot  Area,18-Nov,Chandapura,2,1200.0,1.0,1.0,36.0
Super built-up  Area,Ready To Move,Thanisandra,3,1698.0,3.0,2.0,102.0
Super built-up  Area,18-Mar,Electronic City,2,1152.0,2.0,1.0,65.75
Super built-up  Area,Ready To Move,Raja Rajeshwari Nagar,1,550.0,1.0,0.0,21.0
Super built-up  Area,Ready To Move,Pattandur Agrahara,2,900.0,2.0,2.0,42.0
Built-up  Area,Ready To Move,Akshaya Nagar,3,1419.0,2.0,3.0,73.0
Super built-up  Area,Ready To Move,Amruthahalli,2,1200.0,2.0,1.0,55.0
Super built-up  Area,Ready To Move,AECS Layout,3,1800.0,3.0,3.0,65.0
Super built-up  Area,Ready To Move,Gottigere,2,990.0,2.0,1.0,40.0
Super built-up  Area,Ready To Move,Sarjapur  Road,2,1016.0,2.0,1.0,45.0
Super built-up  Area,Ready To Move,Bannerghatta Road,2,1100.0,2.0,0.0,39.0
Super built-up  Area,Ready To Move,Whitefield,2,1095.0,2.0,1.0,35.0
Super built-up  Area,Ready To Move,Budigere,2,1444.0,2.0,2.0,70.0
Super built-up  Area,Ready To Move,Whitefield,2,1415.0,2.0,3.0,67.0
Super built-up  Area,Ready To Move,Whitefield,2,1105.0,2.0,1.0,41.36
Super built-up  Area,18-Dec,Electronic City,3,1225.0,3.0,0.0,45.03
Super built-up  Area,Ready To Move,Frazer Town,3,2560.0,3.0,2.0,265.0
Plot  Area,Ready To Move,Dasarahalli,7,2400.0,3.0,3.0,150.0
Super built-up  Area,18-Aug,Talaghattapura,3,1856.0,3.0,2.0,135.0
Super built-up  Area,Ready To Move,Sarjapur  Road,2,1150.0,2.0,2.0,77.0
Super built-up  Area,18-Dec,Whitefield,3,2094.0,2.0,2.0,113.19
Super built-up  Area,Ready To Move,5th Phase JP Nagar,3,1485.0,2.0,2.0,67.0
Plot  Area,18-Aug,Whitefield,2,1200.0,2.0,1.0,45.0
Super built-up  Area,18-May,Hennur Road,2,1036.0,2.0,1.0,59.46
Plot  Area,Ready To Move,Whitefield,4,3445.0,5.0,3.0,270.0
Super built-up  Area,18-Jul,Bommanahalli,2,1110.0,2.0,2.0,33.0
Built-up  Area,Ready To Move,Kodichikkanahalli,2,1150.0,2.0,3.0,48.0
Super built-up  Area,Ready To Move,Kenchenahalli,1,715.0,1.0,1.0,45.0
Super built-up  Area,Ready To Move,Jakkur,4,2283.0,4.0,2.0,130.0
Super built-up  Area,18-Apr,Hormavu,3,1453.0,2.0,2.0,43.58
Built-up  Area,Ready To Move,Nagarbhavi,3,1400.0,2.0,1.0,85.0
Super built-up  Area,Ready To Move,Padmanabhanagar,3,1400.0,3.0,0.0,65.0
Super built-up  Area,Ready To Move,Whitefield,3,1700.0,3.0,1.0,140.0
Super built-up  Area,18-Dec,Kanakpura Road,3,1591.0,3.0,1.0,120.0
Super built-up  Area,Ready To Move,Nagarbhavi,3,1515.0,2.0,1.0,79.0
Built-up  Area,Ready To Move,Marathahalli,5,2500.0,3.0,3.0,200.0
Super built-up  Area,18-Aug,Chandapura,2,975.0,2.0,1.0,24.86
Super built-up  Area,Ready To Move,Yeshwanthpur,3,1382.0,2.0,2.0,76.18
Super built-up  Area,18-Feb,Cunningham Road,3,3815.0,3.0,1.0,763.0
Super built-up  Area,Ready To Move,Dairy Circle,4,3730.0,6.0,2.0,450.0
Super built-up  Area,Ready To Move,Banashankari Stage II,3,1500.0,2.0,1.0,120.0
Super built-up  Area,Ready To Move,Yelahanka,3,1391.0,2.0,2.0,64.5
Super built-up  Area,Ready To Move,Begur Road,2,1160.0,2.0,2.0,42.92
Built-up  Area,Ready To Move,Chandapura,1,620.0,1.0,1.0,27.0
Built-up  Area,18-Jun,Whitefield,4,4827.0,4.0,3.0,400.0
Super built-up  Area,Ready To Move,Kanakpura Road,3,1482.0,3.0,3.0,60.98
Super built-up  Area,Ready To Move,Whitefield,2,1405.0,2.0,2.0,84.5
Super built-up  Area,Ready To Move,Harlur,2,1174.0,2.0,1.0,78.0
Plot  Area,Ready To Move,Seegehalli,2,1155.0,2.0,0.0,72.0
Super built-up  Area,19-Mar,Thanisandra,3,1411.0,3.0,1.0,93.04
Super built-up  Area,Ready To Move,Kereguddadahalli,2,1000.0,2.0,2.0,30.0
Super built-up  Area,Ready To Move,Jigani,2,923.0,2.0,1.0,50.0
Super built-up  Area,Ready To Move,Battarahalli,2,1276.0,2.0,2.0,45.0
Super built-up  Area,18-Dec,Ramamurthy Nagar,2,1200.0,2.0,1.0,48.0
Super built-up  Area,Ready To Move,Yeshwanthpur,1,669.0,1.0,1.0,36.85
Plot  Area,Ready To Move,7th Phase JP Nagar,3,2200.0,4.0,2.0,105.0
Super built-up  Area,18-May,Koramangala,3,1594.0,3.0,2.0,125.0
Super built-up  Area,Ready To Move,Kothanur,3,1790.0,3.0,2.0,105.0
Super built-up  Area,Ready To Move,NGR Layout,2,1020.0,2.0,1.0,45.0
Super built-up  Area,Ready To Move,Whitefield,3,1345.0,2.0,2.0,57.0
Super built-up  Area,Ready To Move,Kodichikkanahalli,2,1070.0,2.0,3.0,43.0
Super built-up  Area,Ready To Move,Yeshwanthpur,3,1385.0,2.0,2.0,76.18
Super built-up  Area,Ready To Move,Kanakpura Road,2,1207.0,2.0,2.0,79.9
Super built-up  Area,Ready To Move,Varthur,2,1140.0,2.0,3.0,55.5
Super built-up  Area,Ready To Move,Iblur Village,4,3596.0,5.0,0.0,252.0
Built-up  Area,Ready To Move,Sarjapur  Road,3,1965.0,3.0,3.0,120.0
Built-up  Area,Ready To Move,Koramangala,3,1760.0,2.0,0.0,115.0
Super built-up  Area,18-Mar,Haralur Road,2,1225.0,2.0,1.0,70.0
Super built-up  Area,Ready To Move,Marathahalli,2,1075.0,2.0,2.0,52.43
Built-up  Area,Ready To Move,Panathur,2,1000.0,2.0,1.0,68.0
Super built-up  Area,Ready To Move,Yelahanka,2,1322.0,2.0,2.0,86.0
Built-up  Area,Ready To Move,Bellandur,4,3600.0,4.0,0.0,260.0
Super built-up  Area,Ready To Move,Thanisandra,3,1996.0,3.0,2.0,135.0
Super built-up  Area,Ready To Move,Brookefield,2,1125.0,2.0,2.0,70.0
Super built-up  Area,18-Apr,Mysore Road,3,1560.0,3.0,1.0,115.0
Super built-up  Area,Ready To Move,Sarjapur  Road,3,2275.0,4.0,2.0,180.0
Super built-up  Area,Ready To Move,Haralur Road,3,1464.0,3.0,3.0,56.0
Super built-up  Area,Ready To Move,Sarjapur  Road,3,1680.0,3.0,1.0,160.0
Super built-up  Area,Ready To Move,Hoodi,2,1400.0,2.0,1.0,82.0
Super built-up  Area,Ready To Move,Bellandur,2,1310.0,2.0,2.0,72.0
Built-up  Area,Ready To Move,BTM Layout,6,3300.0,6.0,3.0,165.0
Super built-up  Area,18-May,Electronics City Phase 1,2,1175.0,2.0,1.0,57.0
Built-up  Area,Ready To Move,Chikkalasandra,3,1428.0,2.0,1.0,80.0
Super built-up  Area,Ready To Move,Whitefield,4,3252.0,4.0,3.0,280.0
Super built-up  Area,18-Jun,8th Phase JP Nagar,2,1080.0,2.0,2.0,35.0
Plot  Area,17-Dec,Whitefield,2,1200.0,2.0,1.0,45.0
Built-up  Area,18-Dec,Bommasandra Industrial Area,3,1320.0,2.0,1.0,38.13
Super built-up  Area,Ready To Move,Sector 2 HSR Layout,2,1146.0,2.0,3.0,55.0
Super built-up  Area,20-Aug,Rachenahalli,1,440.0,1.0,1.0,28.0
Super built-up  Area,Ready To Move,Sahakara Nagar,2,1048.0,2.0,3.0,50.0
Super built-up  Area,Ready To Move,Thanisandra,3,1801.0,3.0,1.0,115.0
Super built-up  Area,19-Mar,Hennur Road,2,1232.0,2.0,1.0,69.61
Super built-up  Area,Ready To Move,Whitefield,2,1150.0,2.0,2.0,90.0
Super built-up  Area,21-Mar,Talaghattapura,3,1868.0,3.0,1.0,120.0
Super built-up  Area,18-Apr,Begur,3,1445.0,2.0,2.0,47.1
Super built-up  Area,Ready To Move,Hebbal Kempapura,3,1466.0,2.0,3.0,140.0
Built-up  Area,Ready To Move,Harlur,3,1730.0,3.0,2.0,100.0
Super built-up  Area,18-Dec,JP Nagar,3,3860.0,3.0,2.0,402.0
Super built-up  Area,Ready To Move,Somasundara Palya,2,1185.0,2.0,3.0,70.0
Built-up  Area,Ready To Move,Yeshwanthpur,3,3027.0,4.0,3.0,260.0
Built-up  Area,20-Dec,Whitefield,4,2400.0,4.0,3.0,147.0
Built-up  Area,Ready To Move,Kaval Byrasandra,2,1185.0,2.0,1.0,49.0
Super built-up  Area,Ready To Move,Hebbal,3,1760.0,3.0,2.0,123.0
Super built-up  Area,Ready To Move,Banashankari,2,1600.0,2.0,1.0,63.98
Super built-up  Area,Ready To Move,Haralur Road,2,1000.0,2.0,1.0,78.0
Super built-up  Area,Ready To Move,7th Phase JP Nagar,2,1215.0,2.0,2.0,90.0
Super built-up  Area,Ready To Move,EPIP Zone,3,1734.0,3.0,3.0,125.0
Super built-up  Area,Ready To Move,Akshaya Nagar,2,1280.0,2.0,1.0,60.0
Super built-up  Area,Ready To Move,Rachenahalli,2,1113.0,2.0,1.0,55.0
Super built-up  Area,Ready To Move,Horamavu Banaswadi,2,1272.0,2.0,2.0,48.0
Built-up  Area,Ready To Move,Kereguddadahalli,3,1240.0,3.0,2.0,41.0
Super built-up  Area,Ready To Move,Yelahanka,2,1100.0,2.0,1.0,70.0
Super built-up  Area,Ready To Move,Rachenahalli,4,3657.0,5.0,2.0,220.0
Built-up  Area,Ready To Move,Ramagondanahalli,4,2800.0,4.0,3.0,155.0
Built-up  Area,Ready To Move,Ambalipura,3,3500.0,3.0,2.0,198.0
Built-up  Area,Ready To Move,Ramamurthy Nagar,3,3600.0,3.0,2.0,150.0
Super built-up  Area,Ready To Move,Iblur Village,4,2987.5,5.0,0.0,191.0
Super built-up  Area,19-Sep,Koramangala,4,2503.0,6.0,2.0,325.0
Super built-up  Area,Ready To Move,Rachenahalli,3,1550.0,3.0,2.0,74.5
Super built-up  Area,Ready To Move,Seegehalli,3,1830.0,4.0,2.0,82.0
Super built-up  Area,19-Dec,Hoodi,3,1746.0,3.0,3.0,84.95
Super built-up  Area,20-Aug,Kengeri,2,918.0,2.0,1.0,27.54
Super built-up  Area,18-Jul,Chandapura,1,645.0,1.0,1.0,16.45
Super built-up  Area,Ready To Move,Banashankari Stage III,3,1305.0,2.0,1.0,60.0
Super built-up  Area,Ready To Move,Thigalarapalya,2,1207.0,2.0,2.0,62.0
Built-up  Area,Ready To Move,Thanisandra,3,1678.0,3.0,2.0,125.0
Super built-up  Area,Ready To Move,Kaggalipura,2,950.0,2.0,1.0,50.0
Super built-up  Area,18-Feb,Electronic City,2,1070.0,2.0,1.0,55.0
Super built-up  Area,Ready To Move,Ardendale,3,1732.46,3.0,2.0,92.0
Super built-up  Area,Ready To Move,Attibele,3,1639.0,2.0,1.0,40.98
Super built-up  Area,Ready To Move,Marathahalli,2,1360.0,2.0,1.0,103.0
Plot  Area,Ready To Move,Malleshpalya,4,2592.0,4.0,2.0,250.0
Super built-up  Area,Ready To Move,Lakshminarayana Pura,3,1656.0,3.0,2.0,150.0
Super built-up  Area,Ready To Move,Sarjapur  Road,2,985.0,2.0,1.0,49.0
Super built-up  Area,Ready To Move,Dodda Nekkundi,3,1999.0,3.0,2.0,135.0
Super built-up  Area,Ready To Move,7th Phase JP Nagar,2,1050.0,2.0,1.0,75.0
Super built-up  Area,Ready To Move,Whitefield,3,1440.0,2.0,2.0,64.0
Super built-up  Area,Ready To Move,Basavangudi,3,1600.0,2.0,2.0,160.0
Super built-up  Area,17-Nov,Ramagondanahalli,2,1253.0,2.0,1.0,52.66
Super built-up  Area,Ready To Move,Padmanabhanagar,3,1360.0,2.0,3.0,75.0
Super built-up  Area,Ready To Move,Sarjapur  Road,2,1418.0,2.0,2.0,78.0
Super built-up  Area,Ready To Move,Kalena Agrahara,2,1270.0,2.0,2.0,100.0
Plot  Area,Ready To Move,Ramamurthy Nagar,2,600.0,3.0,2.0,45.0
Super built-up  Area,Ready To Move,Begur Road,3,1410.0,2.0,3.0,50.06
Built-up  Area,18-Dec,Whitefield,1,624.0,1.0,1.0,35.0
Super built-up  Area,Ready To Move,Electronic City,2,1060.0,2.0,1.0,58.0
Super built-up  Area,20-Dec,Hebbal,4,3960.0,5.0,3.0,386.0
Built-up  Area,Ready To Move,Sarjapur,4,1917.0,3.0,0.0,60.0
Super built-up  Area,Ready To Move,KR Puram,2,950.0,2.0,1.0,40.0
Super built-up  Area,18-May,BTM 2nd Stage,3,1250.0,3.0,1.0,50.0
Super built-up  Area,Ready To Move,Budigere,1,722.0,1.0,0.0,46.0
Plot  Area,Ready To Move,Kanakpura Road,4,2775.0,3.0,1.0,165.0
Built-up  Area,Ready To Move,Sarjapur  Road,2,1200.0,2.0,1.0,93.0
Built-up  Area,Ready To Move,Bannerghatta Road,3,1400.0,3.0,2.0,68.0
Super built-up  Area,Ready To Move,Marathahalli,2,1220.0,2.0,1.0,58.5
Super built-up  Area,Ready To Move,Nagavarapalya,1,705.0,1.0,1.0,52.5
Super built-up  Area,Ready To Move,Battarahalli,3,1880.0,3.0,2.0,94.36
Plot  Area,Ready To Move,Yelahanka,2,1200.0,2.0,1.0,70.0
Super built-up  Area,Ready To Move,Lingadheeranahalli,3,1893.0,3.0,1.0,130.0
Super built-up  Area,Ready To Move,Sarjapur  Road,3,1586.0,3.0,3.0,70.0
Plot  Area,Ready To Move,Seegehalli,3,4000.0,3.0,1.0,235.0
Super built-up  Area,Ready To Move,Yelahanka New Town,3,1541.0,3.0,3.0,80.0
Super built-up  Area,18-Dec,Haralur Road,3,1830.0,3.0,2.0,101.0
Super built-up  Area,18-Jun,Bommasandra,2,1015.0,2.0,1.0,40.0
Super built-up  Area,Ready To Move,Raja Rajeshwari Nagar,2,1120.0,2.0,2.0,37.95
Super built-up  Area,21-Dec,Hoodi,1,706.0,1.0,1.0,48.24
Plot  Area,Ready To Move,Kanakpura Road,3,1900.0,3.0,1.0,99.0
Plot  Area,Ready To Move,Harlur,4,1200.0,4.0,2.0,243.0
Built-up  Area,Ready To Move,Seegehalli,4,3000.0,5.0,3.0,150.0
Super built-up  Area,Ready To Move,Bisuvanahalli,3,1075.0,2.0,1.0,42.0
Super built-up  Area,19-Jul,Kanakpura Road,2,1290.0,2.0,3.0,80.0
Super built-up  Area,Ready To Move,Akshaya Nagar,2,1200.0,2.0,1.0,50.0
Built-up  Area,Ready To Move,Hormavu,2,1150.0,2.0,1.0,53.11
Super built-up  Area,Ready To Move,Uttarahalli,3,1360.0,2.0,3.0,61.2
Super built-up  Area,Ready To Move,Cox Town,3,1730.0,3.0,3.0,140.0
Super built-up  Area,Ready To Move,Sarjapur  Road,2,1260.0,2.0,2.0,53.0
Super built-up  Area,Ready To Move,Marathahalli,2,950.0,2.0,1.0,45.68
Super built-up  Area,17-May,Hegde Nagar,4,3216.0,5.0,2.0,300.0
Super built-up  Area,Ready To Move,Budigere,3,1991.0,4.0,2.0,88.0
Super built-up  Area,Ready To Move,Sarjapur  Road,2,1115.0,2.0,1.0,60.0
Super built-up  Area,Ready To Move,Koramangala,3,1900.0,3.0,3.0,150.0
Super built-up  Area,18-May,Whitefield,2,1109.0,2.0,1.0,41.49
Super built-up  Area,Ready To Move,Rajiv Nagar,4,2340.0,5.0,1.0,129.0
Super built-up  Area,Ready To Move,9th Phase JP Nagar,2,1005.0,2.0,1.0,43.0
Super built-up  Area,19-Aug,Kengeri,1,416.0,1.0,1.0,19.5
Super built-up  Area,Ready To Move,1st Phase JP Nagar,2,1394.0,2.0,1.0,100.0
Super built-up  Area,Ready To Move,Harlur,3,2138.0,3.0,2.0,110.0
Super built-up  Area,Ready To Move,Nagavarapalya,3,1300.0,3.0,1.0,80.0
Super built-up  Area,Ready To Move,Thanisandra,2,1265.0,2.0,2.0,82.0
Built-up  Area,Ready To Move,Thanisandra,2,1100.0,2.0,1.0,48.0
Super built-up  Area,18-May,Varthur,2,1012.0,2.0,1.0,59.0
Plot  Area,18-May,Varthur,4,1600.0,4.0,3.0,112.0
Super built-up  Area,Ready To Move,Yelahanka,2,1326.0,2.0,2.0,57.0
Built-up  Area,Ready To Move,Hebbal Kempapura,3,1654.0,2.0,3.0,85.0
Super built-up  Area,Ready To Move,Chikkalasandra,2,1070.0,2.0,1.0,42.8
Super built-up  Area,Ready To Move,Whitefield,3,1700.0,3.0,2.0,95.0
Super built-up  Area,Ready To Move,Kogilu,2,1140.0,2.0,2.0,50.66
Plot  Area,Ready To Move,Whitefield,4,4960.0,4.0,3.0,400.0
Super built-up  Area,22-Mar,Kanakapura,2,945.0,2.0,1.0,47.0
Super built-up  Area,19-Aug,Begur Road,4,2462.0,6.0,2.0,150.0
Plot  Area,Ready To Move,Giri Nagar,3,1350.0,3.0,0.0,240.0
Super built-up  Area,19-Dec,Marathahalli,1,615.0,1.0,1.0,44.0
Plot  Area,Ready To Move,Ramamurthy Nagar,2,1110.0,2.0,0.0,65.0
Super built-up  Area,18-Mar,Haralur Road,1,575.0,1.0,1.0,88.0
Super built-up  Area,18-Jul,Electronic City,2,1025.0,2.0,1.0,54.1
Super built-up  Area,Ready To Move,Kaikondrahalli,3,1342.0,3.0,3.0,92.0
Super built-up  Area,Ready To Move,Kalyan nagar,3,1800.0,3.0,2.0,85.0
Built-up  Area,18-Feb,Whitefield,4,2928.0,4.0,3.0,198.0
Built-up  Area,Ready To Move,Doddathoguru,2,1140.0,2.0,3.0,32.0
Super built-up  Area,18-Jul,Raja Rajeshwari Nagar,2,1608.0,2.0,2.0,85.0
Super built-up  Area,Ready To Move,Kadugodi,3,1645.0,2.0,2.0,82.0
Super built-up  Area,18-Dec,Ramamurthy Nagar,3,1410.0,2.0,1.0,56.4
Super built-up  Area,Ready To Move,Harlur,2,1200.0,2.0,2.0,52.0
Super built-up  Area,18-Jun,8th Phase JP Nagar,3,1275.0,2.0,2.0,41.5
Super built-up  Area,Ready To Move,Kalyan nagar,2,1080.0,2.0,2.0,73.0
Super built-up  Area,18-May,Akshaya Nagar,2,1092.0,2.0,1.0,60.0
Super built-up  Area,Ready To Move,Jalahalli,3,1932.0,4.0,3.0,135.0
Super built-up  Area,Ready To Move,KR Puram,2,1156.0,2.0,1.0,72.0
Super built-up  Area,Ready To Move,Bellandur,2,924.0,2.0,2.0,35.11
Super built-up  Area,Ready To Move,Thubarahalli,2,1330.0,2.0,1.0,75.0
Super built-up  Area,18-Apr,Thanisandra,3,1917.0,4.0,2.0,113.0
Super built-up  Area,18-Sep,Chandapura,2,985.0,2.0,1.0,25.12
Super built-up  Area,Ready To Move,Bellandur,3,1785.0,3.0,3.0,118.0
Super built-up  Area,Ready To Move,Kadugodi,7,4000.0,7.0,2.0,130.0
Super built-up  Area,19-Jun,Hebbal,3,1645.0,3.0,2.0,120.0
Super built-up  Area,Ready To Move,Gottigere,2,1235.0,2.0,2.0,63.0
Plot  Area,Ready To Move,Anandapura,2,900.0,2.0,0.0,48.0
Super built-up  Area,Ready To Move,Thanisandra,1,662.0,1.0,1.0,42.0
Super built-up  Area,18-Dec,Whitefield,2,1215.0,2.0,1.0,62.0
Super built-up  Area,Ready To Move,Sarjapur  Road,3,1525.0,2.0,2.0,87.0
Super built-up  Area,19-Dec,Hebbal,3,1255.0,2.0,1.0,90.0
Super built-up  Area,Ready To Move,Mysore Road,3,1560.0,3.0,2.0,120.0
Built-up  Area,Ready To Move,Kasavanhalli,3,2100.0,3.0,3.0,110.0
Super built-up  Area,Ready To Move,Kodichikkanahalli,3,1620.0,2.0,2.0,85.0
Super built-up  Area,Ready To Move,Marathahalli,3,1595.0,3.0,2.0,90.0
Built-up  Area,Ready To Move,9th Phase JP Nagar,2,835.0,2.0,0.0,37.0
Super built-up  Area,18-Oct,Hennur Road,3,2182.0,3.0,2.0,72.04
Super built-up  Area,Ready To Move,Thigalarapalya,2,1418.0,2.0,2.0,106.0
Super built-up  Area,18-Apr,Sanjay nagar,3,1900.0,2.0,2.0,180.0
Super built-up  Area,20-Sep,Whitefield,3,2700.0,5.0,2.0,175.0
Super built-up  Area,Ready To Move,BTM 2nd Stage,2,1070.0,2.0,1.0,48.0
Super built-up  Area,18-Dec,Electronics City Phase 1,1,755.0,1.0,1.0,42.41
Super built-up  Area,19-Mar,Hebbal,3,1645.0,3.0,2.0,117.0
Plot  Area,Ready To Move,Sarjapur,3,2400.0,3.0,2.0,190.0
Built-up  Area,Ready To Move,Electronics City Phase 1,2,919.0,2.0,0.0,28.0
Super built-up  Area,Ready To Move,Bannerghatta Road,3,1725.0,3.0,2.0,110.0
Super built-up  Area,18-Apr,Sarjapur  Road,2,1346.0,2.0,1.0,71.32
Built-up  Area,Ready To Move,Electronic City Phase II,2,1070.0,2.0,2.0,45.0
Super built-up  Area,Ready To Move,Begur Road,2,1225.0,2.0,1.0,35.52
Built-up  Area,Ready To Move,Neeladri Nagar,1,640.0,1.0,1.0,20.5
Super built-up  Area,Ready To Move,Chikkalasandra,3,1310.0,2.0,1.0,52.4
Super built-up  Area,Ready To Move,Kanakapura,2,1190.0,2.0,2.0,39.0
Super built-up  Area,Ready To Move,Marathahalli,2,1350.0,2.0,1.0,89.0
Super built-up  Area,Ready To Move,Vittasandra,2,1404.0,2.0,1.0,68.8
Super built-up  Area,18-Apr,Electronic City,3,1105.0,2.0,1.0,35.0
Super built-up  Area,Ready To Move,Dodda Nekkundi,2,1100.0,2.0,1.0,41.15
Built-up  Area,Ready To Move,Thanisandra,4,2100.0,4.0,1.0,95.0
Super built-up  Area,18-May,Thanisandra,3,1948.0,3.0,2.0,130.0
Super built-up  Area,Ready To Move,Singasandra,3,1464.0,3.0,2.0,56.0
Super built-up  Area,Ready To Move,Raja Rajeshwari Nagar,2,1210.0,2.0,2.0,45.0
Built-up  Area,Ready To Move,Yelahanka,5,4000.0,5.0,2.0,220.0
Super built-up  Area,Ready To Move,Sarjapur  Road,5,3905.0,7.0,2.0,290.0
Super built-up  Area,Ready To Move,7th Phase JP Nagar,3,1300.0,3.0,2.0,89.13
Super built-up  Area,Ready To Move,7th Phase JP Nagar,2,1130.0,2.0,2.0,73.0
Built-up  Area,Ready To Move,Thanisandra,3,1690.0,3.0,2.0,125.0
Built-up  Area,Ready To Move,Padmanabhanagar,3,4500.0,4.0,2.0,360.0
Super built-up  Area,Ready To Move,Marathahalli,2,1020.0,2.0,1.0,57.0
Super built-up  Area,Ready To Move,Marathahalli,3,1735.0,3.0,2.0,72.0
Built-up  Area,Ready To Move,Sarjapur  Road,2,915.0,2.0,2.0,37.0
Super built-up  Area,Ready To Move,Thigalarapalya,3,2215.0,4.0,2.0,156.0
Super built-up  Area,18-Aug,Hennur Road,3,1804.0,3.0,2.0,102.0
Super built-up  Area,18-Apr,Marathahalli,2,1600.0,3.0,2.0,88.0
Super built-up  Area,Ready To Move,Uttarahalli,2,1280.0,2.0,2.0,75.0
Super built-up  Area,19-Dec,Hebbal,3,1255.0,3.0,2.0,77.68
Super built-up  Area,Ready To Move,Koramangala,2,1320.0,2.0,1.0,150.0
Super built-up  Area,Ready To Move,Hoodi,2,1257.0,2.0,1.0,69.0
Super built-up  Area,Ready To Move,Raja Rajeshwari Nagar,2,1240.0,2.0,1.0,53.27
Plot  Area,Ready To Move,Bannerghatta Road,6,1850.0,6.0,3.0,150.0
Super built-up  Area,Ready To Move,Hulimavu,2,1255.0,2.0,3.0,66.0
Super built-up  Area,Ready To Move,Ananth Nagar,2,870.0,2.0,2.0,36.0
Super built-up  Area,Ready To Move,Tumkur Road,3,1789.0,3.0,2.0,98.0
Super built-up  Area,Ready To Move,Electronic City,2,660.0,1.0,1.0,18.0
Super built-up  Area,Ready To Move,R.T. Nagar,2,1235.0,2.0,2.0,65.0
Plot  Area,Ready To Move,Yelahanka,4,2675.0,4.0,2.0,140.0
Super built-up  Area,Ready To Move,CV Raman Nagar,2,1025.0,2.0,2.0,50.0
Built-up  Area,Ready To Move,Raja Rajeshwari Nagar,3,1395.0,2.0,2.0,72.0
Super built-up  Area,Ready To Move,Dodda Nekkundi,3,1252.0,2.0,1.0,71.0
Super built-up  Area,Ready To Move,Haralur Road,3,1255.0,3.0,1.0,130.0
Super built-up  Area,Ready To Move,Ardendale,4,2062.0,3.0,2.0,150.0
Super built-up  Area,Ready To Move,Choodasandra,3,1220.0,3.0,2.0,56.0
Super built-up  Area,Ready To Move,Bisuvanahalli,3,1180.0,2.0,1.0,60.0
Super built-up  Area,Ready To Move,Sarjapur  Road,1,715.0,1.0,2.0,29.0
Super built-up  Area,Ready To Move,Sarjapur  Road,2,1230.0,2.0,3.0,94.5
Super built-up  Area,Ready To Move,Kaggadasapura,2,1035.0,2.0,2.0,45.5
Super built-up  Area,Ready To Move,EPIP Zone,4,3360.0,5.0,0.0,225.0
Super built-up  Area,Ready To Move,Kathriguppe,3,1300.0,3.0,2.0,77.99
Super built-up  Area,21-Feb,Kanakpura Road,3,1100.0,3.0,1.0,52.97
Super built-up  Area,Ready To Move,Whitefield,2,1216.0,2.0,1.0,84.0
Super built-up  Area,Ready To Move,Nagavarapalya,1,705.0,1.0,1.0,57.0
Super built-up  Area,Ready To Move,Gottigere,3,1385.0,3.0,2.0,64.0
Plot  Area,18-May,Anekal,2,1200.0,2.0,1.0,36.1
Super built-up  Area,18-Jul,Electronic City Phase II,3,1310.0,2.0,1.0,32.75
Built-up  Area,Ready To Move,Sarjapur  Road,2,1043.0,2.0,1.0,39.5
Super built-up  Area,Ready To Move,Koramangala,2,1320.0,2.0,2.0,110.0
Super built-up  Area,Ready To Move,Varthur,2,1140.0,2.0,2.0,39.9
Built-up  Area,Ready To Move,Kadugodi,2,1100.0,2.0,1.0,45.0
Super built-up  Area,18-Sep,Hebbal,3,1586.0,3.0,2.0,90.0
Super built-up  Area,18-Dec,Rajaji Nagar,2,1263.0,2.0,0.0,107.0
Super built-up  Area,Ready To Move,Begur Road,3,1565.0,2.0,2.0,59.76
Super built-up  Area,19-Sep,Whitefield,4,2882.0,5.0,1.0,204.0
Super built-up  Area,Ready To Move,Hennur Road,3,2320.0,3.0,2.0,170.0
Built-up  Area,Ready To Move,Sarjapur  Road,3,1750.0,3.0,3.0,99.0
Super built-up  Area,Ready To Move,Kudlu,2,1143.0,2.0,1.0,55.0
Super built-up  Area,Ready To Move,Hennur Road,3,1936.0,3.0,1.0,118.0
Super built-up  Area,Ready To Move,Electronic City,2,660.0,1.0,1.0,15.0
Super built-up  Area,Ready To Move,Chandapura,2,700.0,1.0,1.0,19.0
Built-up  Area,Ready To Move,Hebbal,4,4640.0,4.0,2.0,600.0
Super built-up  Area,Ready To Move,Electronic City,2,1000.0,2.0,2.0,41.0
Super built-up  Area,Ready To Move,Gottigere,2,1000.0,2.0,1.0,35.0
Super built-up  Area,20-Dec,Kengeri Satellite Town,2,818.0,2.0,1.0,26.0
Built-up  Area,Ready To Move,Bommenahalli,4,1680.0,3.0,0.0,135.0
Super built-up  Area,Ready To Move,Kalyan nagar,4,2422.0,3.0,2.0,150.0
Super built-up  Area,Ready To Move,Indira Nagar,2,1145.0,2.0,2.0,100.0
Super built-up  Area,18-Aug,Chandapura,3,1190.0,2.0,2.0,30.35
Super built-up  Area,20-Aug,Sarjapur  Road,2,1145.0,2.0,1.0,62.0
Super built-up  Area,Ready To Move,Somasundara Palya,3,1575.0,3.0,3.0,68.0
Plot  Area,Ready To Move,Bannerghatta Road,3,9000.0,4.0,1.0,390.0
Super built-up  Area,Ready To Move,Thanisandra,2,1200.0,2.0,2.0,46.0
Super built-up  Area,Ready To Move,Yelahanka,3,1500.0,2.0,2.0,63.0
Built-up  Area,Ready To Move,Ramamurthy Nagar,4,2560.0,4.0,2.0,75.0
Super built-up  Area,Ready To Move,Kothanur,3,1583.0,3.0,3.0,76.1
Super built-up  Area,21-Dec,Kanakpura Road,2,700.0,2.0,1.0,34.98
Built-up  Area,Ready To Move,Bannerghatta Road,2,950.0,2.0,0.0,38.0
Super built-up  Area,Ready To Move,Banashankari,2,1041.0,2.0,1.0,36.44
Super built-up  Area,Ready To Move,Thubarahalli,2,1085.0,2.0,1.0,70.0
Super built-up  Area,18-Aug,Anjanapura,2,1070.0,2.0,2.0,37.0
Super built-up  Area,Ready To Move,Raja Rajeshwari Nagar,2,1165.0,2.0,1.0,45.0
Built-up  Area,Ready To Move,Bommasandra,2,1000.0,2.0,1.0,35.0
Super built-up  Area,19-Dec,Horamavu Agara,2,1169.0,2.0,1.0,64.0
Super built-up  Area,Ready To Move,Whitefield,3,1840.0,3.0,2.0,140.0
Super built-up  Area,Ready To Move,Kaval Byrasandra,2,997.0,2.0,3.0,53.0
Built-up  Area,18-Mar,Gunjur,2,1457.0,2.0,3.0,60.0
Plot  Area,Ready To Move,KR Puram,2,1000.0,2.0,0.0,60.0
Plot  Area,Ready To Move,Sarjapur  Road,3,1500.0,3.0,2.0,88.0
Built-up  Area,Ready To Move,Lakshminarayana Pura,2,1165.0,2.0,2.0,75.0
Super built-up  Area,19-Jan,Kasavanhalli,3,1787.0,3.0,2.0,123.0
Super built-up  Area,Ready To Move,Raja Rajeshwari Nagar,3,1288.0,2.0,1.0,70.0
Super built-up  Area,Ready To Move,Thanisandra,3,1430.0,2.0,2.0,54.11
Super built-up  Area,18-Mar,Hulimavu,3,3035.0,5.0,2.0,271.0
Super built-up  Area,Ready To Move,Doddathoguru,1,750.0,1.0,1.0,25.5
Plot  Area,18-Jun,Channasandra,3,1200.0,3.0,1.0,67.77
Super built-up  Area,Ready To Move,Electronic City,3,1500.0,2.0,1.0,78.0
Super built-up  Area,Ready To Move,Ambalipura,2,1230.0,2.0,2.0,66.25
Super built-up  Area,Ready To Move,Marathahalli,1,780.0,1.0,1.0,55.0
Built-up  Area,Ready To Move,Bannerghatta Road,2,1220.0,2.0,1.0,80.0
Super built-up  Area,Ready To Move,Kanakpura Road,2,1110.0,2.0,2.0,43.0
Super built-up  Area,Ready To Move,Akshaya Nagar,3,1690.0,3.0,2.0,85.0
Super built-up  Area,Ready To Move,Bannerghatta Road,2,1130.0,2.0,2.0,78.0
Super built-up  Area,20-Dec,Electronic City,2,1213.0,2.0,1.0,59.32
Super built-up  Area,Ready To Move,Kengeri,2,900.0,2.0,2.0,45.0
Super built-up  Area,Ready To Move,Panathur,2,1199.0,2.0,1.0,85.0
Super built-up  Area,18-Mar,Bhoganhalli,4,2072.5,2.0,2.0,111.0
Super built-up  Area,20-Dec,Uttarahalli,1,661.0,1.0,1.0,36.0
Super built-up  Area,Ready To Move,Marathahalli,3,1710.0,3.0,2.0,100.0
Built-up  Area,Ready To Move,Kengeri Satellite Town,2,1030.0,2.0,2.0,50.0
Super built-up  Area,Ready To Move,Marathahalli,3,1530.0,3.0,2.0,73.5
Plot  Area,18-Apr,Ramamurthy Nagar,2,1200.0,2.0,1.0,78.0
Carpet  Area,Ready To Move,Nagarbhavi,1,300.0,1.0,1.0,20.0
Super built-up  Area,Ready To Move,Green Glen Layout,3,1751.0,2.0,1.0,115.0
Super built-up  Area,Ready To Move,Panathur,2,1255.0,2.0,2.0,79.0
Super built-up  Area,20-Nov,Whitefield,3,1778.0,3.0,2.0,122.0
Super built-up  Area,Ready To Move,Hennur Road,2,1480.0,2.0,2.0,65.0
Super built-up  Area,17-Jul,Marathahalli,2,1358.0,2.0,1.0,81.0
Built-up  Area,Ready To Move,Electronics City Phase 1,1,580.0,1.0,1.0,27.0
Super built-up  Area,18-May,Choodasandra,2,1197.0,2.0,1.0,63.0
Plot  Area,Ready To Move,HRBR Layout,4,1200.0,2.0,1.0,170.0
Super built-up  Area,Ready To Move,Lingadheeranahalli,3,1705.0,3.0,1.0,110.0
Built-up  Area,18-Aug,Electronic City Phase II,3,1310.0,2.0,1.0,37.83
Super built-up  Area,21-Jul,Hoodi,2,1132.0,2.0,0.0,67.9
Super built-up  Area,Ready To Move,Electronic City,3,1575.0,3.0,2.0,90.0
Super built-up  Area,Ready To Move,Pattandur Agrahara,2,1302.0,2.0,1.0,66.0
Super built-up  Area,18-Jan,Hegde Nagar,3,2006.8,4.0,2.0,196.0
Built-up  Area,Ready To Move,Electronic City,1,435.0,1.0,1.0,19.5
Built-up  Area,18-Aug,Electronic City Phase II,2,1140.0,2.0,1.0,33.06
Super built-up  Area,Ready To Move,Kasavanhalli,2,1090.0,2.0,2.0,59.8
Super built-up  Area,Ready To Move,Thanisandra,3,1922.0,3.0,3.0,106.0
Super built-up  Area,Ready To Move,Thanisandra,2,965.0,2.0,1.0,67.0
Super built-up  Area,Ready To Move,Mysore Road,2,883.0,2.0,1.0,40.95
Super built-up  Area,18-Oct,Electronic City Phase II,2,1089.0,2.0,0.0,32.67
Super built-up  Area,Ready To Move,Babusapalaya,3,1358.0,2.0,1.0,43.1
Super built-up  Area,22-Jun,Hoodi,2,1108.0,2.0,1.0,87.0
Super built-up  Area,17-Jun,Harlur,2,1197.0,2.0,1.0,79.0
Super built-up  Area,19-Jul,Sarjapur  Road,2,1190.0,2.0,1.0,50.0
Super built-up  Area,Ready To Move,Dairy Circle,4,3754.0,6.0,2.0,430.0
Super built-up  Area,21-Jun,Vijayanagar,3,1749.0,3.0,1.0,117.0
Plot  Area,Ready To Move,Sarjapur  Road,4,1750.0,3.0,2.0,215.0
Super built-up  Area,18-Aug,Kasavanhalli,3,1691.0,3.0,2.0,104.0
Built-up  Area,Ready To Move,Electronic City,3,1449.0,3.0,2.0,100.0
Super built-up  Area,Ready To Move,Bommanahalli,3,1625.0,2.0,2.0,87.72
Built-up  Area,Ready To Move,Whitefield,2,1400.0,2.0,1.0,80.0
Super built-up  Area,18-Dec,Electronic City,3,1310.0,2.0,1.0,37.83
Super built-up  Area,Ready To Move,Green Glen Layout,3,1750.0,3.0,2.0,130.0
Super built-up  Area,Ready To Move,7th Phase JP Nagar,3,1450.0,3.0,2.0,100.0
Super built-up  Area,Ready To Move,Haralur Road,3,1810.0,3.0,2.0,126.0
Super built-up  Area,Ready To Move,Vittasandra,2,1246.0,2.0,1.0,62.3
Super built-up  Area,Ready To Move,Brookefield,3,1420.0,3.0,2.0,85.0
Super built-up  Area,21-Dec,Old Airport Road,4,2658.0,5.0,3.0,187.0
Built-up  Area,18-Aug,Talaghattapura,3,2254.0,3.0,2.0,170.0
Super built-up  Area,Ready To Move,Kadugodi,3,1711.0,3.0,3.0,75.0
Super built-up  Area,Ready To Move,Raja Rajeshwari Nagar,2,1120.0,2.0,2.0,37.97
Super built-up  Area,Ready To Move,Kaggalipura,2,950.0,2.0,1.0,47.0
Built-up  Area,Ready To Move,Basavangudi,2,1560.0,2.0,2.0,145.0
Super built-up  Area,18-Aug,Kanakpura Road,2,1225.0,2.0,2.0,60.0
Super built-up  Area,Ready To Move,Sarjapur  Road,3,1846.0,3.0,3.0,145.0
Super built-up  Area,Ready To Move,Dodda Nekkundi,2,1155.0,2.0,1.0,46.0
Super built-up  Area,17-Jun,Balagere,2,1205.0,2.0,1.0,70.0
Super built-up  Area,Ready To Move,Thanisandra,2,1140.0,2.0,1.0,36.0
Super built-up  Area,Ready To Move,Raja Rajeshwari Nagar,2,1140.0,2.0,2.0,38.65
Super built-up  Area,Ready To Move,Jalahalli East,3,1300.0,2.0,1.0,63.0
Super built-up  Area,Ready To Move,Bellandur,2,1051.0,2.0,2.0,60.0
Super built-up  Area,Ready To Move,Uttarahalli,2,1134.0,2.0,1.0,45.36
Super built-up  Area,Ready To Move,Kodihalli,3,2500.0,4.0,1.0,260.0
Super built-up  Area,21-Feb,Kanakpura Road,3,1868.0,3.0,2.0,113.0
Super built-up  Area,Ready To Move,Ambalipura,2,1351.0,2.0,1.0,77.0
Super built-up  Area,21-Dec,Hebbal,3,1636.0,3.0,1.0,119.0
Plot  Area,Ready To Move,R.T. Nagar,5,2400.0,6.0,1.0,450.0
Built-up  Area,Ready To Move,Attibele,1,418.0,1.0,1.0,12.0
Built-up  Area,Ready To Move,Kanakpura Road,2,1339.0,2.0,2.0,62.0
Super built-up  Area,18-Jul,Bannerghatta,3,2370.0,4.0,2.0,195.0
Super built-up  Area,Ready To Move,7th Phase JP Nagar,3,1350.0,3.0,2.0,58.0
Super built-up  Area,Ready To Move,Marathahalli,2,1290.0,2.0,2.0,52.0
Built-up  Area,18-Dec,Bommasandra Industrial Area,3,1220.0,2.0,1.0,35.23
Super built-up  Area,Ready To Move,Sarjapur  Road,3,1846.0,3.0,2.0,155.0
Super built-up  Area,Ready To Move,Hegde Nagar,3,1847.0,3.0,2.0,135.0
Plot  Area,Ready To Move,Whitefield,4,3100.0,4.0,2.0,350.0
Super built-up  Area,22-Jun,Hoodi,2,1430.0,2.0,2.0,110.0
Plot  Area,Ready To Move,Attibele,3,1350.0,3.0,1.0,85.0
Super built-up  Area,18-Sep,Hennur Road,3,1590.0,3.0,2.0,96.5
Super built-up  Area,Ready To Move,Shivaji Nagar,2,1554.0,3.0,3.0,130.0
Built-up  Area,Ready To Move,Hebbal,3,3520.0,3.0,3.0,430.0
Super built-up  Area,19-Jan,Malleshwaram,5,7500.0,7.0,3.0,1700.0
Super built-up  Area,Ready To Move,Harlur,3,1749.0,3.0,2.0,112.0
Plot  Area,Ready To Move,Bommenahalli,4,1632.0,3.0,1.0,128.0
Super built-up  Area,Ready To Move,Ramamurthy Nagar,3,1000.0,2.0,1.0,41.0
Super built-up  Area,18-Mar,Haralur Road,3,1520.0,2.0,2.0,96.0
Super built-up  Area,Ready To Move,Bisuvanahalli,3,1075.0,2.0,1.0,43.0
Built-up  Area,Ready To Move,Gubbalala,3,1539.0,2.0,2.0,52.36
Super built-up  Area,Ready To Move,Sector 7 HSR Layout,2,1342.0,2.0,2.0,115.0
Super built-up  Area,Ready To Move,HBR Layout,2,1004.0,2.0,1.0,49.0
Super built-up  Area,Ready To Move,Ramagondanahalli,2,1295.0,2.0,2.0,95.0
Super built-up  Area,17-Oct,Thanisandra,2,1098.0,2.0,1.0,74.0
Super built-up  Area,Ready To Move,Kothanur,2,1070.0,2.0,1.0,45.5
Super built-up  Area,Ready To Move,Hosa Road,2,1016.0,2.0,2.0,40.0
Built-up  Area,Ready To Move,Bellandur,3,1450.0,3.0,1.0,68.0
Super built-up  Area,18-Apr,Yelahanka,1,654.0,1.0,1.0,37.0
Super built-up  Area,Ready To Move,Koramangala,4,5985.0,4.0,2.0,775.0
Super built-up  Area,21-Jun,Vijayanagar,2,1046.0,2.0,1.0,75.0
Super built-up  Area,Ready To Move,Domlur,3,1950.0,3.0,3.0,165.0
Super built-up  Area,18-Jul,Bhoganhalli,3,1610.0,3.0,1.0,84.53
Super built-up  Area,18-May,Ramagondanahalli,2,1151.0,2.0,2.0,50.5
Super built-up  Area,Ready To Move,Electronic City,2,1125.0,2.0,1.0,58.0
Super built-up  Area,18-Mar,Kammasandra,2,992.0,2.0,2.0,25.79
Plot  Area,Ready To Move,Banashankari Stage II,5,2400.0,3.0,2.0,510.0
Super built-up  Area,Ready To Move,Bommanahalli,3,1850.0,3.0,2.0,90.0
Super built-up  Area,Ready To Move,Harlur,2,1174.0,2.0,1.0,75.0
Super built-up  Area,18-Mar,Hebbal,3,2661.0,2.0,2.0,226.5
Super built-up  Area,Ready To Move,Sultan Palaya,2,1100.0,2.0,1.0,45.0
Super built-up  Area,Ready To Move,Raja Rajeshwari Nagar,2,1095.0,2.0,1.0,38.33
Super built-up  Area,20-Dec,Banashankari,3,3580.0,3.0,1.0,411.0
Super built-up  Area,Ready To Move,Uttarahalli,3,1350.0,2.0,3.0,47.24
Super built-up  Area,17-Dec,Kadugodi,2,1314.0,2.0,2.0,78.0
Super built-up  Area,Ready To Move,Kaggadasapura,2,1010.0,2.0,2.0,55.0
Built-up  Area,Ready To Move,Shivaji Nagar,2,2200.0,2.0,0.0,110.0
Super built-up  Area,18-Jul,9th Phase JP Nagar,2,1050.0,2.0,2.0,39.0
Super built-up  Area,18-Aug,Haralur Road,3,1520.0,2.0,2.0,125.0
Super built-up  Area,Ready To Move,5th Phase JP Nagar,5,2500.0,5.0,2.0,110.0
Super built-up  Area,20-Aug,Sarjapur  Road,2,1067.0,2.0,1.0,60.0
Super built-up  Area,18-Mar,Bommasandra,2,955.0,2.0,1.0,35.28
Built-up  Area,Ready To Move,Anekal,2,700.0,1.0,0.0,19.4
Super built-up  Area,18-Dec,Kanakpura Road,2,1366.0,2.0,1.0,83.0
Built-up  Area,Ready To Move,Electronic City,2,1090.0,2.0,2.0,35.03
Built-up  Area,Ready To Move,Jigani,3,1250.0,3.0,2.0,58.0
Super built-up  Area,21-Aug,Electronics City Phase 1,2,950.0,2.0,1.0,33.0
Super built-up  Area,Ready To Move,Indira Nagar,2,1470.0,2.0,2.0,170.0
Super built-up  Area,Ready To Move,Yelahanka,2,1250.0,2.0,2.0,40.0
Built-up  Area,18-May,Hennur Road,3,1445.0,2.0,1.0,105.0
Super built-up  Area,19-Dec,Vijayanagar,1,606.0,1.0,1.0,40.0
Super built-up  Area,Ready To Move,Devarachikkanahalli,2,1170.0,2.0,2.0,40.0
Super built-up  Area,18-Dec,Koramangala,4,2461.0,6.0,2.0,353.0
Super built-up  Area,Ready To Move,Marathahalli,2,1205.0,2.0,1.0,75.0
Built-up  Area,Ready To Move,Rajaji Nagar,1,660.0,1.0,0.0,75.0
Super built-up  Area,Ready To Move,Dommasandra,2,1153.0,2.0,2.0,43.5
Plot  Area,Ready To Move,OMBR Layout,5,2400.0,5.0,3.0,275.0
Super built-up  Area,18-May,Old Madras Road,5,4500.0,7.0,3.0,294.0
Super built-up  Area,Ready To Move,Vijayanagar,2,1200.0,2.0,2.0,62.0
Super built-up  Area,Ready To Move,Budigere,2,1139.0,2.0,2.0,60.0
Super built-up  Area,Ready To Move,Green Glen Layout,3,1530.0,3.0,2.0,105.0
Super built-up  Area,Ready To Move,Electronic City,3,1575.0,3.0,3.0,101.0
Super built-up  Area,Ready To Move,Whitefield,1,650.0,1.0,1.0,25.0
Super built-up  Area,Ready To Move,Akshaya Nagar,3,1700.0,3.0,1.0,80.0
Super built-up  Area,Ready To Move,Varthur,2,1090.0,2.0,2.0,48.0
Super built-up  Area,Ready To Move,Akshaya Nagar,3,1897.0,4.0,2.0,93.0
Super built-up  Area,21-Dec,Kanakpura Road,2,700.0,2.0,1.0,40.0
Super built-up  Area,21-Dec,Thanisandra,2,1437.0,2.0,1.0,71.13
Super built-up  Area,Ready To Move,Ambedkar Nagar,3,1856.0,3.0,1.0,120.0
Super built-up  Area,18-Dec,Hennur Road,2,1036.0,2.0,1.0,59.45
Super built-up  Area,Ready To Move,Mico Layout,2,1125.0,2.0,2.0,40.0
Super built-up  Area,18-Oct,Uttarahalli,3,1320.0,2.0,3.0,55.44
Super built-up  Area,Ready To Move,Malleshwaram,3,2215.0,4.0,1.0,310.0
Super built-up  Area,Ready To Move,Electronic City,2,660.0,1.0,1.0,16.0
Super built-up  Area,Ready To Move,Marathahalli,3,1730.0,3.0,3.0,110.0
Super built-up  Area,21-Dec,Talaghattapura,3,1804.0,3.0,1.0,115.0
Super built-up  Area,19-May,Thanisandra,3,1795.0,3.0,2.0,140.0
Super built-up  Area,Ready To Move,7th Phase JP Nagar,2,1050.0,2.0,1.0,50.0
Super built-up  Area,Ready To Move,Dasarahalli,3,2100.0,3.0,3.0,120.0
Built-up  Area,Ready To Move,Rayasandra,3,1199.0,2.0,1.0,48.5
Super built-up  Area,22-Mar,Kanakapura,3,1254.0,2.0,2.0,70.0
Built-up  Area,Ready To Move,Electronics City Phase 1,2,940.0,2.0,2.0,49.0
Built-up  Area,Ready To Move,BTM 2nd Stage,2,1280.0,2.0,2.0,80.0
Super built-up  Area,Ready To Move,Whitefield,4,2155.0,3.0,3.0,125.0
Built-up  Area,Ready To Move,Sarjapur  Road,5,3200.0,5.0,3.0,140.0
Super built-up  Area,18-Oct,Kasavanhalli,4,4260.0,4.0,3.0,272.0
Super built-up  Area,20-Aug,Hebbal,3,1255.0,2.0,1.0,95.0
Built-up  Area,17-Jun,Whitefield,1,905.0,1.0,1.0,52.0
Super built-up  Area,Ready To Move,Uttarahalli,3,1390.0,2.0,2.0,61.16
Plot  Area,Ready To Move,Giri Nagar,4,2400.0,4.0,2.0,400.0
Super built-up  Area,Ready To Move,Sahakara Nagar,2,1160.0,2.0,1.0,55.0
Super built-up  Area,Ready To Move,Seegehalli,4,2800.0,4.0,3.0,140.0
Super built-up  Area,Ready To Move,Marathahalli,3,1583.0,3.0,3.0,115.0
Super built-up  Area,Ready To Move,Jigani,3,1252.0,3.0,2.0,63.0
Built-up  Area,Ready To Move,Bannerghatta Road,3,1350.0,2.0,2.0,51.0
Super built-up  Area,Ready To Move,Gottigere,2,1075.0,2.0,2.0,30.0
Built-up  Area,Ready To Move,Hosa Road,2,972.0,2.0,2.0,40.0
Super built-up  Area,19-Jan,Bannerghatta Road,3,1486.0,3.0,1.0,83.22
Super built-up  Area,20-Dec,Binny Pete,3,1282.0,3.0,2.0,178.0
Super built-up  Area,Ready To Move,Sarjapur  Road,4,2383.0,5.0,1.0,215.0
Super built-up  Area,Ready To Move,Rayasandra,3,1577.0,3.0,2.0,67.0
Built-up  Area,Ready To Move,Yelahanka,3,1465.0,3.0,2.0,80.01
Built-up  Area,Ready To Move,Uttarahalli,2,1090.0,2.0,2.0,45.0
Super built-up  Area,19-Dec,Yelahanka,3,1721.0,3.0,3.0,80.86
Super built-up  Area,Ready To Move,Varthur,3,1450.0,3.0,2.0,71.0
Super built-up  Area,Ready To Move,Battarahalli,2,1071.0,2.0,1.0,62.0
Super built-up  Area,Ready To Move,Old Madras Road,3,2266.0,3.0,2.0,169.0
Built-up  Area,Ready To Move,Kanakpura Road,3,1800.0,3.0,2.0,90.0
Super built-up  Area,Ready To Move,Hormavu,2,1123.0,2.0,1.0,56.0
Super built-up  Area,Ready To Move,Akshaya Nagar,3,1884.0,3.0,3.0,98.0
Super built-up  Area,Ready To Move,Lakshminarayana Pura,2,1145.0,2.0,1.0,75.0
Super built-up  Area,18-Apr,Hebbal,3,1328.0,2.0,2.0,60.0
Super built-up  Area,Ready To Move,Subramanyapura,2,950.0,2.0,1.0,55.0
Super built-up  Area,Ready To Move,Gollarapalya Hosahalli,3,1318.0,3.0,1.0,54.0
Built-up  Area,Ready To Move,JP Nagar,3,3300.0,4.0,3.0,160.0
Super built-up  Area,Ready To Move,Kalyan nagar,2,1280.0,2.0,1.0,48.0
Super built-up  Area,Ready To Move,Whitefield,2,1230.0,2.0,2.0,59.0
Super built-up  Area,Ready To Move,Raja Rajeshwari Nagar,3,1420.0,2.0,2.0,60.0
Built-up  Area,Ready To Move,Kasavanhalli,3,2111.0,4.0,3.0,120.0
Super built-up  Area,Ready To Move,Vidyaranyapura,2,1100.0,2.0,1.0,54.0
Super built-up  Area,Ready To Move,Harlur,3,1750.0,3.0,2.0,136.0
Super built-up  Area,Ready To Move,Uttarahalli,2,1235.0,2.0,3.0,90.0
Plot  Area,Ready To Move,Yeshwanthpur,2,1200.0,2.0,0.0,63.0
Super built-up  Area,Ready To Move,Kengeri,2,900.0,2.0,0.0,30.0
Super built-up  Area,Ready To Move,Thanisandra,2,1146.0,2.0,1.0,38.0
Plot  Area,Ready To Move,Yeshwanthpur,4,1200.0,4.0,1.0,110.0
Super built-up  Area,Ready To Move,Banashankari,1,2400.0,1.0,1.0,200.0
Built-up  Area,Ready To Move,Devarachikkanahalli,1,615.0,1.0,1.0,24.0
Super built-up  Area,19-Apr,Mysore Road,2,1070.0,2.0,1.0,49.65
Plot  Area,Ready To Move,Rajaji Nagar,5,1538.0,5.0,2.0,300.0
Super built-up  Area,Ready To Move,Poorna Pragna Layout,3,1355.0,2.0,3.0,58.25
Super built-up  Area,Ready To Move,Kundalahalli,3,1800.0,3.0,3.0,80.0
Built-up  Area,Ready To Move,Begur Road,3,1400.0,2.0,3.0,50.06
Super built-up  Area,Ready To Move,Uttarahalli,2,1123.0,2.0,1.0,48.0
Plot  Area,Ready To Move,Konanakunte,4,1200.0,2.0,1.0,130.0
Built-up  Area,Ready To Move,Kengeri,2,787.0,2.0,1.0,31.0
Super built-up  Area,Ready To Move,Seegehalli,2,1096.0,2.0,1.0,41.0
Plot  Area,Ready To Move,R.T. Nagar,3,1140.0,3.0,1.0,130.0
Built-up  Area,Ready To Move,Electronic City,1,550.0,1.0,1.0,12.0
Built-up  Area,Ready To Move,Hebbal,3,1269.0,2.0,1.0,73.0
Super built-up  Area,18-Oct,Hennur Road,3,1976.0,3.0,3.0,65.21
Super built-up  Area,Ready To Move,Kothanur,3,1820.0,3.0,3.0,77.0
Super built-up  Area,Ready To Move,Uttarahalli,3,1329.0,2.0,1.0,56.0
Super built-up  Area,Ready To Move,Kathriguppe,3,1350.0,2.0,1.0,80.99
Plot  Area,Ready To Move,Nagarbhavi,4,1250.0,3.0,0.0,175.0
Super built-up  Area,Ready To Move,Kanakpura Road,2,1339.0,2.0,2.0,71.5
Super built-up  Area,Ready To Move,Uttarahalli,2,938.0,2.0,0.0,35.0
Built-up  Area,Ready To Move,BTM 2nd Stage,2,1100.0,2.0,2.0,70.0
Super built-up  Area,Ready To Move,Yelahanka,2,1060.0,2.0,1.0,40.0
Super built-up  Area,Ready To Move,Whitefield,2,1125.0,2.0,2.0,40.0
Super built-up  Area,Ready To Move,Bellandur,2,1060.0,2.0,1.0,65.0
Plot  Area,Ready To Move,Anandapura,4,1749.0,4.0,0.0,90.0
Super built-up  Area,Ready To Move,Sahakara Nagar,3,1200.0,2.0,2.0,75.0
Super built-up  Area,18-May,Rachenahalli,1,680.0,1.0,0.0,32.64
Super built-up  Area,Ready To Move,Hoodi,3,1925.0,3.0,3.0,110.0
Built-up  Area,Ready To Move,Kengeri,1,502.0,1.0,1.0,25.0
Built-up  Area,Ready To Move,Begur,3,1475.0,2.0,2.0,74.0
Super built-up  Area,Ready To Move,Haralur Road,2,1300.0,2.0,2.0,75.0
Super built-up  Area,21-May,Kogilu,3,1559.0,3.0,2.0,120.0
Super built-up  Area,Ready To Move,Vittasandra,2,1246.0,2.0,1.0,63.0
Super built-up  Area,Ready To Move,Begur Road,3,1410.0,2.0,3.0,53.58
Plot  Area,Ready To Move,Varthur Road,4,1300.0,3.0,0.0,75.0
Super built-up  Area,Ready To Move,Channasandra,2,1104.0,2.0,1.0,35.5
Built-up  Area,Ready To Move,Sultan Palaya,2,900.0,2.0,2.0,45.0
Super built-up  Area,20-Dec,Kanakpura Road,1,670.0,1.0,1.0,35.0
Super built-up  Area,19-Dec,Jakkur,2,1483.0,2.0,1.0,98.0
Super built-up  Area,Ready To Move,Hennur,2,1255.0,2.0,1.0,54.5
Super built-up  Area,Ready To Move,Bannerghatta Road,3,1460.0,2.0,2.0,75.0
Super built-up  Area,Ready To Move,Devarachikkanahalli,2,1230.0,2.0,1.0,58.0
Built-up  Area,Ready To Move,Kanakpura Road,2,1340.0,2.0,2.0,60.0
Built-up  Area,Ready To Move,Yelenahalli,3,1600.0,3.0,3.0,61.37
Built-up  Area,18-Apr,Hegde Nagar,3,2162.0,3.0,1.0,200.0
Super built-up  Area,Ready To Move,Electronic City,2,919.0,2.0,2.0,40.0
Super built-up  Area,Ready To Move,Hosur Road,3,1733.0,2.0,3.0,85.0
Super built-up  Area,Ready To Move,Jigani,3,1221.0,3.0,3.0,72.0
Built-up  Area,Ready To Move,Ambalipura,4,2550.0,4.0,2.0,149.0
Plot  Area,Ready To Move,Anjanapura,1,600.0,2.0,0.0,55.0
Built-up  Area,Ready To Move,Nagarbhavi,1,710.0,2.0,2.0,40.0
Super built-up  Area,18-Apr,Electronic City,3,1500.0,2.0,1.0,78.25
Super built-up  Area,Ready To Move,Thigalarapalya,4,3122.0,6.0,2.0,237.0
Super built-up  Area,Ready To Move,Akshaya Nagar,3,2061.0,3.0,3.0,175.0
Plot  Area,Ready To Move,Brookefield,5,2400.0,5.0,2.0,325.0
Super built-up  Area,19-Dec,Hebbal,3,1255.0,2.0,1.0,95.0
Super built-up  Area,18-Jul,Balagere,2,1210.0,2.0,1.0,74.0
Super built-up  Area,Ready To Move,Anjanapura,2,950.0,2.0,1.0,40.0
Super built-up  Area,18-Dec,Hosa Road,2,1161.0,2.0,1.0,55.15
Super built-up  Area,Ready To Move,Raja Rajeshwari Nagar,2,1303.0,2.0,2.0,44.17
Super built-up  Area,Ready To Move,Thigalarapalya,2,1418.0,2.0,2.0,105.0
Plot  Area,Ready To Move,Kengeri Satellite Town,2,1200.0,2.0,1.0,65.0
Super built-up  Area,Ready To Move,Basavangudi,3,1825.0,3.0,2.0,175.0
Built-up  Area,Ready To Move,Bannerghatta Road,2,1015.0,2.0,0.0,48.0
Super built-up  Area,Ready To Move,Singasandra,2,1010.0,2.0,1.0,40.0
Super built-up  Area,Ready To Move,7th Phase JP Nagar,2,1275.0,2.0,1.0,87.0
Built-up  Area,Ready To Move,7th Phase JP Nagar,3,1460.0,3.0,1.0,70.0
Super built-up  Area,Ready To Move,Old Airport Road,2,946.0,2.0,2.0,58.0
Super built-up  Area,Ready To Move,Hennur Road,3,1832.0,3.0,1.0,125.0
Super built-up  Area,18-Apr,Hebbal,2,1088.0,2.0,2.0,61.45
Super built-up  Area,Ready To Move,Thanisandra,3,1564.0,3.0,1.0,104.0
Super built-up  Area,18-Jan,Kadugodi,2,1030.0,2.0,1.0,35.02
Super built-up  Area,Ready To Move,9th Phase JP Nagar,2,660.0,2.0,0.0,27.0
Super built-up  Area,Ready To Move,Sarjapur  Road,3,1700.0,3.0,1.0,95.0
Super built-up  Area,18-Feb,Panathur,2,1205.0,2.0,2.0,62.9
Built-up  Area,Ready To Move,Ardendale,4,2800.0,4.0,2.0,140.0
Super built-up  Area,19-Jul,Kanakpura Road,2,1300.0,2.0,1.0,89.76
Super built-up  Area,Ready To Move,HRBR Layout,2,1265.0,2.0,1.0,78.0
Built-up  Area,Ready To Move,Attibele,2,1200.0,2.0,2.0,42.0
Super built-up  Area,18-Mar,Bhoganhalli,4,1974.0,4.0,0.0,106.0
Super built-up  Area,Ready To Move,Amruthahalli,3,1350.0,2.0,3.0,63.0
Super built-up  Area,Ready To Move,Kodichikkanahalli,3,1560.0,2.0,2.0,65.0
Super built-up  Area,18-Aug,Hosakerehalli,2,1085.0,2.0,1.0,41.23
Super built-up  Area,Ready To Move,Vijayanagar,3,1300.0,2.0,2.0,75.0
Super built-up  Area,Ready To Move,Kengeri Satellite Town,2,795.0,2.0,2.0,32.0
Super built-up  Area,Ready To Move,Nagarbhavi,3,1850.0,3.0,2.0,88.0
Built-up  Area,18-Jul,Bommasandra Industrial Area,2,1020.0,2.0,1.0,29.45
Super built-up  Area,Ready To Move,Uttarahalli,3,1345.0,2.0,1.0,47.0
Super built-up  Area,19-Nov,Kaikondrahalli,2,849.0,2.0,1.0,25.4
Super built-up  Area,19-Sep,Kanakpura Road,3,1706.0,3.0,2.0,135.0
Super built-up  Area,19-Dec,Yelahanka,4,2100.0,4.0,1.0,180.0
Built-up  Area,Ready To Move,Kanakpura Road,3,1260.0,3.0,3.0,63.58
Super built-up  Area,Ready To Move,Horamavu Agara,3,1265.0,2.0,1.0,65.0
Super built-up  Area,17-Nov,Abbigere,3,1260.0,2.0,1.0,45.0
Super built-up  Area,18-Dec,Jalahalli,2,1045.0,2.0,1.0,58.0
Super built-up  Area,Ready To Move,Hebbal Kempapura,4,3895.0,4.0,2.0,495.0
Super built-up  Area,18-May,Rachenahalli,1,412.5,1.0,0.0,19.8
Super built-up  Area,17-Jun,Bellandur,2,1100.0,2.0,3.0,62.0
Super built-up  Area,19-Sep,Kudlu Gate,2,1113.0,2.0,1.0,50.0
Super built-up  Area,18-Dec,Old Airport Road,4,2774.0,4.0,3.0,208.0
Built-up  Area,Ready To Move,Varthur,2,1210.0,2.0,1.0,60.0
Super built-up  Area,Ready To Move,Kogilu,1,700.0,1.0,1.0,30.84
Super built-up  Area,18-May,Kanakpura Road,2,1155.0,2.0,1.0,55.5
Super built-up  Area,22-Jun,Hoodi,2,1132.0,2.0,1.0,89.0
Super built-up  Area,18-Jan,Hennur Road,2,1359.0,2.0,2.0,104.0
Super built-up  Area,Ready To Move,Kothanur,2,1145.0,2.0,2.0,56.0
Built-up  Area,Ready To Move,5th Phase JP Nagar,1,600.0,1.0,1.0,30.0
Plot  Area,Ready To Move,Laggere,1,1200.0,1.0,1.0,125.0
Super built-up  Area,Ready To Move,HSR Layout,2,1009.0,2.0,2.0,56.0
Super built-up  Area,Ready To Move,Basavangudi,3,1800.0,3.0,2.0,195.0
Super built-up  Area,Ready To Move,Yelahanka,2,1226.0,2.0,2.0,52.71
Super built-up  Area,Ready To Move,Electronic City,2,1363.0,2.0,1.0,79.0
Built-up  Area,Ready To Move,Poorna Pragna Layout,3,1400.0,2.0,1.0,240.0
Built-up  Area,18-Dec,Bommasandra Industrial Area,2,1165.0,2.0,1.0,33.64
Built-up  Area,Ready To Move,HSR Layout,4,2792.0,4.0,1.0,220.0
Built-up  Area,Ready To Move,Kammanahalli,1,700.0,1.0,0.0,59.0
Super built-up  Area,Ready To Move,Kaval Byrasandra,2,1060.0,2.0,2.0,42.0
Built-up  Area,Ready To Move,Marathahalli,2,1200.0,2.0,1.0,67.0
Built-up  Area,Ready To Move,Nagappa Reddy Layout,3,1495.0,2.0,2.0,75.0
Built-up  Area,Ready To Move,Sanjay nagar,2,1575.0,2.0,2.0,90.0
Built-up  Area,Ready To Move,Rajaji Nagar,2,1440.0,2.0,2.0,170.0
Super built-up  Area,18-Dec,Kasavanhalli,3,1545.0,3.0,1.0,69.0
Built-up  Area,Ready To Move,Kengeri,3,1470.0,3.0,3.0,50.0
Super built-up  Area,Ready To Move,Cooke Town,3,1500.0,3.0,3.0,95.0
Built-up  Area,Ready To Move,BTM Layout,3,1450.0,2.0,2.0,81.0
Super built-up  Area,Ready To Move,Hosur Road,2,1179.0,2.0,1.0,49.0
Super built-up  Area,Ready To Move,7th Phase JP Nagar,3,1650.0,3.0,2.0,110.0
Super built-up  Area,Ready To Move,Chandapura,3,1095.0,2.0,2.0,32.0
Super built-up  Area,Ready To Move,Hebbal,2,1349.0,2.0,1.0,97.8
Built-up  Area,Ready To Move,Anjanapura,3,1280.0,2.0,2.0,45.0
Super built-up  Area,Ready To Move,Malleshwaram,1,480.0,1.0,1.0,60.0
Super built-up  Area,18-Dec,Whitefield,2,1216.0,2.0,1.0,69.06
Super built-up  Area,Ready To Move,Malleshwaram,2,1290.0,2.0,1.0,120.0
Super built-up  Area,Ready To Move,Electronic City,2,1156.0,2.0,2.0,42.0
Super built-up  Area,Ready To Move,Thanisandra,2,1230.0,2.0,2.0,44.0
Super built-up  Area,18-Aug,Ramagondanahalli,2,1235.0,2.0,1.0,49.3
Super built-up  Area,Ready To Move,Kundalahalli,3,1724.0,3.0,2.0,124.0
Plot  Area,Ready To Move,Jalahalli,4,1200.0,4.0,0.0,90.0
Super built-up  Area,Ready To Move,KR Puram,3,1930.0,2.0,2.0,57.9
Super built-up  Area,18-Dec,Whitefield,2,1216.0,2.0,1.0,75.0
Built-up  Area,Ready To Move,KR Puram,3,1452.0,3.0,3.0,60.0
Super built-up  Area,Ready To Move,Whitefield,2,1355.0,2.0,3.0,78.0
Super built-up  Area,Ready To Move,Sarjapur  Road,3,2145.0,3.0,3.0,190.0
Super built-up  Area,Ready To Move,Bommanahalli,2,957.0,2.0,1.0,53.0
Super built-up  Area,Ready To Move,Bellandur,2,1550.0,2.0,3.0,59.0
Plot  Area,20-Jul,Kanakpura Road,3,2100.0,3.0,2.0,140.0
Super built-up  Area,21-Dec,Bannerghatta Road,2,1115.0,2.0,1.0,61.0
Super built-up  Area,Ready To Move,Yelahanka,3,1692.0,3.0,2.0,83.0
Super built-up  Area,Ready To Move,Hormavu,3,1385.0,2.0,2.0,69.0
Super built-up  Area,Ready To Move,Hosa Road,1,760.0,1.0,1.0,24.9
Super built-up  Area,19-Dec,Electronics City Phase 1,2,1335.0,2.0,2.0,67.0
Super built-up  Area,Ready To Move,Bommanahalli,2,910.0,2.0,1.0,45.0
Super built-up  Area,Ready To Move,Kanakpura Road,3,1610.0,2.0,2.0,55.0
Super built-up  Area,19-Mar,Hennur Road,2,1341.0,2.0,1.0,75.76
Super built-up  Area,Ready To Move,Uttarahalli,3,1285.0,2.0,2.0,44.98
Super built-up  Area,Ready To Move,Yeshwanthpur,3,1679.0,3.0,2.0,92.13
Super built-up  Area,Ready To Move,Rajaji Nagar,3,2448.0,3.0,2.0,400.0
Super built-up  Area,18-Jul,8th Phase JP Nagar,1,500.0,1.0,1.0,31.0
Super built-up  Area,Ready To Move,Whitefield,2,1255.0,2.0,3.0,77.0
Super built-up  Area,18-Dec,Hennur Road,2,1040.0,2.0,2.0,50.0
Super built-up  Area,Ready To Move,Hosur Road,2,950.0,2.0,1.0,60.0
Super built-up  Area,18-May,Whitefield,2,1216.0,2.0,1.0,73.0
Super built-up  Area,Ready To Move,HSR Layout,2,1300.0,2.0,2.0,98.0
Super built-up  Area,Ready To Move,5th Phase JP Nagar,2,1390.0,2.0,2.0,65.0
Super built-up  Area,19-Jul,Yelahanka,2,1033.0,2.0,1.0,52.58
Super built-up  Area,19-Dec,Yelahanka,2,1390.0,2.0,2.0,65.31
Super built-up  Area,Ready To Move,Jalahalli,2,1020.0,2.0,1.0,52.0
Super built-up  Area,19-Dec,Whitefield,1,709.0,1.0,0.0,34.735
Super built-up  Area,18-Oct,Whitefield,2,1140.0,2.0,2.0,45.0
Super built-up  Area,Ready To Move,Yeshwanthpur,1,670.0,1.0,1.0,36.85
Super built-up  Area,18-Jul,Bhoganhalli,4,2171.0,4.0,2.0,111.0
Super built-up  Area,Ready To Move,Bannerghatta Road,2,1136.0,2.0,1.0,48.0
Super built-up  Area,Ready To Move,KR Puram,2,1001.0,2.0,2.0,30.0
Super built-up  Area,19-Dec,Yelahanka,2,1040.0,2.0,1.0,48.86
Super built-up  Area,Ready To Move,Garudachar Palya,2,1060.0,2.0,1.0,48.5
Super built-up  Area,Ready To Move,Sarjapur,2,1240.0,2.0,1.0,44.3
Super built-up  Area,20-Dec,Varthur,2,1070.0,2.0,2.0,46.0
Built-up  Area,Ready To Move,Electronic City Phase II,2,1253.0,2.0,1.0,65.8
Super built-up  Area,Ready To Move,Whitefield,2,1190.0,2.0,2.0,60.0
Super built-up  Area,Ready To Move,Whitefield,2,1312.0,2.0,2.0,55.0
Built-up  Area,Ready To Move,KR Puram,2,750.0,2.0,0.0,40.0
Built-up  Area,Ready To Move,Koramangala,3,1615.0,3.0,2.0,115.0
Built-up  Area,Ready To Move,Marathahalli,2,1095.0,2.0,1.0,60.0
Super built-up  Area,Ready To Move,Whitefield,3,1745.0,3.0,3.0,100.0
Super built-up  Area,Ready To Move,Thanisandra,2,1220.0,2.0,1.0,44.6
Super built-up  Area,Ready To Move,Uttarahalli,2,1100.0,1.0,2.0,45.0
Super built-up  Area,Ready To Move,Yelahanka New Town,2,1385.0,2.0,3.0,65.0
Super built-up  Area,Ready To Move,Haralur Road,3,2017.0,2.0,2.0,125.0
Super built-up  Area,Ready To Move,Attibele,1,400.0,1.0,1.0,10.0
Super built-up  Area,18-Apr,Bellandur,3,1400.0,2.0,2.0,44.81
Super built-up  Area,Ready To Move,Uttarahalli,2,1125.0,2.0,1.0,47.0
Super built-up  Area,Ready To Move,Akshaya Nagar,3,1551.0,2.0,2.0,60.0
Built-up  Area,18-Apr,Whitefield,4,3200.0,4.0,3.0,224.0
Super built-up  Area,Ready To Move,Marathahalli,2,1060.0,2.0,1.0,48.0
Super built-up  Area,Ready To Move,Bharathi Nagar,2,1384.0,2.0,2.0,59.0
Super built-up  Area,18-Jun,Bommasandra,2,1005.0,2.0,1.0,39.77
Plot  Area,Ready To Move,Sarakki Nagar,3,1200.0,3.0,2.0,128.0
Super built-up  Area,Ready To Move,Whitefield,2,1096.0,2.0,1.0,39.0
Super built-up  Area,Ready To Move,Kaggadasapura,2,1180.0,1.0,0.0,50.0
Super built-up  Area,Ready To Move,Uttarahalli,3,1300.0,2.0,1.0,47.0
Plot  Area,Ready To Move,Margondanahalli,2,600.0,2.0,0.0,35.0
Super built-up  Area,18-Mar,Bellandur,3,1685.0,3.0,3.0,100.0
Super built-up  Area,Ready To Move,Balagere,2,1210.0,2.0,1.0,83.0
Super built-up  Area,Ready To Move,Kammasandra,2,1030.0,1.0,2.0,25.75
Built-up  Area,Ready To Move,Nagappa Reddy Layout,2,1100.0,2.0,2.0,43.5
Super built-up  Area,20-Dec,Jakkur,3,1482.0,3.0,2.0,86.0
Super built-up  Area,Ready To Move,Hebbal,2,1344.0,2.0,1.0,108.0
Super built-up  Area,18-Jun,Kothannur,3,1275.0,2.0,2.0,39.8
Super built-up  Area,Ready To Move,Panathur,2,1210.0,2.0,2.0,85.0
Super built-up  Area,19-Jun,Hebbal,3,1320.0,3.0,3.0,226.0
Super built-up  Area,19-Mar,Hosa Road,3,1532.0,3.0,2.0,98.13
Super built-up  Area,Ready To Move,JP Nagar,2,1245.0,2.0,2.0,110.0
Super built-up  Area,Ready To Move,Nagarbhavi,2,1212.0,2.0,2.0,50.0
Super built-up  Area,18-Oct,Sarjapur  Road,2,1230.0,2.0,1.0,65.0
Super built-up  Area,Ready To Move,Ramagondanahalli,3,2257.0,3.0,2.0,159.0
Super built-up  Area,Ready To Move,Vittasandra,2,1246.0,2.0,1.0,65.4
Super built-up  Area,Ready To Move,Gunjur,2,1080.0,2.0,2.0,41.0
Super built-up  Area,Ready To Move,Varthur,3,1360.0,2.0,3.0,85.0
Super built-up  Area,Ready To Move,Yelenahalli,2,1260.0,2.0,2.0,47.88
Super built-up  Area,Ready To Move,Kasavanhalli,2,950.0,2.0,1.0,39.0
Super built-up  Area,Ready To Move,Nagarbhavi,2,1020.0,2.0,2.0,55.0
Super built-up  Area,18-May,Electronic City Phase II,3,1400.0,2.0,2.0,40.44
Super built-up  Area,18-Sep,KR Puram,3,1462.5,2.0,2.0,62.81
Super built-up  Area,18-May,Electronics City Phase 1,2,1175.0,2.0,1.0,69.0
Super built-up  Area,Ready To Move,Raja Rajeshwari Nagar,2,1185.0,2.0,1.0,40.17
Super built-up  Area,Ready To Move,Sarjapur  Road,2,1178.0,2.0,2.0,40.43
Super built-up  Area,Ready To Move,Whitefield,1,825.0,1.0,1.0,44.9
Super built-up  Area,Ready To Move,Electronics City Phase 1,2,1113.12,2.0,2.0,55.0
Super built-up  Area,Ready To Move,Gottigere,2,1010.0,2.0,1.0,35.0
Super built-up  Area,18-May,Electronic City,2,1020.0,2.0,2.0,29.46
Super built-up  Area,18-Jun,Hosur Road,2,1194.0,2.0,1.0,71.64
Super built-up  Area,Ready To Move,Electronic City,2,1108.0,2.0,1.0,67.15
Built-up  Area,Ready To Move,Hebbal,4,3895.0,2.0,1.0,451.0
Super built-up  Area,21-Jan,Kanakpura Road,2,700.0,2.0,1.0,34.99
Super built-up  Area,Ready To Move,Somasundara Palya,3,1600.0,3.0,3.0,68.0
Super built-up  Area,Ready To Move,Nagarbhavi,3,1850.0,3.0,2.0,90.0
Built-up  Area,Ready To Move,Ramamurthy Nagar,1,600.0,1.0,1.0,43.0
Super built-up  Area,Ready To Move,Raja Rajeshwari Nagar,2,1140.0,2.0,1.0,49.27
Super built-up  Area,Ready To Move,Bellandur,2,982.0,2.0,2.0,55.0
Built-up  Area,Ready To Move,9th Phase JP Nagar,1,600.0,1.0,0.0,20.0
Super built-up  Area,Ready To Move,Old Madras Road,3,2640.0,5.0,1.0,142.0
Super built-up  Area,Ready To Move,Akshaya Nagar,2,1314.0,2.0,2.0,68.8
Super built-up  Area,18-May,1st Phase JP Nagar,2,1077.0,2.0,2.0,93.0
Built-up  Area,Ready To Move,Chandapura,4,1891.0,2.0,2.0,66.165
Plot  Area,Ready To Move,Kengeri,3,1200.0,3.0,1.0,67.0
Super built-up  Area,Ready To Move,Abbigere,2,1020.0,2.0,1.0,41.82
Super built-up  Area,18-May,GM Palaya,2,1225.0,2.0,2.0,47.0
Built-up  Area,Ready To Move,Thanisandra,3,1241.0,2.0,1.0,61.0
Super built-up  Area,Ready To Move,Hennur,2,1041.0,2.0,2.0,40.6
Super built-up  Area,Ready To Move,Bommanahalli,2,1050.0,2.0,2.0,46.0
Super built-up  Area,21-May,Kanakpura Road,2,1309.0,2.0,3.0,64.39
Super built-up  Area,Ready To Move,Dodda Nekkundi,2,1128.0,2.0,2.0,45.0
Super built-up  Area,Ready To Move,Raja Rajeshwari Nagar,3,1430.0,2.0,1.0,50.0
Super built-up  Area,19-Dec,Old Madras Road,2,1065.0,2.0,1.0,47.86
Super built-up  Area,Ready To Move,OMBR Layout,2,1085.0,2.0,1.0,64.0
Super built-up  Area,Ready To Move,Bellandur,2,981.0,2.0,2.0,37.28
Carpet  Area,18-Dec,Bhoganhalli,4,1548.3,4.0,1.0,129.0
Super built-up  Area,Ready To Move,Hebbal Kempapura,4,2302.0,4.0,2.0,300.0
Built-up  Area,Ready To Move,Kalyan nagar,3,1410.0,2.0,2.0,60.0
Super built-up  Area,19-Mar,Hosa Road,3,1525.84,3.0,1.0,117.0
Super built-up  Area,Ready To Move,Begur Road,2,1200.0,2.0,2.0,42.6
Built-up  Area,18-Dec,Electronic City,2,1160.0,2.0,1.0,33.5
Built-up  Area,Ready To Move,Jigani,2,918.0,2.0,1.0,49.0
Built-up  Area,Ready To Move,JP Nagar,3,1150.0,2.0,2.0,49.9
Super built-up  Area,Ready To Move,Indira Nagar,3,2700.0,3.0,2.0,324.0
Super built-up  Area,Ready To Move,Whitefield,2,1227.0,2.0,2.0,53.49
Super built-up  Area,18-Dec,Hebbal,3,1255.0,3.0,2.0,77.68
Super built-up  Area,Ready To Move,Panathur,2,1198.0,2.0,1.0,82.0
Super built-up  Area,Ready To Move,Pattandur Agrahara,2,797.0,2.0,1.0,32.0
Built-up  Area,Ready To Move,Sahakara Nagar,4,2500.0,4.0,2.0,200.0
Super built-up  Area,Ready To Move,Thigalarapalya,3,2215.0,4.0,2.0,160.0
Super built-up  Area,21-Dec,Kanakpura Road,1,525.0,1.0,1.0,30.0
Super built-up  Area,Ready To Move,Bannerghatta Road,4,2700.0,4.0,3.0,260.0
Super built-up  Area,Ready To Move,Poorna Pragna Layout,3,1355.0,2.0,3.0,58.27
Plot  Area,Ready To Move,Ramamurthy Nagar,2,1006.0,2.0,1.0,57.0
Super built-up  Area,18-Aug,Electronic City,2,1128.0,2.0,1.0,65.7
Super built-up  Area,Ready To Move,Banashankari,2,1390.0,2.0,2.0,86.0
Super built-up  Area,Ready To Move,Kathriguppe,3,1390.0,2.0,2.0,76.45
Super built-up  Area,Ready To Move,Electronic City,2,1170.0,2.0,1.0,33.0
Super built-up  Area,Ready To Move,Gottigere,3,1385.0,2.0,2.0,50.0
Super built-up  Area,Ready To Move,Old Madras Road,2,1160.0,2.0,1.0,42.0
Super built-up  Area,18-May,Electronic City Phase II,2,1160.0,2.0,1.0,33.5
Super built-up  Area,Ready To Move,Bannerghatta Road,3,1200.0,2.0,2.0,69.0
Built-up  Area,20-Jul,Sarjapur  Road,3,1939.0,3.0,0.0,98.0
Built-up  Area,Ready To Move,7th Phase JP Nagar,2,850.0,2.0,2.0,42.0
Built-up  Area,17-May,Balagere,1,675.0,1.0,1.0,45.0
Built-up  Area,Ready To Move,Electronic City,2,1060.0,2.0,1.0,51.0
Super built-up  Area,18-Jun,Whitefield,2,1235.0,2.0,2.0,47.0
Super built-up  Area,Ready To Move,Banashankari,2,1460.0,2.0,3.0,70.0
Super built-up  Area,Ready To Move,Kanakpura Road,3,1843.0,3.0,2.0,82.0
Built-up  Area,Ready To Move,7th Phase JP Nagar,3,1680.0,3.0,2.0,117.0
Super built-up  Area,Ready To Move,Kundalahalli,2,1047.0,2.0,1.0,84.0
Super built-up  Area,18-Jun,8th Phase JP Nagar,2,1100.0,2.0,2.0,35.0
Plot  Area,Ready To Move,Indira Nagar,8,3250.0,8.0,1.0,600.0
Super built-up  Area,Ready To Move,Nagarbhavi,2,1120.0,2.0,3.0,53.0
Super built-up  Area,Ready To Move,Raja Rajeshwari Nagar,2,1095.0,2.0,2.0,38.33
Built-up  Area,Ready To Move,Hosa Road,3,1100.0,2.0,3.0,85.0
Super built-up  Area,Ready To Move,Uttarahalli,3,1685.0,3.0,2.0,85.0
Built-up  Area,Ready To Move,Marathahalli,2,1050.0,2.0,1.0,65.0
Super built-up  Area,Ready To Move,Bannerghatta Road,3,1465.0,2.0,1.0,76.0
Plot  Area,Ready To Move,Kothanur,4,3401.0,5.0,2.0,230.0
Built-up  Area,17-Dec,Electronic City,1,630.0,1.0,1.0,60.0
Super built-up  Area,Ready To Move,7th Phase JP Nagar,3,1850.0,3.0,1.0,150.0
Super built-up  Area,Ready To Move,Sector 7 HSR Layout,3,1760.0,3.0,2.0,160.0
Super built-up  Area,Ready To Move,Rajaji Nagar,2,1440.0,2.0,2.0,185.0
Super built-up  Area,Ready To Move,Banashankari Stage III,2,1200.0,2.0,0.0,42.0
Built-up  Area,Ready To Move,Kaggadasapura,2,1140.0,2.0,2.0,46.0
Super built-up  Area,19-Aug,Hormavu,3,1617.5,3.0,0.0,73.595
Super built-up  Area,Ready To Move,Gottigere,2,1410.0,2.0,2.0,45.0
Super built-up  Area,Ready To Move,Mahadevpura,3,1434.0,2.0,1.0,67.39
Super built-up  Area,Ready To Move,EPIP Zone,2,1343.0,2.0,2.0,86.0
Built-up  Area,Ready To Move,LB Shastri Nagar,2,1184.0,2.0,1.0,69.0
Super built-up  Area,Ready To Move,Koramangala,3,2246.0,3.0,0.0,300.0
Super built-up  Area,Ready To Move,Sarjapur  Road,4,3785.0,5.0,2.0,280.0
Super built-up  Area,Ready To Move,Kanakpura Road,3,1550.0,3.0,3.0,65.11
Super built-up  Area,Ready To Move,Yelahanka,3,1345.0,2.0,1.0,57.0
Super built-up  Area,Ready To Move,Electronic City Phase II,3,975.0,2.0,2.0,45.0
Super built-up  Area,18-Aug,JP Nagar,2,1152.0,2.0,1.0,34.56
Super built-up  Area,Ready To Move,Marathahalli,2,1102.0,2.0,2.0,53.67
Super built-up  Area,Ready To Move,Subramanyapura,3,1223.0,2.0,2.0,42.81
Super built-up  Area,18-Mar,Kadugodi,3,1762.0,3.0,3.0,112.0
Built-up  Area,Ready To Move,KR Puram,6,2000.0,6.0,0.0,85.0
Super built-up  Area,Ready To Move,Electronic City,3,1410.0,2.0,2.0,38.0
Super built-up  Area,19-Dec,Thanisandra,3,1853.0,3.0,1.0,64.86
Super built-up  Area,Ready To Move,Kothanur,2,1455.0,2.0,2.0,69.0
Super built-up  Area,18-Jan,Hebbal,2,1138.0,2.0,1.0,110.0
Built-up  Area,Ready To Move,Sarjapur  Road,3,2556.0,3.0,2.0,169.0
Super built-up  Area,18-May,TC Palaya,3,1200.0,2.0,0.0,66.5
Super built-up  Area,19-Jun,Whitefield,3,1870.0,3.0,2.0,138.0
Super built-up  Area,18-May,Panathur,2,1199.0,2.0,1.0,86.0
Super built-up  Area,Ready To Move,Doddakallasandra,3,1360.0,2.0,2.0,54.4
Super built-up  Area,Ready To Move,Babusapalaya,3,1230.0,3.0,3.0,53.0
Plot  Area,Ready To Move,Kasturi Nagar,4,1200.0,4.0,2.0,250.0
Super built-up  Area,Ready To Move,Kundalahalli,2,1047.0,2.0,1.0,83.0
Plot  Area,18-Mar,Electronic City Phase II,4,6000.0,4.0,2.0,260.0
Plot  Area,18-Feb,Ramamurthy Nagar,2,1200.0,2.0,1.0,76.0
Super built-up  Area,18-Jan,Kengeri Satellite Town,2,1302.5,2.0,0.0,44.285
Super built-up  Area,Ready To Move,Kengeri,2,725.0,2.0,1.0,30.0
Super built-up  Area,Ready To Move,Jakkur,3,1645.0,3.0,1.0,100.0
Built-up  Area,Ready To Move,Sultan Palaya,2,870.0,2.0,1.0,65.0
Super built-up  Area,Ready To Move,Marathahalli,2,1026.0,2.0,1.0,49.95
Super built-up  Area,Ready To Move,Cooke Town,2,1710.0,2.0,2.0,200.0
Super built-up  Area,18-Apr,Hosur Road,3,1766.0,3.0,1.0,130.0
Super built-up  Area,Ready To Move,Jigani,3,1221.0,3.0,3.0,52.0
Super built-up  Area,Ready To Move,Rachenahalli,1,680.0,1.0,1.0,46.0
Super built-up  Area,Ready To Move,Sarjapur  Road,2,1278.0,2.0,2.0,90.0
Super built-up  Area,18-Aug,Whitefield,2,1175.0,2.0,1.0,39.0
Built-up  Area,Ready To Move,6th Phase JP Nagar,1,600.0,1.0,1.0,75.0
Super built-up  Area,Ready To Move,Anjanapura,2,710.0,2.0,0.0,25.0
Super built-up  Area,18-Apr,Sarjapur,1,625.0,1.0,1.0,19.0
Super built-up  Area,Ready To Move,Kaggadasapura,3,1340.0,3.0,1.0,66.0
Super built-up  Area,Ready To Move,Ananth Nagar,2,937.0,2.0,1.0,35.0
Super built-up  Area,Ready To Move,JP Nagar,1,750.0,1.0,1.0,52.5
Plot  Area,Ready To Move,Mysore Road,2,900.0,2.0,0.0,65.0
Super built-up  Area,Ready To Move,Electronic City Phase II,2,1116.0,2.0,2.0,37.0
Built-up  Area,Ready To Move,Hoodi,2,948.0,2.0,1.0,75.0
Super built-up  Area,Ready To Move,R.T. Nagar,2,970.0,2.0,1.0,55.0
Super built-up  Area,Ready To Move,Thanisandra,3,1200.0,2.0,1.0,65.0
Super built-up  Area,Ready To Move,Bhoganhalli,3,1760.0,3.0,2.0,127.0
Plot  Area,Ready To Move,Whitefield,4,4400.0,5.0,3.0,525.0
Super built-up  Area,Ready To Move,Sahakara Nagar,3,1914.0,3.0,3.0,179.0
Super built-up  Area,Ready To Move,Budigere,3,1820.0,3.0,2.0,85.5
Built-up  Area,Ready To Move,Kalena Agrahara,3,1565.0,3.0,2.0,78.0
Super built-up  Area,Ready To Move,Begur Road,2,1334.0,2.0,3.0,42.69
Super built-up  Area,19-Mar,Sarakki Nagar,2,924.0,2.0,2.0,76.23
Super built-up  Area,Ready To Move,Jigani,2,914.0,2.0,2.0,49.0
Built-up  Area,Ready To Move,Kengeri,1,500.0,1.0,1.0,17.0
Super built-up  Area,18-Mar,Yelahanka,3,2145.0,3.0,3.0,125.0
Built-up  Area,18-Apr,Electronic City,3,1650.0,3.0,2.0,100.0
Super built-up  Area,Ready To Move,Marathahalli,4,3940.0,4.0,3.0,220.0
Built-up  Area,18-Dec,Electronic City,2,1020.0,2.0,1.0,29.45
Super built-up  Area,Ready To Move,Ulsoor,2,1255.0,2.0,3.0,120.0
Super built-up  Area,Ready To Move,Bommasandra,2,1014.0,2.0,1.0,35.0
Super built-up  Area,Ready To Move,Attibele,2,695.0,1.0,1.0,25.0
Plot  Area,Ready To Move,Prithvi Layout,3,2273.0,4.0,3.0,220.0
Super built-up  Area,18-Mar,GM Palaya,2,1140.0,2.0,2.0,48.95
Built-up  Area,Ready To Move,Giri Nagar,6,3000.0,4.0,1.0,375.0
Super built-up  Area,20-Aug,Begur Road,4,2400.0,4.0,2.0,152.0
Super built-up  Area,Ready To Move,Attibele,2,850.0,1.0,1.0,25.0
Super built-up  Area,Ready To Move,Banashankari,2,1200.0,2.0,1.0,60.0
Super built-up  Area,Ready To Move,Hoodi,3,1769.0,3.0,3.0,96.87
Carpet  Area,18-Dec,Bhoganhalli,4,1554.3,4.0,1.0,131.0
Super built-up  Area,Ready To Move,Mallasandra,2,905.0,2.0,1.0,40.0
Built-up  Area,Ready To Move,Kothanur,1,627.0,1.0,1.0,30.0
Built-up  Area,18-Mar,Domlur,3,2180.0,3.0,2.0,285.0
Super built-up  Area,Ready To Move,Frazer Town,3,2400.0,3.0,2.0,260.0
Super built-up  Area,Ready To Move,Marathahalli,3,1435.0,3.0,1.0,73.0
Built-up  Area,Ready To Move,Kodihalli,3,1620.0,3.0,2.0,130.0
Super built-up  Area,Ready To Move,Whitefield,3,1862.0,3.0,2.0,125.0
Super built-up  Area,Ready To Move,Marathahalli,2,1220.0,2.0,1.0,59.0
Super built-up  Area,Ready To Move,Electronic City,2,1025.0,2.0,1.0,49.0
Super built-up  Area,Ready To Move,Thanisandra,3,1430.0,2.0,3.0,54.5
Super built-up  Area,Ready To Move,Panathur,2,1235.0,2.0,3.0,65.0
Super built-up  Area,Ready To Move,Kanakpura Road,3,1498.0,3.0,2.0,95.0
Super built-up  Area,Ready To Move,Sarjapur  Road,3,2180.0,3.0,2.0,240.0
Super built-up  Area,18-Apr,Electronic City,2,1000.0,2.0,1.0,29.7
Super built-up  Area,Ready To Move,AECS Layout,2,1123.0,2.0,2.0,64.0
Super built-up  Area,Ready To Move,Raja Rajeshwari Nagar,2,1235.0,2.0,1.0,75.0
Super built-up  Area,Ready To Move,Kogilu,2,1250.0,2.0,1.0,55.55
Plot  Area,Ready To Move,Whitefield,4,2403.0,5.0,2.0,360.0
Super built-up  Area,18-Nov,Sarjapur  Road,2,984.0,2.0,1.0,45.91
Super built-up  Area,Ready To Move,Sarjapur  Road,2,1305.0,2.0,1.0,99.0
Super built-up  Area,19-Jun,Hebbal,4,2790.0,5.0,3.0,204.0
Super built-up  Area,Ready To Move,Old Madras Road,4,2010.0,3.0,2.0,125.0
Built-up  Area,Ready To Move,Electronics City Phase 1,2,995.0,2.0,0.0,42.0
Built-up  Area,Ready To Move,Varthur Road,2,1277.0,2.0,2.0,59.0
Super built-up  Area,Ready To Move,7th Phase JP Nagar,2,1236.0,2.0,2.0,61.33
Super built-up  Area,Ready To Move,Akshaya Nagar,2,1265.0,2.0,3.0,67.0
Super built-up  Area,18-Apr,Kanakpura Road,1,525.0,2.0,2.0,27.0
Built-up  Area,Ready To Move,Gubbalala,5,2570.0,4.0,2.0,141.0
Plot  Area,Ready To Move,Hennur Road,4,2400.0,5.0,3.0,390.0
Super built-up  Area,Ready To Move,Ardendale,2,1224.0,2.0,2.0,70.0
Super built-up  Area,Ready To Move,Bellandur,2,1205.0,2.0,1.0,59.0
Super built-up  Area,Ready To Move,Electronic City,3,1449.0,3.0,2.0,90.0
Super built-up  Area,Ready To Move,Yelenahalli,2,1090.0,2.0,1.0,54.0
Plot  Area,Ready To Move,Kaggadasapura,5,2100.0,5.0,0.0,150.0
Super built-up  Area,Ready To Move,Uttarahalli,3,1390.0,2.0,3.0,62.55
Super built-up  Area,Ready To Move,JP Nagar,2,1200.0,2.0,3.0,78.0
Super built-up  Area,Ready To Move,BTM 2nd Stage,2,1000.0,2.0,2.0,58.0
Plot  Area,18-Oct,Devanahalli,4,2400.0,5.0,2.0,190.0
Super built-up  Area,21-Dec,Thanisandra,3,1732.0,3.0,1.0,85.73
Super built-up  Area,Ready To Move,Banashankari,2,1290.0,2.0,2.0,80.0
Super built-up  Area,Ready To Move,Thanisandra,3,1917.0,4.0,2.0,100.0
Super built-up  Area,Ready To Move,Kudlu,3,1455.0,2.0,3.0,60.0
Super built-up  Area,Ready To Move,Devarachikkanahalli,3,1425.0,2.0,2.0,65.0
Super built-up  Area,18-Dec,Whitefield,3,1655.0,3.0,1.0,113.0
Super built-up  Area,18-Mar,Haralur Road,4,2805.0,5.0,3.0,160.0
Super built-up  Area,Ready To Move,Akshaya Nagar,2,1126.0,2.0,1.0,55.0
Super built-up  Area,Ready To Move,Hebbal,2,1250.0,2.0,1.0,55.55
Super built-up  Area,Ready To Move,Whitefield,1,530.0,1.0,1.0,29.44
Built-up  Area,19-Jun,Sarjapur,4,2585.5,4.0,0.0,139.5
Super built-up  Area,Ready To Move,Kambipura,2,883.0,2.0,1.0,37.0
Super built-up  Area,Ready To Move,Sompura,3,1275.0,3.0,1.0,59.0
Super built-up  Area,Ready To Move,Devanahalli,1,1200.0,1.0,0.0,95.0
Super built-up  Area,Ready To Move,Bellandur,2,1063.0,2.0,1.0,58.0
Super built-up  Area,Ready To Move,Balagere,1,656.0,1.0,1.0,43.0
Super built-up  Area,18-Dec,Marathahalli,2,881.0,2.0,1.0,48.06
Built-up  Area,Ready To Move,Bisuvanahalli,2,700.0,1.0,1.0,32.0
Super built-up  Area,18-Dec,Hosa Road,3,1680.0,3.0,1.0,101.0
Super built-up  Area,Ready To Move,Rayasandra,2,1253.0,2.0,2.0,57.0
Super built-up  Area,Ready To Move,Rajaji Nagar,3,1640.0,3.0,3.0,230.0
Super built-up  Area,Ready To Move,Mysore Road,3,1082.0,3.0,2.0,50.0
Built-up  Area,18-Dec,Electronic City,2,1065.0,2.0,1.0,30.75
Super built-up  Area,18-Dec,Iblur Village,3,2100.0,4.0,2.0,145.0
Super built-up  Area,Ready To Move,Electronic City,2,1070.0,2.0,1.0,58.0
Super built-up  Area,16-Sep,Raja Rajeshwari Nagar,3,1280.0,3.0,2.0,57.6
Built-up  Area,18-Aug,Electronic City Phase II,2,1125.0,2.0,1.0,29.25
Super built-up  Area,Ready To Move,Sarjapur  Road,3,1755.0,3.0,2.0,122.0
Super built-up  Area,Ready To Move,Electronic City,2,1210.0,2.0,1.0,54.0
Super built-up  Area,18-Sep,Talaghattapura,2,951.0,2.0,2.0,30.43
Built-up  Area,18-Apr,Electronic City,3,1500.0,2.0,1.0,75.0
Super built-up  Area,Ready To Move,Yeshwanthpur,3,1381.0,2.0,2.0,76.18
Super built-up  Area,18-Dec,Whitefield,2,1085.0,2.0,1.0,57.0
Super built-up  Area,18-Apr,Whitefield,1,905.0,1.0,1.0,50.0
Super built-up  Area,Ready To Move,Hennur Road,3,1685.0,3.0,2.0,95.0
Super built-up  Area,Ready To Move,Somasundara Palya,2,1200.0,2.0,2.0,75.0
Super built-up  Area,Ready To Move,Anandapura,2,1151.0,2.0,1.0,42.9
Built-up  Area,Ready To Move,Brookefield,4,3532.0,3.0,3.0,170.0
Super built-up  Area,Ready To Move,Kanakpura Road,3,1665.0,3.0,2.0,86.91
Built-up  Area,Ready To Move,Kengeri Satellite Town,2,800.0,2.0,1.0,40.0
Built-up  Area,Ready To Move,Chamrajpet,2,1050.0,2.0,1.0,162.0
Super built-up  Area,Ready To Move,Rajiv Nagar,2,1030.0,2.0,2.0,46.5
Super built-up  Area,Ready To Move,Hoodi,2,1257.0,2.0,1.0,71.03
Super built-up  Area,18-Dec,Whitefield,3,1600.0,3.0,2.0,82.0
Super built-up  Area,Ready To Move,Choodasandra,3,1465.0,3.0,3.0,75.0
Super built-up  Area,Ready To Move,Jakkur,3,1650.0,3.0,2.0,111.0
Built-up  Area,Ready To Move,Yelahanka New Town,2,680.0,1.0,1.0,80.0
Plot  Area,18-Aug,Whitefield,4,1230.0,4.0,2.0,80.0
Super built-up  Area,Ready To Move,Koramangala,2,1300.0,2.0,2.0,82.0
Built-up  Area,Ready To Move,KR Puram,2,1000.0,2.0,1.0,44.5
Super built-up  Area,Ready To Move,Mahadevpura,2,1146.0,2.0,1.0,53.8
Super built-up  Area,18-Mar,Indira Nagar,3,2601.0,4.0,2.0,312.0
Super built-up  Area,Ready To Move,Whitefield,2,1255.0,2.0,2.0,40.0
Super built-up  Area,Ready To Move,Padmanabhanagar,2,1200.0,2.0,1.0,60.0
Built-up  Area,Ready To Move,Sarjapur  Road,2,1040.0,2.0,1.0,37.0
Super built-up  Area,Ready To Move,Uttarahalli,2,1180.0,2.0,1.0,41.3
Super built-up  Area,Ready To Move,KR Puram,2,1200.0,2.0,3.0,47.0
Built-up  Area,Ready To Move,Sarjapur  Road,3,1374.0,3.0,2.0,51.0
Super built-up  Area,19-Dec,Whitefield,1,630.5,1.0,0.0,32.15
Super built-up  Area,Ready To Move,Jalahalli,3,2384.0,4.0,2.0,165.0
Super built-up  Area,19-Aug,Electronic City,3,1033.0,2.0,2.0,28.41
Super built-up  Area,Ready To Move,Yelahanka,2,1200.0,2.0,1.0,54.0
Built-up  Area,Ready To Move,Haralur Road,3,2017.0,3.0,2.0,105.0
Super built-up  Area,Ready To Move,Kanakpura Road,3,1495.0,2.0,2.0,52.33
Super built-up  Area,Ready To Move,Kothanur,2,1302.0,2.0,1.0,68.5
Built-up  Area,18-Mar,Whitefield,1,905.0,1.0,1.0,52.0
Super built-up  Area,Ready To Move,Raja Rajeshwari Nagar,2,1303.0,2.0,1.0,55.79
Built-up  Area,Ready To Move,Electronics City Phase 1,3,1350.0,3.0,0.0,71.0
Super built-up  Area,Ready To Move,Gottigere,3,1380.0,2.0,2.0,95.0
Super built-up  Area,Ready To Move,Harlur,3,1620.0,3.0,1.0,110.0
Built-up  Area,Ready To Move,Chandapura,4,4800.0,4.0,3.0,250.0
Super built-up  Area,Ready To Move,Sarjapur  Road,2,1000.0,2.0,1.0,38.5
Super built-up  Area,18-Apr,Thanisandra,2,1250.0,1.0,1.0,54.0
Super built-up  Area,Ready To Move,Anekal,3,997.0,3.0,2.0,55.0
Super built-up  Area,15-Oct,Kothanur,3,1760.0,3.0,2.0,111.0
Super built-up  Area,Ready To Move,Yelahanka,2,1322.0,2.0,2.0,75.0
Super built-up  Area,Ready To Move,Sahakara Nagar,3,1500.0,3.0,2.0,125.0
Super built-up  Area,Ready To Move,Kaggadasapura,3,1256.0,2.0,2.0,50.0
Super built-up  Area,Ready To Move,Brookefield,2,941.0,2.0,2.0,48.0
Plot  Area,Ready To Move,Devanahalli,4,5000.0,4.0,3.0,465.0
Super built-up  Area,Ready To Move,Hennur Road,2,1414.0,2.0,2.0,84.18
Super built-up  Area,Ready To Move,Chikkalasandra,3,1270.0,2.0,3.0,55.25
Plot  Area,Ready To Move,Kengeri Satellite Town,4,4100.0,3.0,0.0,300.0
Super built-up  Area,21-Mar,Kanakpura Road,1,712.0,1.0,1.0,38.44
Super built-up  Area,17-Dec,Rajaji Nagar,4,2648.0,5.0,0.0,251.5
Super built-up  Area,Ready To Move,Hebbal,2,1200.0,2.0,1.0,49.0
Super built-up  Area,Ready To Move,Kengeri Satellite Town,1,654.0,1.0,1.0,22.0
Super built-up  Area,Ready To Move,Uttarahalli,2,1380.0,2.0,1.0,42.0
Super built-up  Area,18-May,Hebbal,2,1088.0,2.0,2.0,62.0
Super built-up  Area,Ready To Move,Harlur,3,1414.0,3.0,2.0,77.5
Super built-up  Area,Ready To Move,Kothanur,2,1185.0,2.0,2.0,58.0
Plot  Area,18-Oct,Whitefield,3,1200.0,3.0,2.0,57.15
Built-up  Area,Ready To Move,Sahakara Nagar,2,1100.0,2.0,1.0,55.0
Super built-up  Area,Ready To Move,Sonnenahalli,1,614.5,1.0,0.0,30.715
Super built-up  Area,Ready To Move,Hegde Nagar,2,1179.0,2.0,2.0,49.35
Super built-up  Area,Ready To Move,Vittasandra,3,1650.0,3.0,1.0,84.0
Super built-up  Area,Ready To Move,Marathahalli,3,1130.0,2.0,2.0,58.0
Super built-up  Area,Ready To Move,JP Nagar,3,1850.0,2.0,2.0,110.0
Super built-up  Area,Ready To Move,Hennur,3,1340.0,3.0,2.0,54.24
Super built-up  Area,Ready To Move,Sarjapur  Road,4,4334.0,2.0,2.0,338.0
Super built-up  Area,Ready To Move,Banashankari,3,2582.0,5.0,2.0,250.0
Super built-up  Area,Ready To Move,Channasandra,2,1160.0,2.0,1.0,55.0
Super built-up  Area,Ready To Move,Sarakki Nagar,3,2663.0,4.0,1.0,338.0
Super built-up  Area,Ready To Move,JP Nagar,2,1100.0,2.0,1.0,45.0
Super built-up  Area,18-Aug,Kammasandra,3,1365.0,2.0,1.0,34.13
Super built-up  Area,20-Feb,Vijayanagar,3,1484.0,3.0,2.0,79.19
Super built-up  Area,18-May,Whitefield,3,1451.0,2.0,2.0,52.43
Super built-up  Area,19-Jul,Kanakpura Road,2,1330.0,2.0,1.0,107.0
Super built-up  Area,Ready To Move,Thanisandra,3,2127.0,3.0,2.0,135.0
Super built-up  Area,Ready To Move,Sarjapur  Road,3,1173.0,2.0,2.0,45.75
Super built-up  Area,Ready To Move,Electronics City Phase 1,3,1445.0,2.0,1.0,56.0
Super built-up  Area,18-Nov,Thanisandra,3,2336.5,3.0,0.0,115.89
Super built-up  Area,Ready To Move,JP Nagar,2,1197.0,2.0,1.0,47.88
Super built-up  Area,Ready To Move,Sarjapur  Road,5,3930.0,7.0,2.0,329.0
Super built-up  Area,Ready To Move,Kanakpura Road,3,1450.0,3.0,3.0,62.4
Super built-up  Area,Ready To Move,Whitefield,2,1187.0,2.0,1.0,37.85
Super built-up  Area,18-Aug,Channasandra,2,1050.0,2.0,2.0,41.0
Super built-up  Area,18-May,Panathur,3,1370.0,2.0,2.0,54.8
Super built-up  Area,Ready To Move,Yelahanka,2,1036.0,2.0,2.0,39.37
Super built-up  Area,18-Jun,JP Nagar,3,1275.0,3.0,2.0,41.2
Super built-up  Area,Ready To Move,Old Madras Road,4,2010.0,3.0,2.0,115.0
Super built-up  Area,Ready To Move,Thanisandra,2,1265.0,2.0,2.0,46.6
Super built-up  Area,Ready To Move,Anandapura,3,1576.0,3.0,2.0,58.0
Super built-up  Area,Ready To Move,Dodda Nekkundi,2,1148.0,2.0,1.0,56.0
Super built-up  Area,Ready To Move,Kudlu,3,1293.0,2.0,2.0,85.0
Plot  Area,18-May,TC Palaya,3,1200.0,2.0,0.0,66.0
Super built-up  Area,Ready To Move,Munnekollal,2,1210.0,2.0,3.0,75.0
Built-up  Area,Ready To Move,HSR Layout,2,1126.0,2.0,1.0,69.0
Built-up  Area,Ready To Move,Sarakki Nagar,3,1840.0,4.0,1.0,175.0
Built-up  Area,Ready To Move,Vidyaranyapura,3,1440.0,2.0,0.0,70.0
Built-up  Area,Ready To Move,Ramamurthy Nagar,3,1300.0,2.0,2.0,52.0
Super built-up  Area,Ready To Move,Thanisandra,2,1276.0,2.0,2.0,75.0
Super built-up  Area,Ready To Move,Whitefield,2,1216.0,2.0,1.0,83.0
Built-up  Area,Ready To Move,Sompura,2,1126.0,2.0,2.0,39.0
Super built-up  Area,18-May,Raja Rajeshwari Nagar,2,1162.0,2.0,0.0,65.0
Super built-up  Area,Ready To Move,Whitefield,2,1301.0,2.0,2.0,65.0
Super built-up  Area,19-Dec,Devanahalli,1,658.0,1.0,1.0,34.0
Super built-up  Area,Ready To Move,Whitefield,3,2500.0,3.0,2.0,280.0
Built-up  Area,Ready To Move,Chandapura,3,1208.51,3.0,2.0,42.0
Super built-up  Area,Ready To Move,Raja Rajeshwari Nagar,2,1133.0,2.0,2.0,38.41
Super built-up  Area,Ready To Move,Sarjapur,2,940.0,2.0,1.0,25.38
Super built-up  Area,Ready To Move,Bannerghatta Road,2,1302.5,2.0,0.0,67.73
Built-up  Area,Ready To Move,Dasarahalli,2,1300.0,2.0,2.0,50.0
Super built-up  Area,Ready To Move,Malleshwaram,3,2475.0,4.0,3.0,326.0
Super built-up  Area,Ready To Move,6th Phase JP Nagar,3,2040.0,3.0,2.0,200.0
Built-up  Area,Ready To Move,Hosakerehalli,1,1200.0,1.0,0.0,150.0
Plot  Area,Ready To Move,Jigani,4,2420.0,4.0,1.0,190.0
Built-up  Area,Ready To Move,Thubarahalli,2,1216.0,2.0,1.0,80.0
Super built-up  Area,Ready To Move,Jakkur,3,1622.0,2.0,0.0,80.0
Super built-up  Area,Ready To Move,Kanakpura Road,3,1843.0,3.0,2.0,85.0
Super built-up  Area,Ready To Move,Malleshpalya,3,1430.0,2.0,1.0,69.5
Super built-up  Area,Ready To Move,Begur Road,3,1565.0,2.0,2.0,57.91
Super built-up  Area,Ready To Move,Lakshminarayana Pura,3,1695.0,3.0,2.0,150.0
Super built-up  Area,Ready To Move,Kengeri Satellite Town,2,1060.0,2.0,3.0,42.0
Built-up  Area,Ready To Move,Sarjapur  Road,2,1120.0,2.0,2.0,50.0
Plot  Area,Ready To Move,Hosa Road,2,880.0,2.0,0.0,50.0
Super built-up  Area,Ready To Move,Dodda Nekkundi,3,1435.0,3.0,3.0,57.2
Super built-up  Area,Ready To Move,Doddakallasandra,3,1425.0,2.0,2.0,56.99
Super built-up  Area,Ready To Move,Arekere,2,900.0,2.0,3.0,50.0
Built-up  Area,21-Dec,Thanisandra,1,693.0,1.0,1.0,34.3
Super built-up  Area,20-Dec,Electronic City,4,2435.0,4.0,3.0,119.0
Super built-up  Area,18-Aug,Iblur Village,3,1920.0,3.0,2.0,150.0
Super built-up  Area,18-Mar,Electronic City,1,630.0,1.0,1.0,47.0
Super built-up  Area,Ready To Move,Nagavarapalya,1,705.0,1.0,1.0,55.0
Super built-up  Area,Ready To Move,Mahadevpura,2,1532.0,2.0,2.0,62.0
Super built-up  Area,Ready To Move,Rajiv Nagar,2,1330.0,2.0,1.0,93.0
Built-up  Area,Ready To Move,Sarjapur  Road,3,1530.0,2.0,2.0,60.0
Super built-up  Area,Ready To Move,Kasavanhalli,2,1105.0,2.0,2.0,42.0
Plot  Area,Ready To Move,1st Phase JP Nagar,2,1566.0,2.0,0.0,180.0
Super built-up  Area,18-Jul,Harlur,3,1630.0,3.0,1.0,95.1
Built-up  Area,Ready To Move,Brookefield,3,1595.0,2.0,3.0,75.0
Super built-up  Area,Ready To Move,7th Phase JP Nagar,2,1000.0,2.0,2.0,53.0
Super built-up  Area,18-May,Electronic City Phase II,2,1000.0,2.0,1.0,28.88
Super built-up  Area,Ready To Move,Uttarahalli,3,1737.0,2.0,3.0,95.0
Built-up  Area,Ready To Move,Hosakerehalli,8,3600.0,6.0,1.0,145.0
Built-up  Area,Ready To Move,Mysore Road,2,883.0,2.0,1.0,50.0
Super built-up  Area,19-Dec,Anjanapura,3,1347.0,2.0,1.0,37.72
Super built-up  Area,Ready To Move,Whitefield,3,1330.0,2.0,2.0,55.0
Built-up  Area,Ready To Move,Rajaji Nagar,4,3730.0,4.0,3.0,370.0
Super built-up  Area,Ready To Move,Harlur,3,1459.0,3.0,2.0,135.0
Super built-up  Area,19-Dec,Thanisandra,4,2259.0,5.0,2.0,135.0
Built-up  Area,Ready To Move,JP Nagar,7,2700.0,4.0,1.0,160.0
Super built-up  Area,Ready To Move,Electronic City,2,660.0,1.0,1.0,15.5
Super built-up  Area,Ready To Move,Rajaji Nagar,3,1800.0,2.0,2.0,250.0
Super built-up  Area,Ready To Move,Rajaji Nagar,4,3100.0,4.0,3.0,550.0
Super built-up  Area,19-Aug,Yelahanka,2,1405.0,2.0,0.0,50.58
Super built-up  Area,18-May,Yelahanka,1,602.0,1.0,1.0,26.0
Super built-up  Area,Ready To Move,JP Nagar,3,1500.0,2.0,3.0,82.0
Super built-up  Area,20-Dec,Judicial Layout,3,1100.0,2.0,1.0,53.0
Super built-up  Area,Ready To Move,Raja Rajeshwari Nagar,2,1151.0,2.0,1.0,49.0
Super built-up  Area,Ready To Move,Kathriguppe,3,1350.0,3.0,3.0,78.3
Super built-up  Area,Ready To Move,Bannerghatta Road,2,1200.0,2.0,2.0,65.0
Super built-up  Area,Ready To Move,Thanisandra,2,1265.0,2.0,1.0,78.0
Super built-up  Area,18-Apr,Sarjapur  Road,3,1700.0,3.0,2.0,93.5
Built-up  Area,Ready To Move,Ramamurthy Nagar,3,1600.0,3.0,0.0,75.0
Built-up  Area,Ready To Move,R.T. Nagar,3,1560.0,3.0,3.0,125.0
Plot  Area,Ready To Move,Raja Rajeshwari Nagar,4,1200.0,4.0,1.0,160.0
Super built-up  Area,Ready To Move,Sarjapur  Road,3,1403.0,3.0,1.0,56.0
Super built-up  Area,Ready To Move,Tumkur Road,3,1416.0,3.0,1.0,94.0
Super built-up  Area,Ready To Move,Kanakpura Road,2,1628.0,2.0,2.0,68.0
Plot  Area,Ready To Move,Chamrajpet,4,1660.4,4.0,2.0,211.0
Super built-up  Area,Ready To Move,7th Phase JP Nagar,3,1680.0,3.0,2.0,125.0
Super built-up  Area,Ready To Move,Doddathoguru,3,1595.0,3.0,3.0,62.0
Super built-up  Area,Ready To Move,Kanakpura Road,3,1507.0,2.0,3.0,95.0
Super built-up  Area,Ready To Move,Frazer Town,3,2560.0,3.0,2.0,288.0
Super built-up  Area,Ready To Move,Hennur Road,3,1949.0,3.0,1.0,133.0
Plot  Area,Ready To Move,BTM 2nd Stage,2,800.0,2.0,1.0,175.0
Built-up  Area,18-Dec,Electronic City Phase II,2,1000.0,2.0,1.0,28.88
Super built-up  Area,Ready To Move,Hosakerehalli,3,2480.0,3.0,2.0,245.0
Super built-up  Area,Ready To Move,Kaikondrahalli,3,1605.0,3.0,3.0,105.0
Built-up  Area,Ready To Move,Bommanahalli,2,1290.0,2.0,1.0,73.0
Super built-up  Area,Ready To Move,Yelahanka,2,1100.0,2.0,1.0,60.0
Super built-up  Area,Ready To Move,Electronics City Phase 1,2,995.0,2.0,1.0,49.8
Super built-up  Area,Ready To Move,Rajaji Nagar,4,3526.0,4.0,3.0,598.0
Super built-up  Area,Ready To Move,Gottigere,3,1425.0,2.0,2.0,47.0
Built-up  Area,Ready To Move,HBR Layout,3,1783.0,3.0,2.0,125.0
Super built-up  Area,18-Mar,Haralur Road,3,1520.0,2.0,2.0,90.0
Super built-up  Area,Ready To Move,Sarjapur  Road,2,1060.0,2.0,1.0,55.0
Super built-up  Area,Ready To Move,Raja Rajeshwari Nagar,2,1267.0,2.0,1.0,54.35
Super built-up  Area,Ready To Move,Whitefield,2,1155.0,2.0,2.0,55.0
Built-up  Area,Ready To Move,Karuna Nagar,3,2500.0,3.0,2.0,180.0
Super built-up  Area,Ready To Move,Bannerghatta Road,2,1240.0,2.0,1.0,65.0
Super built-up  Area,Ready To Move,NGR Layout,2,1019.0,2.0,1.0,45.9
Super built-up  Area,Ready To Move,Whitefield,2,1355.0,3.0,3.0,76.0
Super built-up  Area,Ready To Move,Whitefield,4,4075.0,5.0,3.0,226.0
Super built-up  Area,Ready To Move,Raja Rajeshwari Nagar,3,1550.0,3.0,3.0,52.45
Built-up  Area,Ready To Move,Raja Rajeshwari Nagar,2,1100.0,2.0,1.0,50.0
Super built-up  Area,18-Mar,9th Phase JP Nagar,2,1466.0,2.0,2.0,71.0
Super built-up  Area,Ready To Move,Rachenahalli,3,1550.0,3.0,2.0,72.5
Super built-up  Area,Ready To Move,Akshaya Nagar,3,2300.0,4.0,3.0,102.0
Super built-up  Area,19-Aug,Kengeri,1,540.0,1.0,1.0,22.5
Plot  Area,Ready To Move,8th Phase JP Nagar,3,950.0,3.0,2.0,130.0
Super built-up  Area,Ready To Move,Cunningham Road,3,2880.0,3.0,2.0,501.0
Super built-up  Area,Ready To Move,Hebbal,3,1987.0,4.0,2.0,165.0
Super built-up  Area,Ready To Move,Hoodi,2,1305.0,2.0,1.0,75.0
Built-up  Area,Ready To Move,Sarjapur,4,2100.0,3.0,1.0,125.0
Built-up  Area,18-Dec,Electronic City,2,1125.0,2.0,1.0,32.5
Super built-up  Area,Ready To Move,Horamavu Banaswadi,2,1225.0,2.0,2.0,49.5
Super built-up  Area,Ready To Move,Hennur,2,1255.0,2.0,1.0,55.5
Plot  Area,Ready To Move,Uttarahalli,6,3600.0,6.0,2.0,303.0
Built-up  Area,18-Dec,Electronic City,2,1165.0,2.0,1.0,33.64
Super built-up  Area,Ready To Move,Nagarbhavi,3,1850.0,2.0,2.0,88.0
Super built-up  Area,19-Mar,Hennur Road,2,1232.0,2.0,2.0,89.0
Super built-up  Area,21-Nov,Thanisandra,3,1732.0,3.0,3.0,85.73
Super built-up  Area,Ready To Move,Yelahanka,3,1614.0,2.0,1.0,100.0
Built-up  Area,Ready To Move,Magadi Road,2,600.0,1.0,1.0,22.0
Super built-up  Area,Ready To Move,Thigalarapalya,3,2072.0,4.0,2.0,155.0
Super built-up  Area,Ready To Move,Electronic City,2,919.0,2.0,2.0,34.0
Super built-up  Area,Ready To Move,Whitefield,2,1216.0,2.0,1.0,75.0
Super built-up  Area,Ready To Move,Lingadheeranahalli,4,2245.0,4.0,2.0,154.0
Super built-up  Area,18-Feb,Bannerghatta Road,3,1476.0,3.0,1.0,125.0
Super built-up  Area,Ready To Move,Ambedkar Nagar,3,1852.0,3.0,2.0,130.0
Super built-up  Area,Ready To Move,Panathur,3,1597.0,3.0,1.0,67.12
Super built-up  Area,19-Dec,Jakkur,3,2423.0,4.0,3.0,160.0
Super built-up  Area,19-Mar,Marathahalli,2,1152.0,2.0,1.0,90.0
Super built-up  Area,Ready To Move,Harlur,3,1762.0,3.0,2.0,133.0
Super built-up  Area,Ready To Move,Raja Rajeshwari Nagar,2,1185.0,2.0,2.0,40.17
Super built-up  Area,18-May,Yelahanka,3,1890.0,3.0,2.0,108.0
Super built-up  Area,Ready To Move,Varthur Road,3,1247.0,2.0,2.0,58.0
Super built-up  Area,Ready To Move,Bellandur,2,1201.0,2.0,2.0,59.99
Built-up  Area,18-Feb,Gunjur Palya,2,830.0,2.0,2.0,40.0
Built-up  Area,18-Jul,Electronic City Phase II,2,1165.0,2.0,1.0,30.29
Super built-up  Area,Ready To Move,Bommanahalli,2,1100.0,1.0,2.0,55.0
Built-up  Area,Ready To Move,9th Phase JP Nagar,3,1890.0,2.0,2.0,93.0
Super built-up  Area,Ready To Move,Sarakki Nagar,4,3131.0,4.0,3.0,349.0
Super built-up  Area,Ready To Move,Battarahalli,2,1165.0,2.0,1.0,43.0
Built-up  Area,Ready To Move,Electronics City Phase 1,1,635.0,1.0,0.0,26.0
Built-up  Area,Ready To Move,Whitefield,4,4000.0,4.0,3.0,380.0
Super built-up  Area,22-May,Jakkur,3,1819.18,3.0,2.0,168.0
Super built-up  Area,Ready To Move,Yelenahalli,3,1500.0,2.0,2.0,57.0
Super built-up  Area,Ready To Move,Benson Town,3,2850.0,4.0,3.0,470.0
Super built-up  Area,Ready To Move,Raja Rajeshwari Nagar,3,1751.0,3.0,3.0,72.0
Super built-up  Area,18-Jun,Bommasandra,2,1020.0,2.0,1.0,40.89
Super built-up  Area,Ready To Move,Thanisandra,2,1148.0,2.0,1.0,43.5
Built-up  Area,Ready To Move,Haralur Road,2,1300.0,2.0,2.0,60.0
Built-up  Area,Ready To Move,Hormavu,4,3000.0,4.0,0.0,100.0
Super built-up  Area,Ready To Move,Bellandur,2,1325.0,2.0,2.0,65.0
Built-up  Area,Ready To Move,Ramamurthy Nagar,2,700.0,2.0,1.0,33.0
Super built-up  Area,Ready To Move,7th Phase JP Nagar,3,1675.0,2.0,2.0,135.0
Super built-up  Area,18-Aug,Kodihalli,4,3260.0,5.0,3.0,388.0
Built-up  Area,Ready To Move,Uttarahalli,2,1160.0,2.0,2.0,45.0
Super built-up  Area,Ready To Move,Kasavanhalli,4,1863.0,3.0,2.0,105.0
Super built-up  Area,Ready To Move,Sahakara Nagar,3,1914.0,3.0,2.0,149.0
Super built-up  Area,Ready To Move,BTM Layout,3,1458.0,3.0,2.0,79.0
Built-up  Area,Ready To Move,Babusapalaya,2,1105.0,2.0,1.0,40.0
Super built-up  Area,Ready To Move,Hulimavu,3,3035.0,5.0,3.0,220.0
Super built-up  Area,Ready To Move,Akshaya Nagar,3,1662.0,3.0,2.0,90.0
Super built-up  Area,Ready To Move,Yelahanka,3,1556.0,3.0,2.0,86.0
Super built-up  Area,Ready To Move,Jigani,2,918.0,2.0,2.0,50.0
Super built-up  Area,Ready To Move,Sarjapur  Road,3,1455.0,2.0,1.0,98.0
Plot  Area,Ready To Move,Laggere,2,1200.0,2.0,0.0,75.0
Built-up  Area,Ready To Move,Bannerghatta Road,3,1100.0,2.0,2.0,52.0
Super built-up  Area,Ready To Move,Sarjapur  Road,3,1405.0,3.0,2.0,48.87
Super built-up  Area,Ready To Move,Subramanyapura,2,929.0,2.0,1.0,56.0
Built-up  Area,Ready To Move,Frazer Town,4,3436.0,5.0,2.0,341.0
Super built-up  Area,Ready To Move,8th Phase JP Nagar,4,2100.0,4.0,3.0,92.0
Super built-up  Area,17-Jul,Channasandra,2,1065.0,2.0,1.0,40.47
Super built-up  Area,22-Dec,Bannerghatta Road,3,1532.5,3.0,0.0,84.29
Super built-up  Area,18-Apr,Hormavu,2,1093.0,2.0,1.0,32.78
Built-up  Area,Ready To Move,Anandapura,2,1250.0,2.0,2.0,45.0
Super built-up  Area,Ready To Move,Marathahalli,3,1680.0,3.0,3.0,105.0
Super built-up  Area,Ready To Move,Nagarbhavi,2,1146.0,2.0,1.0,50.0
Super built-up  Area,17-Oct,Ramagondanahalli,3,1451.0,3.0,1.0,60.44
Super built-up  Area,Ready To Move,Gottigere,3,1435.0,2.0,3.0,62.0
Super built-up  Area,18-Apr,Devanahalli,1,658.0,1.0,0.0,26.91
Super built-up  Area,18-Jan,Bommanahalli,3,1300.0,3.0,2.0,45.0
Super built-up  Area,Ready To Move,Whitefield,2,1242.0,2.0,2.0,65.0
Super built-up  Area,Ready To Move,Marathahalli,3,1910.0,3.0,3.0,119.0
Super built-up  Area,Ready To Move,Yelahanka,3,1610.0,4.0,2.0,85.0
Super built-up  Area,Ready To Move,Hulimavu,2,1127.0,2.0,1.0,65.0
Super built-up  Area,Ready To Move,Yelahanka,3,1075.0,2.0,1.0,42.0
Super built-up  Area,Ready To Move,Mysore Road,2,1155.0,2.0,1.0,51.0
Built-up  Area,Ready To Move,Billekahalli,3,2400.0,3.0,1.0,150.0
Super built-up  Area,Ready To Move,Chandapura,2,876.0,2.0,2.0,29.5
Super built-up  Area,Ready To Move,Nagarbhavi,3,1850.0,2.0,2.0,89.0
Super built-up  Area,18-Apr,Kadugodi,2,1314.0,2.0,3.0,83.0
Super built-up  Area,20-Aug,Rachenahalli,1,690.0,1.0,1.0,39.8
Built-up  Area,Ready To Move,Electronic City Phase II,4,3550.0,2.0,2.0,167.5
Super built-up  Area,18-May,Bommasandra,2,920.0,2.0,1.0,37.2
Built-up  Area,Ready To Move,Sarjapur  Road,3,1850.0,3.0,3.0,140.0
Super built-up  Area,Ready To Move,Electronic City,2,1073.0,2.0,2.0,60.0
Super built-up  Area,Ready To Move,Kanakpura Road,3,1550.0,3.0,3.0,63.5
Super built-up  Area,Ready To Move,Kalyan nagar,2,1198.0,2.0,1.0,65.0
Super built-up  Area,Ready To Move,HBR Layout,3,1656.0,3.0,2.0,90.0
Built-up  Area,Ready To Move,Ramagondanahalli,3,1910.0,3.0,2.0,142.0
Super built-up  Area,Ready To Move,Mysore Road,2,1003.0,2.0,1.0,43.0
Super built-up  Area,Ready To Move,Whitefield,3,1495.0,2.0,2.0,67.0
Super built-up  Area,19-Dec,Thanisandra,3,2172.0,3.0,2.0,76.02
Super built-up  Area,Ready To Move,Whitefield,3,1548.0,3.0,1.0,65.0
Super built-up  Area,18-Dec,Whitefield,4,2856.0,5.0,0.0,154.5
Super built-up  Area,18-Jul,Hosur Road,3,1689.0,3.0,1.0,103.0
Super built-up  Area,Ready To Move,Electronic City Phase II,2,1031.0,2.0,1.0,53.0
Super built-up  Area,18-Jul,Bhoganhalli,4,2119.0,4.0,2.0,111.0
Plot  Area,18-Dec,Whitefield,2,1200.0,2.0,2.0,46.13
Super built-up  Area,Ready To Move,Hennur Road,3,1250.0,2.0,1.0,77.88
Plot  Area,18-Aug,Whitefield,2,1200.0,2.0,1.0,46.13
Super built-up  Area,Ready To Move,Seegehalli,3,1420.0,2.0,2.0,46.0
Super built-up  Area,18-Apr,Electronic City,3,1500.0,2.0,1.0,78.0
Super built-up  Area,18-Dec,Haralur Road,3,1985.0,3.0,2.0,130.0
Super built-up  Area,18-Apr,Sarjapur  Road,1,950.0,1.0,0.0,39.9
Super built-up  Area,Ready To Move,Green Glen Layout,3,1752.0,3.0,2.0,105.0
Super built-up  Area,Ready To Move,Old Madras Road,3,1480.0,2.0,2.0,84.0
Super built-up  Area,Ready To Move,Sarjapur  Road,3,1826.0,3.0,2.0,130.0
Super built-up  Area,Ready To Move,8th Phase JP Nagar,2,1035.0,2.0,1.0,39.33
Built-up  Area,Ready To Move,Sarjapur  Road,4,2600.0,4.0,2.0,98.0
Built-up  Area,Ready To Move,Kasavanhalli,3,1667.0,3.0,2.0,92.0
Super built-up  Area,Ready To Move,Thanisandra,2,934.0,2.0,2.0,55.0
Super built-up  Area,Ready To Move,Mahadevpura,3,1620.0,2.0,1.0,76.0
Super built-up  Area,17-Jun,Electronic City,2,1070.0,2.0,1.0,47.0
Built-up  Area,Ready To Move,Hosur Road,5,3600.0,5.0,3.0,180.0
Super built-up  Area,18-Apr,Uttarahalli,3,1280.0,2.0,2.0,60.0
Super built-up  Area,19-Dec,Electronic City Phase II,3,1611.0,2.0,2.0,48.33
Super built-up  Area,Ready To Move,Whitefield,3,1405.0,3.0,2.0,58.0
Super built-up  Area,Ready To Move,Thigalarapalya,3,1830.0,4.0,2.0,150.0
Built-up  Area,Ready To Move,Kaggadasapura,3,1710.0,3.0,0.0,60.0
Built-up  Area,Ready To Move,BTM Layout,2,935.0,2.0,1.0,51.5
Super built-up  Area,18-Apr,Jakkur,3,2197.0,3.0,2.0,136.0
Super built-up  Area,Ready To Move,Yeshwanthpur,3,1678.0,3.0,2.0,92.13
Built-up  Area,Ready To Move,Brookefield,3,1410.0,2.0,0.0,80.0
Super built-up  Area,Ready To Move,Jakkur,2,1125.0,2.0,2.0,65.0
Super built-up  Area,Ready To Move,Magadi Road,3,1191.0,2.0,1.0,55.38
Super built-up  Area,Ready To Move,Thubarahalli,2,1200.0,2.0,2.0,79.0
Super built-up  Area,Ready To Move,CV Raman Nagar,3,1525.0,2.0,3.0,67.0
Super built-up  Area,Ready To Move,Chikkabanavar,2,600.0,1.0,2.0,25.0
Super built-up  Area,Ready To Move,Thanisandra,2,1185.0,2.0,2.0,44.0
Super built-up  Area,18-May,Electronics City Phase 1,2,1190.0,2.0,1.0,68.0
Super built-up  Area,18-Dec,Whitefield,4,2856.0,5.0,0.0,158.5
Super built-up  Area,Ready To Move,Whitefield,2,1355.0,2.0,3.0,73.0
Plot  Area,Ready To Move,KR Puram,2,1200.0,1.0,0.0,65.0
Plot  Area,Ready To Move,Kundalahalli,4,7000.0,4.0,3.0,550.0
Super built-up  Area,Ready To Move,Yelahanka New Town,1,500.0,2.0,1.0,24.0
Built-up  Area,Ready To Move,Uttarahalli,3,1480.0,2.0,1.0,58.0
Built-up  Area,Ready To Move,Ambalipura,4,3300.0,4.0,2.0,329.0
Super built-up  Area,18-May,KR Puram,3,1583.0,2.0,2.0,70.445
Super built-up  Area,18-Aug,Rajaji Nagar,2,1357.0,2.0,1.0,130.0
Built-up  Area,Ready To Move,Hosakerehalli,2,925.0,2.0,1.0,46.5
Super built-up  Area,Ready To Move,8th Phase JP Nagar,2,909.0,2.0,1.0,40.9
Plot  Area,Ready To Move,Seegehalli,3,3000.0,5.0,2.0,335.0
Built-up  Area,Ready To Move,Brookefield,2,1100.0,2.0,1.0,55.0
Plot  Area,18-May,Malleshwaram,4,3000.0,5.0,2.0,815.0
Super built-up  Area,Ready To Move,Raja Rajeshwari Nagar,2,1306.0,2.0,2.0,44.17
Super built-up  Area,Ready To Move,Kalena Agrahara,1,610.0,1.0,1.0,39.0
Super built-up  Area,Ready To Move,Yelahanka,3,1484.0,2.0,2.0,56.4
Super built-up  Area,17-May,Ramamurthy Nagar,2,1125.0,2.0,1.0,47.0
Super built-up  Area,18-Dec,Whitefield,4,2882.0,5.0,1.0,158.0
Super built-up  Area,Ready To Move,Kundalahalli,3,2075.0,3.0,1.0,115.0
Super built-up  Area,Ready To Move,Horamavu Banaswadi,2,1272.0,2.0,2.0,51.5
Built-up  Area,Ready To Move,1st Phase JP Nagar,1,840.0,2.0,2.0,50.0
Super built-up  Area,Ready To Move,Hennur Road,4,2502.0,4.0,2.0,180.0
Super built-up  Area,Ready To Move,Rayasandra,1,583.0,1.0,1.0,26.9
Super built-up  Area,18-Dec,Gunjur Palya,2,900.0,2.0,1.0,27.0
Built-up  Area,18-Mar,Kanakapura,3,2200.0,3.0,1.0,121.0
Super built-up  Area,19-Dec,Whitefield,1,750.0,1.0,1.0,51.0
Super built-up  Area,Ready To Move,Electronics City Phase 1,2,1190.0,2.0,2.0,33.92
Super built-up  Area,Ready To Move,Hosakerehalli,3,2480.0,4.0,1.0,260.0
Built-up  Area,Ready To Move,Kaggadasapura,3,1500.0,3.0,0.0,75.0
Super built-up  Area,Ready To Move,Banashankari Stage V,3,1510.0,3.0,3.0,47.57
Super built-up  Area,19-Jan,7th Phase JP Nagar,2,1187.0,2.0,1.0,59.0
Super built-up  Area,Ready To Move,Kundalahalli,2,1120.0,2.0,1.0,53.76
Super built-up  Area,Ready To Move,Kasturi Nagar,2,1100.0,2.0,2.0,58.0
Built-up  Area,Ready To Move,Bannerghatta Road,3,1465.0,2.0,1.0,45.87
Plot  Area,Ready To Move,Kothanur,1,1500.0,1.0,0.0,75.0
Super built-up  Area,Ready To Move,Haralur Road,3,1255.0,2.0,1.0,90.0
Super built-up  Area,Ready To Move,5th Phase JP Nagar,2,1220.0,2.0,3.0,88.0
Built-up  Area,18-Aug,Electronic City Phase II,2,1065.0,2.0,1.0,30.88
Built-up  Area,Ready To Move,Sultan Palaya,3,1765.0,3.0,3.0,80.0
Super built-up  Area,Ready To Move,Bellandur,2,1281.0,2.0,2.0,87.0
Carpet  Area,Ready To Move,Kaggadasapura,2,1215.0,2.0,3.0,43.0
Super built-up  Area,Ready To Move,Mysore Road,2,1237.0,2.0,2.0,73.0
Super built-up  Area,Ready To Move,Lakshminarayana Pura,2,1300.0,2.0,1.0,70.0
Super built-up  Area,Ready To Move,Whitefield,2,1105.0,2.0,2.0,39.99
Super built-up  Area,Ready To Move,Chandapura,3,1505.0,2.0,2.0,42.0
Super built-up  Area,Ready To Move,Hebbal Kempapura,4,3900.0,5.0,2.0,310.0
Built-up  Area,Ready To Move,Banashankari,2,1186.0,2.0,3.0,65.0
Super built-up  Area,Ready To Move,Kengeri,2,750.0,2.0,1.0,35.5
Super built-up  Area,Ready To Move,Thanisandra,2,1056.0,2.0,2.0,68.0
Super built-up  Area,Ready To Move,Banashankari,3,1650.0,3.0,2.0,101.0
Built-up  Area,18-Jul,Electronic City Phase II,3,1220.0,3.0,1.0,36.6
Super built-up  Area,Ready To Move,Rayasandra,2,1198.0,2.0,1.0,54.0
Built-up  Area,Ready To Move,Kanakapura,2,1340.0,2.0,2.0,65.0
Plot  Area,Ready To Move,Giri Nagar,6,2400.0,6.0,1.0,400.0
Super built-up  Area,19-Dec,Yelahanka,2,1260.0,2.0,2.0,59.2
Super built-up  Area,21-Feb,Talaghattapura,3,2254.0,3.0,2.0,153.0
Super built-up  Area,Ready To Move,Old Madras Road,3,2990.0,5.0,1.0,210.0
Built-up  Area,Ready To Move,JP Nagar,2,820.0,2.0,1.0,45.0
Super built-up  Area,Ready To Move,Electronic City,2,1296.0,2.0,2.0,65.0
Super built-up  Area,Ready To Move,Uttarahalli,2,1190.0,2.0,1.0,53.55
Super built-up  Area,19-Dec,Whitefield,2,1173.0,2.0,1.0,77.0
Plot  Area,16-Dec,Sarjapura - Attibele Road,3,1800.0,3.0,2.0,90.0
Built-up  Area,Ready To Move,Yelahanka,2,1102.0,2.0,0.0,52.0
Super built-up  Area,Ready To Move,Sarjapur,2,913.0,2.0,1.0,36.0
Super built-up  Area,18-Apr,Hormavu,3,1176.0,2.0,1.0,35.27
Super built-up  Area,Ready To Move,Billekahalli,3,2968.0,3.0,2.0,225.0
Super built-up  Area,17-Dec,Yelahanka,2,1519.0,2.0,3.0,65.0
Super built-up  Area,Ready To Move,Haralur Road,2,1056.0,2.0,1.0,60.0
Plot  Area,18-Dec,Whitefield,3,1200.0,3.0,1.0,68.4
Plot  Area,Ready To Move,Anekal,4,1200.0,2.0,1.0,36.0
Built-up  Area,Ready To Move,Gollarapalya Hosahalli,2,861.0,2.0,0.0,36.5
Super built-up  Area,Ready To Move,Kundalahalli,2,1047.0,2.0,1.0,82.62
Built-up  Area,Ready To Move,Rajaji Nagar,3,2300.0,3.0,3.0,369.0
Super built-up  Area,Ready To Move,Ramamurthy Nagar,2,1000.0,2.0,1.0,62.0
Super built-up  Area,Ready To Move,Lingadheeranahalli,3,1682.0,3.0,1.0,113.0
Super built-up  Area,Ready To Move,Harlur,3,1756.0,3.0,2.0,131.0
Super built-up  Area,Ready To Move,Vittasandra,2,1238.0,2.0,1.0,67.32
Super built-up  Area,Ready To Move,Dasanapura,2,814.0,2.0,1.0,42.0
Built-up  Area,Ready To Move,Dodda Nekkundi,2,1145.0,2.0,1.0,46.5
Super built-up  Area,Ready To Move,Varthur,2,965.0,2.0,1.0,34.0
Built-up  Area,Ready To Move,Banashankari,3,1300.0,2.0,2.0,55.0
Super built-up  Area,18-May,1st Phase JP Nagar,3,1590.0,3.0,3.0,131.0
Super built-up  Area,20-Aug,Begur Road,1,644.0,1.0,1.0,40.0
Super built-up  Area,18-Mar,Whitefield,2,982.0,2.0,1.0,37.0
Super built-up  Area,Ready To Move,Indira Nagar,2,1260.0,2.0,2.0,100.0
Super built-up  Area,Ready To Move,Rayasandra,3,1555.0,3.0,2.0,75.17
Super built-up  Area,18-Aug,Kaggadasapura,2,1225.0,2.0,2.0,48.0
Super built-up  Area,Ready To Move,Electronics City Phase 1,2,1085.0,2.0,1.0,46.0
Super built-up  Area,Ready To Move,Rajaji Nagar,3,1640.0,3.0,2.0,220.0
Built-up  Area,18-Aug,Thanisandra,3,1595.0,3.0,1.0,110.0
Super built-up  Area,Ready To Move,Raja Rajeshwari Nagar,2,1196.0,2.0,2.0,40.44
Super built-up  Area,18-Mar,Yelahanka,3,1859.0,3.0,1.0,108.0
Super built-up  Area,21-Sep,9th Phase JP Nagar,2,1079.0,2.0,1.0,60.0
Super built-up  Area,Ready To Move,Whitefield,2,1118.0,2.0,1.0,42.0
Super built-up  Area,Ready To Move,CV Raman Nagar,2,1198.0,2.0,2.0,60.0
Super built-up  Area,18-Jun,Chandapura,3,1162.5,2.0,2.0,30.215
Super built-up  Area,Ready To Move,Thigalarapalya,3,1830.0,4.0,2.0,135.0
Super built-up  Area,20-Oct,Banashankari Stage VI,2,1160.0,2.0,1.0,59.0
Built-up  Area,17-Mar,Kannamangala,2,957.0,2.0,0.0,52.5
Plot  Area,Ready To Move,Basaveshwara Nagar,5,2400.0,4.0,1.0,310.0
Super built-up  Area,18-Dec,Bannerghatta Road,2,1268.0,2.0,1.0,69.0
Super built-up  Area,Ready To Move,Bannerghatta Road,3,1450.0,2.0,2.0,87.0
Super built-up  Area,Ready To Move,Uttarahalli,3,1330.0,2.0,1.0,57.0
Super built-up  Area,Ready To Move,Jakkur,3,1355.0,2.0,2.0,65.0
Super built-up  Area,Ready To Move,Chikkalasandra,2,1075.0,2.0,1.0,46.76
Super built-up  Area,Ready To Move,Haralur Road,2,1140.0,2.0,1.0,42.0
Super built-up  Area,18-May,Padmanabhanagar,3,1710.0,2.0,2.0,90.63
Super built-up  Area,21-Dec,Talaghattapura,3,2106.0,3.0,3.0,148.0
Super built-up  Area,Ready To Move,Marathahalli,2,1602.0,2.0,2.0,104.0
Super built-up  Area,Ready To Move,Sarjapur  Road,3,1660.0,2.0,2.0,116.0
Super built-up  Area,Ready To Move,Electronic City Phase II,3,1549.0,3.0,2.0,80.0
Super built-up  Area,19-Mar,Marathahalli,1,700.0,1.0,1.0,38.0
Super built-up  Area,18-Dec,Balagere,2,1012.0,2.0,1.0,64.0
Super built-up  Area,18-Aug,Whitefield,2,1216.0,2.0,1.0,69.0
Super built-up  Area,Ready To Move,Electronic City Phase II,2,1065.0,2.0,1.0,56.13
Super built-up  Area,19-Mar,Thanisandra,3,1411.0,3.0,1.0,93.15
Super built-up  Area,Ready To Move,Pai Layout,2,1400.0,2.0,2.0,57.5
Super built-up  Area,Ready To Move,Haralur Road,2,1245.0,2.0,3.0,62.0
Super built-up  Area,Ready To Move,Choodasandra,2,1115.0,2.0,1.0,50.0
Super built-up  Area,Ready To Move,Vidyaranyapura,2,1000.0,2.0,1.0,35.0
Super built-up  Area,18-Mar,Panathur,3,1580.0,3.0,0.0,71.89
Super built-up  Area,Ready To Move,Subramanyapura,3,1800.0,3.0,2.0,90.0
Super built-up  Area,18-Jun,Kothannur,3,1275.0,3.0,2.0,44.0
Super built-up  Area,Ready To Move,Kasavanhalli,3,1494.0,3.0,2.0,82.0
Super built-up  Area,Ready To Move,Bhoganhalli,3,1949.0,3.0,2.0,129.0
Super built-up  Area,Ready To Move,BTM Layout,2,1020.0,2.0,1.0,46.5
Super built-up  Area,Ready To Move,Mysore Road,2,883.0,2.0,1.0,45.0
Built-up  Area,Ready To Move,Old Airport Road,4,3200.0,4.0,2.0,280.0
Super built-up  Area,Ready To Move,Yeshwanthpur,2,1240.0,2.0,2.0,80.0
Super built-up  Area,Ready To Move,6th Phase JP Nagar,2,1213.0,2.0,1.0,63.0
Super built-up  Area,Ready To Move,Hegde Nagar,3,1835.0,3.0,3.0,88.0
Super built-up  Area,Ready To Move,Bannerghatta Road,4,2932.0,5.0,2.0,195.0
Built-up  Area,Ready To Move,Whitefield,4,3425.0,5.0,2.0,250.0
Built-up  Area,Ready To Move,Gottigere,2,945.0,2.0,0.0,45.0
Super built-up  Area,Ready To Move,Harlur,3,1755.0,3.0,2.0,130.0
Super built-up  Area,Ready To Move,Vijayanagar,3,1760.0,3.0,2.0,140.0
Super built-up  Area,19-Dec,Electronics City Phase 1,3,1450.0,3.0,2.0,72.54
Super built-up  Area,Ready To Move,5th Phase JP Nagar,2,1000.0,2.0,0.0,48.0
Plot  Area,Ready To Move,Shivaji Nagar,1,3820.0,1.0,1.0,306.0
Super built-up  Area,Ready To Move,Choodasandra,2,1215.0,2.0,2.0,59.0
Super built-up  Area,Ready To Move,Yelachenahalli,3,1330.0,3.0,3.0,73.5
Super built-up  Area,18-Aug,Raja Rajeshwari Nagar,2,1178.0,2.0,1.0,75.0
Plot  Area,18-Aug,Hulimavu,4,1500.0,4.0,3.0,192.0
Super built-up  Area,18-Mar,Bellandur,3,2000.0,3.0,2.0,85.0
Plot  Area,Ready To Move,Dasarahalli,3,2400.0,2.0,1.0,152.0
Super built-up  Area,Ready To Move,Sarjapur  Road,3,1700.0,3.0,3.0,108.0
Built-up  Area,Ready To Move,Jigani,3,1200.0,3.0,2.0,65.0
Plot  Area,Ready To Move,Karuna Nagar,3,1240.0,3.0,2.0,165.0
Built-up  Area,Ready To Move,Whitefield,3,3000.0,3.0,2.0,400.0
Built-up  Area,Ready To Move,Kanakpura Road,3,1737.0,3.0,3.0,85.0
Super built-up  Area,Ready To Move,CV Raman Nagar,2,1560.0,2.0,2.0,85.0
Super built-up  Area,Ready To Move,Kambipura,2,883.0,2.0,1.0,44.0
Super built-up  Area,Ready To Move,Kengeri Satellite Town,2,750.0,2.0,1.0,33.0
Super built-up  Area,Ready To Move,Brookefield,4,2400.0,3.0,3.0,140.0
Super built-up  Area,Ready To Move,Hormavu,2,1030.0,2.0,1.0,49.35
Super built-up  Area,Ready To Move,7th Phase JP Nagar,3,1850.0,3.0,2.0,155.0
Built-up  Area,Ready To Move,Hennur Road,3,1831.0,3.0,1.0,110.0
Built-up  Area,18-Jul,Electronic City Phase II,3,1320.0,2.0,1.0,38.13
Super built-up  Area,Ready To Move,Sarjapur  Road,3,1272.5,2.0,0.0,40.72
Built-up  Area,Ready To Move,7th Phase JP Nagar,2,1000.0,2.0,1.0,61.0
Super built-up  Area,Ready To Move,Budigere,3,1820.0,3.0,2.0,85.4
Super built-up  Area,Ready To Move,Bisuvanahalli,3,1075.0,2.0,1.0,41.0
Plot  Area,18-May,TC Palaya,3,1500.0,3.0,0.0,83.0
Super built-up  Area,Ready To Move,Electronics City Phase 1,1,360.0,1.0,0.0,16.9
Super built-up  Area,Ready To Move,Kadugodi,1,925.0,1.0,0.0,40.7
Super built-up  Area,21-Dec,Electronic City,2,1140.0,2.0,1.0,70.93
Super built-up  Area,Ready To Move,Devarachikkanahalli,2,947.0,2.0,2.0,43.0
Super built-up  Area,Ready To Move,Kalena Agrahara,2,1120.0,2.0,2.0,40.0
Super built-up  Area,Ready To Move,Kaggadasapura,3,1805.0,2.0,2.0,75.0
Super built-up  Area,Ready To Move,Basavangudi,2,1100.0,2.0,3.0,93.0
Plot  Area,Ready To Move,Bommenahalli,4,1355.0,3.0,0.0,135.0
Super built-up  Area,Ready To Move,Uttarahalli,3,1560.0,3.0,3.0,74.0
Super built-up  Area,Ready To Move,Arekere,3,2060.0,3.0,2.0,150.0
Super built-up  Area,Ready To Move,Koramangala,3,1716.0,2.0,0.0,115.0
Super built-up  Area,Ready To Move,Harlur,3,1864.0,3.0,1.0,140.0
Built-up  Area,Ready To Move,Electronics City Phase 1,1,638.0,1.0,1.0,32.0
Super built-up  Area,18-Dec,Chandapura,2,937.0,2.0,1.0,30.0
Super built-up  Area,Ready To Move,Frazer Town,4,4856.0,5.0,3.0,410.0
Plot  Area,Ready To Move,Whitefield,4,4003.0,6.0,1.0,525.0
Super built-up  Area,17-May,Whitefield,2,1100.0,2.0,1.0,37.0
Super built-up  Area,Ready To Move,Horamavu Agara,2,1060.0,2.0,1.0,37.0
Super built-up  Area,Ready To Move,Kundalahalli,2,1047.0,2.0,1.0,91.0
Built-up  Area,Ready To Move,Basaveshwara Nagar,2,1200.0,2.0,2.0,80.0
Super built-up  Area,Ready To Move,Akshaya Nagar,3,1420.0,2.0,2.0,75.0
Super built-up  Area,Ready To Move,Sarjapur  Road,3,1539.0,3.0,2.0,85.0
Super built-up  Area,Ready To Move,Kasavanhalli,3,1555.0,3.0,3.0,82.0
Super built-up  Area,Ready To Move,Seegehalli,3,1553.0,3.0,3.0,68.0
Super built-up  Area,Ready To Move,Electronic City Phase II,2,920.0,2.0,2.0,26.0
Super built-up  Area,Ready To Move,OMBR Layout,3,1855.0,3.0,2.0,145.0
Super built-up  Area,18-Mar,Kundalahalli,3,1724.0,3.0,1.0,146.0
Super built-up  Area,Ready To Move,Uttarahalli,3,1250.0,2.0,1.0,50.0
Super built-up  Area,Ready To Move,Sanjay nagar,3,1450.0,3.0,2.0,75.0
Super built-up  Area,Ready To Move,Thubarahalli,2,1200.0,2.0,2.0,80.0
Built-up  Area,Ready To Move,Haralur Road,2,1140.0,2.0,2.0,58.0
Super built-up  Area,21-Dec,Kanakpura Road,2,700.0,2.0,1.0,35.07
Plot  Area,18-Jul,Whitefield,3,1200.0,3.0,1.0,56.0
Super built-up  Area,Ready To Move,Yelahanka,2,1050.0,2.0,1.0,45.0
Super built-up  Area,Ready To Move,Somasundara Palya,3,1600.0,3.0,3.0,69.0
Super built-up  Area,Ready To Move,Bannerghatta Road,3,1625.0,2.0,3.0,75.0
Super built-up  Area,18-Dec,Whitefield,4,2856.0,5.0,0.0,157.5
Super built-up  Area,Ready To Move,Sarjapur  Road,3,1489.0,2.0,3.0,82.0
Super built-up  Area,Ready To Move,Kanakapura,3,1560.0,2.0,2.0,62.38
Super built-up  Area,Ready To Move,Haralur Road,2,1140.0,2.0,2.0,42.0
Super built-up  Area,Ready To Move,Lingadheeranahalli,3,1682.0,3.0,1.0,114.0
Super built-up  Area,18-Feb,Panathur,2,1198.0,2.0,1.0,86.26
Super built-up  Area,Ready To Move,Sarjapur  Road,3,1550.0,2.0,2.0,69.75
Super built-up  Area,Ready To Move,Kodichikkanahalli,2,1026.0,2.0,1.0,45.0
Built-up  Area,Ready To Move,Hennur,3,1260.0,2.0,2.0,52.0
Super built-up  Area,Ready To Move,Sarjapur  Road,1,539.0,1.0,1.0,45.0
Built-up  Area,Ready To Move,Attibele,3,2400.0,3.0,3.0,120.0
Super built-up  Area,Ready To Move,Thubarahalli,2,1200.0,2.0,2.0,79.55
Plot  Area,Ready To Move,Kundalahalli,4,2500.0,5.0,2.0,350.0
Super built-up  Area,Ready To Move,Sarjapur  Road,3,1186.0,2.0,2.0,40.0
Super built-up  Area,Ready To Move,Thanisandra,2,1039.0,2.0,2.0,39.5
Plot  Area,Ready To Move,Gottigere,5,1500.0,4.0,1.0,100.0
Super built-up  Area,Ready To Move,Malleshwaram,3,2520.0,3.0,2.0,150.0
Built-up  Area,Ready To Move,Brookefield,2,1225.0,2.0,2.0,66.5
Built-up  Area,Ready To Move,Bommanahalli,2,1350.0,2.0,2.0,72.0
Built-up  Area,Ready To Move,Whitefield,3,1550.0,2.0,2.0,49.6
Super built-up  Area,Ready To Move,Hoodi,3,1490.0,3.0,2.0,79.0
Plot  Area,Ready To Move,Whitefield,4,4100.0,4.0,2.0,550.0
Super built-up  Area,Ready To Move,Rachenahalli,2,1200.0,2.0,2.0,50.0
Super built-up  Area,Ready To Move,Yelahanka,2,1322.0,2.0,2.0,80.0
Super built-up  Area,19-Dec,Whitefield,3,2173.0,3.0,2.0,128.0
Super built-up  Area,Ready To Move,Sarjapur  Road,2,1200.0,2.0,2.0,75.0
Super built-up  Area,Ready To Move,Mysore Road,2,1170.0,2.0,2.0,65.0
Super built-up  Area,17-Dec,NRI Layout,2,1125.0,2.0,2.0,45.56
Super built-up  Area,18-May,Devanahalli,1,698.5,1.0,0.0,28.57
Super built-up  Area,19-Dec,Chandapura,2,1025.0,2.0,2.0,27.68
Super built-up  Area,Ready To Move,Yelahanka,3,1075.0,2.0,2.0,36.0
Built-up  Area,Ready To Move,Whitefield,3,1435.0,3.0,2.0,45.0
Super built-up  Area,18-Dec,Electronics City Phase 1,2,1175.0,2.0,2.0,64.98
Super built-up  Area,Ready To Move,Electronics City Phase 1,1,585.0,1.0,1.0,21.0
Plot  Area,Ready To Move,Jigani,4,3170.0,5.0,2.0,230.0
Super built-up  Area,Ready To Move,Thanisandra,2,1220.0,2.0,2.0,42.0
Super built-up  Area,Ready To Move,Rajaji Nagar,3,2500.0,3.0,3.0,350.0
Super built-up  Area,Ready To Move,Sarjapur  Road,3,2145.0,3.0,3.0,180.0
Super built-up  Area,Ready To Move,Bannerghatta Road,2,960.0,2.0,3.0,58.0
Super built-up  Area,Ready To Move,Old Madras Road,2,1210.0,2.0,1.0,74.0
Super built-up  Area,Ready To Move,5th Phase JP Nagar,3,1350.0,2.0,1.0,75.0
Super built-up  Area,Ready To Move,Kenchenahalli,2,1150.0,2.0,2.0,58.0
Super built-up  Area,19-Apr,Sarjapur,3,1404.0,2.0,0.0,53.35
Super built-up  Area,Ready To Move,Yelahanka,2,1285.0,2.0,2.0,56.0
Super built-up  Area,Ready To Move,Hormavu,2,1018.0,2.0,1.0,50.8
Plot  Area,Ready To Move,Hoskote,3,1200.0,3.0,2.0,57.0
Super built-up  Area,21-Sep,9th Phase JP Nagar,2,1480.0,2.0,1.0,80.0
Built-up  Area,Ready To Move,Kodichikkanahalli,5,2500.0,7.0,0.0,125.0
Built-up  Area,Ready To Move,Kaval Byrasandra,1,480.0,1.0,1.0,25.0
Super built-up  Area,Ready To Move,Akshaya Nagar,3,1435.0,3.0,3.0,53.0
Super built-up  Area,Ready To Move,CV Raman Nagar,3,1590.0,2.0,3.0,85.0
Built-up  Area,Ready To Move,Nagavara,2,936.0,2.0,0.0,40.2
Super built-up  Area,Ready To Move,Banashankari,2,1181.0,2.0,1.0,75.0
Super built-up  Area,18-Apr,Kengeri,3,1741.0,3.0,2.0,80.0
Super built-up  Area,19-Dec,JP Nagar,3,1750.0,3.0,1.0,123.0
Super built-up  Area,Ready To Move,Varthur Road,2,1050.0,2.0,2.0,42.7
Super built-up  Area,17-Dec,Tumkur Road,2,1027.0,2.0,1.0,60.0
Super built-up  Area,Ready To Move,Sahakara Nagar,2,1000.0,2.0,1.0,60.0
Super built-up  Area,18-Apr,Varthur,2,1120.0,2.0,2.0,44.24
Super built-up  Area,Ready To Move,Kasturi Nagar,3,1570.0,3.0,2.0,110.0
Super built-up  Area,Ready To Move,Koramangala,3,1500.0,3.0,1.0,135.0
Built-up  Area,Ready To Move,Frazer Town,2,1315.0,2.0,2.0,140.0
Super built-up  Area,18-Apr,Electronic City Phase II,2,1140.0,2.0,1.0,33.84
Super built-up  Area,Ready To Move,Banashankari,2,1105.0,2.0,2.0,90.0
Built-up  Area,18-Dec,Electronic City,2,1200.0,2.0,1.0,34.65
Super built-up  Area,18-Dec,Whitefield,1,905.0,1.0,1.0,62.0
Super built-up  Area,Ready To Move,Kudlu Gate,2,1185.0,2.0,1.0,50.0
Super built-up  Area,Ready To Move,Koramangala,2,1083.0,2.0,1.0,100.0
Super built-up  Area,Ready To Move,Rayasandra,3,1458.0,3.0,2.0,60.0
Super built-up  Area,Ready To Move,Hormavu,3,1555.0,3.0,2.0,75.0
Super built-up  Area,Ready To Move,Sarjapur  Road,2,1308.0,2.0,1.0,58.86
Super built-up  Area,Ready To Move,Kudlu,2,1024.0,2.0,2.0,44.0
Super built-up  Area,Ready To Move,Kanakapura,3,1450.0,3.0,1.0,75.0
Super built-up  Area,Ready To Move,Seegehalli,3,1639.0,3.0,3.0,120.0
Super built-up  Area,18-Oct,Hennur Road,2,1232.0,2.0,1.0,87.0
Super built-up  Area,Ready To Move,Kasavanhalli,3,1719.0,3.0,1.0,184.0
Super built-up  Area,18-May,Chandapura,2,975.0,2.0,1.0,24.86
Super built-up  Area,Ready To Move,Jakkur,2,1230.0,2.0,1.0,79.0
Super built-up  Area,Ready To Move,KR Puram,2,1076.0,2.0,2.0,67.0
Built-up  Area,Ready To Move,Kumaraswami Layout,7,2400.0,7.0,1.0,125.0
Super built-up  Area,Ready To Move,Kodigehaali,3,2120.0,3.0,2.0,177.0
Super built-up  Area,Ready To Move,Electronic City,2,1096.0,2.0,2.0,40.55
Super built-up  Area,Ready To Move,Horamavu Agara,2,1107.83,2.0,1.0,41.51
Built-up  Area,Ready To Move,Chamrajpet,1,505.0,1.0,0.0,85.0
Super built-up  Area,Ready To Move,Sarjapur  Road,2,1320.0,2.0,2.0,115.0
Super built-up  Area,19-Mar,8th Phase JP Nagar,3,1431.5,3.0,0.0,72.02
Super built-up  Area,18-Feb,Whitefield,2,1320.0,2.0,1.0,99.26
Super built-up  Area,Ready To Move,Whitefield,3,2901.0,4.0,2.0,190.0
Built-up  Area,Ready To Move,GM Palaya,3,1315.0,2.0,2.0,65.0
Super built-up  Area,Ready To Move,Hosakerehalli,3,1596.0,3.0,3.0,79.8
Super built-up  Area,Ready To Move,Bannerghatta Road,3,1750.0,3.0,2.0,130.0
Plot  Area,Ready To Move,Whitefield,4,2403.0,4.0,2.0,270.0
Super built-up  Area,20-Dec,Old Madras Road,3,1350.0,3.0,2.0,47.25
Super built-up  Area,Ready To Move,Old Madras Road,4,4062.5,2.0,2.0,341.0
Super built-up  Area,Ready To Move,Talaghattapura,2,921.0,2.0,1.0,29.47
Built-up  Area,Ready To Move,Malleshwaram,4,4000.0,4.0,2.0,1100.0
Super built-up  Area,Ready To Move,Sultan Palaya,3,1713.0,3.0,3.0,125.0
Built-up  Area,Ready To Move,8th Phase JP Nagar,3,1900.0,4.0,1.0,90.0
Super built-up  Area,Ready To Move,Kudlu Gate,3,1664.0,3.0,2.0,68.0
Super built-up  Area,19-Dec,Binny Pete,3,1795.0,3.0,2.0,139.0
Built-up  Area,Ready To Move,Kereguddadahalli,1,600.0,1.0,1.0,19.5
Built-up  Area,Ready To Move,Hoodi,2,1240.0,2.0,3.0,65.0
Super built-up  Area,Ready To Move,Hegde Nagar,3,1965.0,4.0,2.0,132.0
Plot  Area,Ready To Move,Sarjapur,4,4111.0,4.0,1.0,370.0
Super built-up  Area,19-Dec,Electronics City Phase 1,2,1200.0,2.0,2.0,59.76
Super built-up  Area,Ready To Move,Mahadevpura,2,1136.0,2.0,3.0,64.5
Super built-up  Area,Ready To Move,Jigani,2,914.0,2.0,2.0,55.0
Super built-up  Area,Ready To Move,Poorna Pragna Layout,3,1270.0,2.0,1.0,50.79
Super built-up  Area,Ready To Move,Rachenahalli,2,1050.0,2.0,2.0,47.25
Super built-up  Area,Ready To Move,Marathahalli,3,1385.0,2.0,2.0,68.5
Built-up  Area,Ready To Move,Yelahanka,2,845.0,2.0,2.0,43.0
Super built-up  Area,20-Sep,Whitefield,2,1485.0,2.0,1.0,96.51
Super built-up  Area,Ready To Move,Kanakapura,3,1460.0,2.0,3.0,43.79
Super built-up  Area,Ready To Move,Thanisandra,2,1450.0,2.0,1.0,57.0
Built-up  Area,Ready To Move,HSR Layout,3,1360.0,2.0,1.0,53.0
Built-up  Area,Ready To Move,Singasandra,2,1375.0,2.0,3.0,58.0
Super built-up  Area,Ready To Move,Uttarahalli,2,1125.0,2.0,1.0,48.0
Super built-up  Area,Ready To Move,Banashankari,1,720.0,1.0,1.0,60.0
Super built-up  Area,Ready To Move,7th Phase JP Nagar,3,1460.0,2.0,2.0,100.0
Super built-up  Area,Ready To Move,Yelachenahalli,2,800.0,1.0,1.0,30.0
Super built-up  Area,Ready To Move,Bhoganhalli,3,1760.0,3.0,2.0,128.0
Built-up  Area,Ready To Move,TC Palaya,3,1350.0,3.0,1.0,60.0
Super built-up  Area,Ready To Move,Frazer Town,3,1706.0,3.0,3.0,154.0
Super built-up  Area,Ready To Move,BTM Layout,3,1600.0,3.0,2.0,112.0
Super built-up  Area,Ready To Move,Whitefield,3,1755.0,3.0,3.0,101.0
Super built-up  Area,Ready To Move,Hulimavu,2,1200.0,2.0,1.0,50.0
Plot  Area,Ready To Move,Whitefield,4,4800.0,5.0,2.0,550.0
Super built-up  Area,18-May,Mysore Road,2,1029.5,2.0,0.0,50.855
Super built-up  Area,Ready To Move,Raja Rajeshwari Nagar,2,1128.0,2.0,2.0,40.0
Super built-up  Area,18-Mar,Panathur,2,1210.0,2.0,1.0,80.0
Super built-up  Area,18-Jul,Arekere,4,2710.0,6.0,2.0,142.0
Super built-up  Area,Ready To Move,Raja Rajeshwari Nagar,2,1151.0,2.0,2.0,39.0
Super built-up  Area,Ready To Move,Electronic City,2,1017.0,2.0,2.0,27.0
Built-up  Area,Ready To Move,Sarjapur  Road,2,920.0,2.0,1.0,40.0
Plot  Area,Ready To Move,HRBR Layout,4,1200.0,3.0,1.0,180.0
Super built-up  Area,Ready To Move,Munnekollal,3,1750.0,3.0,3.0,86.5
Built-up  Area,Ready To Move,Dasanapura,2,1163.0,2.0,1.0,65.0
Super built-up  Area,Ready To Move,7th Phase JP Nagar,3,1650.0,3.0,3.0,110.0
Super built-up  Area,Ready To Move,CV Raman Nagar,2,1100.0,2.0,1.0,58.0
Built-up  Area,Ready To Move,R.T. Nagar,2,1200.0,2.0,2.0,60.0
Super built-up  Area,19-Jun,Begur Road,3,1933.0,3.0,2.0,98.0
Super built-up  Area,Ready To Move,Begur Road,2,1200.0,2.0,2.0,45.6
Super built-up  Area,Ready To Move,Whitefield,3,1608.0,2.0,3.0,63.0
Super built-up  Area,Ready To Move,Horamavu Banaswadi,2,1156.0,2.0,2.0,46.9
Super built-up  Area,Ready To Move,Kasavanhalli,1,770.0,1.0,1.0,43.82
Super built-up  Area,Ready To Move,Ardendale,3,1777.26,3.0,2.0,105.0
Super built-up  Area,Ready To Move,Kanakpura Road,2,1339.0,2.0,2.0,85.0
Built-up  Area,18-Mar,Sarjapur  Road,3,3044.0,3.0,2.0,183.0
Built-up  Area,Ready To Move,Hulimavu,3,1450.0,3.0,3.0,72.0
Super built-up  Area,18-Mar,Kothanur,2,1075.0,2.0,2.0,53.0
Super built-up  Area,Ready To Move,Sarjapur  Road,3,1163.0,2.0,2.0,62.0
Built-up  Area,Ready To Move,TC Palaya,2,1200.0,2.0,0.0,65.0
Plot  Area,Ready To Move,Marathahalli,4,3090.0,4.0,2.0,325.0
Built-up  Area,Ready To Move,Hebbal,2,1299.0,2.0,1.0,100.0
Super built-up  Area,Ready To Move,HRBR Layout,2,1170.0,2.0,2.0,75.0
Super built-up  Area,18-Mar,JP Nagar,3,2195.0,2.0,2.0,152.0
Super built-up  Area,Ready To Move,Yelahanka,4,2600.0,4.0,3.0,175.0
Super built-up  Area,Ready To Move,KR Puram,2,1140.0,2.0,1.0,43.32
Super built-up  Area,Ready To Move,Kanakpura Road,3,1900.0,3.0,3.0,125.0
Built-up  Area,18-Jul,Bommasandra Industrial Area,2,1090.0,2.0,1.0,31.48
Super built-up  Area,Ready To Move,Electronic City,2,1110.0,2.0,1.0,39.95
Super built-up  Area,18-Jan,Nagavarapalya,1,705.0,1.0,1.0,57.0
Super built-up  Area,Ready To Move,HBR Layout,2,1089.0,2.0,1.0,60.0
Built-up  Area,Ready To Move,Kereguddadahalli,2,1080.0,2.0,2.0,32.0
Super built-up  Area,18-Feb,Thanisandra,2,1093.0,2.0,1.0,68.1
Super built-up  Area,18-Oct,Banashankari Stage III,3,1480.0,3.0,1.0,75.48
Super built-up  Area,Ready To Move,Hegde Nagar,3,1703.0,3.0,2.0,125.0
Super built-up  Area,Ready To Move,Hebbal,2,1200.0,2.0,1.0,60.0
Super built-up  Area,Ready To Move,Marathahalli,3,1690.0,3.0,2.0,116.0
Super built-up  Area,Ready To Move,Yelahanka,2,1305.0,2.0,1.0,78.0
Super built-up  Area,18-Sep,Talaghattapura,3,1257.0,2.0,2.0,40.22
Plot  Area,Ready To Move,Anekal,3,1500.0,4.0,1.0,99.0
Built-up  Area,Ready To Move,Horamavu Agara,2,980.0,2.0,1.0,38.19
Plot  Area,Ready To Move,Hosakerehalli,3,1200.0,2.0,1.0,100.0
Super built-up  Area,Ready To Move,Whitefield,3,2225.0,3.0,1.0,149.0
Built-up  Area,Ready To Move,Narayanapura,2,1153.0,2.0,2.0,45.0
Super built-up  Area,Ready To Move,Pai Layout,2,1175.0,2.0,2.0,60.0
Built-up  Area,Ready To Move,Vidyaranyapura,3,1560.0,3.0,3.0,68.0
Built-up  Area,Ready To Move,Yelahanka New Town,1,650.0,1.0,1.0,17.0
Super built-up  Area,Ready To Move,Chandapura,2,800.0,2.0,1.0,25.0
Super built-up  Area,20-Dec,Electronic City,4,2093.0,4.0,1.0,104.0
Super built-up  Area,18-Oct,Uttarahalli,3,1320.0,2.0,2.0,55.44
Super built-up  Area,Ready To Move,Bannerghatta Road,2,1275.0,2.0,1.0,73.0
Super built-up  Area,Ready To Move,Begur Road,2,1215.0,2.0,2.0,43.13
Super built-up  Area,Ready To Move,Begur Road,3,1444.0,2.0,2.0,71.5
Super built-up  Area,Ready To Move,Padmanabhanagar,2,1000.0,1.0,2.0,90.0
Super built-up  Area,Ready To Move,Hennur,2,1231.0,2.0,2.0,50.0
Super built-up  Area,Ready To Move,Benson Town,2,1300.0,2.0,1.0,120.0
Super built-up  Area,18-Aug,Yeshwanthpur,3,1713.0,3.0,2.0,110.0
Built-up  Area,Ready To Move,Sarjapur  Road,3,3004.0,4.0,2.0,158.0
Built-up  Area,Ready To Move,Sonnenahalli,3,1310.0,2.0,0.0,46.0
Super built-up  Area,Ready To Move,Jalahalli,2,790.0,2.0,1.0,49.5
Super built-up  Area,Ready To Move,Koramangala,3,1744.0,3.0,1.0,200.0
Super built-up  Area,Ready To Move,Whitefield,2,1250.0,2.0,2.0,82.0
Super built-up  Area,Ready To Move,Malleshwaram,3,2476.0,3.0,3.0,337.0
Built-up  Area,Ready To Move,Subramanyapura,3,1260.0,2.0,2.0,76.0
Super built-up  Area,18-Aug,Rajaji Nagar,3,1615.0,3.0,1.0,175.0
Super built-up  Area,Ready To Move,Yelahanka,2,1180.0,2.0,1.0,56.0
Super built-up  Area,Ready To Move,Uttarahalli,3,1255.0,2.0,2.0,50.19
Super built-up  Area,Ready To Move,Electronic City,2,1025.0,2.0,1.0,53.9
Super built-up  Area,Ready To Move,Sarjapur  Road,3,1877.0,4.0,2.0,150.0
Built-up  Area,Ready To Move,Lakshminarayana Pura,3,1649.0,3.0,2.0,150.0
Built-up  Area,Ready To Move,Hennur,5,2500.0,5.0,2.0,125.0
Plot  Area,Ready To Move,Chandapura,2,1200.0,2.0,1.0,65.0
Super built-up  Area,Ready To Move,Sarjapur  Road,2,1115.0,2.0,2.0,43.0
Super built-up  Area,Ready To Move,Green Glen Layout,3,1680.0,4.0,3.0,95.0
Super built-up  Area,Ready To Move,Old Madras Road,2,1171.0,2.0,2.0,72.0
Super built-up  Area,Ready To Move,Tumkur Road,2,1027.0,2.0,1.0,68.62
Super built-up  Area,Ready To Move,Kanakapura,2,1090.0,2.0,2.0,38.15
Super built-up  Area,18-Jan,Hennur Road,2,1232.0,2.0,1.0,74.0
Super built-up  Area,Ready To Move,Anekal,2,766.0,2.0,2.0,28.0
Super built-up  Area,21-Dec,Kanakpura Road,1,525.0,1.0,1.0,27.0
Built-up  Area,Ready To Move,JP Nagar,3,1452.0,2.0,1.0,41.0
Super built-up  Area,Ready To Move,Choodasandra,3,1254.0,2.0,1.0,65.0
Super built-up  Area,19-Jul,Kanakpura Road,3,1593.0,3.0,1.0,118.0
Super built-up  Area,Ready To Move,Raja Rajeshwari Nagar,3,1375.0,2.0,1.0,54.99
Super built-up  Area,Ready To Move,Ardendale,3,1650.0,3.0,3.0,82.0
Super built-up  Area,Ready To Move,Thanisandra,3,1430.0,2.0,2.0,51.48
Built-up  Area,Ready To Move,Electronic City,2,940.0,2.0,1.0,54.0
Super built-up  Area,Ready To Move,Electronic City,1,435.0,1.0,1.0,21.0
Super built-up  Area,Ready To Move,Begur Road,2,1160.0,2.0,2.0,36.54
Super built-up  Area,18-Mar,Electronic City,3,1500.0,2.0,1.0,77.5
Super built-up  Area,Ready To Move,Haralur Road,2,1027.0,2.0,2.0,43.0
Super built-up  Area,18-Dec,Whitefield,3,1495.0,2.0,2.0,61.28
Plot  Area,Ready To Move,Seegehalli,3,3000.0,4.0,2.0,235.0
Super built-up  Area,Ready To Move,Tumkur Road,3,1459.0,2.0,1.0,95.0
Super built-up  Area,21-Mar,Yelahanka,3,1711.0,3.0,3.0,85.61
Super built-up  Area,22-Jun,Hoodi,2,1250.0,2.0,2.0,98.0
Plot  Area,Ready To Move,Anandapura,2,875.0,2.0,1.0,57.0
Built-up  Area,18-Feb,Ramamurthy Nagar,2,1334.0,2.0,1.0,67.0
Super built-up  Area,18-Aug,Rajaji Nagar,3,1776.0,3.0,1.0,190.0
Super built-up  Area,Ready To Move,Thigalarapalya,3,2072.0,4.0,2.0,160.0
Plot  Area,Ready To Move,Kundalahalli,3,1600.0,3.0,2.0,170.0
Super built-up  Area,Ready To Move,Kengeri Satellite Town,2,920.0,2.0,3.0,39.0
Super built-up  Area,19-Feb,Chandapura,2,778.0,2.0,0.0,25.29
Super built-up  Area,Ready To Move,Electronic City,3,1631.0,3.0,2.0,80.0
Super built-up  Area,21-Dec,Kanakpura Road,1,525.0,1.0,1.0,27.5
Built-up  Area,Ready To Move,Jalahalli,3,1395.0,3.0,3.0,82.0
Super built-up  Area,18-Jul,Hennur Road,2,1232.0,2.0,1.0,66.0
Super built-up  Area,Ready To Move,Gubbalala,2,1205.0,2.0,2.0,70.0
Super built-up  Area,Ready To Move,Rayasandra,3,1179.0,2.0,1.0,55.0
Super built-up  Area,Ready To Move,Kodigehaali,2,1013.0,2.0,1.0,51.0
Super built-up  Area,Ready To Move,Uttarahalli,2,1160.0,2.0,2.0,40.6
Super built-up  Area,Ready To Move,7th Phase JP Nagar,2,1200.0,2.0,2.0,62.5
Super built-up  Area,Ready To Move,Uttarahalli,3,1255.0,2.0,3.0,50.19
Super built-up  Area,Ready To Move,Marathahalli,2,1065.0,2.0,2.0,55.0
Built-up  Area,Ready To Move,Lakshminarayana Pura,2,1395.0,2.0,0.0,75.0
Built-up  Area,Ready To Move,Hebbal Kempapura,3,1725.0,2.0,1.0,165.0
Built-up  Area,Ready To Move,Kengeri,3,1436.0,2.0,2.0,55.0
Plot  Area,Ready To Move,Kengeri,2,1200.0,2.0,0.0,58.0
Super built-up  Area,19-Apr,Mysore Road,2,940.0,2.0,1.0,43.61
Built-up  Area,Ready To Move,KR Puram,6,4300.0,6.0,2.0,175.0
Super built-up  Area,20-Dec,Hebbal,3,2850.0,5.0,3.0,343.0
Built-up  Area,Ready To Move,Indira Nagar,3,1740.0,3.0,2.0,191.0
Super built-up  Area,18-May,Haralur Road,2,1194.0,2.0,2.0,47.0
Super built-up  Area,Ready To Move,Sadashiva Nagar,3,3761.0,3.0,2.0,650.0
Super built-up  Area,Ready To Move,Dodda Nekkundi,3,1829.0,3.0,2.0,125.0
Plot  Area,Ready To Move,Whitefield,4,1800.0,4.0,3.0,178.0
Super built-up  Area,Ready To Move,Hebbal,2,1390.0,2.0,2.0,95.0
Super built-up  Area,Ready To Move,Lakshminarayana Pura,3,1500.0,3.0,2.0,104.0
Super built-up  Area,21-Jun,Vijayanagar,3,2047.0,3.0,2.0,136.0
Super built-up  Area,Ready To Move,Jakkur,2,1202.0,2.0,1.0,79.0
Super built-up  Area,Ready To Move,Gunjur,3,2132.0,3.0,3.0,80.0
Super built-up  Area,Ready To Move,Whitefield,1,605.0,1.0,1.0,40.0
Super built-up  Area,Ready To Move,Harlur,2,1331.0,2.0,1.0,88.0
Plot  Area,18-May,Margondanahalli,2,1200.0,2.0,0.0,69.0
Plot  Area,Ready To Move,Sahakara Nagar,2,1200.0,2.0,1.0,136.0
Super built-up  Area,Ready To Move,Balagere,2,1007.0,2.0,1.0,62.0
Super built-up  Area,18-May,Thanisandra,3,1370.0,2.0,1.0,61.0
Super built-up  Area,Ready To Move,TC Palaya,2,1500.0,2.0,0.0,75.0
Built-up  Area,Ready To Move,Attibele,1,450.0,1.0,1.0,12.5
Super built-up  Area,19-Mar,Hennur Road,2,1341.0,2.0,1.0,95.0
Super built-up  Area,Ready To Move,Tumkur Road,2,992.0,2.0,1.0,60.0
Super built-up  Area,Ready To Move,Uttarahalli,2,1163.0,2.0,2.0,68.0
Super built-up  Area,Ready To Move,Sarjapur  Road,2,1229.0,2.0,2.0,70.0
Super built-up  Area,Ready To Move,Electronic City Phase II,2,1219.0,2.0,1.0,61.26
Super built-up  Area,Ready To Move,Raja Rajeshwari Nagar,3,1525.0,2.0,2.0,99.13
Super built-up  Area,20-Jun,Kasavanhalli,2,1147.0,2.0,1.0,60.0
Super built-up  Area,Ready To Move,Akshaya Nagar,3,1412.0,2.0,3.0,88.0
Super built-up  Area,19-Jun,Sarjapur  Road,2,1044.0,2.0,1.0,34.77
Super built-up  Area,Ready To Move,Nagarbhavi,2,1190.0,2.0,2.0,63.0
Super built-up  Area,Ready To Move,Jigani,3,1352.0,3.0,1.0,65.0
Super built-up  Area,18-Apr,Electronic City,2,1355.0,2.0,1.0,67.0
Super built-up  Area,18-Nov,Ramamurthy Nagar,2,1200.0,2.0,1.0,46.0
Super built-up  Area,Ready To Move,Kengeri,1,400.0,2.0,1.0,25.0
Built-up  Area,Ready To Move,Sarjapur  Road,2,1342.0,2.0,2.0,70.0
Super built-up  Area,Ready To Move,Begur Road,3,1615.0,3.0,2.0,50.87
Built-up  Area,Ready To Move,Yeshwanthpur,1,400.0,1.0,0.0,55.0
Super built-up  Area,Ready To Move,Devanahalli,2,1080.0,2.0,1.0,52.0
Super built-up  Area,Ready To Move,Electronic City,2,1200.0,2.0,0.0,34.0
Plot  Area,17-Apr,Hennur Road,3,2700.0,3.0,2.0,150.0
Built-up  Area,Ready To Move,Amruthahalli,3,1605.0,3.0,2.0,65.0
Super built-up  Area,Ready To Move,Kammanahalli,2,1200.0,2.0,2.0,80.0
Plot  Area,Ready To Move,Margondanahalli,2,900.0,2.0,0.0,49.0
Built-up  Area,19-Dec,Sarjapur,3,1830.0,3.0,1.0,88.0
Super built-up  Area,18-Sep,Chandapura,3,1230.0,2.0,2.0,31.37
Super built-up  Area,Ready To Move,Uttarahalli,2,1065.0,2.0,1.0,42.59
Super built-up  Area,Ready To Move,Laggere,1,1500.0,1.0,0.0,60.0
Super built-up  Area,18-May,Sarjapur  Road,3,1711.0,3.0,1.0,110.0
Super built-up  Area,18-Aug,Chandapura,2,950.0,2.0,1.0,25.65
Super built-up  Area,Ready To Move,Kudlu Gate,3,1656.0,3.0,2.0,80.0
Super built-up  Area,Ready To Move,Uttarahalli,2,1075.0,2.0,1.0,46.76
Super built-up  Area,Ready To Move,Harlur,3,1752.12,3.0,2.0,133.0
Super built-up  Area,Ready To Move,LB Shastri Nagar,1,665.0,1.0,2.0,32.0
Super built-up  Area,Ready To Move,Sector 2 HSR Layout,3,1665.0,3.0,2.0,110.0
Super built-up  Area,18-Mar,Electronics City Phase 1,2,1145.0,2.0,1.0,54.0
Super built-up  Area,18-Aug,Whitefield,2,1185.0,2.0,2.0,41.0
Built-up  Area,Ready To Move,Marathahalli,3,1693.0,3.0,2.0,125.0
Super built-up  Area,Ready To Move,Rajaji Nagar,3,2559.0,3.0,2.0,403.0
Super built-up  Area,Ready To Move,Uttarahalli,2,1155.0,2.0,1.0,40.6
Plot  Area,18-Nov,Whitefield,3,1200.0,3.0,2.0,56.58
Built-up  Area,Ready To Move,EPIP Zone,3,1709.0,3.0,1.0,80.0
Plot  Area,Ready To Move,Brookefield,8,2700.0,8.0,2.0,290.0
Super built-up  Area,Ready To Move,Gottigere,3,1400.0,2.0,1.0,50.0
Super built-up  Area,Ready To Move,KR Puram,2,1200.0,2.0,1.0,42.0
Super built-up  Area,Ready To Move,Kasavanhalli,2,1375.0,2.0,2.0,72.0
Plot  Area,Ready To Move,BTM 2nd Stage,5,2990.0,5.0,3.0,416.0
Super built-up  Area,Ready To Move,Vijayanagar,3,1200.0,2.0,1.0,75.0
Built-up  Area,Ready To Move,Yelahanka,2,1315.0,2.0,3.0,75.0
Plot  Area,18-Mar,Dommasandra,2,1500.0,2.0,0.0,40.0
Built-up  Area,Ready To Move,Yelahanka,6,3600.0,6.0,1.0,200.0
Super built-up  Area,Ready To Move,Vijayanagar,2,1178.0,2.0,3.0,82.0
Super built-up  Area,Ready To Move,Bannerghatta Road,3,1430.0,3.0,2.0,59.0
Super built-up  Area,Ready To Move,Mahadevpura,3,1400.0,2.0,2.0,65.8
Super built-up  Area,Ready To Move,Thanisandra,2,1093.0,2.0,2.0,72.0
Super built-up  Area,Ready To Move,Horamavu Banaswadi,2,1200.0,2.0,1.0,45.0
Plot  Area,Ready To Move,Magadi Road,5,5000.0,6.0,1.0,360.0
Built-up  Area,15-Dec,1st Block Jayanagar,3,1200.0,2.0,0.0,130.0
Built-up  Area,18-Apr,Whitefield,3,2210.0,3.0,2.0,156.0
Super built-up  Area,Ready To Move,Uttarahalli,2,1150.0,2.0,2.0,70.0
Super built-up  Area,20-Dec,Whitefield,2,1173.0,2.0,1.0,78.2
Super built-up  Area,Ready To Move,Thanisandra,2,1140.0,2.0,1.0,39.0
Super built-up  Area,Ready To Move,Mallasandra,2,1325.0,2.0,2.0,65.0
Built-up  Area,Ready To Move,Hoodi,3,1370.0,3.0,2.0,67.0
Super built-up  Area,Ready To Move,Bellandur,2,1200.0,2.0,1.0,52.0
Super built-up  Area,Ready To Move,Thanisandra,2,1200.0,2.0,1.0,53.5
Super built-up  Area,18-Feb,Whitefield,3,1740.0,4.0,3.0,130.0
Super built-up  Area,19-Mar,Hennur Road,2,1232.0,2.0,1.0,88.0
Plot  Area,18-Nov,Chandapura,2,1200.0,2.0,1.0,36.0
Super built-up  Area,Ready To Move,Whitefield,4,5924.0,4.0,3.0,625.0
Super built-up  Area,Ready To Move,Bommanahalli,4,2100.0,4.0,2.0,85.0
Super built-up  Area,Ready To Move,5th Phase JP Nagar,1,552.0,1.0,1.0,23.5
Super built-up  Area,Ready To Move,Uttarahalli,3,1065.0,2.0,2.0,42.59
Super built-up  Area,Ready To Move,Padmanabhanagar,2,1067.0,2.0,2.0,52.0
Super built-up  Area,Ready To Move,Sarjapur,3,1364.0,2.0,2.0,56.0
Super built-up  Area,Ready To Move,Bannerghatta Road,2,1240.0,2.0,1.0,71.0
Plot  Area,Ready To Move,Hulimavu,2,1200.0,2.0,0.0,75.0
Super built-up  Area,Ready To Move,Kaggadasapura,3,1540.0,3.0,2.0,75.0
Super built-up  Area,Ready To Move,Hennur Road,3,2365.0,4.0,2.0,175.0
Built-up  Area,Ready To Move,Sarjapura - Attibele Road,2,1308.0,2.0,2.0,37.0
Built-up  Area,Ready To Move,Vijayanagar,2,864.0,2.0,0.0,45.0
Super built-up  Area,Ready To Move,Hoskote,3,1069.0,2.0,2.0,38.0
Super built-up  Area,Ready To Move,Hebbal,2,1333.0,2.0,1.0,100.0
Plot  Area,Ready To Move,Devanahalli,4,6136.0,4.0,2.0,550.0
Super built-up  Area,Ready To Move,Thanisandra,3,1698.0,3.0,2.0,107.0
Super built-up  Area,18-Jun,JP Nagar,3,1275.0,2.0,2.0,43.6
Super built-up  Area,Ready To Move,Raja Rajeshwari Nagar,2,1060.0,2.0,1.0,48.0
Super built-up  Area,Ready To Move,Hennur,2,1160.0,2.0,1.0,49.0
Super built-up  Area,Ready To Move,Sarjapur  Road,3,1484.0,2.0,2.0,65.0
Super built-up  Area,Ready To Move,Hennur Road,2,1310.0,2.0,1.0,66.0
Plot  Area,Ready To Move,Vijayanagar,6,1806.0,6.0,1.0,370.0
Super built-up  Area,Ready To Move,Varthur,3,2145.0,3.0,2.0,165.0
Super built-up  Area,Ready To Move,Marathahalli,3,1693.0,3.0,1.0,125.0
Super built-up  Area,Ready To Move,Jigani,3,1230.0,3.0,3.0,60.0
Built-up  Area,18-Aug,Bommasandra Industrial Area,3,1310.0,2.0,1.0,37.83
Super built-up  Area,18-Apr,Munnekollal,3,1385.0,2.0,2.0,66.5
Super built-up  Area,Ready To Move,Tumkur Road,2,1066.0,2.0,2.0,52.5
Super built-up  Area,19-Dec,Thanisandra,3,2293.0,3.0,2.0,80.26
Plot  Area,Ready To Move,Vijayanagar,4,2100.0,6.0,1.0,252.0
Plot  Area,Ready To Move,Raja Rajeshwari Nagar,6,3900.0,6.0,2.0,195.0
Super built-up  Area,Ready To Move,7th Phase JP Nagar,2,1000.0,2.0,1.0,70.65
Super built-up  Area,Ready To Move,Nagavarapalya,2,907.0,2.0,2.0,38.0
Super built-up  Area,Ready To Move,Varthur,3,1395.0,2.0,3.0,79.0
Plot  Area,Ready To Move,Banaswadi,5,1903.0,6.0,2.0,140.0
Super built-up  Area,18-Mar,Electronic City,2,1175.0,2.0,1.0,47.0
Super built-up  Area,Ready To Move,Yeshwanthpur,2,1144.0,2.0,2.0,67.0
Super built-up  Area,Ready To Move,Hormavu,2,1143.0,2.0,1.0,53.0
Plot  Area,Ready To Move,Karuna Nagar,3,2500.0,3.0,2.0,190.0
Super built-up  Area,Ready To Move,Prithvi Layout,2,1352.0,3.0,1.0,93.0
Super built-up  Area,Ready To Move,Hennur Road,3,1552.0,3.0,3.0,75.0
Built-up  Area,Ready To Move,Bellandur,3,1785.0,3.0,2.0,120.0
Super built-up  Area,Ready To Move,Pai Layout,2,810.0,2.0,2.0,34.5
Super built-up  Area,18-May,Banashankari Stage V,3,1650.0,3.0,2.0,51.98
Super built-up  Area,Ready To Move,Whitefield,2,1060.0,2.0,1.0,35.0
Super built-up  Area,Ready To Move,Babusapalaya,3,1410.0,2.0,3.0,65.0
Super built-up  Area,Ready To Move,Nagarbhavi,3,1523.0,2.0,2.0,56.0
Super built-up  Area,19-Jan,Kanakpura Road,3,1591.0,3.0,1.0,122.0
Built-up  Area,Ready To Move,Yelahanka New Town,1,450.0,1.0,0.0,16.0
Super built-up  Area,Ready To Move,Bannerghatta Road,3,1305.0,2.0,2.0,60.0
Super built-up  Area,Ready To Move,Yelahanka,3,1590.0,3.0,1.0,54.0
Built-up  Area,Ready To Move,Kaggadasapura,2,1240.0,2.0,3.0,45.0
Super built-up  Area,Ready To Move,Dodda Nekkundi,2,1100.0,2.0,1.0,41.16
Super built-up  Area,Ready To Move,Koramangala,2,1180.0,2.0,1.0,128.0
Super built-up  Area,Ready To Move,Sarjapur  Road,2,1115.0,2.0,1.0,50.0
Super built-up  Area,Ready To Move,Bisuvanahalli,2,845.0,2.0,1.0,33.0
Super built-up  Area,Ready To Move,Channasandra,3,1310.0,2.0,2.0,45.0
Built-up  Area,Ready To Move,8th Phase JP Nagar,4,1200.0,4.0,1.0,140.0
Super built-up  Area,21-Mar,Yelahanka,2,1390.0,2.0,2.0,70.21
Super built-up  Area,Ready To Move,Kenchenahalli,3,1280.0,2.0,2.0,69.0
Super built-up  Area,Ready To Move,Kasturi Nagar,2,1000.0,2.0,0.0,58.0
Super built-up  Area,18-Apr,Marathahalli,2,1196.0,2.0,2.0,57.9
Super built-up  Area,Ready To Move,Sarjapur  Road,3,1220.0,3.0,2.0,57.0
Super built-up  Area,19-Apr,Ambalipura,2,950.0,2.0,1.0,31.95
Super built-up  Area,Ready To Move,5th Phase JP Nagar,2,1200.0,2.0,2.0,51.0
Super built-up  Area,Ready To Move,Kasavanhalli,3,1380.0,2.0,2.0,55.0
Super built-up  Area,Ready To Move,Doddathoguru,2,855.0,2.0,1.0,32.0
Super built-up  Area,Ready To Move,Chandapura,2,922.0,2.0,1.0,36.0
Built-up  Area,Ready To Move,Nagappa Reddy Layout,2,1200.0,2.0,2.0,43.2
Super built-up  Area,18-Aug,7th Phase JP Nagar,2,1070.0,2.0,2.0,42.0
Built-up  Area,Ready To Move,R.T. Nagar,3,1380.0,2.0,1.0,50.0
Super built-up  Area,Ready To Move,Yelahanka New Town,3,1599.0,3.0,2.0,80.0
Super built-up  Area,Ready To Move,Nehru Nagar,2,967.0,2.0,2.0,41.1
Built-up  Area,Ready To Move,1st Block Koramangala,2,860.0,2.0,2.0,65.5
Super built-up  Area,Ready To Move,Sarjapur  Road,2,1050.0,2.0,1.0,63.5
Super built-up  Area,Ready To Move,Marathahalli,3,1595.0,3.0,2.0,88.0
Super built-up  Area,Ready To Move,Sarjapur  Road,2,1350.0,2.0,2.0,102.0
Built-up  Area,Ready To Move,Hebbal,2,1204.0,2.0,2.0,45.0
Super built-up  Area,Ready To Move,Sarjapur  Road,4,2990.0,4.0,2.0,240.0
Super built-up  Area,Ready To Move,Sarjapur  Road,2,1035.0,2.0,2.0,49.0
Super built-up  Area,18-Dec,ITPL,2,1000.0,2.0,1.0,29.95
Super built-up  Area,Ready To Move,Sarjapur  Road,3,1457.0,3.0,3.0,85.0
Super built-up  Area,21-Dec,Bannerghatta,2,1100.0,2.0,1.0,66.0
Super built-up  Area,18-Mar,Whitefield,3,1655.0,3.0,3.0,120.0
Super built-up  Area,Ready To Move,Kanakpura Road,3,1691.2,3.0,1.0,115.0
Super built-up  Area,18-Jun,Ramagondanahalli,2,1215.0,2.0,1.0,46.1
Super built-up  Area,Ready To Move,Kanakpura Road,2,1155.0,2.0,0.0,50.125
Super built-up  Area,22-Jun,Hoodi,3,1639.0,3.0,2.0,129.0
Super built-up  Area,18-Apr,Sarjapur  Road,3,1685.0,3.0,1.0,135.0
Super built-up  Area,Ready To Move,Hormavu,2,1100.0,2.0,3.0,38.0
Super built-up  Area,19-Sep,Marathahalli,3,2122.0,3.0,2.0,125.0
Built-up  Area,Ready To Move,Kengeri,2,1230.0,2.0,2.0,45.0
Super built-up  Area,Ready To Move,5th Phase JP Nagar,3,1240.0,3.0,2.0,60.0
Built-up  Area,16-Oct,Electronic City Phase II,3,1252.0,2.0,3.0,65.0
Super built-up  Area,18-Jul,8th Phase JP Nagar,1,500.0,1.0,1.0,30.0
Super built-up  Area,Ready To Move,Banashankari,2,1040.0,2.0,3.0,45.0
Super built-up  Area,Ready To Move,Sarjapur  Road,2,1350.0,2.0,2.0,68.0
Super built-up  Area,18-Apr,Whitefield,4,4003.0,6.0,3.0,300.0
Super built-up  Area,Ready To Move,Hennur,3,2400.0,3.0,2.0,135.0
Super built-up  Area,Ready To Move,Haralur Road,3,1560.0,3.0,1.0,90.0
Super built-up  Area,17-Jul,Anandapura,2,1151.0,2.0,1.0,43.16
Super built-up  Area,Ready To Move,Uttarahalli,3,1360.0,2.0,2.0,47.59
Super built-up  Area,19-Dec,Chandapura,3,1110.0,2.0,2.0,29.97
Built-up  Area,Ready To Move,Hennur Road,2,1015.0,2.0,2.0,50.0
Super built-up  Area,Ready To Move,Kadugodi,3,1351.0,2.0,2.0,78.0
Super built-up  Area,Ready To Move,Yelahanka New Town,2,960.0,2.0,2.0,50.0
Built-up  Area,Ready To Move,R.T. Nagar,3,1680.0,3.0,2.0,72.0
Plot  Area,Ready To Move,Arekere,3,2400.0,3.0,1.0,180.0
Super built-up  Area,Ready To Move,Horamavu Banaswadi,2,1254.0,2.0,2.0,47.0
Super built-up  Area,Ready To Move,Haralur Road,3,1255.0,3.0,2.0,115.0
Super built-up  Area,Ready To Move,CV Raman Nagar,2,1051.0,2.0,3.0,61.0
Built-up  Area,Ready To Move,Uttarahalli,2,1099.0,2.0,2.0,65.0
Super built-up  Area,Ready To Move,Hebbal,3,2650.0,4.0,3.0,199.0
Super built-up  Area,Ready To Move,Yeshwanthpur,2,1541.0,2.0,2.0,130.0
Plot  Area,18-May,Sarjapur  Road,3,1200.0,3.0,2.0,70.0
Built-up  Area,Ready To Move,Whitefield,2,1125.0,2.0,2.0,45.0
Super built-up  Area,Ready To Move,Vittasandra,3,1650.0,3.0,2.0,85.0
Super built-up  Area,Ready To Move,Gollarapalya Hosahalli,3,1320.0,3.0,2.0,60.0
Plot  Area,Ready To Move,Malleshpalya,3,1200.0,3.0,1.0,149.0
Super built-up  Area,19-Apr,Mysore Road,3,1500.0,3.0,2.0,74.0
Plot  Area,Ready To Move,Whitefield,4,4400.0,5.0,2.0,500.0
Super built-up  Area,Ready To Move,Whitefield,2,1180.0,2.0,2.0,70.0
Super built-up  Area,Ready To Move,Kadugodi,2,1010.0,2.0,1.0,50.0
Super built-up  Area,Ready To Move,Channasandra,2,1070.0,2.0,1.0,38.0
Super built-up  Area,Ready To Move,Choodasandra,3,1580.0,3.0,3.0,105.0
Super built-up  Area,Ready To Move,Iblur Village,3,1920.0,3.0,2.0,130.0
Super built-up  Area,Ready To Move,Sanjay nagar,3,1200.0,2.0,1.0,76.0
Built-up  Area,Ready To Move,Kalena Agrahara,2,1040.0,2.0,2.0,45.0
Super built-up  Area,Ready To Move,Hulimavu,3,1430.0,2.0,2.0,90.0
Super built-up  Area,Ready To Move,Domlur,1,650.0,1.0,1.0,70.0
Super built-up  Area,Ready To Move,Thanisandra,3,1564.0,3.0,1.0,105.0
Built-up  Area,Ready To Move,Hormavu,2,750.0,2.0,0.0,58.0
Super built-up  Area,Ready To Move,Kasavanhalli,2,1200.0,2.0,2.0,60.0
Super built-up  Area,Ready To Move,Begur Road,2,1200.0,2.0,2.0,44.4
Built-up  Area,Ready To Move,Yelahanka,3,1650.0,3.0,3.0,105.0
Super built-up  Area,18-Jun,1st Block Jayanagar,2,1235.0,2.0,2.0,148.0
Built-up  Area,Ready To Move,Yelahanka,2,1200.0,2.0,2.0,55.0
Super built-up  Area,Ready To Move,Kengeri Satellite Town,2,985.0,2.0,2.0,42.0
Super built-up  Area,18-May,Ramagondanahalli,3,1475.0,2.0,2.0,63.0
Super built-up  Area,Ready To Move,Hebbal,3,3450.0,5.0,0.0,348.0
Super built-up  Area,19-Nov,Sarjapur  Road,3,1157.0,2.0,1.0,53.99
Plot  Area,Ready To Move,Gottigere,4,2500.0,3.0,2.0,120.0
Built-up  Area,Ready To Move,Sarjapur  Road,4,3800.0,3.0,3.0,325.0
Plot  Area,18-May,Kasavanhalli,4,4260.0,4.0,2.0,333.0
Plot  Area,Ready To Move,Brookefield,5,1950.0,6.0,3.0,175.0
Super built-up  Area,Ready To Move,Kudlu,3,1570.0,2.0,2.0,65.94
Super built-up  Area,18-Aug,Kanakapura,2,1283.0,2.0,2.0,68.0
Plot  Area,Ready To Move,Konanakunte,3,2400.0,2.0,3.0,180.0
Super built-up  Area,Ready To Move,Kathriguppe,3,1250.0,2.0,2.0,68.75
Super built-up  Area,18-Feb,Old Madras Road,4,3630.0,6.0,1.0,196.0
Super built-up  Area,Ready To Move,Yelahanka,2,990.0,2.0,2.0,37.62
Super built-up  Area,20-May,1st Block Jayanagar,4,2750.0,4.0,0.0,413.0
Super built-up  Area,Ready To Move,Yelachenahalli,2,1100.0,2.0,2.0,60.0
Built-up  Area,Ready To Move,Harlur,2,1133.0,2.0,1.0,55.0
Built-up  Area,Ready To Move,Somasundara Palya,4,2400.0,3.0,3.0,140.0
Super built-up  Area,Ready To Move,Whitefield,2,1280.0,2.0,2.0,69.0
Super built-up  Area,Ready To Move,Horamavu Agara,3,1250.0,3.0,2.0,65.0
Super built-up  Area,Ready To Move,Begur Road,3,1565.0,2.0,2.0,49.3
Built-up  Area,Ready To Move,Munnekollal,2,1080.0,2.0,2.0,45.0
Built-up  Area,Ready To Move,HRBR Layout,3,1335.0,2.0,1.0,87.0
Super built-up  Area,18-Dec,JP Nagar,3,3496.5,2.0,2.0,237.5
Super built-up  Area,Ready To Move,Sarjapur  Road,3,1385.0,3.0,1.0,55.0
Super built-up  Area,18-Dec,Sarjapur  Road,3,1700.0,3.0,1.0,79.9
Built-up  Area,Ready To Move,Vidyaranyapura,2,1120.0,2.0,1.0,70.0
Super built-up  Area,Ready To Move,Electronic City,1,435.0,1.0,1.0,22.0
Super built-up  Area,Ready To Move,Magadi Road,2,1116.0,2.0,1.0,51.89
Super built-up  Area,Ready To Move,Old Madras Road,3,1480.0,3.0,2.0,95.0
Built-up  Area,Ready To Move,Hormavu,2,1000.0,2.0,2.0,50.0
Super built-up  Area,Ready To Move,HSR Layout,2,1145.0,2.0,2.0,46.0
Super built-up  Area,Ready To Move,Bommasandra,2,800.0,1.0,1.0,32.0
Super built-up  Area,18-Apr,Thanisandra,2,1265.0,2.0,1.0,83.0
Super built-up  Area,21-Jul,Devanahalli,3,1700.0,3.0,0.0,88.2
Super built-up  Area,Ready To Move,BTM 2nd Stage,2,1265.0,2.0,2.0,55.0
Built-up  Area,Ready To Move,Anandapura,2,1200.0,2.0,0.0,58.0
Super built-up  Area,Ready To Move,1st Phase JP Nagar,3,2180.0,3.0,2.0,210.0
Super built-up  Area,Ready To Move,Brookefield,2,1080.0,2.0,3.0,50.0
Super built-up  Area,Ready To Move,Whitefield,3,2023.0,4.0,2.0,130.0
Super built-up  Area,Ready To Move,Kadubeesanahalli,3,1545.0,2.0,2.0,66.0
Super built-up  Area,Ready To Move,Kalena Agrahara,3,1804.0,3.0,2.0,166.0
Super built-up  Area,Ready To Move,6th Phase JP Nagar,3,1350.0,2.0,2.0,58.0
Super built-up  Area,21-Dec,Hoodi,2,1108.0,2.0,1.0,74.23
Super built-up  Area,Ready To Move,Marathahalli,3,1730.0,3.0,2.0,115.0
Super built-up  Area,Ready To Move,Yelahanka,2,935.0,2.0,1.0,35.53
Super built-up  Area,Ready To Move,Sarjapura - Attibele Road,2,1073.0,2.0,2.0,31.77
Built-up  Area,Ready To Move,Ananth Nagar,2,960.0,2.0,3.0,37.0
Super built-up  Area,Ready To Move,Thigalarapalya,3,2215.0,4.0,2.0,150.0
Built-up  Area,18-Aug,Electronic City Phase II,2,1125.0,2.0,1.0,32.49
Built-up  Area,Ready To Move,Brookefield,2,1230.0,2.0,3.0,55.0
Super built-up  Area,Ready To Move,Mahadevpura,2,1438.0,2.0,2.0,89.0
Super built-up  Area,Ready To Move,7th Phase JP Nagar,2,1080.0,2.0,2.0,75.0
Plot  Area,Ready To Move,Hebbal Kempapura,3,1200.0,3.0,2.0,125.0
Plot  Area,Ready To Move,Marathahalli,2,1200.0,1.0,1.0,103.0
Super built-up  Area,Ready To Move,Uttarahalli,3,1590.0,3.0,2.0,58.0
Super built-up  Area,Ready To Move,Raja Rajeshwari Nagar,3,1400.0,2.0,2.0,48.0
Super built-up  Area,Ready To Move,Kaggadasapura,3,1560.0,2.0,3.0,72.0
Super built-up  Area,18-Dec,Sonnenahalli,3,1484.0,3.0,1.0,74.18
Built-up  Area,Ready To Move,Indira Nagar,3,1650.0,3.0,3.0,220.0
Super built-up  Area,Ready To Move,Thanisandra,3,2280.0,4.0,2.0,184.0
Built-up  Area,18-Apr,Frazer Town,3,2079.0,3.0,3.0,220.0
Super built-up  Area,Ready To Move,Bharathi Nagar,2,1351.0,2.0,2.0,74.0
Super built-up  Area,Ready To Move,Kanakpura Road,3,1223.0,2.0,2.0,42.81
Super built-up  Area,18-Jun,KR Puram,3,1430.0,2.0,1.0,61.0
Built-up  Area,Ready To Move,Whitefield,4,3589.0,5.0,0.0,400.0
Super built-up  Area,18-Aug,Electronic City Phase II,3,1310.0,2.0,2.0,37.83
Super built-up  Area,18-Nov,Sarjapur  Road,2,984.0,2.0,1.0,55.0
Built-up  Area,Ready To Move,Jalahalli,3,1770.0,3.0,3.0,100.0
Built-up  Area,Ready To Move,Margondanahalli,2,1140.0,2.0,1.0,60.0
Super built-up  Area,Ready To Move,Poorna Pragna Layout,2,1160.0,2.0,2.0,46.39
Super built-up  Area,Ready To Move,Nagappa Reddy Layout,3,1495.0,2.0,2.0,65.0
Super built-up  Area,Ready To Move,Hoodi,3,1530.0,2.0,2.0,67.0
Super built-up  Area,Ready To Move,Gunjur,3,1800.0,3.0,1.0,70.0
Super built-up  Area,Ready To Move,Bellandur,2,1088.0,2.0,2.0,48.0
Super built-up  Area,19-Mar,Hosa Road,3,1533.0,3.0,1.0,98.18
Super built-up  Area,Ready To Move,Rachenahalli,2,1100.0,2.0,1.0,68.0
Built-up  Area,Ready To Move,Thubarahalli,3,1540.0,3.0,3.0,90.0
Super built-up  Area,Ready To Move,Hebbal,2,1244.0,3.0,2.0,48.0
Super built-up  Area,19-Mar,Hosa Road,2,1040.0,2.0,1.0,68.59
Super built-up  Area,Ready To Move,Begur Road,2,1260.0,2.0,1.0,39.69
Super built-up  Area,Ready To Move,Thigalarapalya,2,1245.0,2.0,2.0,100.0
Super built-up  Area,Ready To Move,Vijayanagar,2,920.0,2.0,2.0,60.0
Super built-up  Area,Ready To Move,Sarjapur,2,1124.0,2.0,1.0,30.35
Super built-up  Area,19-Sep,Yelahanka New Town,4,2095.0,3.0,1.0,109.0
Super built-up  Area,20-Aug,Begur Road,2,1100.0,2.0,1.0,71.42
Super built-up  Area,Ready To Move,Vijayanagar,2,1019.0,2.0,1.0,58.0
Super built-up  Area,Ready To Move,Harlur,3,1756.0,3.0,2.0,128.0
Super built-up  Area,18-May,Bommasandra,3,1280.0,3.0,1.0,50.0
Super built-up  Area,Ready To Move,Indira Nagar,3,1700.0,3.0,2.0,150.0
Super built-up  Area,18-Dec,Whitefield,3,2134.0,4.0,2.0,118.0
Super built-up  Area,18-Jun,Hosa Road,2,1369.1,2.0,1.0,98.0
Super built-up  Area,Ready To Move,Thigalarapalya,3,2215.0,4.0,2.0,154.0
Super built-up  Area,Ready To Move,Hennur Road,3,1186.0,2.0,2.0,55.33
Super built-up  Area,Ready To Move,Uttarahalli,3,1350.0,2.0,2.0,47.24
Super built-up  Area,Ready To Move,Hebbal,3,1800.0,3.0,2.0,140.0
Built-up  Area,Ready To Move,Kudlu,3,1600.0,3.0,3.0,79.0
Super built-up  Area,20-Jan,Binny Pete,3,1740.0,3.0,1.0,150.0
Built-up  Area,Ready To Move,Malleshwaram,2,900.0,2.0,1.0,90.0
Built-up  Area,Ready To Move,Benson Town,2,1567.0,3.0,0.0,140.0
Super built-up  Area,Ready To Move,Kambipura,3,1082.0,2.0,1.0,45.5
Built-up  Area,Ready To Move,Nagarbhavi,2,1050.0,2.0,1.0,80.0
Built-up  Area,Ready To Move,Begur,3,3500.0,4.0,2.0,185.0
Super built-up  Area,Ready To Move,Dasarahalli,2,1220.0,2.0,2.0,52.0
Super built-up  Area,18-Apr,Binny Pete,3,1970.0,3.0,2.0,164.0
Built-up  Area,Ready To Move,Kanakapura,4,2130.0,4.0,0.0,120.0
Super built-up  Area,Ready To Move,Harlur,3,1749.0,3.0,2.0,120.0
Super built-up  Area,Ready To Move,6th Phase JP Nagar,2,1170.0,2.0,2.0,120.0
Super built-up  Area,Ready To Move,Hennur Road,3,2264.0,3.0,2.0,168.0
Super built-up  Area,Ready To Move,Begur,2,1100.0,2.0,2.0,55.0
Super built-up  Area,18-Dec,Chandapura,2,674.0,1.0,1.0,19.9
Super built-up  Area,Ready To Move,Koramangala,2,1320.0,2.0,1.0,160.0
Super built-up  Area,Ready To Move,Electronics City Phase 1,2,1125.0,2.0,2.0,65.0
Super built-up  Area,Ready To Move,Nagavara,2,1125.0,2.0,2.0,44.5
Built-up  Area,Ready To Move,BTM Layout,3,1300.0,2.0,1.0,75.0
Super built-up  Area,Ready To Move,JP Nagar,3,1600.0,3.0,2.0,83.0
Super built-up  Area,18-Aug,Magadi Road,3,1052.0,2.0,1.0,60.0
Super built-up  Area,Ready To Move,BTM 2nd Stage,3,2200.0,3.0,3.0,220.0
Built-up  Area,Ready To Move,Electronic City,3,1500.0,2.0,1.0,63.0
Super built-up  Area,20-Dec,Old Madras Road,3,1350.0,3.0,1.0,47.25
Super built-up  Area,Ready To Move,Gottigere,3,1230.0,2.0,2.0,52.0
Super built-up  Area,18-Apr,Haralur Road,3,1520.0,2.0,2.0,85.0
Super built-up  Area,21-Dec,Kanakpura Road,1,525.0,1.0,1.0,26.25
Super built-up  Area,20-Oct,Hosa Road,2,1040.0,2.0,1.0,61.0
Super built-up  Area,18-Dec,Old Airport Road,4,2690.0,4.0,3.0,201.0
Super built-up  Area,Ready To Move,Domlur,1,780.0,1.0,1.0,70.0
Super built-up  Area,Ready To Move,Panathur,2,1140.0,2.0,1.0,51.2
Super built-up  Area,19-Jan,Chandapura,3,1225.0,3.0,1.0,33.08
Built-up  Area,Ready To Move,Nagavarapalya,1,646.0,1.0,0.0,25.84
Super built-up  Area,Ready To Move,Cox Town,3,1600.0,3.0,1.0,150.0
Super built-up  Area,18-Apr,Kadugodi,3,1890.0,4.0,3.0,125.0
Super built-up  Area,Ready To Move,Whitefield,3,1458.0,2.0,2.0,62.0
Super built-up  Area,Ready To Move,Green Glen Layout,3,1970.0,3.0,2.0,160.0
Plot  Area,Ready To Move,Whitefield,3,1808.0,4.0,0.0,80.0
Built-up  Area,Ready To Move,Balagere,2,1007.0,2.0,1.0,67.0
Super built-up  Area,Ready To Move,Doddathoguru,2,1105.0,2.0,1.0,50.0
Super built-up  Area,Ready To Move,Lakshminarayana Pura,3,1700.0,3.0,3.0,150.0
Super built-up  Area,Ready To Move,Raja Rajeshwari Nagar,2,1170.0,2.0,3.0,50.0
Built-up  Area,Ready To Move,Chandapura,2,1080.0,2.0,3.0,45.0
Super built-up  Area,Ready To Move,Kaggalipura,3,1150.0,2.0,1.0,62.0
Super built-up  Area,19-Jul,Ramamurthy Nagar,2,1200.0,2.0,1.0,57.9
Super built-up  Area,Ready To Move,Kudlu Gate,3,1656.0,3.0,2.0,75.0
Super built-up  Area,Ready To Move,KR Puram,2,1040.0,2.0,2.0,50.0
Super built-up  Area,Ready To Move,Hosur Road,2,1085.0,2.0,2.0,33.7
Built-up  Area,Ready To Move,NRI Layout,4,2150.0,4.0,2.0,115.0
Super built-up  Area,18-Feb,Panathur,2,1210.0,2.0,1.0,77.0
Super built-up  Area,Ready To Move,Mysore Road,2,947.55,2.0,1.0,80.0
Built-up  Area,Ready To Move,Malleshpalya,2,1421.0,2.0,1.0,90.0
Super built-up  Area,18-May,Old Madras Road,3,1425.0,2.0,2.0,74.31
Super built-up  Area,Ready To Move,Budigere,2,1162.0,2.0,1.0,58.0
Super built-up  Area,18-Jul,Whitefield,1,905.0,1.0,1.0,60.0
Super built-up  Area,Ready To Move,Sarjapur  Road,2,914.0,2.0,1.0,32.0
Plot  Area,Ready To Move,Hormavu,4,3500.0,4.0,1.0,289.0
Super built-up  Area,Ready To Move,Whitefield,3,1537.0,2.0,3.0,70.0
Super built-up  Area,Ready To Move,Chikkalasandra,3,1230.0,2.0,2.0,53.51
Super built-up  Area,Ready To Move,Malleshwaram,3,2250.0,3.0,1.0,200.0
Plot  Area,Ready To Move,Hosur Road,4,2000.0,4.0,1.0,69.0
Built-up  Area,Ready To Move,Kumaraswami Layout,4,2600.0,4.0,0.0,325.0
Built-up  Area,16-Sep,Indira Nagar,4,3200.0,3.0,2.0,250.0
Built-up  Area,Ready To Move,Anjanapura,2,950.0,2.0,0.0,32.0
Super built-up  Area,Ready To Move,Marathahalli,4,4000.0,4.0,2.0,200.0
Super built-up  Area,Ready To Move,Yelahanka,3,1282.0,2.0,1.0,48.72
Built-up  Area,18-Apr,Banashankari Stage III,2,1304.0,2.0,0.0,111.0
Super built-up  Area,Ready To Move,7th Phase JP Nagar,3,2100.0,3.0,2.0,200.0
Built-up  Area,Ready To Move,Jakkur,3,1220.0,2.0,2.0,49.0
Built-up  Area,Ready To Move,7th Phase JP Nagar,3,1415.0,3.0,1.0,65.0
Super built-up  Area,Ready To Move,Green Glen Layout,3,1728.0,3.0,2.0,125.0
Super built-up  Area,Ready To Move,7th Phase JP Nagar,3,1680.0,3.0,3.0,125.0
Built-up  Area,Ready To Move,Yelahanka,4,3990.0,4.0,1.0,260.0
Built-up  Area,Ready To Move,Kasavanhalli,2,1495.0,2.0,2.0,83.0
Plot  Area,Ready To Move,Hennur Road,5,1500.0,5.0,1.0,175.0
Super built-up  Area,Ready To Move,Yeshwanthpur,3,2501.0,3.0,3.0,138.0
Carpet  Area,20-Dec,Kanakpura Road,1,381.0,1.0,0.0,28.0
Super built-up  Area,Ready To Move,Hennur Road,3,2002.0,3.0,2.0,120.0
Plot  Area,17-Sep,Bommasandra,3,1942.0,3.0,2.0,90.0
Super built-up  Area,Ready To Move,Electronics City Phase 1,3,1522.5,2.0,2.0,60.75
Plot  Area,Ready To Move,Banashankari Stage III,4,1200.0,6.0,2.0,170.0
Super built-up  Area,Ready To Move,Electronic City,2,1039.0,2.0,1.0,50.0
Super built-up  Area,Ready To Move,Old Madras Road,2,1210.0,2.0,1.0,80.0
Super built-up  Area,Ready To Move,Attibele,2,995.0,1.0,1.0,24.88
Built-up  Area,Ready To Move,Yelahanka,3,1620.0,3.0,2.0,90.0
Built-up  Area,Ready To Move,Choodasandra,3,3204.0,4.0,3.0,395.0
Built-up  Area,Ready To Move,Hebbal Kempapura,3,3408.0,3.0,3.0,260.0
Built-up  Area,Ready To Move,Marathahalli,2,1314.0,2.0,3.0,55.0
Super built-up  Area,Ready To Move,Bisuvanahalli,2,945.0,2.0,1.0,33.0
Built-up  Area,Ready To Move,Nehru Nagar,3,1374.0,3.0,2.0,72.0
Built-up  Area,19-Jan,Kanakpura Road,3,1603.0,3.0,3.0,113.0
Built-up  Area,Ready To Move,Kengeri,3,1230.0,2.0,2.0,52.0
Super built-up  Area,Ready To Move,Basavangudi,1,670.0,1.0,1.0,50.0
Super built-up  Area,Ready To Move,Sarjapur  Road,4,1864.0,3.0,2.0,105.0
Built-up  Area,18-Jan,Hosa Road,3,2500.0,3.0,2.0,100.0
Super built-up  Area,Ready To Move,Raja Rajeshwari Nagar,3,1625.0,2.0,2.0,54.0
Super built-up  Area,Ready To Move,Whitefield,2,1186.0,2.0,3.0,55.0
Super built-up  Area,Ready To Move,Electronic City,2,770.0,1.0,1.0,39.9
Super built-up  Area,18-Feb,Varthur,2,1085.0,2.0,1.0,45.0
Super built-up  Area,Ready To Move,Dairy Circle,4,3754.0,6.0,2.0,480.0
Super built-up  Area,Ready To Move,Kundalahalli,3,1496.0,2.0,3.0,78.0
Super built-up  Area,18-Jul,Chandapura,3,1305.0,3.0,1.0,33.28
Super built-up  Area,Ready To Move,Electronics City Phase 1,3,1550.0,2.0,2.0,82.0
Super built-up  Area,Ready To Move,Marathahalli,3,1200.0,2.0,1.0,58.17
Super built-up  Area,Ready To Move,Electronic City Phase II,2,1286.0,2.0,2.0,69.0
Super built-up  Area,Ready To Move,Hebbal,3,1860.0,3.0,2.0,95.0
Super built-up  Area,Ready To Move,Brookefield,2,1200.0,2.0,2.0,75.0
Super built-up  Area,Ready To Move,Sarjapur,2,1044.0,2.0,2.0,32.0
Super built-up  Area,Ready To Move,7th Phase JP Nagar,2,1040.0,2.0,1.0,41.59
Super built-up  Area,18-Jun,8th Phase JP Nagar,2,1125.0,2.0,2.0,36.94
Super built-up  Area,19-Jul,Cunningham Road,3,3489.0,3.0,1.0,662.0
Super built-up  Area,Ready To Move,Subramanyapura,3,1278.0,2.0,2.0,59.0
Plot  Area,Ready To Move,Vijayanagar,5,2400.0,6.0,3.0,125.0
Plot  Area,Ready To Move,KR Puram,5,4166.0,5.0,2.0,560.0
Super built-up  Area,Ready To Move,Lakshminarayana Pura,2,1210.0,2.0,2.0,75.0
Super built-up  Area,Ready To Move,8th Phase JP Nagar,4,1200.0,3.0,2.0,110.0
Super built-up  Area,18-Apr,Sarjapur  Road,3,1157.0,2.0,1.0,57.84
Super built-up  Area,Ready To Move,Raja Rajeshwari Nagar,2,1185.0,2.0,1.0,51.15
Super built-up  Area,Ready To Move,Kalena Agrahara,3,1450.0,3.0,3.0,100.0
Super built-up  Area,Ready To Move,Old Madras Road,3,1859.0,3.0,2.0,121.0
Super built-up  Area,Ready To Move,Rajaji Nagar,2,1763.0,3.0,2.0,262.0
Super built-up  Area,17-Sep,Attibele,2,900.0,1.0,1.0,25.0
Super built-up  Area,Ready To Move,Ramamurthy Nagar,3,1305.0,3.0,1.0,60.0
Super built-up  Area,Ready To Move,Thanisandra,1,784.0,1.0,0.0,35.285
Super built-up  Area,Ready To Move,Sarjapur  Road,2,1150.0,2.0,0.0,36.8
Built-up  Area,Ready To Move,Whitefield,3,1806.0,3.0,3.0,85.0
Super built-up  Area,Ready To Move,Kudlu,2,1027.0,2.0,2.0,42.0
Super built-up  Area,19-Jul,Uttarahalli,2,1002.0,2.0,1.0,40.08
Super built-up  Area,18-Apr,Electronic City Phase II,3,1220.0,2.0,1.0,36.21
Super built-up  Area,Ready To Move,Whitefield,2,1109.0,2.0,1.0,35.22
Built-up  Area,Ready To Move,Uttarahalli,2,1002.0,2.0,1.0,40.08
Super built-up  Area,Ready To Move,Narayanapura,2,1308.0,2.0,1.0,89.04
Super built-up  Area,19-Mar,Hennur Road,2,1232.0,2.0,1.0,69.6
Super built-up  Area,18-Apr,Haralur Road,2,1027.0,2.0,2.0,44.0
Built-up  Area,Ready To Move,Kalyan nagar,2,1250.0,2.0,2.0,65.0
Super built-up  Area,Ready To Move,Raja Rajeshwari Nagar,2,1255.0,2.0,1.0,53.87
Built-up  Area,Ready To Move,Akshaya Nagar,3,1434.0,3.0,3.0,84.0
Built-up  Area,Ready To Move,Doddathoguru,2,925.0,2.0,2.0,30.0
Super built-up  Area,19-Dec,Jakkur,3,1858.0,3.0,1.0,123.0
Super built-up  Area,Ready To Move,Mysore Road,2,1020.0,2.0,2.0,48.95
Super built-up  Area,Ready To Move,Thanisandra,2,965.0,2.0,1.0,56.0
Super built-up  Area,Ready To Move,Battarahalli,2,1636.0,2.0,2.0,82.89
Super built-up  Area,18-Dec,Kundalahalli,3,1724.0,3.0,1.0,125.0
Super built-up  Area,18-Oct,Whitefield,2,1216.0,2.0,1.0,67.0
Super built-up  Area,18-Feb,Yelahanka,1,654.0,1.0,1.0,36.25
Super built-up  Area,Ready To Move,Budigere,3,1636.0,3.0,2.0,92.0
Super built-up  Area,18-Dec,Hennur Road,2,1195.0,2.0,2.0,73.0
Super built-up  Area,Ready To Move,Nagavara,3,2400.0,3.0,3.0,251.0
Super built-up  Area,Ready To Move,Whitefield,3,1452.0,3.0,2.0,90.0
Super built-up  Area,19-Dec,Thanisandra,3,1546.0,3.0,1.0,95.0
Built-up  Area,Ready To Move,Sarjapur  Road,4,3385.5,6.0,0.0,142.0
Plot  Area,Ready To Move,Indira Nagar,3,1440.0,3.0,1.0,275.0
Super built-up  Area,Ready To Move,Indira Nagar,2,1475.0,2.0,2.0,171.0
Built-up  Area,Ready To Move,JP Nagar,4,3000.0,3.0,2.0,150.0
Super built-up  Area,Ready To Move,Balagere,2,1007.0,2.0,1.0,66.0
Super built-up  Area,Ready To Move,Hennur Road,2,1020.0,2.0,3.0,47.0
Super built-up  Area,Ready To Move,Marathahalli,2,1125.0,2.0,3.0,55.0
Built-up  Area,Ready To Move,Whitefield,4,2850.0,5.0,0.0,240.0
Super built-up  Area,Ready To Move,Kadugodi,2,1152.0,2.0,2.0,61.0
Super built-up  Area,Ready To Move,Subramanyapura,2,958.0,2.0,1.0,34.49
Super built-up  Area,Ready To Move,Whitefield,2,1150.0,2.0,2.0,55.0
Super built-up  Area,Ready To Move,Old Madras Road,3,2990.0,5.0,1.0,173.0
Super built-up  Area,Ready To Move,Bellandur,2,1310.0,2.0,2.0,85.0
Super built-up  Area,Ready To Move,Hosur Road,3,1590.0,2.0,2.0,126.0
Super built-up  Area,Ready To Move,Green Glen Layout,3,1645.0,3.0,2.0,110.0
Super built-up  Area,Ready To Move,Thanisandra,3,1795.0,3.0,2.0,150.0
Super built-up  Area,Ready To Move,8th Phase JP Nagar,2,1100.0,2.0,3.0,35.0
Super built-up  Area,18-Nov,Thanisandra,1,777.0,1.0,0.0,38.535
Super built-up  Area,Ready To Move,Basavangudi,3,1542.14,3.0,3.0,120.0
Plot  Area,Ready To Move,Konanakunte,4,3746.0,6.0,1.0,375.0
Super built-up  Area,Ready To Move,Thanisandra,3,1430.0,2.0,2.0,54.0
Super built-up  Area,Ready To Move,Bommanahalli,2,1020.0,2.0,2.0,55.0
Super built-up  Area,18-May,Electronic City Phase II,2,1140.0,2.0,1.0,32.92
Built-up  Area,Ready To Move,Anekal,3,967.0,2.0,1.0,45.0
Super built-up  Area,19-Jun,Hebbal,4,2470.0,4.0,2.0,203.0
Super built-up  Area,Ready To Move,Thanisandra,3,1697.0,3.0,2.0,110.0
Super built-up  Area,Ready To Move,Varthur,2,1250.0,2.0,2.0,47.0
Super built-up  Area,Ready To Move,Gottigere,2,1120.0,2.0,2.0,50.0
Plot  Area,Ready To Move,NRI Layout,4,1200.0,4.0,0.0,95.0
Plot  Area,Ready To Move,Hennur Road,5,5100.0,6.0,3.0,375.0
Super built-up  Area,Ready To Move,Hebbal,2,1200.0,2.0,1.0,52.0
Super built-up  Area,Ready To Move,7th Phase JP Nagar,2,1100.0,2.0,1.0,44.0
Super built-up  Area,Ready To Move,Devarachikkanahalli,3,1417.0,2.0,2.0,76.0
Built-up  Area,Ready To Move,Thanisandra,3,1492.0,3.0,1.0,88.0
Super built-up  Area,22-Nov,Devanahalli,3,1498.0,3.0,3.0,79.15
Super built-up  Area,Ready To Move,Kundalahalli,2,1010.0,2.0,1.0,48.27
Super built-up  Area,Ready To Move,Channasandra,2,1050.0,2.0,1.0,35.0
Super built-up  Area,Ready To Move,Hegde Nagar,3,1847.0,3.0,2.0,125.0
Super built-up  Area,Ready To Move,Bellandur,2,982.0,2.0,2.0,37.28
Super built-up  Area,Ready To Move,Hegde Nagar,3,2144.6,4.0,2.0,145.0
Super built-up  Area,Ready To Move,Kengeri,2,750.0,2.0,1.0,36.5
Super built-up  Area,Ready To Move,Electronic City,2,919.0,2.0,2.0,35.0
Super built-up  Area,Ready To Move,Budigere,2,1087.0,2.0,1.0,54.3
Super built-up  Area,Ready To Move,Jigani,3,1221.0,3.0,2.0,65.0
Built-up  Area,Ready To Move,Thanisandra,3,2072.0,3.0,2.0,122.0
Built-up  Area,18-Dec,Whitefield,3,1600.0,3.0,2.0,69.0
Super built-up  Area,Ready To Move,Sahakara Nagar,3,2200.0,3.0,2.0,98.0
Super built-up  Area,Ready To Move,Rajaji Nagar,3,1640.0,3.0,3.0,220.0
Super built-up  Area,Ready To Move,Kaikondrahalli,2,1253.0,2.0,2.0,81.5
Super built-up  Area,Ready To Move,Hennur Road,2,1061.0,2.0,1.0,54.92
Super built-up  Area,Ready To Move,Marathahalli,3,1950.0,3.0,2.0,115.0
Built-up  Area,Ready To Move,Marathahalli,2,1250.0,2.0,2.0,68.0
Super built-up  Area,Ready To Move,Hennur Road,3,1585.0,2.0,3.0,80.0
Super built-up  Area,Ready To Move,Kammasandra,2,1015.0,2.0,2.0,37.0
Super built-up  Area,19-Aug,Begur Road,4,2464.5,6.0,0.0,118.0
Super built-up  Area,Ready To Move,Marathahalli,2,1125.0,2.0,2.0,56.8
Super built-up  Area,18-May,Electronic City Phase II,2,1116.0,2.0,2.0,40.0
Super built-up  Area,Ready To Move,Kasavanhalli,4,4000.0,4.0,2.0,325.0
Super built-up  Area,Ready To Move,Hebbal,4,3900.0,4.0,2.0,410.0
Super built-up  Area,Ready To Move,Old Madras Road,2,1300.0,2.0,2.0,100.0
Super built-up  Area,Ready To Move,Raja Rajeshwari Nagar,2,1419.0,2.0,1.0,60.42
Super built-up  Area,Ready To Move,Thigalarapalya,3,2072.0,4.0,2.0,152.0
Built-up  Area,Ready To Move,Kaggadasapura,2,1240.0,2.0,1.0,58.58
Built-up  Area,Ready To Move,Chamrajpet,3,1565.0,3.0,2.0,98.91
Super built-up  Area,Ready To Move,Budigere,3,1820.0,3.0,2.0,89.0
Plot  Area,Ready To Move,Gubbalala,3,2500.0,3.0,1.0,88.0
Plot  Area,Ready To Move,KR Puram,5,3657.0,5.0,2.0,310.0
Super built-up  Area,Ready To Move,Hosa Road,2,1245.0,2.0,1.0,62.0
Super built-up  Area,Ready To Move,GM Palaya,3,1315.0,3.0,1.0,65.0
Super built-up  Area,Ready To Move,Kenchenahalli,3,1410.0,2.0,2.0,73.0
Super built-up  Area,Ready To Move,Dasarahalli,2,1375.0,2.0,1.0,60.0
Super built-up  Area,Ready To Move,Old Madras Road,2,1299.0,2.0,2.0,95.0
Plot  Area,Ready To Move,Bommasandra Industrial Area,2,1200.0,3.0,0.0,45.0
Super built-up  Area,18-Nov,Hebbal,3,1255.0,2.0,1.0,95.0
Super built-up  Area,22-Jun,Hoodi,3,1655.0,3.0,2.0,131.0
Super built-up  Area,18-Dec,Whitefield,4,2830.0,5.0,3.0,190.0
Super built-up  Area,Ready To Move,Banaswadi,2,1222.0,2.0,2.0,80.0
Super built-up  Area,Ready To Move,Gottigere,3,1500.0,3.0,2.0,63.0
Super built-up  Area,Ready To Move,Akshaya Nagar,3,1890.0,4.0,2.0,100.0
Built-up  Area,Ready To Move,Hegde Nagar,4,3750.0,6.0,2.0,375.0
Super built-up  Area,Ready To Move,Hulimavu,2,850.0,1.0,1.0,39.5
Super built-up  Area,Ready To Move,Whitefield,2,1295.0,2.0,3.0,78.5
Super built-up  Area,Ready To Move,Sarjapur  Road,2,1320.0,2.0,1.0,100.0
Built-up  Area,Ready To Move,Harlur,2,1197.0,2.0,1.0,82.0
Super built-up  Area,20-Dec,Whitefield,1,840.0,1.0,1.0,57.6
Super built-up  Area,Ready To Move,Raja Rajeshwari Nagar,3,1693.0,3.0,1.0,71.38
Super built-up  Area,Ready To Move,Kodihalli,2,1000.0,2.0,1.0,62.0
Built-up  Area,Ready To Move,Babusapalaya,2,1305.0,2.0,1.0,70.0
Built-up  Area,Ready To Move,Kodichikkanahalli,1,450.0,1.0,1.0,18.0
Super built-up  Area,Ready To Move,CV Raman Nagar,1,705.0,1.0,1.0,57.0
Built-up  Area,Ready To Move,Tumkur Road,5,4800.0,5.0,2.0,150.0
Built-up  Area,18-Dec,Whitefield,3,1991.0,3.0,2.0,104.0
Super built-up  Area,Ready To Move,Battarahalli,3,1779.0,3.0,2.0,90.0
Plot  Area,Ready To Move,Whitefield,4,10200.0,4.0,1.0,1250.0
Super built-up  Area,18-May,Thanisandra,3,1595.0,3.0,2.0,120.0
Super built-up  Area,18-Dec,Iblur Village,3,2000.0,4.0,2.0,138.0
Super built-up  Area,Ready To Move,Yelahanka,3,1614.0,3.0,2.0,93.0
Super built-up  Area,Ready To Move,Gottigere,2,1200.0,2.0,3.0,40.0
Built-up  Area,Ready To Move,Electronic City Phase II,3,1150.0,3.0,3.0,46.0
Super built-up  Area,Ready To Move,Indira Nagar,4,3200.0,4.0,2.0,440.0
Super built-up  Area,18-Dec,Sonnenahalli,3,1610.0,3.0,2.0,80.48
Super built-up  Area,Ready To Move,Whitefield,2,1190.0,2.0,2.0,41.0
Super built-up  Area,Ready To Move,7th Phase JP Nagar,3,1460.0,2.0,1.0,97.0
Super built-up  Area,Ready To Move,Electronics City Phase 1,1,645.0,1.0,0.0,42.5
Super built-up  Area,Ready To Move,Marathahalli,2,1350.0,2.0,1.0,90.0
Super built-up  Area,Ready To Move,BTM 2nd Stage,3,2780.0,4.0,1.0,325.0
Super built-up  Area,Ready To Move,Whitefield,2,1109.0,2.0,1.0,35.47
Super built-up  Area,Ready To Move,Bannerghatta Road,2,1215.0,2.0,1.0,68.0
Built-up  Area,Ready To Move,Prithvi Layout,3,2273.0,4.0,2.0,192.0
Super built-up  Area,18-Aug,Varthur Road,2,1255.0,2.0,2.0,52.76
Super built-up  Area,Ready To Move,Singasandra,2,1120.0,2.0,1.0,60.0
Super built-up  Area,Ready To Move,Kasavanhalli,3,1225.0,2.0,1.0,69.0
Plot  Area,Ready To Move,Whitefield,4,5200.0,5.0,3.0,242.0
Built-up  Area,Ready To Move,Indira Nagar,4,4000.0,4.0,1.0,700.0
Super built-up  Area,Ready To Move,Sarjapur  Road,3,1984.0,4.0,1.0,145.0
Super built-up  Area,Ready To Move,Old Madras Road,3,2425.0,3.0,1.0,197.0
Plot  Area,18-Sep,ITPL,3,1200.0,3.0,1.0,56.12
Super built-up  Area,18-Aug,Bommasandra,2,1127.0,2.0,1.0,45.0
Built-up  Area,18-Jun,Whitefield,3,1655.0,3.0,2.0,97.0
Super built-up  Area,18-Aug,Ananth Nagar,1,500.0,1.0,1.0,14.0
Plot  Area,18-Jul,Varthur,3,1200.0,3.0,1.0,68.38
Super built-up  Area,Ready To Move,Kaggadasapura,2,1000.0,2.0,2.0,43.0
Super built-up  Area,18-Jul,CV Raman Nagar,2,1225.0,2.0,2.0,47.88
Super built-up  Area,Ready To Move,Hormavu,2,1350.0,2.0,2.0,45.0
Super built-up  Area,Ready To Move,Sahakara Nagar,2,1175.0,2.0,3.0,49.0
Super built-up  Area,19-Mar,Hosa Road,3,1311.0,2.0,1.0,84.86
Carpet  Area,Ready To Move,CV Raman Nagar,2,1000.0,2.0,1.0,38.5
Built-up  Area,Ready To Move,Kanakpura Road,3,1050.0,2.0,1.0,59.0
Super built-up  Area,Ready To Move,Somasundara Palya,3,1275.0,2.0,2.0,52.0
Super built-up  Area,Ready To Move,Varthur,3,1520.0,2.0,3.0,61.0
Built-up  Area,Ready To Move,Hebbal,2,1333.0,2.0,1.0,104.0
Super built-up  Area,18-Mar,Sarjapur  Road,3,1773.5,2.0,2.0,85.125
Built-up  Area,Ready To Move,Koramangala,2,1370.0,2.0,2.0,125.0
Super built-up  Area,Ready To Move,Koramangala,2,1100.0,2.0,2.0,85.0
Super built-up  Area,Ready To Move,Haralur Road,3,1650.0,3.0,3.0,100.0
Super built-up  Area,18-May,Kasavanhalli,3,1917.0,3.0,2.0,132.0
Super built-up  Area,Ready To Move,Billekahalli,2,950.0,2.0,1.0,58.11
Super built-up  Area,Ready To Move,8th Phase JP Nagar,2,1089.0,2.0,1.0,43.55
Super built-up  Area,Ready To Move,Hoodi,2,1257.0,2.0,1.0,68.5
Super built-up  Area,Ready To Move,Sarjapur,1,650.0,1.0,2.0,19.87
Super built-up  Area,Ready To Move,Whitefield,3,1850.0,3.0,2.0,150.0
Built-up  Area,Ready To Move,Vidyaranyapura,2,945.0,2.0,2.0,40.0
Super built-up  Area,22-Dec,Koramangala,2,1161.0,2.0,1.0,63.85
Super built-up  Area,17-Apr,Banashankari Stage V,3,1630.0,3.0,2.0,51.35
Super built-up  Area,Ready To Move,Jalahalli,3,1310.0,2.0,2.0,60.0
Plot  Area,18-Sep,Whitefield,3,1200.0,3.0,1.0,67.77
Plot  Area,Ready To Move,Old Madras Road,4,4000.0,4.0,2.0,225.0
Built-up  Area,Ready To Move,Nagavara,2,1315.0,2.0,2.0,70.0
Super built-up  Area,Ready To Move,Sahakara Nagar,3,1370.0,2.0,2.0,90.0
Built-up  Area,Ready To Move,Bellandur,2,1465.0,3.0,3.0,90.0
Super built-up  Area,18-Apr,Electronic City,2,1128.0,2.0,1.0,64.0
Super built-up  Area,Ready To Move,Padmanabhanagar,3,1250.0,2.0,2.0,70.0
Super built-up  Area,Ready To Move,Horamavu Agara,3,1284.0,2.0,2.0,75.0
Super built-up  Area,18-Mar,Hebbal,3,2600.0,3.0,2.0,199.0
Super built-up  Area,Ready To Move,Haralur Road,3,1580.0,3.0,1.0,73.0
Built-up  Area,Ready To Move,Akshaya Nagar,3,2650.0,3.0,2.0,125.0
Super built-up  Area,Ready To Move,Uttarahalli,2,1075.0,2.0,1.0,40.0
Super built-up  Area,Ready To Move,R.T. Nagar,3,1400.0,2.0,3.0,78.0
Super built-up  Area,Ready To Move,Subramanyapura,3,1400.0,2.0,1.0,55.0
Built-up  Area,Ready To Move,Bisuvanahalli,2,845.0,2.0,1.0,30.0
Built-up  Area,Ready To Move,Sarjapur,4,3854.5,6.0,0.0,385.5
Super built-up  Area,Ready To Move,Gunjur,2,1175.0,2.0,2.0,43.48
Plot  Area,Ready To Move,Sahakara Nagar,3,2400.0,3.0,2.0,270.0
Super built-up  Area,Ready To Move,Bellandur,3,1767.0,3.0,2.0,109.0
Super built-up  Area,Ready To Move,Sarjapur  Road,4,1800.0,3.0,1.0,90.0
Plot  Area,Ready To Move,R.T. Nagar,3,1200.0,3.0,2.0,140.0
Super built-up  Area,18-Jun,Rajaji Nagar,3,1613.0,3.0,0.0,150.0
Super built-up  Area,Ready To Move,Jakkur,4,6830.0,5.0,2.0,795.0
Built-up  Area,Ready To Move,Whitefield,2,1290.0,2.0,0.0,90.0
Super built-up  Area,Ready To Move,Kasavanhalli,2,1375.0,2.0,1.0,78.0
Super built-up  Area,Ready To Move,Singasandra,2,1099.0,2.0,1.0,37.5
Super built-up  Area,18-Mar,Electronic City,1,605.0,1.0,0.0,13.31
Super built-up  Area,Ready To Move,Marathahalli,2,1200.0,2.0,1.0,53.0
Built-up  Area,Ready To Move,Hulimavu,2,1000.0,2.0,1.0,45.0
Super built-up  Area,Ready To Move,Electronic City,3,1159.0,2.0,3.0,38.0
Super built-up  Area,Ready To Move,Sarjapur  Road,5,3692.0,5.0,2.0,340.0
Built-up  Area,Ready To Move,BTM Layout,3,1540.0,2.0,2.0,78.0
Super built-up  Area,Ready To Move,Ambedkar Nagar,3,1850.0,4.0,2.0,120.0
Built-up  Area,Ready To Move,Uttarahalli,3,1580.0,3.0,1.0,60.0
Super built-up  Area,Ready To Move,Domlur,3,2180.0,3.0,2.0,285.0
Plot  Area,18-Dec,ITPL,3,1200.0,3.0,1.0,56.12
Super built-up  Area,Ready To Move,Thanisandra,3,1880.0,3.0,3.0,120.0
Plot  Area,18-May,Kasavanhalli,4,4408.0,4.0,2.0,344.0
Super built-up  Area,Ready To Move,Sarjapur  Road,5,7800.0,6.0,2.0,385.0
Built-up  Area,Ready To Move,Karuna Nagar,3,1962.0,3.0,2.0,175.0
Super built-up  Area,Ready To Move,Attibele,2,1174.0,2.0,1.0,29.35
Super built-up  Area,19-Jun,Bannerghatta Road,3,1894.0,3.0,1.0,115.0
Super built-up  Area,Ready To Move,Sector 7 HSR Layout,3,1760.0,3.0,2.0,142.0
Built-up  Area,Ready To Move,Kothanur,3,1790.0,3.0,0.0,97.0
Plot  Area,18-Dec,Whitefield,2,1200.0,2.0,1.0,45.0
Built-up  Area,Ready To Move,Kengeri,4,2540.0,4.0,0.0,160.0
Super built-up  Area,Ready To Move,Mahadevpura,2,1137.0,2.0,1.0,53.4
Super built-up  Area,22-May,Jakkur,4,3181.0,2.0,2.0,229.0
Super built-up  Area,Ready To Move,Mysore Road,3,1568.0,2.0,2.0,100.0
Built-up  Area,Ready To Move,Devanahalli,4,4920.0,4.0,0.0,393.5
Super built-up  Area,Ready To Move,AECS Layout,2,1308.0,2.0,1.0,60.0
Super built-up  Area,Ready To Move,Bisuvanahalli,3,1200.0,2.0,1.0,41.0
Super built-up  Area,19-Dec,Electronic City,1,530.0,1.0,1.0,13.5
Super built-up  Area,21-Dec,Talaghattapura,3,2273.0,3.0,3.0,159.0
Super built-up  Area,Ready To Move,Thanisandra,1,760.0,1.0,2.0,50.0
Super built-up  Area,Ready To Move,Dommasandra,2,1090.0,2.0,2.0,43.5
Super built-up  Area,Ready To Move,Bellandur,3,2666.0,3.0,1.0,230.0
Super built-up  Area,Ready To Move,Sarjapur  Road,3,1550.0,2.0,1.0,89.0
Super built-up  Area,18-Aug,Ramagondanahalli,2,1251.0,2.0,1.0,50.0
Super built-up  Area,Ready To Move,Electronic City,2,1070.0,2.0,1.0,53.0
Super built-up  Area,Ready To Move,Kalena Agrahara,2,1200.0,2.0,2.0,45.0
Built-up  Area,Ready To Move,CV Raman Nagar,3,1435.0,2.0,2.0,60.0
Built-up  Area,Ready To Move,Bommasandra,3,1400.0,2.0,3.0,45.0
Super built-up  Area,Ready To Move,Thanisandra,2,1200.0,2.0,3.0,60.0
Super built-up  Area,Ready To Move,Panathur,2,1000.0,2.0,2.0,40.0
Super built-up  Area,18-Sep,Bannerghatta Road,3,1655.0,2.0,2.0,62.89
Built-up  Area,Ready To Move,Raja Rajeshwari Nagar,9,3600.0,9.0,3.0,240.0
Super built-up  Area,Ready To Move,Electronics City Phase 1,2,1175.0,2.0,1.0,50.0
Super built-up  Area,Ready To Move,Uttarahalli,2,1155.0,2.0,2.0,40.43
Plot  Area,Ready To Move,Magadi Road,3,1200.0,3.0,2.0,98.0
Super built-up  Area,Ready To Move,Budigere,2,1149.0,2.0,2.0,65.0
Super built-up  Area,Ready To Move,Jakkur,3,1745.0,2.0,2.0,98.485
Plot  Area,Ready To Move,Choodasandra,4,3200.0,4.0,2.0,375.0
Super built-up  Area,Ready To Move,Hegde Nagar,3,1718.0,3.0,2.0,119.0
Super built-up  Area,Ready To Move,Banashankari,2,1330.0,2.0,2.0,77.0
Super built-up  Area,Ready To Move,Hormavu,2,1200.0,2.0,2.0,68.0
Super built-up  Area,21-Dec,Bannerghatta Road,3,1693.0,3.0,2.0,89.0
Super built-up  Area,19-Dec,Koramangala,2,1249.0,2.0,1.0,165.0
Built-up  Area,Ready To Move,Thanisandra,3,1800.0,4.0,1.0,125.0
Plot  Area,Ready To Move,Margondanahalli,2,900.0,2.0,0.0,55.0
Super built-up  Area,Ready To Move,NGR Layout,2,1020.0,2.0,1.0,46.0
Super built-up  Area,Ready To Move,Amruthahalli,3,1700.0,3.0,2.0,77.0
Built-up  Area,18-Jun,Panathur,1,661.0,1.0,1.0,40.0
Super built-up  Area,17-Sep,Bannerghatta Road,2,1280.0,2.0,2.0,60.16
Super built-up  Area,Ready To Move,Hosur Road,2,1170.0,2.0,1.0,48.0
Super built-up  Area,Ready To Move,Thanisandra,1,933.0,2.0,1.0,58.0
Built-up  Area,Ready To Move,Sarjapur  Road,2,1150.0,2.0,0.0,44.0
Super built-up  Area,Ready To Move,Benson Town,4,3633.0,6.0,2.0,550.0
Super built-up  Area,Ready To Move,Rajaji Nagar,3,1380.0,3.0,3.0,130.0
Super built-up  Area,Ready To Move,Harlur,2,1303.0,2.0,1.0,90.0
Super built-up  Area,Ready To Move,Raja Rajeshwari Nagar,2,1196.0,2.0,2.0,40.54
Built-up  Area,Ready To Move,Nagarbhavi,5,2500.0,3.0,2.0,180.0
Super built-up  Area,18-May,Bommanahalli,3,1250.0,3.0,2.0,41.0
Super built-up  Area,Ready To Move,Akshaya Nagar,3,1419.0,2.0,3.0,87.0
Super built-up  Area,Ready To Move,Banashankari,2,1200.0,2.0,3.0,49.0
Built-up  Area,Ready To Move,7th Phase JP Nagar,2,1120.0,2.0,2.0,65.0
Super built-up  Area,Ready To Move,Electronics City Phase 1,1,762.5,1.0,0.0,45.4
Super built-up  Area,Ready To Move,Electronics City Phase 1,2,1245.0,2.0,1.0,75.0
Super built-up  Area,Ready To Move,Channasandra,2,1093.0,2.0,1.0,34.0
Super built-up  Area,18-Jul,Electronic City,2,1025.0,1.0,1.0,26.63
Super built-up  Area,Ready To Move,Hebbal,2,1345.0,2.0,1.0,97.0
Super built-up  Area,21-Jun,Vijayanagar,2,1180.0,2.0,1.0,86.0
Super built-up  Area,18-Jun,Kothannur,3,1240.0,2.0,2.0,39.85
Super built-up  Area,Ready To Move,CV Raman Nagar,2,1020.0,2.0,1.0,55.0
Super built-up  Area,Ready To Move,Gunjur,3,1362.0,3.0,2.0,62.63
Super built-up  Area,Ready To Move,Yelahanka,1,694.0,1.0,0.0,30.84
Super built-up  Area,Ready To Move,Vittasandra,2,1404.0,2.0,2.0,70.0
Super built-up  Area,Ready To Move,Electronic City Phase II,3,1192.0,2.0,3.0,47.0
Super built-up  Area,Ready To Move,Vittasandra,2,1259.0,2.0,1.0,67.48
Super built-up  Area,Ready To Move,Kengeri,2,1000.0,2.0,2.0,34.0
Super built-up  Area,20-Dec,Rachenahalli,2,985.0,2.0,1.0,49.97
Built-up  Area,Ready To Move,Indira Nagar,1,850.0,1.0,2.0,60.0
Built-up  Area,Ready To Move,Uttarahalli,3,1650.0,2.0,1.0,50.0
Plot  Area,Ready To Move,Rajaji Nagar,5,2400.0,3.0,1.0,320.0
Super built-up  Area,Ready To Move,Sarjapur  Road,3,1900.0,4.0,1.0,180.0
Super built-up  Area,Ready To Move,Ambedkar Nagar,2,1367.0,2.0,2.0,86.0
Super built-up  Area,Ready To Move,Rajaji Nagar,3,1210.0,2.0,2.0,81.0
Super built-up  Area,Ready To Move,Sarjapur,2,1175.0,2.0,2.0,42.0
Super built-up  Area,Ready To Move,R.T. Nagar,4,2800.0,4.0,2.0,400.0
Super built-up  Area,Ready To Move,Whitefield,2,1140.0,2.0,2.0,40.0
Super built-up  Area,Ready To Move,Hoskote,2,1095.0,2.0,2.0,33.6
Super built-up  Area,Ready To Move,Attibele,1,782.0,1.0,0.0,19.55
Super built-up  Area,Ready To Move,Gubbalala,3,1435.0,2.0,2.0,80.0
Super built-up  Area,Ready To Move,Choodasandra,2,725.0,2.0,2.0,36.0
Super built-up  Area,Ready To Move,Hosakerehalli,4,3205.0,4.0,2.0,300.0
Super built-up  Area,Ready To Move,Nehru Nagar,3,1674.0,3.0,2.0,90.0
Super built-up  Area,19-Jul,Kanakpura Road,3,1703.0,3.0,2.0,130.0
Super built-up  Area,18-May,Padmanabhanagar,3,1350.0,3.0,1.0,71.55
Super built-up  Area,Ready To Move,Horamavu Agara,2,1145.0,2.0,1.0,41.21
Super built-up  Area,18-Apr,Whitefield,2,1216.0,2.0,1.0,75.0
Super built-up  Area,Ready To Move,7th Phase JP Nagar,2,1100.0,3.0,1.0,60.0
Super built-up  Area,Ready To Move,Sarjapur  Road,4,2425.0,5.0,1.0,201.0
Plot  Area,Ready To Move,Kothanur,4,2700.0,4.0,2.0,175.0
Carpet  Area,Ready To Move,Kanakpura Road,3,1600.0,3.0,3.0,90.0
Super built-up  Area,17-Oct,Banashankari Stage V,3,1510.0,3.0,3.0,47.57
Super built-up  Area,Ready To Move,Hosakerehalli,4,3033.0,4.0,1.0,326.0
Plot  Area,Ready To Move,Pai Layout,2,780.0,2.0,1.0,72.0
Built-up  Area,Ready To Move,Banashankari Stage II,2,1250.0,2.0,2.0,110.0
Built-up  Area,Ready To Move,Laggere,1,620.0,2.0,0.0,48.0
Super built-up  Area,Ready To Move,Raja Rajeshwari Nagar,3,1630.0,3.0,2.0,60.65
Built-up  Area,Ready To Move,Hennur Road,2,1020.0,2.0,0.0,45.0
Super built-up  Area,18-Aug,Hosakerehalli,3,1410.0,2.0,2.0,53.58
Carpet  Area,18-Dec,Bhoganhalli,2,1181.7,2.0,1.0,100.0
Built-up  Area,Ready To Move,KR Puram,4,1200.0,4.0,0.0,83.0
Super built-up  Area,Ready To Move,Banaswadi,2,1200.0,2.0,3.0,60.0
Super built-up  Area,21-Dec,Whitefield,2,1356.0,2.0,1.0,94.84
Super built-up  Area,20-Dec,Whitefield,2,1338.0,2.0,1.0,103.0
Super built-up  Area,Ready To Move,Raja Rajeshwari Nagar,3,1531.0,3.0,3.0,51.77
Built-up  Area,Ready To Move,Anekal,2,620.0,1.0,1.0,23.5
Super built-up  Area,Ready To Move,8th Phase JP Nagar,3,1605.0,2.0,2.0,65.0
Super built-up  Area,Ready To Move,Thanisandra,3,1917.0,3.0,2.0,110.0
Built-up  Area,Ready To Move,Sarjapur  Road,3,1400.0,3.0,2.0,55.0
Built-up  Area,Ready To Move,Thubarahalli,3,2625.0,3.0,3.0,175.0
Super built-up  Area,Ready To Move,Hennur Road,3,2041.0,3.0,3.0,128.0
Super built-up  Area,Ready To Move,Sarjapur  Road,3,2070.0,4.0,2.0,160.0
Super built-up  Area,Ready To Move,Hebbal,3,1110.0,3.0,3.0,59.0
Plot  Area,18-Dec,Ambedkar Nagar,4,3565.0,4.0,3.0,255.0
Super built-up  Area,19-Dec,Varthur Road,3,1033.0,2.0,2.0,30.47
Super built-up  Area,Ready To Move,HSR Layout,2,1142.0,2.0,2.0,65.0
Super built-up  Area,Ready To Move,Electronic City Phase II,3,1502.0,3.0,3.0,50.0
Super built-up  Area,18-May,Hosa Road,2,1063.0,2.0,1.0,32.8
Built-up  Area,Ready To Move,Kammanahalli,2,1100.0,2.0,1.0,60.0
Plot  Area,Ready To Move,Sarjapur  Road,3,5400.0,3.0,2.0,700.0
Built-up  Area,Ready To Move,6th Phase JP Nagar,2,1216.0,2.0,2.0,60.0
Super built-up  Area,Ready To Move,Hosur Road,2,1345.0,2.0,2.0,108.0
Super built-up  Area,Ready To Move,Marathahalli,2,1248.0,2.0,1.0,130.0
Built-up  Area,Ready To Move,Bellandur,4,3600.0,4.0,2.0,245.0
Super built-up  Area,Ready To Move,Uttarahalli,2,1025.0,2.0,1.0,35.88
Super built-up  Area,Ready To Move,Kadubeesanahalli,3,1424.0,2.0,2.0,75.0
Super built-up  Area,Ready To Move,Babusapalaya,2,1450.0,2.0,1.0,55.99
Super built-up  Area,18-May,Raja Rajeshwari Nagar,2,1160.0,2.0,1.0,70.0
Plot  Area,Ready To Move,Yelahanka New Town,3,2700.0,3.0,0.0,350.0
Super built-up  Area,Ready To Move,Uttarahalli,2,1125.0,2.0,1.0,47.65
Built-up  Area,Ready To Move,Old Madras Road,4,3900.0,4.0,2.0,175.0
Built-up  Area,Ready To Move,Raja Rajeshwari Nagar,2,1133.0,2.0,1.0,38.37
Super built-up  Area,Ready To Move,Arekere,2,1240.0,2.0,2.0,60.0
Super built-up  Area,22-Nov,Devanahalli,3,1466.0,3.0,3.0,77.59
Built-up  Area,Ready To Move,Kaggadasapura,2,1225.0,2.0,2.0,48.0
Super built-up  Area,Ready To Move,Akshaya Nagar,2,1300.0,2.0,1.0,54.0
Super built-up  Area,19-May,Thanisandra,3,1996.0,4.0,1.0,123.0
Super built-up  Area,Ready To Move,Rajaji Nagar,3,1800.0,3.0,2.0,240.0
Super built-up  Area,Ready To Move,Sarjapur  Road,3,1435.0,3.0,2.0,90.0
Super built-up  Area,Ready To Move,Whitefield,3,4097.0,3.0,2.0,400.0
Super built-up  Area,Ready To Move,Rayasandra,3,1601.0,3.0,3.0,70.0
Super built-up  Area,Ready To Move,Kadubeesanahalli,2,1257.0,2.0,2.0,93.0
Super built-up  Area,Ready To Move,Iblur Village,4,3596.0,5.0,1.0,260.0
Super built-up  Area,Ready To Move,Kasavanhalli,2,1309.0,2.0,2.0,95.0
Plot  Area,Ready To Move,Yeshwanthpur,2,1362.0,2.0,0.0,100.0
Super built-up  Area,Ready To Move,Whitefield,2,1115.0,2.0,1.0,55.0
Super built-up  Area,Ready To Move,Banashankari,2,1185.0,2.0,2.0,67.0
Super built-up  Area,Ready To Move,7th Phase JP Nagar,3,1790.0,3.0,3.0,120.0
Plot  Area,Ready To Move,Whitefield,3,3450.0,4.0,2.0,208.0
Plot  Area,Ready To Move,Sarjapur  Road,4,5400.0,4.0,2.0,750.0
Super built-up  Area,Ready To Move,Devanahalli,1,775.0,1.0,0.0,39.0
Built-up  Area,Ready To Move,Hoodi,2,1000.0,2.0,2.0,48.0
Super built-up  Area,19-Mar,Thanisandra,2,1183.0,2.0,1.0,77.25
Built-up  Area,Ready To Move,Hebbal,2,1200.0,2.0,2.0,52.0
Super built-up  Area,18-Jun,Ramagondanahalli,2,1151.0,2.0,2.0,43.6
Super built-up  Area,Ready To Move,Hulimavu,3,1320.0,2.0,2.0,59.0
Super built-up  Area,Ready To Move,Poorna Pragna Layout,3,1270.0,2.0,3.0,50.79
Super built-up  Area,Ready To Move,Hegde Nagar,3,1847.0,3.0,2.0,123.0
Super built-up  Area,18-May,Devanahalli,1,1020.0,2.0,1.0,49.87
Super built-up  Area,Ready To Move,Somasundara Palya,3,1650.0,3.0,2.0,95.0
Built-up  Area,Ready To Move,Electronic City,3,2400.0,2.0,2.0,78.0
Super built-up  Area,18-Aug,Haralur Road,4,2805.0,4.0,3.0,154.0
Super built-up  Area,18-Jun,Mysore Road,3,1360.0,3.0,0.0,47.6
Super built-up  Area,Ready To Move,Brookefield,2,1089.0,2.0,1.0,49.0
Super built-up  Area,Ready To Move,Yelahanka,2,1115.0,2.0,2.0,60.0
Super built-up  Area,Ready To Move,Kudlu Gate,2,1215.0,2.0,1.0,45.0
Super built-up  Area,Ready To Move,Sarjapur  Road,2,1194.0,2.0,1.0,51.0
Super built-up  Area,18-Dec,Kannamangala,3,1536.0,3.0,1.0,104.0
Super built-up  Area,Ready To Move,Hennur,2,1255.0,2.0,2.0,55.5
Super built-up  Area,17-Oct,Electronic City,3,1571.0,3.0,2.0,83.0
Super built-up  Area,Ready To Move,Budigere,1,664.0,1.0,1.0,35.4
Super built-up  Area,Ready To Move,Hegde Nagar,2,1340.0,2.0,2.0,72.0
Super built-up  Area,Ready To Move,Attibele,2,1175.0,2.0,1.0,29.38
Plot  Area,Ready To Move,Benson Town,4,3569.0,4.0,1.0,600.0
Super built-up  Area,Ready To Move,Sarjapur,2,1240.0,2.0,2.0,43.1
Super built-up  Area,Ready To Move,Electronic City,3,1470.0,2.0,1.0,44.1
Super built-up  Area,21-Dec,Kanakpura Road,1,525.0,2.0,2.0,29.25
Super built-up  Area,Ready To Move,7th Phase JP Nagar,3,1680.0,3.0,2.0,117.0
Super built-up  Area,Ready To Move,Gunjur,2,1071.0,2.0,1.0,51.0
Super built-up  Area,Ready To Move,Sector 2 HSR Layout,3,1512.0,3.0,2.0,80.0
Built-up  Area,Ready To Move,Frazer Town,4,3435.0,2.0,1.0,341.0
Built-up  Area,Ready To Move,Kalyan nagar,2,1190.0,2.0,1.0,60.0
Super built-up  Area,21-May,Kanakpura Road,2,1283.0,2.0,2.0,63.22
Built-up  Area,Ready To Move,Mallasandra,2,1325.0,2.0,2.0,73.0
Super built-up  Area,Ready To Move,Whitefield,2,1105.0,2.0,1.0,35.36
Super built-up  Area,Ready To Move,Banaswadi,3,1600.0,3.0,2.0,74.5
Super built-up  Area,18-Apr,Kanakpura Road,2,800.0,2.0,2.0,41.145
Super built-up  Area,Ready To Move,Hennur,2,1100.0,2.0,1.0,44.55
Super built-up  Area,21-Dec,Talaghattapura,3,2099.0,3.0,3.0,147.0
Super built-up  Area,Ready To Move,Yelachenahalli,3,1365.0,2.0,1.0,72.0
Super built-up  Area,Ready To Move,Hebbal Kempapura,2,1485.0,3.0,3.0,132.0
Super built-up  Area,Ready To Move,Hosur Road,2,1250.0,2.0,1.0,55.0
Super built-up  Area,Ready To Move,Bellandur,2,1170.0,2.0,1.0,46.79
Super built-up  Area,19-Jul,Kanakpura Road,2,1328.0,2.0,3.0,91.06
Super built-up  Area,19-Mar,Hennur Road,2,1232.0,2.0,1.0,87.0
Super built-up  Area,Ready To Move,1st Phase JP Nagar,2,1180.0,2.0,2.0,88.5
Super built-up  Area,Ready To Move,Electronic City,3,1350.0,3.0,2.0,66.0
Super built-up  Area,Ready To Move,Electronic City Phase II,2,1020.0,2.0,2.0,32.0
Super built-up  Area,Ready To Move,Begur Road,3,1410.0,2.0,3.0,49.34
Super built-up  Area,18-Apr,TC Palaya,3,1200.0,2.0,0.0,66.0
Super built-up  Area,18-Sep,Whitefield,2,1074.0,2.0,1.0,42.79
Super built-up  Area,18-Apr,Sarjapur,3,1170.0,2.0,2.0,35.41
Super built-up  Area,21-Jun,Tumkur Road,1,728.5,1.0,0.0,31.315
Super built-up  Area,Ready To Move,Mahadevpura,3,1601.0,3.0,2.0,95.0
Super built-up  Area,18-Mar,Begur Road,2,952.0,2.0,1.0,42.0
Built-up  Area,Ready To Move,Electronic City Phase II,4,1900.0,3.0,1.0,97.0
Super built-up  Area,18-Aug,Haralur Road,3,1520.0,2.0,2.0,96.0
Super built-up  Area,Ready To Move,Yelenahalli,2,1175.0,2.0,2.0,50.0
Super built-up  Area,Ready To Move,Bharathi Nagar,2,1432.0,2.0,2.0,68.0
Super built-up  Area,18-Jun,Bommasandra Industrial Area,2,1005.0,2.0,1.0,39.77
Super built-up  Area,Ready To Move,Rajiv Nagar,2,1309.0,2.0,1.0,80.0
Super built-up  Area,Ready To Move,7th Phase JP Nagar,2,1050.0,2.0,1.0,77.0
Plot  Area,Ready To Move,Sanjay nagar,3,2400.0,3.0,3.0,310.0
Super built-up  Area,Ready To Move,Begur Road,3,1565.0,2.0,2.0,56.34
Plot  Area,Ready To Move,BTM 2nd Stage,3,2400.0,2.0,0.0,360.0
Super built-up  Area,Ready To Move,Electronic City,3,1652.0,3.0,3.0,110.0
Super built-up  Area,Ready To Move,Whitefield,2,1100.0,2.0,2.0,52.0
Super built-up  Area,Ready To Move,Rajiv Nagar,4,2340.0,4.0,1.0,145.0
Super built-up  Area,21-Jul,Koramangala,2,1084.0,2.0,1.0,179.0
Plot  Area,Ready To Move,Kammanahalli,2,1200.0,1.0,1.0,81.0
Plot  Area,16-Mar,HBR Layout,4,2400.0,5.0,0.0,320.0
Super built-up  Area,18-Jul,Electronic City Phase II,2,1020.0,2.0,1.0,27.43
Super built-up  Area,Ready To Move,Whitefield,2,1267.0,2.0,1.0,90.33
Super built-up  Area,Ready To Move,Bhoganhalli,4,2439.0,4.0,3.0,185.0
Built-up  Area,18-Dec,Electronic City,3,1320.0,2.0,1.0,38.12
Super built-up  Area,18-Apr,Ananth Nagar,2,1000.0,2.0,1.0,29.7
Built-up  Area,Ready To Move,Whitefield,4,5000.0,5.0,2.0,550.0
Plot  Area,Ready To Move,Kengeri Satellite Town,2,2480.0,2.0,1.0,160.0
Built-up  Area,Ready To Move,Kalyan nagar,2,1086.0,2.0,2.0,44.5
Super built-up  Area,18-Nov,Kengeri,1,416.0,1.0,1.0,18.0
Built-up  Area,Ready To Move,Hennur Road,2,1066.0,2.0,1.0,52.23
Super built-up  Area,Ready To Move,OMBR Layout,3,1730.0,3.0,1.0,93.0
Super built-up  Area,20-Jan,Balagere,2,1205.0,2.0,1.0,63.86
Super built-up  Area,Ready To Move,Marathahalli,4,2500.0,5.0,2.0,175.0
Super built-up  Area,Ready To Move,Subramanyapura,2,960.0,2.0,1.0,55.0
Super built-up  Area,18-Jul,Haralur Road,3,1510.0,3.0,2.0,83.05
Built-up  Area,Ready To Move,Old Madras Road,3,2300.0,3.0,2.0,142.0
Super built-up  Area,19-Sep,Hormavu,3,1553.0,2.0,2.0,58.23
Super built-up  Area,Ready To Move,Frazer Town,4,3436.0,5.0,2.0,345.0
Super built-up  Area,18-Aug,Seegehalli,2,1134.0,2.0,2.0,45.0
Plot  Area,Ready To Move,Horamavu Agara,5,2400.0,3.0,3.0,80.0
Plot  Area,18-Nov,Whitefield,4,2400.0,4.0,1.0,143.0
Super built-up  Area,Ready To Move,Sarjapur,2,1032.0,2.0,1.0,42.0
Super built-up  Area,18-Aug,Murugeshpalya,2,1225.0,2.0,2.0,48.0
Super built-up  Area,Ready To Move,Sarjapur  Road,2,1262.0,2.0,2.0,67.0
Super built-up  Area,18-Jun,Kothannur,2,1070.0,2.0,2.0,38.6
Super built-up  Area,18-Mar,Balagere,2,1012.0,2.0,1.0,53.58
Built-up  Area,Ready To Move,TC Palaya,2,1000.0,2.0,0.0,70.0
Super built-up  Area,Ready To Move,Kadugodi,2,1394.0,2.0,2.0,56.0
Super built-up  Area,Ready To Move,Amruthahalli,3,1450.0,2.0,1.0,85.0
Super built-up  Area,Ready To Move,Banaswadi,1,527.0,1.0,0.0,35.0
Super built-up  Area,Ready To Move,Sarjapur  Road,3,1693.0,3.0,2.0,125.0
Super built-up  Area,Ready To Move,Horamavu Agara,2,1000.0,2.0,1.0,46.0
Built-up  Area,Ready To Move,Kogilu,2,952.0,2.0,2.0,49.0
Super built-up  Area,Ready To Move,Malleshwaram,3,2050.0,4.0,2.0,270.0
Super built-up  Area,19-Apr,Mysore Road,3,1410.0,2.0,2.0,64.0
Super built-up  Area,Ready To Move,Hebbal Kempapura,2,1400.0,2.0,2.0,108.0
Plot  Area,Ready To Move,Chikka Tirupathi,4,3056.0,5.0,2.0,100.0
Super built-up  Area,Ready To Move,Sarjapur  Road,3,1826.0,3.0,2.0,125.0
Super built-up  Area,18-Jun,Hosur Road,3,1689.0,3.0,2.0,103.0
Super built-up  Area,Ready To Move,Hennur,2,960.0,2.0,1.0,48.0
Built-up  Area,Ready To Move,Channasandra,2,808.0,2.0,1.0,40.0
Super built-up  Area,Ready To Move,Kodichikkanahalli,2,907.0,2.0,2.0,38.5
Super built-up  Area,Ready To Move,Uttarahalli,2,1300.0,2.0,2.0,55.0
Super built-up  Area,Ready To Move,Whitefield,3,1836.0,3.0,2.0,125.0
Super built-up  Area,Ready To Move,Hormavu,2,1200.0,2.0,3.0,68.0
Super built-up  Area,18-Dec,1st Block Koramangala,4,3000.0,3.0,3.0,300.0
Plot  Area,Ready To Move,Indira Nagar,4,2400.0,4.0,2.0,405.0
Super built-up  Area,Ready To Move,6th Phase JP Nagar,2,1460.0,2.0,2.0,80.0
Super built-up  Area,Ready To Move,BTM 2nd Stage,2,965.0,2.0,2.0,56.0
Super built-up  Area,Ready To Move,Bhoganhalli,3,1395.0,2.0,2.0,70.0
Super built-up  Area,Ready To Move,Sarjapur  Road,3,1660.0,3.0,2.0,116.0
Built-up  Area,18-Dec,Electronic City,2,1090.0,2.0,1.0,31.48
Super built-up  Area,19-Jan,Kanakpura Road,2,1204.0,2.0,1.0,82.0
Super built-up  Area,Ready To Move,Thigalarapalya,3,2072.0,4.0,2.0,153.0
Built-up  Area,Ready To Move,Haralur Road,2,1056.0,2.0,1.0,65.0
Super built-up  Area,18-Dec,Hebbal,2,985.0,2.0,2.0,62.0
Super built-up  Area,Ready To Move,Banashankari Stage V,3,1315.0,2.0,2.0,49.0
Built-up  Area,Ready To Move,KR Puram,2,734.0,2.0,1.0,22.0
Built-up  Area,Ready To Move,Kammanahalli,4,2900.0,4.0,2.0,200.0
Super built-up  Area,Ready To Move,Yelahanka,3,2317.0,4.0,3.0,140.0
Super built-up  Area,Ready To Move,Attibele,2,656.0,2.0,1.0,25.0
Built-up  Area,Ready To Move,Attibele,1,400.0,1.0,1.0,11.5
Super built-up  Area,Ready To Move,Yeshwanthpur,1,666.0,1.0,1.0,36.8
Plot  Area,Ready To Move,Kadubeesanahalli,4,3293.0,5.0,2.0,425.0
Super built-up  Area,Ready To Move,7th Phase JP Nagar,2,1174.0,2.0,1.0,47.0
Super built-up  Area,Ready To Move,Budigere,2,1153.0,2.0,2.0,56.7
Super built-up  Area,Ready To Move,Marathahalli,2,957.0,2.0,1.0,47.0
Built-up  Area,17-Dec,Sarjapur  Road,2,1060.0,2.0,1.0,50.0
Super built-up  Area,18-Jul,Banashankari,2,1000.0,2.0,1.0,50.0
Super built-up  Area,Ready To Move,Kanakpura Road,3,1843.0,3.0,2.0,88.0
Super built-up  Area,Ready To Move,Kanakpura Road,3,1150.0,2.0,2.0,40.25
Super built-up  Area,Ready To Move,Kodihalli,4,3197.0,5.0,2.0,335.0
Super built-up  Area,Ready To Move,Kaval Byrasandra,2,1125.0,2.0,1.0,41.5
Super built-up  Area,Ready To Move,Battarahalli,3,1516.0,3.0,3.0,65.0
Super built-up  Area,Ready To Move,Brookefield,2,1130.0,2.0,2.0,56.0
Super built-up  Area,Ready To Move,Iblur Village,4,3596.0,5.0,1.0,279.0
Super built-up  Area,19-Jun,Hosa Road,3,1512.0,3.0,2.0,103.0
Built-up  Area,Ready To Move,Thanisandra,3,1491.0,3.0,1.0,88.0
Super built-up  Area,Ready To Move,Cox Town,2,1250.0,2.0,2.0,95.0
Super built-up  Area,18-Aug,Banashankari,3,1650.0,3.0,2.0,90.75
Super built-up  Area,Ready To Move,Raja Rajeshwari Nagar,2,1140.0,2.0,1.0,48.7
Super built-up  Area,Ready To Move,Thanisandra,3,1881.0,3.0,2.0,95.0
Super built-up  Area,21-Dec,Kanakpura Road,3,1100.0,3.0,2.0,56.57
Super built-up  Area,Ready To Move,Iblur Village,3,2666.0,4.0,1.0,200.0
Built-up  Area,Ready To Move,Whitefield,2,1197.0,2.0,1.0,50.0
Built-up  Area,Ready To Move,Gollarapalya Hosahalli,3,1345.0,3.0,2.0,60.0
Plot  Area,Ready To Move,KR Puram,4,1200.0,4.0,2.0,100.0
Super built-up  Area,Ready To Move,Bannerghatta Road,4,3230.0,5.0,0.0,165.0
Super built-up  Area,Ready To Move,Banashankari Stage II,3,1260.0,2.0,1.0,95.0
Built-up  Area,Ready To Move,Sarjapur  Road,4,2750.0,5.0,1.0,240.0
Plot  Area,Ready To Move,9th Phase JP Nagar,2,1200.0,2.0,0.0,80.0
Super built-up  Area,18-Dec,Sarjapur,4,2302.5,2.0,2.0,80.59
Super built-up  Area,Ready To Move,Hennur Road,2,973.0,2.0,1.0,56.0
Super built-up  Area,Ready To Move,Rajaji Nagar,3,2533.0,3.0,3.0,425.0
Super built-up  Area,Ready To Move,Balagere,2,1007.0,2.0,1.0,75.0
Super built-up  Area,19-Mar,Hosa Road,1,800.0,1.0,0.0,39.99
Built-up  Area,18-Dec,Sarjapur  Road,3,1830.0,3.0,1.0,119.0
Super built-up  Area,Ready To Move,Nagavara,2,1077.0,2.0,1.0,50.0
Built-up  Area,Ready To Move,Electronics City Phase 1,2,865.0,2.0,0.0,40.0
Super built-up  Area,Ready To Move,CV Raman Nagar,2,1285.0,2.0,2.0,65.0
Super built-up  Area,Ready To Move,Thanisandra,1,662.0,1.0,1.0,29.0
Plot  Area,Ready To Move,Whitefield,5,2297.0,5.0,2.0,269.0
Plot  Area,Ready To Move,Sarjapura - Attibele Road,5,3750.0,6.0,3.0,295.0
Super built-up  Area,Ready To Move,Kalkere,3,1850.0,3.0,3.0,95.0
Super built-up  Area,Ready To Move,Harlur,3,1754.0,3.0,2.0,132.0
Plot  Area,Ready To Move,1st Phase JP Nagar,5,2200.0,7.0,2.0,350.0
Super built-up  Area,Ready To Move,Hoskote,3,1695.0,3.0,3.0,50.0
Super built-up  Area,Ready To Move,Bellandur,2,1150.0,2.0,1.0,69.44
Built-up  Area,18-Mar,1st Block Koramangala,3,2350.0,3.0,2.0,210.0
Super built-up  Area,Ready To Move,Karuna Nagar,2,1057.0,2.0,1.0,65.0
Super built-up  Area,19-Dec,Hebbal,2,1320.0,2.0,1.0,91.0
Super built-up  Area,18-Aug,Kanakpura Road,3,2254.0,3.0,2.0,170.0
Super built-up  Area,20-Jan,Balagere,1,645.0,1.0,1.0,34.18
Super built-up  Area,Ready To Move,Rachenahalli,2,1050.0,2.0,2.0,52.08
Super built-up  Area,18-May,Panathur,2,1040.0,2.0,1.0,41.6
Super built-up  Area,18-Jun,Sarjapur  Road,3,1700.0,3.0,1.0,194.0
Super built-up  Area,Ready To Move,1st Block Jayanagar,3,1760.0,3.0,2.0,115.0
Super built-up  Area,19-Mar,Bellandur,3,1138.0,3.0,2.0,128.0
Super built-up  Area,18-Apr,Sarjapur  Road,2,984.0,2.0,1.0,45.91
Built-up  Area,Ready To Move,Raja Rajeshwari Nagar,2,1140.0,2.0,2.0,38.65
Super built-up  Area,19-Dec,Whitefield,3,3596.0,3.0,1.0,200.0
Super built-up  Area,Ready To Move,Kalkere,3,1365.0,3.0,2.0,54.0
Built-up  Area,Ready To Move,Electronic City,3,1050.0,2.0,1.0,39.0
Super built-up  Area,Ready To Move,Rachenahalli,3,1550.0,3.0,3.0,72.5
Super built-up  Area,Ready To Move,Yelahanka,3,1653.0,3.0,3.0,93.0
Built-up  Area,Ready To Move,Kudlu Gate,2,812.0,2.0,1.0,38.25
Super built-up  Area,Ready To Move,8th Phase JP Nagar,3,1504.0,2.0,2.0,83.0
Super built-up  Area,Ready To Move,Mahadevpura,3,1450.0,3.0,2.0,75.0
Super built-up  Area,Ready To Move,Kannamangala,2,957.0,2.0,2.0,54.5
Carpet  Area,Ready To Move,Attibele,1,460.0,1.0,1.0,13.0
Super built-up  Area,Ready To Move,Budigere,3,1820.0,3.0,2.0,85.0
Super built-up  Area,19-Dec,Varthur Road,2,1033.0,2.0,2.0,32.0
Plot  Area,Ready To Move,Kumaraswami Layout,2,800.0,1.0,1.0,90.0
Super built-up  Area,Ready To Move,OMBR Layout,2,1165.0,2.0,2.0,88.5
Super built-up  Area,Ready To Move,Gottigere,2,1280.0,2.0,1.0,61.0
Super built-up  Area,Ready To Move,Kanakpura Road,3,1550.0,3.0,3.0,65.1
Super built-up  Area,Ready To Move,Nagavarapalya,2,1392.0,2.0,1.0,130.0
Super built-up  Area,Ready To Move,Jigani,3,1221.0,3.0,3.0,75.0
Built-up  Area,Ready To Move,Hoskote,2,1065.0,2.0,3.0,31.5
Built-up  Area,Ready To Move,Yelahanka New Town,3,1209.0,2.0,3.0,65.0
Super built-up  Area,19-Mar,Sarjapur  Road,3,1929.0,4.0,1.0,101.0
Built-up  Area,Ready To Move,Hennur Road,2,1255.0,2.0,1.0,84.0
Super built-up  Area,19-Dec,Jalahalli,2,1035.0,2.0,1.0,31.05
Super built-up  Area,18-May,Banashankari,3,1650.0,3.0,2.0,101.0
Built-up  Area,Ready To Move,Whitefield,3,1275.0,2.0,3.0,65.0
Super built-up  Area,18-Aug,Electronic City,2,1128.0,2.0,1.0,65.58
Super built-up  Area,21-Nov,Thanisandra,2,1183.0,2.0,2.0,58.56
Super built-up  Area,Ready To Move,Whitefield,2,1155.0,2.0,1.0,39.0
Super built-up  Area,Ready To Move,Kengeri,3,1245.0,2.0,2.0,43.57
Built-up  Area,Ready To Move,Akshaya Nagar,2,1000.0,2.0,1.0,38.0
Super built-up  Area,Ready To Move,7th Phase JP Nagar,2,1040.0,2.0,1.0,75.0
Super built-up  Area,Ready To Move,Sarjapur  Road,3,1525.0,2.0,2.0,65.0
Super built-up  Area,Ready To Move,Hebbal,3,2388.0,3.0,1.0,195.0
Super built-up  Area,18-Apr,Electronic City,2,1355.0,2.0,1.0,97.6
Built-up  Area,Ready To Move,Whitefield,2,1141.0,2.0,1.0,62.0
Super built-up  Area,Ready To Move,Bannerghatta Road,1,630.0,1.0,2.0,35.0
Super built-up  Area,Ready To Move,Pattandur Agrahara,2,1247.0,2.0,2.0,62.35
Built-up  Area,Ready To Move,Marathahalli,4,3855.0,4.0,3.0,220.0
Super built-up  Area,Ready To Move,KR Puram,2,1120.0,2.0,2.0,36.0
Super built-up  Area,18-Aug,Jakkur,3,1798.0,3.0,1.0,110.0
Built-up  Area,Ready To Move,Bisuvanahalli,3,1180.0,2.0,1.0,45.0
Super built-up  Area,Ready To Move,Kereguddadahalli,2,1000.0,2.0,1.0,34.0
Super built-up  Area,19-Mar,Whitefield,2,1216.0,2.0,1.0,82.0
Built-up  Area,Ready To Move,TC Palaya,2,1100.0,2.0,0.0,65.0
Super built-up  Area,Ready To Move,Whitefield,2,1495.0,3.0,3.0,88.0
Super built-up  Area,Ready To Move,Kanakpura Road,3,1700.0,3.0,3.0,120.0
Super built-up  Area,20-Dec,Whitefield,3,1564.0,3.0,1.0,103.0
Super built-up  Area,18-Jun,Kundalahalli,2,1047.0,2.0,1.0,89.0
Super built-up  Area,18-Apr,Bhoganhalli,3,1458.0,3.0,1.0,78.45
Super built-up  Area,19-Dec,Hoodi,2,1063.0,2.0,1.0,61.17
Super built-up  Area,Ready To Move,Sadashiva Nagar,4,7400.0,5.0,2.0,1850.0
Super built-up  Area,Ready To Move,Garudachar Palya,2,1150.0,2.0,1.0,52.5
Built-up  Area,Ready To Move,Ramamurthy Nagar,2,1360.0,2.0,0.0,45.0
Built-up  Area,Ready To Move,Marathahalli,3,1605.0,3.0,2.0,76.0
Carpet  Area,Ready To Move,Nagarbhavi,3,1200.0,4.0,2.0,205.0
Super built-up  Area,18-Aug,Haralur Road,3,1810.0,3.0,2.0,100.0
Built-up  Area,Ready To Move,R.T. Nagar,2,1100.0,3.0,0.0,125.0
Super built-up  Area,18-Dec,Dommasandra,2,850.0,2.0,1.0,25.4
Built-up  Area,18-Jul,Electronic City Phase II,2,1025.0,2.0,1.0,26.65
Built-up  Area,Ready To Move,Uttarahalli,2,980.0,2.0,1.0,45.0
Super built-up  Area,Ready To Move,JP Nagar,3,2050.0,3.0,3.0,82.0
Super built-up  Area,Ready To Move,Cunningham Road,3,4170.0,3.0,2.0,800.0
Super built-up  Area,Ready To Move,Whitefield,3,1585.0,3.0,1.0,84.0
Built-up  Area,Ready To Move,Jakkur,3,1785.0,3.0,2.0,130.0
Super built-up  Area,Ready To Move,Kanakpura Road,3,1843.0,3.0,2.0,96.2
Super built-up  Area,Ready To Move,Akshaya Nagar,2,1113.0,2.0,1.0,52.0
Super built-up  Area,Ready To Move,Anekal,3,1150.0,3.0,2.0,45.0
Super built-up  Area,Ready To Move,Yeshwanthpur,2,770.0,1.0,1.0,70.0
Super built-up  Area,Ready To Move,Kodichikkanahalli,2,1181.0,2.0,2.0,57.0
Super built-up  Area,Ready To Move,Kanakpura Road,3,1550.0,3.0,3.0,64.7
Super built-up  Area,Ready To Move,1st Phase JP Nagar,2,1200.0,2.0,2.0,86.0
Super built-up  Area,Ready To Move,Raja Rajeshwari Nagar,2,1295.0,2.0,2.0,55.47
Super built-up  Area,Ready To Move,Lingadheeranahalli,3,1506.0,3.0,1.0,95.0
Super built-up  Area,Ready To Move,Sarjapur  Road,4,2900.0,4.0,2.0,240.0
Super built-up  Area,18-Jun,Abbigere,3,1326.0,2.0,1.0,35.0
Super built-up  Area,Ready To Move,Talaghattapura,2,1040.0,2.0,1.0,33.28
Super built-up  Area,Ready To Move,Hennur,2,1020.0,2.0,1.0,48.0
Super built-up  Area,Ready To Move,Neeladri Nagar,10,4000.0,12.0,2.0,160.0
Super built-up  Area,21-May,Kanakpura Road,3,1500.0,3.0,1.0,72.99
Built-up  Area,Ready To Move,Ananth Nagar,2,850.0,2.0,1.0,25.99
Built-up  Area,Ready To Move,Kaval Byrasandra,2,1180.0,2.0,2.0,60.0
Super built-up  Area,19-Dec,Cunningham Road,4,5108.0,5.0,2.0,995.0
Super built-up  Area,Ready To Move,Channasandra,2,1010.0,2.0,1.0,36.0
Built-up  Area,Ready To Move,Marathahalli,2,1350.0,2.0,2.0,60.0
Built-up  Area,Ready To Move,Talaghattapura,2,1100.0,2.0,0.0,50.0
Super built-up  Area,Ready To Move,Kanakpura Road,3,1450.0,2.0,2.0,62.93
Super built-up  Area,Ready To Move,Raja Rajeshwari Nagar,2,1133.0,2.0,2.0,40.0
Super built-up  Area,Ready To Move,Thanisandra,3,1564.0,3.0,2.0,100.0
Super built-up  Area,Ready To Move,Thigalarapalya,3,2072.0,4.0,2.0,157.0
Super built-up  Area,Ready To Move,Kanakapura,3,1460.0,2.0,3.0,51.1
Super built-up  Area,Ready To Move,Yelahanka,1,654.0,1.0,1.0,38.0
Super built-up  Area,Ready To Move,Hebbal Kempapura,3,1800.0,3.0,3.0,150.0
Built-up  Area,Ready To Move,HSR Layout,5,3500.0,5.0,0.0,350.0
Super built-up  Area,Ready To Move,Bellandur,2,1200.0,2.0,3.0,45.0
Super built-up  Area,Ready To Move,Yelahanka New Town,3,1400.0,2.0,2.0,80.0
Super built-up  Area,Ready To Move,Whitefield,2,1140.0,2.0,2.0,50.0
Built-up  Area,Ready To Move,Rajaji Nagar,2,720.0,2.0,2.0,65.0
Super built-up  Area,Ready To Move,Yelenahalli,3,1650.0,3.0,3.0,68.0
Super built-up  Area,Ready To Move,Nagavara,4,2496.0,4.0,2.0,125.0
Super built-up  Area,Ready To Move,9th Phase JP Nagar,2,905.0,2.0,1.0,32.0
Super built-up  Area,17-Apr,Chikkalasandra,2,1070.0,2.0,1.0,45.48
Built-up  Area,Ready To Move,Koramangala,2,1200.0,2.0,2.0,100.0
Plot  Area,Ready To Move,Indira Nagar,5,1800.0,5.0,2.0,350.0
Built-up  Area,Ready To Move,8th Phase JP Nagar,4,2600.0,4.0,2.0,115.0
Super built-up  Area,Ready To Move,Old Airport Road,2,1145.0,2.0,2.0,75.0
Built-up  Area,18-Dec,Whitefield,3,1558.0,3.0,2.0,90.0
Super built-up  Area,20-Jan,Balagere,2,1007.0,2.0,1.0,53.0
Super built-up  Area,Ready To Move,Ananth Nagar,2,902.0,2.0,1.0,25.26
Super built-up  Area,Ready To Move,Uttarahalli,3,1135.0,2.0,3.0,39.73
Plot  Area,Ready To Move,NRI Layout,2,1250.0,2.0,0.0,75.0
Built-up  Area,Ready To Move,Hennur,4,2502.0,4.0,2.0,170.0
Built-up  Area,Ready To Move,Indira Nagar,3,1500.0,3.0,3.0,120.0
Super built-up  Area,18-Oct,Rayasandra,4,1708.0,3.0,1.0,76.0
Super built-up  Area,Ready To Move,Harlur,2,1532.0,2.0,1.0,65.0
Super built-up  Area,18-Sep,Hosa Road,3,1726.0,3.0,2.0,81.99
Super built-up  Area,Ready To Move,Chikkalasandra,2,1100.0,2.0,2.0,50.0
Super built-up  Area,Ready To Move,Electronics City Phase 1,3,1530.0,3.0,3.0,40.0
Super built-up  Area,18-Jan,Hosa Road,2,840.0,2.0,1.0,28.0
Super built-up  Area,18-Apr,Bommanahalli,3,1250.0,4.0,3.0,39.0
Built-up  Area,Ready To Move,Munnekollal,2,1170.0,2.0,2.0,59.0
Plot  Area,Ready To Move,Chikka Tirupathi,3,2646.0,3.0,2.0,99.0
Plot  Area,Ready To Move,Yelahanka,2,1633.0,2.0,1.0,72.0
Super built-up  Area,19-Dec,Varthur Road,1,552.5,1.0,0.0,13.26
Super built-up  Area,Ready To Move,Attibele,1,418.0,2.0,1.0,11.5
Super built-up  Area,Ready To Move,Raja Rajeshwari Nagar,3,1510.0,2.0,2.0,55.0
Super built-up  Area,Ready To Move,Chikkalasandra,3,1390.0,2.0,3.0,60.47
Super built-up  Area,Ready To Move,Kasturi Nagar,2,1101.0,2.0,2.0,66.0
Super built-up  Area,18-Apr,EPIP Zone,3,2350.0,4.0,2.0,163.0
Super built-up  Area,Ready To Move,Kanakpura Road,3,1425.0,2.0,2.0,49.88
Super built-up  Area,17-Jun,Electronics City Phase 1,3,1450.0,3.0,1.0,70.0
Built-up  Area,Ready To Move,Pai Layout,2,1000.0,2.0,2.0,34.0
Super built-up  Area,18-Mar,Haralur Road,1,575.0,1.0,1.0,38.0
Super built-up  Area,Ready To Move,JP Nagar,1,745.0,1.0,0.0,34.27
Super built-up  Area,18-Aug,Kudlu Gate,2,1547.0,2.0,2.0,103.0
Super built-up  Area,Ready To Move,Panathur,3,1713.0,3.0,1.0,120.0
Super built-up  Area,Ready To Move,Yeshwanthpur,3,1856.0,4.0,2.0,180.0
Super built-up  Area,Ready To Move,Dodda Nekkundi,2,1100.0,2.0,1.0,46.75
Super built-up  Area,Ready To Move,Narayanapura,3,2357.0,3.0,2.0,135.0
Super built-up  Area,Ready To Move,Akshaya Nagar,3,1820.0,4.0,2.0,95.0
Built-up  Area,Ready To Move,Kanakpura Road,2,1240.0,2.0,2.0,65.0
Super built-up  Area,Ready To Move,Padmanabhanagar,3,1360.0,3.0,1.0,75.0
Super built-up  Area,Ready To Move,Electronics City Phase 1,3,1450.0,2.0,2.0,63.51
Super built-up  Area,Ready To Move,Budigere,2,1139.0,2.0,2.0,72.0
Super built-up  Area,Ready To Move,Begur Road,3,1565.0,2.0,2.0,56.0
Super built-up  Area,Ready To Move,Yeshwanthpur,3,1855.0,3.0,3.0,140.0
Plot  Area,Ready To Move,Margondanahalli,2,1100.0,2.0,1.0,55.0
Super built-up  Area,Ready To Move,Old Madras Road,3,2266.0,3.0,2.0,207.0
Super built-up  Area,Ready To Move,Hosur Road,1,660.0,1.0,1.0,23.0
Built-up  Area,Ready To Move,Kodihalli,2,1490.0,2.0,1.0,150.0
Super built-up  Area,Ready To Move,Kambipura,3,1083.0,2.0,1.0,48.0
Super built-up  Area,18-Mar,Hennur Road,2,1232.0,2.0,1.0,83.0
Super built-up  Area,Ready To Move,Raja Rajeshwari Nagar,3,1550.0,3.0,1.0,86.8
Super built-up  Area,Ready To Move,Whitefield,2,1227.0,2.0,2.0,70.0
Super built-up  Area,Ready To Move,Sarjapur  Road,2,1059.0,2.0,2.0,68.0
Super built-up  Area,Ready To Move,Mahadevpura,2,1152.0,2.0,1.0,54.0
Super built-up  Area,Ready To Move,Kenchenahalli,2,870.0,1.0,1.0,45.0
Super built-up  Area,17-Dec,Panathur,2,1210.0,2.0,1.0,78.0
Super built-up  Area,19-Mar,Thanisandra,1,663.0,1.0,0.0,46.1
Built-up  Area,Ready To Move,Kadubeesanahalli,3,1365.0,3.0,1.0,80.0
Super built-up  Area,Ready To Move,Whitefield,3,1704.0,3.0,1.0,120.0
Super built-up  Area,18-Dec,Whitefield,3,1495.0,2.0,2.0,60.55
Super built-up  Area,19-Oct,Whitefield,2,1256.0,2.0,2.0,73.0
Built-up  Area,Ready To Move,Kengeri,2,883.0,2.0,0.0,49.0
Built-up  Area,Ready To Move,Bisuvanahalli,3,1080.0,2.0,1.0,45.0
Super built-up  Area,21-Sep,9th Phase JP Nagar,2,1073.0,2.0,1.0,52.36
Super built-up  Area,Ready To Move,Rajaji Nagar,6,3000.0,6.0,3.0,250.0
Built-up  Area,Ready To Move,Thanisandra,1,662.0,1.0,0.0,45.0
Built-up  Area,Ready To Move,5th Phase JP Nagar,3,1550.0,3.0,3.0,75.0
Super built-up  Area,Ready To Move,Banashankari,2,1310.0,2.0,2.0,80.43
Super built-up  Area,Ready To Move,Sarjapur  Road,3,1577.0,3.0,2.0,65.0
Super built-up  Area,Ready To Move,Kodigehaali,3,1324.0,3.0,2.0,65.0
Super built-up  Area,Ready To Move,Kothanur,3,1786.0,2.0,2.0,106.0
Built-up  Area,Ready To Move,Electronic City,1,635.0,1.0,1.0,28.0
Super built-up  Area,Ready To Move,8th Phase JP Nagar,3,1368.0,2.0,1.0,54.71
Super built-up  Area,Ready To Move,Kanakpura Road,3,1450.0,3.0,3.0,55.0
Super built-up  Area,Ready To Move,Devanahalli,2,1045.0,2.0,2.0,48.0
Super built-up  Area,18-Aug,Electronic City,2,1128.0,2.0,1.0,65.4
Built-up  Area,Ready To Move,Bhoganhalli,2,1125.0,2.0,1.0,54.0
Super built-up  Area,18-Jul,Whitefield,2,1195.0,2.0,1.0,62.38
Super built-up  Area,Ready To Move,Domlur,3,1740.0,3.0,0.0,120.0
Super built-up  Area,Ready To Move,Bommasandra,2,877.0,2.0,1.0,29.0
Built-up  Area,Ready To Move,Whitefield,3,1770.0,4.0,1.0,68.0
Super built-up  Area,Ready To Move,Yelahanka New Town,1,450.0,1.0,1.0,15.0
Super built-up  Area,Ready To Move,Whitefield,2,1300.0,2.0,2.0,78.0
Super built-up  Area,Ready To Move,Doddathoguru,3,1300.0,2.0,1.0,42.0
Super built-up  Area,Ready To Move,Kanakpura Road,3,1420.0,3.0,3.0,68.0
Plot  Area,Ready To Move,Anandapura,3,1200.0,2.0,0.0,66.0
Super built-up  Area,Ready To Move,Whitefield,3,1570.0,3.0,3.0,88.0
Super built-up  Area,18-May,Sarjapur  Road,3,1157.0,2.0,1.0,74.0
Super built-up  Area,Ready To Move,Kanakapura,2,1120.0,2.0,2.0,39.2
Super built-up  Area,Ready To Move,Kenchenahalli,2,1150.0,2.0,2.0,60.0
Plot  Area,Ready To Move,Hebbal Kempapura,5,2400.0,5.0,2.0,200.0
Super built-up  Area,Ready To Move,6th Phase JP Nagar,3,2003.0,3.0,3.0,200.0
Super built-up  Area,Ready To Move,Kodichikkanahalli,2,900.0,2.0,1.0,42.0
Super built-up  Area,Ready To Move,Talaghattapura,3,1372.0,2.0,1.0,43.9
Plot  Area,16-Dec,Chikka Tirupathi,4,4500.0,5.0,3.0,150.0
Super built-up  Area,Ready To Move,Bisuvanahalli,3,1180.0,2.0,1.0,55.5
Super built-up  Area,Ready To Move,Electronic City,2,1096.0,2.0,2.0,39.0
Super built-up  Area,Ready To Move,Yeshwanthpur,3,2504.0,3.0,3.0,138.0
Super built-up  Area,Ready To Move,Hennur Road,3,1832.0,3.0,1.0,116.0
Plot  Area,Ready To Move,Whitefield,4,4290.0,5.0,3.0,625.0
Built-up  Area,18-Aug,Electronic City Phase II,2,1020.0,2.0,1.0,29.45
Built-up  Area,Ready To Move,Abbigere,6,2500.0,6.0,0.0,81.0
Super built-up  Area,Ready To Move,Raja Rajeshwari Nagar,2,1400.0,2.0,2.0,45.0
Super built-up  Area,Ready To Move,Tumkur Road,2,708.0,2.0,1.0,32.0
Super built-up  Area,Ready To Move,Channasandra,2,1123.0,2.0,1.0,36.0
Super built-up  Area,Ready To Move,Talaghattapura,2,1100.0,2.0,1.0,49.49
Super built-up  Area,Ready To Move,Kengeri Satellite Town,1,410.0,1.0,1.0,15.0
Plot  Area,Ready To Move,Banashankari Stage II,3,2400.0,2.0,2.0,300.0
Super built-up  Area,Ready To Move,Gubbalala,2,1475.0,2.0,2.0,80.0
Super built-up  Area,Ready To Move,Kengeri Satellite Town,2,1120.0,2.0,2.0,49.0
Super built-up  Area,Ready To Move,KR Puram,2,1150.0,2.0,1.0,42.0
Super built-up  Area,Ready To Move,Yeshwanthpur,2,1165.0,2.0,1.0,85.0
Super built-up  Area,Ready To Move,Harlur,3,1756.0,3.0,2.0,134.0
Super built-up  Area,Ready To Move,Ambedkar Nagar,2,1409.0,2.0,2.0,95.0
Super built-up  Area,Ready To Move,Mahadevpura,2,1212.0,2.0,1.0,56.9
Super built-up  Area,19-Sep,Hegde Nagar,3,2087.01,3.0,2.0,115.0
Super built-up  Area,Ready To Move,Jalahalli East,1,775.0,1.0,0.0,34.1
Super built-up  Area,18-Apr,Sarjapur  Road,3,1700.0,3.0,1.0,118.0
Super built-up  Area,Ready To Move,Raja Rajeshwari Nagar,2,1110.0,2.0,1.0,52.0
Built-up  Area,Ready To Move,Chikka Tirupathi,4,2704.0,5.0,0.0,105.0
Plot  Area,Ready To Move,Hormavu,5,1600.0,5.0,2.0,140.0
Super built-up  Area,19-Dec,Bhoganhalli,2,1205.0,2.0,2.0,64.47
Built-up  Area,Ready To Move,Ardendale,3,1650.0,3.0,3.0,82.0
Super built-up  Area,Ready To Move,Electronic City,2,1150.0,2.0,1.0,38.0
Built-up  Area,Ready To Move,Dasanapura,4,2400.0,5.0,2.0,100.0
Super built-up  Area,Ready To Move,Raja Rajeshwari Nagar,3,1580.0,3.0,1.0,83.74
Super built-up  Area,18-Dec,Whitefield,2,1216.0,2.0,1.0,84.03
Carpet  Area,20-Dec,Kanakpura Road,1,381.0,1.0,1.0,28.0
Built-up  Area,18-Feb,KR Puram,9,4600.0,9.0,2.0,200.0
Super built-up  Area,Ready To Move,Hebbal,2,1040.0,2.0,1.0,55.0
Built-up  Area,18-Apr,Choodasandra,4,2429.0,3.0,1.0,210.0
Super built-up  Area,Ready To Move,Kanakpura Road,3,1498.0,3.0,2.0,74.9
Super built-up  Area,Ready To Move,Vidyaranyapura,3,1200.0,2.0,2.0,65.0
Super built-up  Area,18-Apr,Electronic City,2,1355.0,2.0,1.0,72.9
Super built-up  Area,Ready To Move,Yeshwanthpur,3,1860.0,3.0,2.0,168.0
Built-up  Area,Ready To Move,Whitefield,2,1240.0,2.0,2.0,70.0
Super built-up  Area,Ready To Move,Kanakpura Road,3,1300.0,2.0,2.0,55.0
Plot  Area,Ready To Move,Kundalahalli,4,2500.0,5.0,2.0,245.0
Super built-up  Area,Ready To Move,Ambedkar Nagar,3,1950.0,4.0,2.0,120.0
Super built-up  Area,Ready To Move,Ambalipura,3,1625.0,2.0,2.0,145.0
Super built-up  Area,18-Jul,Electronic City,2,1200.0,2.0,2.0,30.0
Super built-up  Area,Ready To Move,OMBR Layout,2,1101.0,2.0,2.0,66.0
Super built-up  Area,18-Mar,Whitefield,2,1216.0,2.0,1.0,72.5
Super built-up  Area,Ready To Move,Uttarahalli,3,1250.0,2.0,3.0,50.0
Built-up  Area,Ready To Move,Ananth Nagar,3,1470.0,3.0,2.0,54.0
Super built-up  Area,22-Dec,Bannerghatta Road,3,1365.0,3.0,1.0,76.18
Super built-up  Area,18-Jul,Hosa Road,2,1364.0,2.0,1.0,64.79
Super built-up  Area,20-Dec,Banashankari Stage VI,2,1180.0,2.0,1.0,59.47
Super built-up  Area,Ready To Move,7th Phase JP Nagar,3,1800.0,3.0,2.0,130.0
Super built-up  Area,Ready To Move,Kothannur,2,1350.0,2.0,2.0,42.0
Super built-up  Area,Ready To Move,Thanisandra,3,1573.0,3.0,2.0,98.0
Super built-up  Area,Ready To Move,Doddakallasandra,2,1072.0,2.0,1.0,42.87
Built-up  Area,18-Dec,Kudlu Gate,2,1336.0,2.0,1.0,86.0
Super built-up  Area,Ready To Move,Marathahalli,4,3400.0,4.0,3.0,235.0
Super built-up  Area,Ready To Move,Raja Rajeshwari Nagar,3,1608.0,3.0,3.0,54.51
Super built-up  Area,18-Dec,JP Nagar,4,4000.0,4.0,3.0,441.0
Super built-up  Area,Ready To Move,Whitefield,2,1215.0,2.0,2.0,40.0
Built-up  Area,Ready To Move,Cox Town,2,1100.0,2.0,1.0,166.0
Super built-up  Area,Ready To Move,Green Glen Layout,3,1517.0,3.0,3.0,100.0
Super built-up  Area,Ready To Move,Mallasandra,2,1565.0,2.0,2.0,69.0
Super built-up  Area,Ready To Move,Whitefield,3,2025.0,4.0,2.0,115.0
Super built-up  Area,19-Jun,Jalahalli,2,1057.0,2.0,1.0,34.71
Super built-up  Area,Ready To Move,Sadashiva Nagar,3,3850.0,3.0,3.0,650.0
Super built-up  Area,Ready To Move,Sarjapur,2,1044.0,2.0,2.0,34.0
Built-up  Area,Ready To Move,Domlur,3,1695.0,3.0,2.0,125.0
Super built-up  Area,18-Jun,Ramagondanahalli,3,1635.0,3.0,1.0,61.0
Built-up  Area,Ready To Move,Electronic City,2,1150.0,2.0,2.0,35.0
Built-up  Area,Ready To Move,Yelachenahalli,2,1110.0,2.0,2.0,110.0
Super built-up  Area,Ready To Move,Yeshwanthpur,2,1163.0,2.0,2.0,64.08
Super built-up  Area,Ready To Move,Thubarahalli,3,1418.0,2.0,2.0,65.0
Built-up  Area,18-Apr,Varthur,2,1155.0,2.0,1.0,60.0
Super built-up  Area,Ready To Move,Bannerghatta Road,2,1115.0,2.0,2.0,78.0
Plot  Area,Ready To Move,Whitefield,4,1920.0,5.0,2.0,250.0
Super built-up  Area,Ready To Move,Yelahanka,2,1445.0,2.0,2.0,82.0
Super built-up  Area,Ready To Move,Uttarahalli,3,1250.0,2.0,2.0,50.0
Super built-up  Area,Ready To Move,Devarachikkanahalli,3,1705.0,3.0,2.0,75.0
Super built-up  Area,Ready To Move,Indira Nagar,3,2200.0,3.0,2.0,160.0
Built-up  Area,Ready To Move,Whitefield,5,7200.0,5.0,2.0,900.0
Super built-up  Area,Ready To Move,Bellandur,3,1830.0,3.0,2.0,90.0
Super built-up  Area,18-Dec,Electronics City Phase 1,3,1450.0,3.0,2.0,58.0
Super built-up  Area,Ready To Move,Hoodi,2,1259.0,2.0,2.0,69.45
Super built-up  Area,Ready To Move,Subramanyapura,3,1260.0,2.0,1.0,73.0
Built-up  Area,Ready To Move,Kaggadasapura,3,2500.0,5.0,1.0,120.0
Built-up  Area,18-Dec,Kudlu Gate,3,1919.0,3.0,2.0,121.0
Super built-up  Area,Ready To Move,Hennur Road,3,2050.0,3.0,2.0,120.0
Built-up  Area,Ready To Move,Basavangudi,2,1050.0,2.0,1.0,103.0
Super built-up  Area,Ready To Move,Raja Rajeshwari Nagar,3,1640.0,3.0,1.0,86.8
Super built-up  Area,Ready To Move,Chikkalasandra,3,1265.0,2.0,2.0,53.12
Built-up  Area,Ready To Move,Hennur,3,1640.0,3.0,2.0,120.0
Super built-up  Area,Ready To Move,9th Phase JP Nagar,3,1719.3,2.0,2.0,88.0
Super built-up  Area,Ready To Move,Kaggadasapura,2,1180.0,2.0,2.0,70.0
Super built-up  Area,Ready To Move,HBR Layout,3,1700.0,3.0,1.0,110.0
Super built-up  Area,Ready To Move,Kudlu Gate,2,1464.0,3.0,3.0,56.0
Built-up  Area,Ready To Move,JP Nagar,6,1800.0,6.0,0.0,68.0
Built-up  Area,15-Aug,Yelahanka,2,1225.0,2.0,2.0,62.0
Super built-up  Area,Ready To Move,7th Phase JP Nagar,2,1050.0,2.0,0.0,68.0
Super built-up  Area,Ready To Move,Sarjapur  Road,3,1691.0,3.0,3.0,120.0
Super built-up  Area,Ready To Move,Hormavu,2,765.0,2.0,1.0,37.49
Super built-up  Area,Ready To Move,Chamrajpet,2,730.0,1.0,2.0,52.0
Super built-up  Area,Ready To Move,Yelahanka New Town,1,500.0,1.0,1.0,18.0
Super built-up  Area,Ready To Move,7th Phase JP Nagar,3,1400.0,2.0,2.0,57.0
Built-up  Area,Ready To Move,Hormavu,3,1668.0,2.0,2.0,120.0
Super built-up  Area,Ready To Move,Kenchenahalli,1,700.0,1.0,1.0,35.0
Super built-up  Area,Ready To Move,5th Phase JP Nagar,3,1485.0,2.0,1.0,66.0
Super built-up  Area,20-Oct,Kanakpura Road,2,700.0,2.0,1.0,41.0
Super built-up  Area,18-Dec,Whitefield,3,1346.0,2.0,1.0,100.0
Super built-up  Area,Ready To Move,Electronic City,3,1609.0,3.0,3.0,115.0
Built-up  Area,Ready To Move,Electronic City,2,770.0,1.0,1.0,35.0
Built-up  Area,Ready To Move,Kudlu,2,1076.0,2.0,1.0,50.0
Super built-up  Area,Ready To Move,Kengeri,2,1052.0,2.0,2.0,51.0
Super built-up  Area,18-Apr,Channasandra,2,1000.0,2.0,2.0,35.0
Built-up  Area,18-Aug,Bommasandra Industrial Area,2,1000.0,2.0,1.0,28.88
Super built-up  Area,Ready To Move,Thanisandra,3,1262.0,2.0,1.0,83.0
Super built-up  Area,Ready To Move,Sadashiva Nagar,4,3500.0,4.0,2.0,700.0
Super built-up  Area,18-May,Ramagondanahalli,2,1251.0,2.0,1.0,53.0
Plot  Area,Ready To Move,Nagarbhavi,3,1050.0,3.0,1.0,175.0
Super built-up  Area,18-May,Old Madras Road,2,1157.0,2.0,2.0,47.32
Super built-up  Area,Ready To Move,Harlur,2,1197.0,2.0,1.0,78.0
Super built-up  Area,Ready To Move,Raja Rajeshwari Nagar,3,1500.0,3.0,3.0,51.04
Built-up  Area,Ready To Move,Kumaraswami Layout,3,2400.0,2.0,1.0,125.0
Super built-up  Area,18-Aug,Kundalahalli,3,1397.0,3.0,3.0,105.0
Built-up  Area,Ready To Move,Basaveshwara Nagar,2,900.0,2.0,1.0,60.0
Super built-up  Area,Ready To Move,Rachenahalli,3,2710.0,3.0,2.0,170.0
Super built-up  Area,Ready To Move,Yelahanka,1,602.0,1.0,1.0,38.0
Super built-up  Area,Ready To Move,Sarjapur  Road,3,1770.0,3.0,2.0,180.0
Super built-up  Area,Ready To Move,Rachenahalli,2,1200.0,2.0,2.0,46.5
Super built-up  Area,Ready To Move,Kasavanhalli,3,1476.0,3.0,0.0,105.0
Super built-up  Area,Ready To Move,Thanisandra,2,1056.0,2.0,2.0,65.0
Super built-up  Area,18-Apr,EPIP Zone,3,1860.0,3.0,2.0,130.0
Super built-up  Area,Ready To Move,Gunjur,2,1063.0,2.0,2.0,40.0
Super built-up  Area,Ready To Move,Yelahanka,1,697.0,1.0,1.0,35.0
Built-up  Area,Ready To Move,Vijayanagar,1,2400.0,2.0,0.0,230.0
Built-up  Area,Ready To Move,CV Raman Nagar,3,1835.0,3.0,2.0,160.0
Super built-up  Area,22-Dec,Bannerghatta Road,3,1532.5,3.0,0.0,79.465
Super built-up  Area,Ready To Move,BTM 2nd Stage,2,1147.0,2.0,1.0,75.0
Plot  Area,Ready To Move,Kothanur,4,3400.0,5.0,0.0,265.0
Super built-up  Area,Ready To Move,Doddakallasandra,2,1010.0,2.0,1.0,40.4
Super built-up  Area,Ready To Move,Brookefield,2,1270.0,2.0,1.0,95.0
Super built-up  Area,Ready To Move,Bellandur,2,1410.0,3.0,2.0,92.0
Super built-up  Area,Ready To Move,Yelahanka,2,1065.0,2.0,1.0,41.38
Super built-up  Area,Ready To Move,Hebbal,3,1315.0,3.0,3.0,65.0
Super built-up  Area,Ready To Move,Kaggadasapura,2,960.0,2.0,1.0,45.0
Built-up  Area,Ready To Move,Whitefield,2,1020.0,2.0,2.0,45.0
Super built-up  Area,Ready To Move,Varthur,2,1035.0,2.0,1.0,60.0
Built-up  Area,18-Aug,Bommasandra Industrial Area,2,1020.0,2.0,1.0,29.45
Super built-up  Area,Ready To Move,GM Palaya,3,1315.0,3.0,0.0,64.0
Super built-up  Area,Ready To Move,Basavangudi,3,1350.0,2.0,2.0,130.0
Super built-up  Area,Ready To Move,Bisuvanahalli,3,1075.0,2.0,1.0,48.0
Super built-up  Area,Ready To Move,Kengeri Satellite Town,3,1450.0,2.0,3.0,50.0
Super built-up  Area,Ready To Move,Marathahalli,2,1350.0,2.0,1.0,99.0
Plot  Area,20-Dec,Binny Pete,3,1282.0,3.0,2.0,178.0
Super built-up  Area,18-Apr,Sarjapur  Road,3,1929.0,3.0,1.0,103.0
Super built-up  Area,Ready To Move,Varthur,2,1100.0,2.0,2.0,72.0
Built-up  Area,Ready To Move,Kundalahalli,3,1800.0,3.0,2.0,110.0
Super built-up  Area,Ready To Move,Gubbalala,2,1223.0,2.0,1.0,42.81
Super built-up  Area,Ready To Move,Bharathi Nagar,3,1664.0,3.0,2.0,69.89
Super built-up  Area,Ready To Move,Kasavanhalli,2,1158.0,2.0,2.0,67.0
Super built-up  Area,Ready To Move,Hormavu,3,1420.0,3.0,2.0,58.0
Super built-up  Area,18-Aug,Rajaji Nagar,2,1268.0,2.0,1.0,127.0
Super built-up  Area,18-May,Sarjapur  Road,2,1308.0,2.0,1.0,75.0
Built-up  Area,Ready To Move,Basavangudi,3,1485.0,3.0,1.0,140.0
Built-up  Area,Ready To Move,Hulimavu,4,2000.0,4.0,0.0,100.0
Super built-up  Area,Ready To Move,Rajaji Nagar,3,2450.0,3.0,3.0,330.0
Super built-up  Area,18-May,Uttarahalli,3,1525.0,2.0,2.0,62.82
Super built-up  Area,20-Dec,Whitefield,2,935.0,2.0,1.0,32.72
Built-up  Area,Ready To Move,HBR Layout,2,1198.0,2.0,1.0,65.0
Plot  Area,18-Aug,Attibele,2,1000.0,2.0,1.0,42.0
Built-up  Area,Ready To Move,Anekal,1,400.0,1.0,1.0,11.5
Super built-up  Area,18-Apr,Marathahalli,3,1310.0,3.0,1.0,63.22
Super built-up  Area,Ready To Move,Panathur,3,1861.0,3.0,3.0,92.0
Super built-up  Area,Ready To Move,Uttarahalli,3,1265.0,2.0,2.0,65.0
Super built-up  Area,Ready To Move,Raja Rajeshwari Nagar,3,1279.0,2.0,1.0,53.76
Super built-up  Area,Ready To Move,Uttarahalli,3,1590.0,3.0,2.0,57.0
Super built-up  Area,22-Jun,Hoodi,3,1837.0,3.0,3.0,142.0
Super built-up  Area,16-Dec,Hegde Nagar,3,1703.0,3.0,2.0,130.0
Super built-up  Area,Ready To Move,Kudlu,3,1293.0,2.0,2.0,80.0
Built-up  Area,Ready To Move,5th Phase JP Nagar,2,1030.0,2.0,2.0,57.0
Super built-up  Area,Ready To Move,Kanakpura Road,3,1570.0,3.0,3.0,65.93
Built-up  Area,Ready To Move,7th Phase JP Nagar,2,1000.0,2.0,2.0,60.0
Super built-up  Area,Ready To Move,Bisuvanahalli,3,1075.0,2.0,1.0,37.0
Super built-up  Area,Ready To Move,Varthur,2,1091.0,2.0,1.0,33.82
Super built-up  Area,Ready To Move,EPIP Zone,3,2210.0,3.0,3.0,165.0
Super built-up  Area,Ready To Move,Rajaji Nagar,3,1640.0,3.0,2.0,262.0
Super built-up  Area,Ready To Move,Gottigere,2,1205.0,2.0,1.0,56.58
Super built-up  Area,19-May,Kengeri,2,1009.0,2.0,1.0,30.27
Built-up  Area,Ready To Move,Thigalarapalya,4,3362.0,5.0,2.0,249.0
Super built-up  Area,18-May,Mysore Road,3,1560.0,2.0,2.0,83.3
Built-up  Area,Ready To Move,Rajaji Nagar,4,1600.0,3.0,0.0,140.0
Super built-up  Area,Ready To Move,Sanjay nagar,2,960.0,2.0,1.0,55.0
Super built-up  Area,Ready To Move,Whitefield,2,1024.0,2.0,1.0,32.0
Super built-up  Area,Ready To Move,Mico Layout,1,800.0,1.0,1.0,29.5
Super built-up  Area,Ready To Move,Sarjapur  Road,3,2650.0,3.0,2.0,260.0
Super built-up  Area,Ready To Move,Jakkur,2,1080.0,2.0,2.0,60.0
Super built-up  Area,Ready To Move,Hebbal,2,1150.0,2.0,1.0,55.0
Super built-up  Area,18-May,Dasanapura,3,1286.0,2.0,1.0,68.0
Plot  Area,Ready To Move,Whitefield,4,2990.0,3.0,2.0,198.0
Super built-up  Area,Ready To Move,JP Nagar,2,1150.0,2.0,2.0,90.0
Super built-up  Area,Ready To Move,Cooke Town,2,1310.0,2.0,2.0,111.0
Super built-up  Area,Ready To Move,Prithvi Layout,2,1352.0,2.0,2.0,72.0
Super built-up  Area,Ready To Move,Bommanahalli,2,1307.0,2.0,1.0,50.0
Plot  Area,18-Aug,Channasandra,4,1500.0,4.0,1.0,89.45
Super built-up  Area,18-Nov,Thanisandra,2,1131.0,2.0,0.0,55.975
Built-up  Area,Ready To Move,Whitefield,3,1600.0,3.0,0.0,69.1
Super built-up  Area,Ready To Move,Hosur Road,4,2835.0,4.0,0.0,241.0
Super built-up  Area,21-Mar,Yelahanka,1,682.0,1.0,1.0,36.23
Super built-up  Area,Ready To Move,Vittasandra,3,1650.0,3.0,2.0,85.5
Super built-up  Area,18-Apr,Haralur Road,3,1850.0,3.0,2.0,120.0
Plot  Area,Ready To Move,Gubbalala,4,2000.0,4.0,1.0,85.0
Super built-up  Area,Ready To Move,Thanisandra,3,1702.0,3.0,2.0,115.0
Super built-up  Area,Ready To Move,Amruthahalli,2,1250.0,2.0,2.0,79.0
Super built-up  Area,Ready To Move,Raja Rajeshwari Nagar,2,1240.0,2.0,2.0,40.54
Super built-up  Area,19-Mar,Yelahanka,2,1023.0,2.0,1.0,52.59
Super built-up  Area,Ready To Move,Dairy Circle,2,1541.0,2.0,1.0,181.0
Super built-up  Area,Ready To Move,Jakkur,2,1260.0,2.0,0.0,71.195
Super built-up  Area,Ready To Move,Sarjapur  Road,3,1580.0,3.0,3.0,125.0
Super built-up  Area,Ready To Move,Thanisandra,2,1343.0,2.0,2.0,75.0
Super built-up  Area,18-Jun,Bommasandra,3,1365.0,3.0,1.0,52.81
Super built-up  Area,Ready To Move,Kundalahalli,2,1047.0,2.0,1.0,72.0
Plot  Area,18-Feb,Frazer Town,1,560.0,1.0,0.0,90.0
Built-up  Area,Ready To Move,Banashankari Stage III,3,1000.0,2.0,1.0,120.0
Super built-up  Area,Ready To Move,Raja Rajeshwari Nagar,2,1090.0,2.0,1.0,57.0
Super built-up  Area,Ready To Move,Hennur Road,3,1445.0,2.0,2.0,86.69
Super built-up  Area,19-Jan,Malleshwaram,4,6500.0,4.0,3.0,1400.0
Super built-up  Area,Ready To Move,Yeshwanthpur,2,1165.0,2.0,2.0,64.08
Super built-up  Area,Ready To Move,Hormavu,2,1081.5,2.0,0.0,38.665
Super built-up  Area,Ready To Move,Kothanur,3,1787.0,3.0,2.0,107.0
Plot  Area,Ready To Move,Mico Layout,4,3600.0,4.0,2.0,330.0
Super built-up  Area,18-Jul,Sarjapur  Road,3,1797.0,4.0,1.0,95.0
Super built-up  Area,Ready To Move,Whitefield,2,1205.0,2.0,2.0,58.0
Built-up  Area,Ready To Move,Yelahanka,3,1560.0,2.0,2.0,98.0
Super built-up  Area,Ready To Move,5th Phase JP Nagar,2,1200.0,2.0,1.0,68.0
Plot  Area,Ready To Move,Rajaji Nagar,2,1200.0,1.0,1.0,200.0
Super built-up  Area,Ready To Move,Kanakpura Road,3,1450.0,3.0,2.0,65.0
Super built-up  Area,Ready To Move,Thanisandra,3,1935.0,4.0,2.0,122.0
Super built-up  Area,Ready To Move,Hosa Road,2,1016.0,2.0,1.0,45.0
Super built-up  Area,19-Dec,Jakkur,3,1816.0,3.0,1.0,119.0
Super built-up  Area,19-Dec,Hoodi,4,2065.5,4.0,0.0,91.915
Super built-up  Area,Ready To Move,Kengeri,2,1220.0,2.0,2.0,63.0
Plot  Area,Ready To Move,Hosur Road,4,3000.0,4.0,2.0,160.0
Super built-up  Area,Ready To Move,7th Phase JP Nagar,2,980.0,2.0,1.0,86.0
Plot  Area,Ready To Move,Nagarbhavi,4,1200.0,4.0,3.0,210.0
Super built-up  Area,Ready To Move,Hormavu,2,1250.0,2.0,2.0,60.0
Super built-up  Area,Ready To Move,Jakkur,2,1424.0,2.0,3.0,80.0
Built-up  Area,Ready To Move,Hennur Road,2,1297.0,2.0,1.0,49.9
Plot  Area,18-Dec,Karuna Nagar,3,1300.0,3.0,1.0,170.0
Super built-up  Area,Ready To Move,Harlur,2,1290.0,2.0,1.0,89.9
Super built-up  Area,Ready To Move,Koramangala,3,1720.0,2.0,1.0,130.0
Super built-up  Area,Ready To Move,Whitefield,3,1720.0,3.0,3.0,98.97
Built-up  Area,Ready To Move,Chikkalasandra,2,1224.0,2.0,2.0,45.0
Super built-up  Area,Ready To Move,Yelahanka,3,1780.0,3.0,2.0,107.0
Super built-up  Area,Ready To Move,Electronics City Phase 1,3,1800.0,3.0,2.0,93.0
Super built-up  Area,Ready To Move,Budigere,2,1139.0,2.0,2.0,56.5
Plot  Area,Ready To Move,Kengeri,1,1150.0,1.0,0.0,52.0
Super built-up  Area,18-Aug,Channasandra,3,1330.0,2.0,2.0,51.83
Super built-up  Area,18-Dec,Old Airport Road,4,2732.0,4.0,3.0,194.0
Super built-up  Area,Ready To Move,Kodigehaali,2,965.0,2.0,1.0,38.0
Super built-up  Area,Ready To Move,Whitefield,3,1600.0,3.0,2.0,95.0
Super built-up  Area,Ready To Move,Frazer Town,3,3100.0,3.0,2.0,400.0
Super built-up  Area,Ready To Move,Gubbalala,3,1223.0,3.0,2.0,39.14
Super built-up  Area,18-Dec,Ramamurthy Nagar,2,1170.0,2.0,2.0,44.0
Super built-up  Area,18-Apr,Old Madras Road,4,3630.0,6.0,1.0,207.0
Super built-up  Area,Ready To Move,Bellandur,2,950.0,2.0,2.0,35.0
Super built-up  Area,Ready To Move,Frazer Town,3,5400.0,3.0,2.0,400.0
Super built-up  Area,Ready To Move,Electronic City,2,865.0,2.0,1.0,40.0
Built-up  Area,Ready To Move,Lakshminarayana Pura,2,1169.0,2.0,2.0,75.0
Built-up  Area,Ready To Move,Hormavu,2,1206.0,2.0,2.0,40.0
Super built-up  Area,Ready To Move,Lingadheeranahalli,3,1683.0,3.0,1.0,110.0
Super built-up  Area,18-May,Mico Layout,3,1250.0,2.0,2.0,44.0
Super built-up  Area,Ready To Move,Green Glen Layout,4,3150.0,4.0,3.0,218.0
Carpet  Area,18-Dec,Bhoganhalli,3,1234.6,3.0,1.0,104.0
Super built-up  Area,21-Jun,Vijayanagar,1,492.0,1.0,1.0,40.0
Built-up  Area,Ready To Move,Banashankari,2,600.0,1.0,0.0,27.0
Super built-up  Area,Ready To Move,Kalena Agrahara,3,1902.0,3.0,2.0,89.0
Super built-up  Area,Ready To Move,Kasavanhalli,2,1214.0,2.0,3.0,67.0
Plot  Area,Ready To Move,Basaveshwara Nagar,5,2520.0,4.0,1.0,378.0
Super built-up  Area,18-Dec,Harlur,2,1386.0,2.0,2.0,85.0
Super built-up  Area,Ready To Move,Bannerghatta Road,3,1535.0,3.0,3.0,60.0
Super built-up  Area,Ready To Move,Marathahalli,3,1720.0,3.0,2.0,175.0
Built-up  Area,18-Mar,Bannerghatta Road,3,1655.0,3.0,3.0,90.0
Built-up  Area,Ready To Move,Vidyaranyapura,2,1200.0,2.0,2.0,52.0
Super built-up  Area,Ready To Move,Horamavu Banaswadi,3,1610.0,3.0,3.0,68.0
Plot  Area,Ready To Move,Ramamurthy Nagar,4,2200.0,4.0,2.0,130.0
Super built-up  Area,Ready To Move,Whitefield,3,1655.0,3.0,1.0,108.0
Super built-up  Area,18-May,Balagere,2,1210.0,2.0,1.0,69.0
Super built-up  Area,Ready To Move,Hormavu,2,965.0,2.0,2.0,37.15
Super built-up  Area,20-Dec,Kanakpura Road,2,700.0,1.0,1.0,41.0
Super built-up  Area,Ready To Move,Whitefield,3,1740.0,3.0,2.0,95.0
Built-up  Area,18-Dec,Electronic City Phase II,3,1310.0,2.0,1.0,37.84
Super built-up  Area,17-Oct,Sarjapur  Road,3,1763.25,3.0,3.0,98.0
Super built-up  Area,Ready To Move,Basaveshwara Nagar,3,1900.0,3.0,3.0,150.0
Super built-up  Area,Ready To Move,JP Nagar,3,1450.0,2.0,2.0,55.0
Super built-up  Area,Ready To Move,CV Raman Nagar,3,1836.0,3.0,2.0,148.0
Super built-up  Area,Ready To Move,Hennur Road,2,1153.0,2.0,1.0,43.0
Super built-up  Area,Ready To Move,Marathahalli,2,1285.0,2.0,2.0,55.0
Super built-up  Area,Ready To Move,Kadubeesanahalli,2,1257.0,2.0,1.0,105.0
Plot  Area,Ready To Move,Whitefield,3,1200.0,3.0,1.0,56.72
Carpet  Area,19-Jun,Hormavu,1,583.0,1.0,0.0,28.275
Super built-up  Area,Ready To Move,Tumkur Road,3,1240.0,2.0,1.0,79.0
Super built-up  Area,18-Jul,Electronics City Phase 1,2,1314.0,2.0,2.0,60.0
Super built-up  Area,Ready To Move,Koramangala,3,1900.0,2.0,1.0,120.0
Super built-up  Area,Ready To Move,Jakkur,2,1290.0,2.0,1.0,85.0
Plot  Area,Ready To Move,Kodigehaali,4,1200.0,4.0,0.0,130.0
Super built-up  Area,Ready To Move,Hormavu,2,1129.0,2.0,1.0,44.0
Super built-up  Area,20-Jan,Balagere,1,790.5,1.0,0.0,42.295
Built-up  Area,Ready To Move,Hebbal,2,1075.0,2.0,0.0,52.0
Built-up  Area,Ready To Move,Ananth Nagar,2,810.0,2.0,1.0,25.5
Super built-up  Area,Ready To Move,Rajaji Nagar,6,3900.0,6.0,3.0,260.0
Super built-up  Area,Ready To Move,Rajaji Nagar,3,2367.0,3.0,3.0,375.0
Super built-up  Area,Ready To Move,Sarjapur  Road,3,1550.0,2.0,2.0,98.0
Super built-up  Area,Ready To Move,Babusapalaya,2,1100.0,2.0,2.0,38.0
Super built-up  Area,Ready To Move,Kanakpura Road,3,1452.0,3.0,3.0,54.2
Super built-up  Area,Ready To Move,Kothanur,2,1141.0,2.0,2.0,54.0
Super built-up  Area,Ready To Move,Anekal,1,456.0,1.0,1.0,15.0
Plot  Area,Ready To Move,Ramamurthy Nagar,4,1200.0,4.0,1.0,125.0
Built-up  Area,Ready To Move,Horamavu Agara,2,760.0,2.0,2.0,37.49
Plot  Area,Ready To Move,Koramangala,6,2400.0,6.0,0.0,480.0
Built-up  Area,Ready To Move,Electronic City,2,800.0,2.0,2.0,32.0
Super built-up  Area,Ready To Move,Choodasandra,2,1180.0,2.0,1.0,71.22
Carpet  Area,Ready To Move,Kaggadasapura,2,775.0,2.0,2.0,29.5
Super built-up  Area,Ready To Move,Cooke Town,4,3900.0,5.0,2.0,415.0
Super built-up  Area,19-Sep,Yelahanka New Town,3,1420.0,2.0,1.0,75.0
Super built-up  Area,Ready To Move,Bhoganhalli,4,2439.0,4.0,3.0,190.0
Super built-up  Area,19-Dec,Hoodi,2,1111.0,2.0,1.0,49.43
Super built-up  Area,Ready To Move,Begur Road,2,1200.0,2.0,2.0,42.0
Super built-up  Area,18-Oct,Bannerghatta Road,2,1247.0,2.0,1.0,47.39
Super built-up  Area,Ready To Move,7th Phase JP Nagar,2,1050.0,2.0,1.0,77.47
Super built-up  Area,Ready To Move,Devanahalli,3,1550.0,3.0,1.0,85.0
Super built-up  Area,Ready To Move,7th Phase JP Nagar,2,1270.0,2.0,1.0,80.0
Super built-up  Area,18-Apr,Balagere,2,1012.0,2.0,1.0,65.0
Super built-up  Area,Ready To Move,Electronic City,2,970.0,2.0,2.0,34.0
Super built-up  Area,18-Feb,Thanisandra,2,933.0,2.0,1.0,55.0
Plot  Area,18-Aug,Sarjapur,3,1200.0,3.0,2.0,76.13
Super built-up  Area,Ready To Move,7th Phase JP Nagar,3,1463.0,2.0,1.0,61.45
Super built-up  Area,19-Dec,Whitefield,2,1350.0,2.0,1.0,88.0
Built-up  Area,Ready To Move,Kaggadasapura,3,1250.0,2.0,2.0,47.0
Built-up  Area,Ready To Move,Lakshminarayana Pura,2,1200.0,2.0,1.0,75.0
Built-up  Area,Ready To Move,Whitefield,2,1030.0,2.0,2.0,44.0
Plot  Area,Ready To Move,Ramagondanahalli,5,9600.0,6.0,1.0,1800.0
Super built-up  Area,19-Jul,Kanakpura Road,3,1703.0,3.0,2.0,126.0
Super built-up  Area,Ready To Move,Horamavu Banaswadi,2,1210.0,2.0,1.0,50.0
Super built-up  Area,Ready To Move,Nagavarapalya,2,1335.0,2.0,3.0,110.0
Super built-up  Area,Ready To Move,Raja Rajeshwari Nagar,2,1240.0,2.0,2.0,42.04
Super built-up  Area,Ready To Move,Yelahanka,2,1076.0,2.0,1.0,78.0
Super built-up  Area,19-Mar,Whitefield,2,1216.0,2.0,1.0,80.0
Super built-up  Area,Ready To Move,Thanisandra,2,1100.0,2.0,2.0,42.0
Super built-up  Area,19-Mar,Thanisandra,2,1183.0,2.0,1.0,77.3
Super built-up  Area,20-Jan,Balagere,1,656.0,1.0,1.0,38.77
Super built-up  Area,19-Dec,Sarjapur  Road,1,534.0,1.0,1.0,19.65
Super built-up  Area,Ready To Move,Hegde Nagar,3,2087.01,4.0,2.0,135.0
Built-up  Area,Ready To Move,Begur,2,1306.0,2.0,3.0,65.0
Super built-up  Area,22-May,Jakkur,4,2249.81,4.0,2.0,245.0
Super built-up  Area,18-May,Balagere,1,645.0,1.0,1.0,39.0
Built-up  Area,Ready To Move,Hebbal,2,1100.0,2.0,2.0,42.0
Built-up  Area,Ready To Move,Ambalipura,3,1817.0,3.0,3.0,102.0
Super built-up  Area,19-Jan,Kodihalli,4,3626.0,5.0,3.0,785.0
Super built-up  Area,18-Apr,Basavangudi,2,1180.0,2.0,3.0,124.0
Built-up  Area,Ready To Move,KR Puram,2,1050.0,2.0,2.0,55.0
Plot  Area,Ready To Move,Whitefield,4,2900.0,4.0,3.0,225.0
Built-up  Area,Ready To Move,Kasavanhalli,3,2110.0,4.0,3.0,120.0
Built-up  Area,Ready To Move,Mysore Road,1,500.0,1.0,1.0,17.5
Super built-up  Area,Ready To Move,Mahadevpura,3,1505.0,3.0,2.0,64.0
Super built-up  Area,Ready To Move,Ananth Nagar,2,890.0,2.0,1.0,27.0
Super built-up  Area,18-Dec,Gunjur Palya,2,849.0,2.0,2.0,25.4
Carpet  Area,Ready To Move,KR Puram,2,1057.0,2.0,2.0,30.0
Super built-up  Area,Ready To Move,7th Phase JP Nagar,3,1680.0,3.0,2.0,122.0
Built-up  Area,Ready To Move,Sarjapur  Road,3,1450.0,2.0,1.0,75.0
Super built-up  Area,Ready To Move,Kanakpura Road,2,1135.0,2.0,1.0,56.74
Super built-up  Area,Ready To Move,HSR Layout,3,2020.0,3.0,2.0,160.0
Super built-up  Area,18-Jan,Hosa Road,3,1730.0,3.0,2.0,72.6
Built-up  Area,Ready To Move,Dasarahalli,3,1950.0,3.0,2.0,125.0
Super built-up  Area,Ready To Move,Brookefield,3,1706.0,3.0,2.0,115.0
Super built-up  Area,Ready To Move,Channasandra,2,1093.0,2.0,1.0,37.0
Super built-up  Area,Ready To Move,Ambalipura,4,2750.0,4.0,2.0,142.0
Super built-up  Area,18-Feb,Whitefield,2,1340.0,2.0,1.0,101.0
Super built-up  Area,18-Nov,Sarjapur  Road,2,984.0,2.0,1.0,59.0
Super built-up  Area,Ready To Move,AECS Layout,2,1135.0,2.0,2.0,68.0
Plot  Area,18-Dec,Bannerghatta Road,4,2400.0,4.0,1.0,344.0
Super built-up  Area,Ready To Move,Varthur,2,1155.0,2.0,2.0,39.0
Super built-up  Area,Ready To Move,Kaggalipura,1,700.0,1.0,0.0,35.0
Super built-up  Area,Ready To Move,Horamavu Agara,2,1150.0,2.0,1.0,42.0
Super built-up  Area,Ready To Move,Hormavu,3,1385.0,2.0,1.0,69.25
Super built-up  Area,Ready To Move,Akshaya Nagar,3,2061.0,4.0,2.0,175.0
Super built-up  Area,Ready To Move,Kathriguppe,3,1335.0,2.0,3.0,73.43
Super built-up  Area,Ready To Move,Bellandur,2,1015.0,2.0,1.0,60.0
Built-up  Area,Ready To Move,Banashankari Stage III,6,3000.0,6.0,2.0,150.0
Super built-up  Area,Ready To Move,Electronic City,2,1108.0,2.0,1.0,63.0
Super built-up  Area,Ready To Move,Frazer Town,2,1180.0,2.0,1.0,105.0
Super built-up  Area,18-Sep,Hennur Road,3,1445.0,2.0,1.0,83.0
Super built-up  Area,18-Jun,KR Puram,2,1085.0,2.0,1.0,46.5
Built-up  Area,Ready To Move,Sarjapura - Attibele Road,3,1330.0,2.0,1.0,49.0
Plot  Area,18-May,Ramagondanahalli,2,845.0,2.0,1.0,45.82
Super built-up  Area,Ready To Move,Ambalipura,2,1303.0,2.0,2.0,80.0
Super built-up  Area,19-Jan,Chandapura,3,1110.0,2.0,2.0,29.97
Super built-up  Area,Ready To Move,Bannerghatta Road,2,1237.5,2.0,0.0,49.49
Super built-up  Area,18-Mar,9th Phase JP Nagar,3,1780.0,3.0,2.0,88.0
Super built-up  Area,Ready To Move,Budigere,3,1636.0,3.0,2.0,83.0
Built-up  Area,18-May,Hennur,4,2557.0,2.0,2.0,170.0
Built-up  Area,Ready To Move,Sector 2 HSR Layout,2,1332.0,2.0,2.0,101.0
Super built-up  Area,Ready To Move,Sadashiva Nagar,5,7500.0,5.0,2.0,1500.0
Super built-up  Area,Ready To Move,Kengeri,2,1192.0,2.0,2.0,53.5
Super built-up  Area,Ready To Move,Uttarahalli,2,1213.0,2.0,2.0,48.0
Super built-up  Area,Ready To Move,Sarjapur  Road,3,1489.0,3.0,2.0,88.0
Super built-up  Area,Ready To Move,Sarjapur,2,1200.0,2.0,2.0,62.0
Super built-up  Area,18-Jul,Electronic City Phase II,2,1140.0,2.0,2.0,28.5
Super built-up  Area,18-Apr,Devanahalli,3,1200.0,2.0,1.0,55.08
Super built-up  Area,18-Aug,Ananth Nagar,2,1200.0,2.0,1.0,36.0
Plot  Area,Ready To Move,Vidyaranyapura,5,2640.0,6.0,1.0,225.0
Super built-up  Area,Ready To Move,Bannerghatta Road,3,1650.0,3.0,1.0,94.0
Super built-up  Area,Ready To Move,Ardendale,2,1224.0,2.0,2.0,67.0
Super built-up  Area,18-Aug,Gunjur,2,1235.0,2.0,2.0,52.76
Super built-up  Area,Ready To Move,Yelenahalli,2,1200.0,2.0,2.0,45.6
Built-up  Area,Ready To Move,Yelahanka,3,1342.0,2.0,2.0,75.0
Built-up  Area,Ready To Move,TC Palaya,2,1800.0,2.0,2.0,80.0
Plot  Area,Ready To Move,Rajaji Nagar,4,2440.0,2.0,0.0,415.0
Super built-up  Area,Ready To Move,Abbigere,2,1130.0,2.0,1.0,46.33
Built-up  Area,Ready To Move,Somasundara Palya,2,1186.0,2.0,3.0,72.0
Super built-up  Area,Ready To Move,Hennur,2,1295.0,2.0,1.0,64.0
Super built-up  Area,Ready To Move,Bannerghatta Road,2,905.0,2.0,1.0,65.0
Super built-up  Area,Ready To Move,Hormavu,2,1165.0,2.0,1.0,40.0
Super built-up  Area,19-Jul,Kanakpura Road,2,1328.0,2.0,2.0,107.0
Super built-up  Area,Ready To Move,Uttarahalli,3,1475.0,2.0,3.0,59.0
Super built-up  Area,Ready To Move,Vidyaranyapura,2,1175.0,2.0,2.0,35.0
Super built-up  Area,20-Nov,Rachenahalli,2,985.0,2.0,1.0,49.97
Plot  Area,Ready To Move,Koramangala,5,4000.0,5.0,0.0,800.0
Super built-up  Area,Ready To Move,Hoskote,3,1395.0,2.0,2.0,63.0
Super built-up  Area,21-Dec,Hoodi,1,711.0,1.0,0.0,42.65
Super built-up  Area,18-Apr,Electronic City,1,630.0,1.0,1.0,40.5
Super built-up  Area,Ready To Move,Gottigere,2,1170.0,2.0,2.0,40.0
Super built-up  Area,Ready To Move,Marathahalli,4,2500.0,5.0,2.0,181.0
Super built-up  Area,Ready To Move,Gubbalala,2,1100.0,2.0,2.0,49.5
Super built-up  Area,18-Mar,Hulimavu,4,3560.0,5.0,3.0,318.0
Built-up  Area,18-Dec,Bommasandra Industrial Area,2,1160.0,2.0,1.0,33.51
Super built-up  Area,18-Jan,Varthur,2,1180.0,2.0,2.0,55.0
Super built-up  Area,21-Jan,Tumkur Road,3,1441.0,2.0,1.0,95.0
Super built-up  Area,Ready To Move,Yeshwanthpur,3,1825.0,3.0,2.0,145.0
Super built-up  Area,Ready To Move,Subramanyapura,3,1278.0,3.0,2.0,62.71
Super built-up  Area,Ready To Move,Hormavu,2,1065.0,2.0,1.0,50.92
Super built-up  Area,Ready To Move,Whitefield,2,1190.0,2.0,1.0,64.0
Super built-up  Area,22-Jun,Koramangala,2,1130.0,2.0,2.0,63.0
Super built-up  Area,18-Apr,Banashankari,2,1430.0,2.0,2.0,87.8
Super built-up  Area,Ready To Move,Sarjapur  Road,2,1104.0,2.0,1.0,34.22
Super built-up  Area,Ready To Move,Begur Road,2,1240.0,2.0,2.0,45.88
Built-up  Area,Ready To Move,Choodasandra,2,1140.0,2.0,2.0,62.0
Super built-up  Area,Ready To Move,Sarjapur,4,3508.0,6.0,2.0,425.0
Super built-up  Area,Ready To Move,KR Puram,3,1700.0,3.0,3.0,105.0
Super built-up  Area,18-Dec,Old Airport Road,4,2658.0,5.0,3.0,189.0
Super built-up  Area,Ready To Move,OMBR Layout,4,3400.0,4.0,2.0,275.0
Built-up  Area,18-Jan,Balagere,1,645.0,1.0,1.0,41.0
Super built-up  Area,Ready To Move,Hormavu,2,1046.0,2.0,1.0,60.0
Super built-up  Area,Ready To Move,Thubarahalli,2,975.0,2.0,1.0,50.0
Plot  Area,Ready To Move,Whitefield,4,2000.0,4.0,1.0,312.0
Plot  Area,Ready To Move,Jigani,4,1453.0,4.0,1.0,160.0
Super built-up  Area,Ready To Move,Hormavu,2,1400.0,2.0,0.0,75.0
Super built-up  Area,Ready To Move,Bommanahalli,3,1416.0,2.0,1.0,85.0
Super built-up  Area,Ready To Move,Electronic City,2,1100.0,2.0,1.0,41.0
Super built-up  Area,Ready To Move,Kothanur,3,1760.0,3.0,2.0,110.0
Super built-up  Area,Ready To Move,Marathahalli,4,3800.0,4.0,3.0,235.0
Super built-up  Area,Ready To Move,Yeshwanthpur,3,1384.0,2.0,2.0,76.18
Plot  Area,Ready To Move,7th Phase JP Nagar,1,500.0,1.0,0.0,70.0
Super built-up  Area,18-Apr,Sarjapur,2,900.0,2.0,2.0,27.98
Plot  Area,Ready To Move,Anandapura,3,1415.0,2.0,1.0,74.0
Built-up  Area,Ready To Move,Kudlu,2,1030.0,2.0,2.0,75.0
Built-up  Area,Ready To Move,Kambipura,2,883.0,2.0,1.0,39.0
Super built-up  Area,Ready To Move,Anjanapura,4,1800.0,4.0,2.0,55.0
Super built-up  Area,Ready To Move,Old Madras Road,2,1210.0,2.0,1.0,77.0
Super built-up  Area,21-Oct,Kanakpura Road,3,1100.0,3.0,1.0,58.0
Built-up  Area,Ready To Move,Panathur,2,1050.0,2.0,2.0,60.0
Super built-up  Area,Ready To Move,Hosur Road,3,1370.0,3.0,3.0,38.36
Super built-up  Area,Ready To Move,Marathahalli,4,3951.0,4.0,3.0,230.0
Super built-up  Area,Ready To Move,Bellandur,3,2500.0,4.0,2.0,112.0
Super built-up  Area,Ready To Move,Anjanapura,3,1843.0,3.0,1.0,87.54
Super built-up  Area,Ready To Move,Somasundara Palya,2,1186.0,2.0,1.0,76.0
Super built-up  Area,18-Aug,Haralur Road,1,560.0,1.0,1.0,45.0
Super built-up  Area,20-Jan,Yelahanka,3,1823.0,3.0,2.0,103.0
Super built-up  Area,Ready To Move,Varthur,3,1520.0,2.0,2.0,60.0
Plot  Area,18-Aug,Whitefield,3,1500.0,3.0,1.0,78.57
Super built-up  Area,Ready To Move,LB Shastri Nagar,3,1400.0,2.0,2.0,80.0
Super built-up  Area,Ready To Move,HRBR Layout,3,1625.0,3.0,2.0,120.0
Built-up  Area,Ready To Move,Talaghattapura,2,1100.0,2.0,0.0,32.0
Super built-up  Area,Ready To Move,Bannerghatta Road,2,1000.0,2.0,1.0,50.0
Super built-up  Area,18-Dec,Old Airport Road,4,2774.0,4.0,3.0,197.0
Super built-up  Area,Ready To Move,Yeshwanthpur,1,994.0,2.0,0.0,54.67
Super built-up  Area,Ready To Move,Kaggadasapura,3,1455.0,3.0,3.0,75.0
Built-up  Area,Ready To Move,Lakshminarayana Pura,2,1172.0,2.0,1.0,75.0
Super built-up  Area,Ready To Move,Hennur,3,1935.0,3.0,2.0,102.0
Super built-up  Area,Ready To Move,Rachenahalli,3,1856.0,3.0,3.0,106.0
Super built-up  Area,Ready To Move,Old Airport Road,3,2392.0,3.0,2.0,249.0
Super built-up  Area,Ready To Move,Uttarahalli,2,900.0,2.0,2.0,35.0
Built-up  Area,Ready To Move,Raja Rajeshwari Nagar,3,1757.0,3.0,3.0,98.0
Super built-up  Area,Ready To Move,Kudlu,2,1027.0,2.0,2.0,44.0
Super built-up  Area,Ready To Move,Whitefield,3,1626.0,3.0,3.0,85.0
Super built-up  Area,19-Dec,Hoodi,3,1559.0,3.0,1.0,81.55
Super built-up  Area,Ready To Move,Amruthahalli,2,1190.0,2.0,2.0,50.0
Super built-up  Area,Ready To Move,KR Puram,2,1200.0,2.0,1.0,72.0
Super built-up  Area,Ready To Move,Harlur,2,1174.0,2.0,1.0,74.0
Built-up  Area,Ready To Move,Kanakpura Road,2,1140.0,2.0,1.0,65.0
Super built-up  Area,Ready To Move,Subramanyapura,3,1278.0,3.0,2.0,70.0
Super built-up  Area,Ready To Move,Banashankari Stage III,2,1085.0,2.0,1.0,50.0
Super built-up  Area,19-Jun,Whitefield,2,1195.0,2.0,1.0,61.36
Super built-up  Area,19-Jan,Rajaji Nagar,4,6500.0,5.0,2.0,1400.0
Super built-up  Area,Ready To Move,Kanakpura Road,3,1452.0,3.0,3.0,60.0
Super built-up  Area,18-Jan,Sarjapur  Road,1,702.0,1.0,1.0,52.0
Super built-up  Area,Ready To Move,Banashankari,2,1020.0,2.0,1.0,42.83
Super built-up  Area,18-May,Devanahalli,2,1340.0,2.0,1.0,65.0
Super built-up  Area,18-Apr,Marathahalli,2,1125.0,2.0,1.0,54.8
Built-up  Area,Ready To Move,Vidyaranyapura,2,1050.0,2.0,1.0,50.0
Super built-up  Area,19-Dec,JP Nagar,3,1960.0,3.0,1.0,138.0
Super built-up  Area,18-Dec,Old Airport Road,4,3496.0,4.0,2.0,262.0
Super built-up  Area,Ready To Move,Electronic City,2,975.0,2.0,1.0,32.0
Built-up  Area,Ready To Move,8th Phase JP Nagar,4,1800.0,4.0,0.0,230.0
Built-up  Area,Ready To Move,Yeshwanthpur,1,650.0,1.0,0.0,40.0
Super built-up  Area,Ready To Move,Kasavanhalli,2,1495.0,2.0,2.0,110.0
Super built-up  Area,Ready To Move,Hebbal,2,1200.0,2.0,2.0,48.0
Plot  Area,Ready To Move,Sarjapura - Attibele Road,5,3750.0,6.0,2.0,295.0
Super built-up  Area,19-Mar,Hennur Road,3,1679.0,3.0,2.0,94.86
Super built-up  Area,Ready To Move,Kaval Byrasandra,3,1450.0,3.0,2.0,75.0
Super built-up  Area,18-Nov,Balagere,2,1210.0,2.0,1.0,82.0
Super built-up  Area,Ready To Move,Judicial Layout,2,1165.0,2.0,1.0,49.61
Super built-up  Area,Ready To Move,Channasandra,2,1115.0,2.0,1.0,35.8
Super built-up  Area,Ready To Move,BTM Layout,1,450.0,1.0,1.0,20.0
Super built-up  Area,18-Apr,Electronics City Phase 1,2,1170.0,2.0,1.0,62.0
Built-up  Area,Ready To Move,KR Puram,4,2065.0,4.0,0.0,248.0
Built-up  Area,Ready To Move,Marathahalli,3,1700.0,3.0,2.0,126.0
Super built-up  Area,Ready To Move,Malleshpalya,2,1245.0,2.0,1.0,55.0
Built-up  Area,19-Dec,Kanakapura,2,1017.0,2.0,1.0,66.0
Super built-up  Area,18-Mar,Sarjapur  Road,2,1242.0,2.0,1.0,75.0
Super built-up  Area,18-Mar,Yelahanka,3,1792.0,3.0,1.0,104.0
Super built-up  Area,Ready To Move,Electronic City,1,605.0,1.0,1.0,22.0
Plot  Area,Ready To Move,HBR Layout,4,1200.0,4.0,2.0,115.0
Super built-up  Area,18-Dec,Electronics City Phase 1,3,1450.0,3.0,2.0,79.0
Plot  Area,Ready To Move,Bommenahalli,3,1232.0,3.0,1.0,96.0
Super built-up  Area,Ready To Move,Kaggadasapura,2,1200.0,2.0,2.0,40.0
Super built-up  Area,Ready To Move,Kadugodi,4,2100.0,3.0,2.0,204.0
Super built-up  Area,18-Aug,Uttarahalli,2,1065.0,2.0,1.0,42.6
Super built-up  Area,18-Oct,Ramagondanahalli,3,1910.0,3.0,2.0,150.0
Built-up  Area,Ready To Move,Cox Town,2,1280.0,2.0,1.0,120.0
Super built-up  Area,Ready To Move,Raja Rajeshwari Nagar,3,1530.0,3.0,2.0,64.0
Built-up  Area,Ready To Move,Bhoganhalli,4,2439.0,5.0,2.0,170.0
Super built-up  Area,18-Dec,Raja Rajeshwari Nagar,3,1587.0,3.0,1.0,73.8
Built-up  Area,Ready To Move,Kaggadasapura,2,1045.0,2.0,2.0,55.0
Super built-up  Area,Ready To Move,Yelahanka,2,1304.0,2.0,1.0,69.97
Super built-up  Area,Ready To Move,Whitefield,2,1100.0,2.0,2.0,65.0
Super built-up  Area,18-May,Hennur Road,3,1482.0,2.0,1.0,68.9
Built-up  Area,18-Mar,Devanahalli,3,2125.0,3.0,1.0,107.0
Super built-up  Area,Ready To Move,Kengeri,2,1200.0,2.0,3.0,42.0
Super built-up  Area,Ready To Move,Whitefield,2,1100.0,2.0,1.0,46.5
Built-up  Area,Ready To Move,Whitefield,3,1270.0,2.0,2.0,65.0
Super built-up  Area,Ready To Move,Raja Rajeshwari Nagar,3,1529.0,3.0,3.0,51.77
Super built-up  Area,Ready To Move,Thanisandra,2,1185.0,2.0,2.0,42.0
Super built-up  Area,Ready To Move,Gubbalala,2,1060.0,2.0,1.0,46.0
Super built-up  Area,Ready To Move,Ananth Nagar,3,1319.0,3.0,1.0,37.75
Super built-up  Area,Ready To Move,Kaikondrahalli,2,991.0,2.0,0.0,64.0
Super built-up  Area,Ready To Move,Thanisandra,1,662.0,1.0,0.0,38.0
Super built-up  Area,Ready To Move,Talaghattapura,3,1575.0,3.0,2.0,80.0
Plot  Area,Ready To Move,Hosakerehalli,2,600.0,2.0,0.0,65.0
Super built-up  Area,Ready To Move,Ananth Nagar,3,1319.0,3.0,1.0,42.0
Plot  Area,Ready To Move,Brookefield,3,2000.0,3.0,2.0,300.0
Super built-up  Area,Ready To Move,Electronics City Phase 1,2,940.0,2.0,1.0,48.0
Super built-up  Area,Ready To Move,Bharathi Nagar,2,1349.0,2.0,2.0,56.7
Built-up  Area,18-Jun,Whitefield,3,3117.0,3.0,2.0,261.0
Super built-up  Area,Ready To Move,HSR Layout,3,1844.0,3.0,3.0,95.0
Super built-up  Area,Ready To Move,Sarjapur  Road,3,2275.0,4.0,2.0,185.0
Super built-up  Area,18-Jul,Bannerghatta,4,2895.5,2.0,2.0,246.0
Super built-up  Area,18-Aug,Varthur Road,2,1140.0,2.0,2.0,49.11
Plot  Area,Ready To Move,Judicial Layout,5,5400.0,4.0,2.0,700.0
Super built-up  Area,Ready To Move,Banashankari,3,1372.0,2.0,2.0,48.02
Super built-up  Area,18-Apr,Nagavarapalya,3,1788.0,3.0,1.0,164.0
Super built-up  Area,18-Aug,Kudlu Gate,3,1850.0,3.0,2.0,120.0
Super built-up  Area,Ready To Move,Marathahalli,3,1315.0,2.0,2.0,60.0
Super built-up  Area,17-Nov,Sonnenahalli,2,1059.0,2.0,1.0,62.0
Built-up  Area,Ready To Move,Kadubeesanahalli,2,1184.0,2.0,1.0,55.0
Super built-up  Area,Ready To Move,Koramangala,3,2223.0,3.0,2.0,300.0
Built-up  Area,Ready To Move,JP Nagar,4,1500.0,2.0,0.0,87.0
Plot  Area,Ready To Move,Sarjapur  Road,4,3200.0,4.0,1.0,350.0
Plot  Area,20-Jul,Kanakpura Road,4,3170.0,4.0,3.0,250.0
Super built-up  Area,Ready To Move,Kothannur,3,1485.0,2.0,2.0,59.4
Super built-up  Area,Ready To Move,Rajaji Nagar,3,1640.0,3.0,2.0,251.0
Super built-up  Area,Ready To Move,Hennur,3,1655.0,2.0,1.0,70.5
Super built-up  Area,Ready To Move,Hennur Road,3,1654.0,3.0,2.0,97.8
Super built-up  Area,18-Jan,Bellandur,3,1685.0,3.0,3.0,101.0
Built-up  Area,Ready To Move,Banashankari,3,1540.0,3.0,3.0,80.0
Super built-up  Area,18-Jan,Thanisandra,2,1265.0,2.0,1.0,72.0
Super built-up  Area,Ready To Move,Kasavanhalli,3,1200.0,2.0,3.0,38.4
Super built-up  Area,Ready To Move,Sultan Palaya,2,1009.0,2.0,1.0,65.0
Built-up  Area,Ready To Move,Bellandur,3,1735.0,3.0,3.0,105.0
Plot  Area,Ready To Move,HSR Layout,4,2500.0,4.0,3.0,300.0
Super built-up  Area,Ready To Move,Hosakerehalli,3,2480.0,4.0,1.0,265.0
Built-up  Area,Ready To Move,Electronic City,2,1142.0,2.0,0.0,35.0
Super built-up  Area,Ready To Move,Electronic City,2,1070.0,2.0,1.0,48.0
Super built-up  Area,18-May,Electronic City Phase II,2,1125.0,2.0,1.0,32.49
Built-up  Area,18-Jul,Bommasandra Industrial Area,2,1125.0,2.0,1.0,32.49
Super built-up  Area,Ready To Move,Kasavanhalli,2,1575.0,2.0,3.0,85.0
Super built-up  Area,18-Dec,Hosa Road,2,1360.0,2.0,1.0,77.61
Super built-up  Area,Ready To Move,Haralur Road,3,1710.0,3.0,2.0,85.0
Super built-up  Area,18-May,Electronic City Phase II,2,1200.0,2.0,1.0,34.65
Super built-up  Area,Ready To Move,Bannerghatta Road,4,2185.0,3.0,3.0,120.0
Super built-up  Area,Ready To Move,Bannerghatta Road,2,1012.0,2.0,1.0,45.0
Super built-up  Area,Ready To Move,7th Phase JP Nagar,2,1130.0,2.0,2.0,85.0
Super built-up  Area,Ready To Move,Koramangala,3,1744.0,4.0,1.0,210.0
Super built-up  Area,18-Jul,Rajaji Nagar,4,2733.0,5.0,2.0,259.0
Super built-up  Area,Ready To Move,Karuna Nagar,3,1354.0,2.0,1.0,98.0
Super built-up  Area,Ready To Move,Brookefield,2,1389.0,2.0,2.0,94.0
Plot  Area,Ready To Move,Sarjapur,4,2970.0,3.0,3.0,130.0
Super built-up  Area,Ready To Move,Cooke Town,3,2560.0,4.0,2.0,310.0
Super built-up  Area,Ready To Move,Lakshminarayana Pura,2,1172.0,2.0,2.0,75.0
Super built-up  Area,Ready To Move,Kaggadasapura,3,1495.0,3.0,2.0,60.0
Super built-up  Area,Ready To Move,Varthur,2,1738.0,2.0,1.0,57.35
Super built-up  Area,Ready To Move,Dodda Nekkundi,2,1315.0,2.0,2.0,50.0
Super built-up  Area,Ready To Move,Marathahalli,2,1270.0,2.0,3.0,73.0
Super built-up  Area,18-May,Electronic City Phase II,2,1160.0,2.0,1.0,52.2
Super built-up  Area,Ready To Move,Raja Rajeshwari Nagar,3,1450.0,2.0,1.0,67.0
Built-up  Area,Ready To Move,Rayasandra,1,470.0,1.0,1.0,21.0
Super built-up  Area,Ready To Move,Sarjapur,2,1205.0,2.0,2.0,29.0
Super built-up  Area,Ready To Move,Whitefield,2,1135.0,2.0,2.0,58.0
Super built-up  Area,Ready To Move,8th Phase JP Nagar,3,1224.0,2.0,2.0,48.95
Built-up  Area,Ready To Move,Budigere,1,664.0,1.0,1.0,34.0
Super built-up  Area,Ready To Move,Electronic City,3,1160.0,2.0,2.0,42.0
Built-up  Area,18-Aug,Bommasandra Industrial Area,3,1220.0,2.0,1.0,35.2
Super built-up  Area,Ready To Move,Bharathi Nagar,2,1328.0,2.0,2.0,69.0
Built-up  Area,Ready To Move,Malleshwaram,2,900.0,2.0,1.0,72.0
Super built-up  Area,Ready To Move,Rajiv Nagar,4,2330.0,5.0,1.0,175.0
Super built-up  Area,Ready To Move,Sarjapur  Road,3,2100.0,3.0,1.0,135.0
Super built-up  Area,Ready To Move,Sarjapur  Road,4,3335.0,4.0,3.0,290.0
Built-up  Area,18-Apr,Whitefield,3,3150.0,3.0,1.0,290.0
Plot  Area,Ready To Move,Hosur Road,4,2000.0,4.0,1.0,130.0
Super built-up  Area,18-Jun,Electronic City Phase II,2,1244.0,2.0,1.0,55.0
Super built-up  Area,18-May,Gunjur Palya,3,1400.0,3.0,2.0,45.0
Plot  Area,Ready To Move,Rajaji Nagar,2,1056.0,1.0,0.0,250.0
Super built-up  Area,19-Jun,Hebbal,4,2630.0,5.0,0.0,188.0
Super built-up  Area,19-Jun,Hebbal,4,2790.0,5.0,3.0,198.0
Super built-up  Area,Ready To Move,Indira Nagar,4,2800.0,4.0,3.0,365.0
Super built-up  Area,Ready To Move,Seegehalli,3,1683.0,3.0,3.0,80.0
Built-up  Area,Ready To Move,Yelahanka,2,1250.0,2.0,2.0,54.0
Super built-up  Area,Ready To Move,Hennur Road,3,1305.0,2.0,1.0,110.0
Plot  Area,Ready To Move,Sarjapur  Road,3,3009.0,3.0,1.0,331.0
Super built-up  Area,Ready To Move,Kaggalipura,3,1150.0,2.0,1.0,57.5
Built-up  Area,Ready To Move,Kaggadasapura,3,1654.0,3.0,3.0,70.0
Super built-up  Area,18-May,Kadugodi,3,1890.0,4.0,3.0,125.0
Super built-up  Area,Ready To Move,Kasavanhalli,2,1069.0,2.0,2.0,55.0
Super built-up  Area,Ready To Move,Chandapura,2,750.0,1.0,1.0,18.5
Built-up  Area,17-Dec,Hormavu,3,2400.0,3.0,1.0,177.0
Plot  Area,Ready To Move,Koramangala,4,1410.0,2.0,0.0,280.0
Super built-up  Area,Ready To Move,7th Phase JP Nagar,3,1680.0,3.0,3.0,130.0
Super built-up  Area,18-Jul,Sarjapur  Road,3,1700.0,3.0,2.0,93.5
Super built-up  Area,Ready To Move,Thanisandra,3,1595.0,3.0,1.0,105.0
Super built-up  Area,15-Nov,Hennur Road,3,1480.0,3.0,2.0,100.0
Super built-up  Area,19-Sep,Koramangala,3,1866.0,4.0,2.0,245.0
Super built-up  Area,Ready To Move,Hebbal,3,3895.0,3.0,2.0,390.0
Super built-up  Area,Ready To Move,Banashankari,3,1683.0,3.0,2.0,115.0
Super built-up  Area,Ready To Move,Banaswadi,2,1340.0,2.0,2.0,73.0
Plot  Area,Ready To Move,Akshaya Nagar,1,2000.0,1.0,0.0,200.0
Super built-up  Area,Ready To Move,Whitefield,2,1185.0,2.0,2.0,56.0
Super built-up  Area,Ready To Move,Haralur Road,3,1730.0,3.0,1.0,95.0
Super built-up  Area,19-Sep,Hennur Road,3,1450.0,3.0,1.0,88.6
Super built-up  Area,Ready To Move,Sarjapur  Road,3,1862.0,4.0,1.0,110.0
Built-up  Area,Ready To Move,Old Madras Road,3,2430.0,5.0,2.0,180.0
Super built-up  Area,20-Sep,Hoodi,1,863.0,1.0,0.0,40.55
Super built-up  Area,17-Jun,Sarjapur,2,850.0,2.0,2.0,32.0
Built-up  Area,Ready To Move,Gollarapalya Hosahalli,4,1905.0,3.0,2.0,86.0
Built-up  Area,Ready To Move,Chikkabanavar,4,1500.0,4.0,1.0,105.0
Built-up  Area,Ready To Move,Bannerghatta Road,3,1725.0,3.0,3.0,85.0
Super built-up  Area,Ready To Move,Brookefield,3,1750.0,2.0,2.0,75.0
Super built-up  Area,18-Jul,7th Phase JP Nagar,3,2000.0,3.0,2.0,77.0
Built-up  Area,Ready To Move,Koramangala,3,1745.0,3.0,3.0,98.0
Super built-up  Area,Ready To Move,Uttarahalli,3,1270.0,2.0,2.0,55.25
Super built-up  Area,Ready To Move,Iblur Village,5,5384.0,5.0,3.0,420.0
Super built-up  Area,Ready To Move,Sahakara Nagar,2,1180.0,2.0,2.0,72.0
Super built-up  Area,Ready To Move,Ardendale,3,1723.0,3.0,2.0,95.0
Built-up  Area,Ready To Move,Mysore Road,2,1175.0,2.0,2.0,70.5
Super built-up  Area,Ready To Move,Ambalipura,3,1607.0,2.0,2.0,112.0
Super built-up  Area,19-Dec,Bannerghatta,2,1113.0,2.0,1.0,70.0
Built-up  Area,Ready To Move,9th Phase JP Nagar,3,1300.0,2.0,2.0,58.0
Plot  Area,Ready To Move,Judicial Layout,4,2400.0,4.0,2.0,350.0
Built-up  Area,Ready To Move,Sahakara Nagar,2,1200.0,2.0,2.0,60.0
Super built-up  Area,Ready To Move,Jakkur,4,5150.0,4.0,3.0,559.0
Super built-up  Area,18-Dec,Whitefield,4,2956.0,5.0,2.0,234.0
Super built-up  Area,18-May,Panathur,2,1398.0,2.0,1.0,97.0
Plot  Area,Ready To Move,Margondanahalli,2,1152.0,1.0,0.0,66.0
Super built-up  Area,Ready To Move,Nagavara,2,1110.0,2.0,2.0,44.95
Built-up  Area,Ready To Move,Devarachikkanahalli,2,1116.0,2.0,1.0,47.0
Super built-up  Area,Ready To Move,Babusapalaya,2,1061.0,2.0,1.0,33.84
Super built-up  Area,Ready To Move,Malleshwaram,1,620.0,1.0,1.0,86.8
Built-up  Area,Ready To Move,Yelahanka,2,1270.0,2.0,2.0,57.0
Super built-up  Area,Ready To Move,Iblur Village,4,3596.0,5.0,1.0,297.0
Super built-up  Area,Ready To Move,Amruthahalli,2,1202.0,2.0,1.0,65.0
Built-up  Area,Ready To Move,Jakkur,2,1300.0,2.0,2.0,80.0
Super built-up  Area,Ready To Move,Electronic City,3,1360.0,2.0,1.0,70.0
Super built-up  Area,Ready To Move,Hennur Road,2,1155.0,2.0,1.0,69.18
Super built-up  Area,Ready To Move,Hosakerehalli,3,2378.0,3.0,1.0,310.0
Super built-up  Area,Ready To Move,Hulimavu,2,1011.0,2.0,2.0,38.0
Built-up  Area,Ready To Move,HSR Layout,2,1203.0,2.0,2.0,72.0
Super built-up  Area,19-Dec,Hebbal,3,1645.0,3.0,2.0,113.0
Super built-up  Area,Ready To Move,Horamavu Agara,3,1364.0,2.0,3.0,50.0
Super built-up  Area,Ready To Move,Kothanur,3,1365.0,3.0,3.0,66.0
Super built-up  Area,Ready To Move,Jigani,3,1252.0,3.0,3.0,70.0
Built-up  Area,Ready To Move,Panathur,2,1065.0,2.0,1.0,58.0
Super built-up  Area,Ready To Move,Uttarahalli,3,1270.0,2.0,1.0,55.25
Built-up  Area,Ready To Move,Sahakara Nagar,2,1032.0,2.0,2.0,45.0
Super built-up  Area,Ready To Move,Frazer Town,4,2900.0,4.0,2.0,325.0
Super built-up  Area,Ready To Move,Sector 2 HSR Layout,3,1515.0,2.0,3.0,69.0
Super built-up  Area,Ready To Move,Magadi Road,2,940.0,2.0,2.0,50.0
Super built-up  Area,Ready To Move,Bannerghatta Road,3,1460.0,2.0,2.0,80.0
Super built-up  Area,Ready To Move,Sarjapur  Road,3,2275.0,4.0,2.0,175.0
Super built-up  Area,21-Sep,9th Phase JP Nagar,3,1522.0,3.0,2.0,90.0
Super built-up  Area,Ready To Move,Thanisandra,2,1185.0,2.0,2.0,42.67
Built-up  Area,Ready To Move,Banashankari,3,1800.0,3.0,2.0,125.0
Super built-up  Area,17-May,Electronics City Phase 1,2,940.0,2.0,1.0,44.0
Super built-up  Area,Ready To Move,Marathahalli,3,1530.0,3.0,2.0,71.0
Super built-up  Area,Ready To Move,Subramanyapura,2,929.0,2.0,2.0,49.0
Super built-up  Area,Ready To Move,Whitefield,3,1530.0,3.0,3.0,75.0
Super built-up  Area,Ready To Move,Ambalipura,1,770.0,1.0,2.0,43.82
Built-up  Area,Ready To Move,Kaval Byrasandra,2,1066.0,2.0,3.0,55.0
Super built-up  Area,Ready To Move,Electronic City,1,635.0,1.0,0.0,28.0
Super built-up  Area,Ready To Move,Whitefield,2,1015.0,2.0,1.0,45.0
Built-up  Area,Ready To Move,Hebbal,2,1175.0,2.0,0.0,54.05
Super built-up  Area,18-May,Vidyaranyapura,2,1188.0,2.0,1.0,50.0
Plot  Area,Ready To Move,Indira Nagar,5,2400.0,5.0,2.0,700.0
Plot  Area,18-Apr,Attibele,3,1000.0,3.0,1.0,90.0
Super built-up  Area,Ready To Move,Rajaji Nagar,3,1500.0,2.0,2.0,99.0
Super built-up  Area,Ready To Move,Thanisandra,2,1185.0,2.0,2.0,43.66
Built-up  Area,Ready To Move,Basavangudi,3,1600.0,3.0,3.0,130.0
Super built-up  Area,Ready To Move,Yelahanka,2,1300.0,2.0,2.0,69.23
Super built-up  Area,Ready To Move,Kasavanhalli,2,1100.0,2.0,1.0,68.0
Super built-up  Area,19-Apr,Ambalipura,2,860.0,2.0,1.0,28.93
Super built-up  Area,18-Jun,Panathur,2,1007.0,2.0,1.0,64.0
Super built-up  Area,Ready To Move,Akshaya Nagar,2,1100.0,2.0,2.0,48.0
Super built-up  Area,Ready To Move,Whitefield,2,1187.0,2.0,1.0,38.0
Super built-up  Area,Ready To Move,R.T. Nagar,2,1150.0,2.0,2.0,72.0
Super built-up  Area,Ready To Move,Nagavara,3,2400.0,3.0,2.0,252.0
Super built-up  Area,Ready To Move,Budigere,3,1820.0,3.0,2.0,85.2
Super built-up  Area,Ready To Move,KR Puram,4,3628.0,4.0,1.0,246.0
Super built-up  Area,21-Jan,Kanakpura Road,2,700.0,2.0,1.0,40.0
Super built-up  Area,20-Dec,Old Madras Road,2,1165.0,2.0,1.0,40.77
Super built-up  Area,Ready To Move,Jalahalli,3,1569.0,3.0,2.0,118.0
Super built-up  Area,Ready To Move,Yelahanka New Town,3,2437.0,3.0,2.0,125.0
Super built-up  Area,Ready To Move,Marathahalli,2,950.0,2.0,2.0,46.7
Built-up  Area,18-Jul,Bellandur,3,1685.0,3.0,3.0,115.0
Super built-up  Area,Ready To Move,Green Glen Layout,4,3270.0,4.0,3.0,205.0
Super built-up  Area,Ready To Move,Sarjapur  Road,2,1314.0,2.0,2.0,110.0
Super built-up  Area,Ready To Move,Whitefield,3,2247.0,3.0,2.0,145.0
Super built-up  Area,Ready To Move,Marathahalli,3,1550.0,3.0,2.0,85.0
Super built-up  Area,Ready To Move,Hoodi,3,1715.0,2.0,2.0,100.0
Super built-up  Area,Ready To Move,Hennur Road,2,1053.0,2.0,1.0,53.0
Plot  Area,Ready To Move,Begur Road,3,1200.0,3.0,0.0,50.0
Plot  Area,Ready To Move,HBR Layout,3,1800.0,2.0,1.0,230.0
Built-up  Area,Ready To Move,Chikkabanavar,5,2400.0,4.0,0.0,97.0
Plot  Area,Ready To Move,Whitefield,4,3940.0,5.0,3.0,265.0
Built-up  Area,Ready To Move,Thanisandra,3,1241.0,2.0,1.0,65.0
Built-up  Area,Ready To Move,7th Phase JP Nagar,3,2980.0,4.0,2.0,260.0
Super built-up  Area,Ready To Move,Raja Rajeshwari Nagar,2,1090.0,2.0,2.0,57.0
Super built-up  Area,21-Dec,Kanakpura Road,3,1100.0,2.0,1.0,52.97
Built-up  Area,Ready To Move,Koramangala,2,1350.0,2.0,2.0,103.0
Super built-up  Area,Ready To Move,Sarjapur  Road,3,1787.0,3.0,2.0,116.0
Built-up  Area,Ready To Move,BTM Layout,3,2400.0,3.0,2.0,220.0
Super built-up  Area,Ready To Move,Haralur Road,4,3700.0,4.0,2.0,325.0
Super built-up  Area,Ready To Move,Sarjapur  Road,3,1691.0,3.0,2.0,93.01
Plot  Area,18-Mar,Chikka Tirupathi,3,2325.0,3.0,2.0,95.0
Super built-up  Area,Ready To Move,Akshaya Nagar,3,1896.0,3.0,2.0,102.0
Super built-up  Area,Ready To Move,Hormavu,3,1365.0,2.0,2.0,65.0
Super built-up  Area,18-May,Thanisandra,1,580.0,1.0,1.0,27.5
Super built-up  Area,Ready To Move,8th Phase JP Nagar,2,1513.0,2.0,3.0,62.0
Super built-up  Area,Ready To Move,Banashankari,2,1175.0,2.0,1.0,41.13
Super built-up  Area,17-Jan,Thanisandra,3,2087.0,4.0,2.0,139.0
Super built-up  Area,21-Dec,Talaghattapura,3,2273.0,3.0,2.0,145.0
Super built-up  Area,19-May,Thanisandra,3,2050.0,3.0,2.0,150.0
Super built-up  Area,Ready To Move,Whitefield,2,1190.0,2.0,3.0,59.0
Super built-up  Area,18-Apr,Marathahalli,2,1019.0,2.0,2.0,49.86
Super built-up  Area,Ready To Move,Thigalarapalya,3,1830.0,3.0,2.0,133.0
Plot  Area,Ready To Move,Channasandra,7,4278.0,7.0,1.0,299.0
Super built-up  Area,Ready To Move,Sarjapur  Road,2,1028.0,2.0,1.0,56.0
Built-up  Area,Ready To Move,Old Madras Road,2,1300.0,2.0,2.0,100.0
Super built-up  Area,Ready To Move,Whitefield,2,1160.0,2.0,1.0,67.0
Super built-up  Area,Ready To Move,Mahadevpura,3,1505.0,3.0,2.0,78.0
Super built-up  Area,Ready To Move,Sarjapur,2,1175.0,2.0,1.0,41.68
Super built-up  Area,18-May,Devanahalli,2,1230.0,2.0,1.0,56.45
Super built-up  Area,18-Jun,Old Madras Road,5,5020.0,7.0,0.0,287.0
Super built-up  Area,Ready To Move,Banashankari,3,1750.0,2.0,2.0,89.0
Super built-up  Area,Ready To Move,Banashankari Stage II,2,1400.0,2.0,1.0,100.0
Built-up  Area,Ready To Move,Nagarbhavi,3,1350.0,3.0,0.0,60.0
Super built-up  Area,21-Dec,Thanisandra,2,1340.0,2.0,1.0,66.33
Built-up  Area,Ready To Move,Malleshwaram,2,600.0,1.0,0.0,68.0
Super built-up  Area,Ready To Move,Hulimavu,2,1276.0,2.0,2.0,76.0
Super built-up  Area,Ready To Move,Ramagondanahalli,3,1738.0,2.0,3.0,76.0
Super built-up  Area,18-Apr,Electronic City,2,1128.0,2.0,1.0,65.45
Super built-up  Area,Ready To Move,Kudlu,2,1084.0,2.0,1.0,53.0
Built-up  Area,Ready To Move,Kaggadasapura,4,2150.0,4.0,2.0,90.0
Built-up  Area,Ready To Move,Koramangala,4,6000.0,4.0,0.0,625.0
Super built-up  Area,Ready To Move,Hosur Road,2,1250.0,2.0,2.0,65.0
Plot  Area,Ready To Move,Seegehalli,3,2400.0,4.0,1.0,240.0
Super built-up  Area,Ready To Move,Begur,3,1304.0,3.0,0.0,65.0
Super built-up  Area,Ready To Move,Rajaji Nagar,3,1640.0,3.0,2.0,268.0
Built-up  Area,Ready To Move,7th Phase JP Nagar,2,980.0,2.0,1.0,77.44
Plot  Area,Ready To Move,Anekal,3,2400.0,4.0,0.0,95.0
Super built-up  Area,18-May,Kanakpura Road,3,1450.0,2.0,2.0,70.18
Super built-up  Area,Ready To Move,Electronic City,2,890.0,2.0,1.0,40.0
Super built-up  Area,Ready To Move,Bannerghatta Road,2,1340.0,2.0,3.0,85.0
Super built-up  Area,Ready To Move,Vidyaranyapura,3,1100.0,2.0,1.0,75.0
Super built-up  Area,Ready To Move,Kengeri,2,750.0,2.0,1.0,40.0
Super built-up  Area,Ready To Move,Akshaya Nagar,2,1300.0,2.0,2.0,66.0
Super built-up  Area,21-Dec,HRBR Layout,2,1301.0,2.0,1.0,120.0
Super built-up  Area,19-Jul,Kanakpura Road,2,1299.0,2.0,1.0,105.0
Super built-up  Area,Ready To Move,Kalkere,2,925.0,2.0,1.0,55.0
Super built-up  Area,Ready To Move,Uttarahalli,2,1107.0,2.0,1.0,45.0
Super built-up  Area,Ready To Move,Electronics City Phase 1,2,1300.0,2.0,1.0,67.0
Built-up  Area,Ready To Move,Uttarahalli,2,1200.0,2.0,1.0,55.0
Super built-up  Area,18-Sep,Talaghattapura,2,921.0,2.0,2.0,29.47
Super built-up  Area,Ready To Move,Marathahalli,2,1144.0,2.0,2.0,65.0
Super built-up  Area,21-Jan,Kanakpura Road,1,525.0,1.0,1.0,26.01
Super built-up  Area,18-Jun,Balagere,1,661.0,1.0,1.0,33.0
Super built-up  Area,Ready To Move,Yelahanka,3,1705.0,3.0,1.0,91.0
Super built-up  Area,Ready To Move,Kadugodi,3,1430.0,2.0,0.0,55.0
Super built-up  Area,Ready To Move,Marathahalli,2,1240.0,2.0,2.0,55.0
Super built-up  Area,Ready To Move,Electronics City Phase 1,2,1000.0,2.0,3.0,28.0
Super built-up  Area,Ready To Move,Uttarahalli,3,1330.0,2.0,2.0,46.45
Super built-up  Area,Ready To Move,Sarjapur  Road,4,3005.0,5.0,2.0,275.0
Super built-up  Area,Ready To Move,Shivaji Nagar,3,1300.0,3.0,2.0,170.0
Super built-up  Area,18-Apr,Banashankari Stage III,3,1500.0,2.0,2.0,100.0
Built-up  Area,Ready To Move,Cox Town,2,1073.0,2.0,2.0,72.0
Built-up  Area,Ready To Move,Kudlu,2,1300.0,2.0,2.0,56.0
Plot  Area,18-May,Sarjapur,4,4201.0,4.0,3.0,435.0
Super built-up  Area,18-Apr,Whitefield,2,1216.0,2.0,1.0,66.88
Built-up  Area,Ready To Move,Jigani,3,1252.0,3.0,2.0,59.0
Super built-up  Area,19-Aug,Hormavu,2,1196.0,2.0,1.0,44.8
Built-up  Area,Ready To Move,Kudlu,2,1027.0,2.0,2.0,44.0
Super built-up  Area,16-Nov,Mico Layout,2,1171.0,2.0,2.0,39.0
Super built-up  Area,Ready To Move,Kothannur,3,1215.0,2.0,3.0,48.6
Super built-up  Area,19-Dec,Whitefield,2,1180.0,2.0,1.0,77.0
Built-up  Area,18-Aug,Electronic City Phase II,2,1160.0,2.0,1.0,33.51
Super built-up  Area,20-Sep,Whitefield,3,2140.0,3.0,2.0,139.0
Super built-up  Area,Ready To Move,Yeshwanthpur,3,1500.0,3.0,1.0,100.0
Super built-up  Area,Ready To Move,Banaswadi,2,1008.0,2.0,2.0,52.0
Super built-up  Area,Ready To Move,Ambedkar Nagar,3,1921.0,4.0,3.0,129.0
Super built-up  Area,Ready To Move,Electronic City,2,1127.0,2.0,2.0,32.0
Super built-up  Area,18-May,Rajaji Nagar,3,1621.0,3.0,1.0,124.0
Super built-up  Area,18-Aug,Whitefield,2,1314.0,2.0,1.0,84.0
Super built-up  Area,Ready To Move,Choodasandra,3,1220.0,3.0,1.0,56.0
Built-up  Area,Ready To Move,JP Nagar,3,1590.0,2.0,3.0,85.0
Super built-up  Area,Ready To Move,Shivaji Nagar,2,703.0,2.0,1.0,49.5
Super built-up  Area,18-Aug,Hosakerehalli,3,1795.0,3.0,2.0,64.62
Built-up  Area,Ready To Move,Gottigere,4,3000.0,3.0,0.0,132.0
Super built-up  Area,18-Dec,Sarjapur  Road,4,4395.0,4.0,2.0,242.0
Super built-up  Area,Ready To Move,Electronic City,2,825.0,2.0,1.0,35.0
Super built-up  Area,18-Dec,Yelahanka,4,4025.0,6.0,1.0,350.0
Built-up  Area,Ready To Move,Ramagondanahalli,3,2040.0,3.0,2.0,114.0
Super built-up  Area,Ready To Move,Malleshwaram,3,2475.0,4.0,3.0,337.0
Super built-up  Area,Ready To Move,Nagappa Reddy Layout,3,1820.0,3.0,2.0,79.5
Super built-up  Area,19-Dec,Horamavu Agara,3,1623.0,3.0,1.0,89.0
Super built-up  Area,Ready To Move,Electronic City,2,1200.0,2.0,2.0,40.5
Super built-up  Area,Ready To Move,Gottigere,3,1613.0,3.0,3.0,72.0
Super built-up  Area,Ready To Move,Hoskote,2,1065.0,2.0,2.0,28.5
Super built-up  Area,18-Apr,Kudlu Gate,2,940.0,2.0,1.0,69.57
Super built-up  Area,Ready To Move,Sarjapur  Road,3,1181.0,2.0,1.0,65.0
Super built-up  Area,Ready To Move,Malleshwaram,3,2215.0,3.0,2.0,275.0
Built-up  Area,Ready To Move,Marathahalli,1,1100.0,2.0,2.0,75.0
Super built-up  Area,Ready To Move,Subramanyapura,3,1260.0,2.0,1.0,75.0
Super built-up  Area,Ready To Move,Banashankari Stage II,5,2800.0,3.0,2.0,425.0
Super built-up  Area,Ready To Move,Whitefield,3,1530.0,3.0,3.0,73.0
Built-up  Area,Ready To Move,Sarjapur,3,1575.0,3.0,3.0,55.0
Plot  Area,18-Dec,Attibele,3,1200.0,3.0,2.0,105.0
Super built-up  Area,Ready To Move,Raja Rajeshwari Nagar,2,945.0,2.0,1.0,45.0
Super built-up  Area,Ready To Move,Sarjapur  Road,3,1691.0,3.0,2.0,100.0
Built-up  Area,18-Aug,Electronic City Phase II,3,1220.0,3.0,1.0,35.25
Built-up  Area,Ready To Move,Kengeri,1,600.0,1.0,1.0,35.0
Super built-up  Area,18-Aug,Whitefield,2,1160.0,2.0,2.0,39.0
Super built-up  Area,Ready To Move,Vittasandra,3,1650.0,3.0,1.0,85.0
Super built-up  Area,Ready To Move,Abbigere,2,795.0,1.0,1.0,32.6
Super built-up  Area,Ready To Move,Kalyan nagar,3,2285.0,4.0,1.0,165.0
Super built-up  Area,Ready To Move,Hennur,3,1345.0,2.0,1.0,69.0
Super built-up  Area,Ready To Move,Electronic City,3,1360.0,2.0,1.0,58.0
Super built-up  Area,Ready To Move,Sarjapur  Road,2,1026.0,2.0,1.0,60.55
Super built-up  Area,Ready To Move,Uttarahalli,3,1460.0,3.0,3.0,76.0
Built-up  Area,Ready To Move,Kanakpura Road,3,1843.0,3.0,2.0,85.0
Super built-up  Area,18-Aug,Ananth Nagar,2,1000.0,2.0,3.0,25.0
Super built-up  Area,Ready To Move,Koramangala,3,1642.0,2.0,1.0,115.0
Super built-up  Area,Ready To Move,Bisuvanahalli,3,1075.0,2.0,1.0,44.0
Super built-up  Area,18-Feb,Panathur,2,1210.0,2.0,1.0,77.93
Super built-up  Area,Ready To Move,Akshaya Nagar,2,1225.0,2.0,0.0,68.0
Super built-up  Area,Ready To Move,Jakkur,2,1290.0,2.0,1.0,80.04
Super built-up  Area,Ready To Move,Kaggadasapura,2,1361.0,2.0,2.0,79.0
Plot  Area,Ready To Move,Frazer Town,5,2801.25,4.0,1.0,462.0
Built-up  Area,Ready To Move,1st Phase JP Nagar,2,1394.0,2.0,2.0,85.0
Super built-up  Area,Ready To Move,Yelahanka,2,870.0,2.0,1.0,27.0
Super built-up  Area,18-May,Rajaji Nagar,2,1222.0,2.0,2.0,98.0
Super built-up  Area,Ready To Move,Bellandur,3,1846.0,3.0,2.0,135.0
Plot  Area,Ready To Move,Benson Town,2,1688.12,2.0,1.0,270.0
Super built-up  Area,Ready To Move,Yeshwanthpur,2,1167.0,2.0,2.0,64.08
Super built-up  Area,Ready To Move,Ananth Nagar,2,902.0,2.0,2.0,25.0
Super built-up  Area,Ready To Move,Kannamangala,4,2422.0,4.0,3.0,135.0
Built-up  Area,Ready To Move,Kundalahalli,2,1260.0,2.0,0.0,58.0
Built-up  Area,Ready To Move,Banashankari Stage II,3,3000.0,3.0,2.0,450.0
Super built-up  Area,Ready To Move,Jigani,2,939.0,2.0,2.0,39.0
Plot  Area,Ready To Move,Jalahalli,1,600.0,1.0,0.0,37.0
Built-up  Area,Ready To Move,8th Phase JP Nagar,2,1298.0,2.0,1.0,59.0
Super built-up  Area,Ready To Move,Marathahalli,3,1710.0,3.0,2.0,135.0
Super built-up  Area,Ready To Move,Subramanyapura,2,1000.0,2.0,1.0,45.0
Super built-up  Area,Ready To Move,Ramagondanahalli,3,3350.0,3.0,3.0,150.0
Super built-up  Area,Ready To Move,Jalahalli,1,615.0,1.0,1.0,46.0
Super built-up  Area,18-Apr,Sarjapur  Road,2,1350.0,2.0,1.0,85.0
Built-up  Area,Ready To Move,Sultan Palaya,4,5000.0,5.0,2.0,325.0
Super built-up  Area,Ready To Move,Cunningham Road,3,2700.0,3.0,1.0,501.0
Super built-up  Area,Ready To Move,Hegde Nagar,3,1718.0,3.0,2.0,130.0
Super built-up  Area,Ready To Move,7th Phase JP Nagar,3,1680.0,3.0,2.0,112.0
Plot  Area,Ready To Move,Hulimavu,2,1500.0,2.0,0.0,90.0
Super built-up  Area,18-May,Sarjapur  Road,3,1157.0,2.0,1.0,72.0
Super built-up  Area,Ready To Move,Akshaya Nagar,2,1179.0,2.0,1.0,51.0
Super built-up  Area,Ready To Move,Hulimavu,2,1315.0,2.0,0.0,60.48
Super built-up  Area,Ready To Move,Banashankari,3,1800.0,3.0,2.0,175.0
Super built-up  Area,Ready To Move,Jalahalli East,2,1010.0,2.0,1.0,52.0
Super built-up  Area,18-Jan,Electronic City,1,630.0,1.0,1.0,46.0
Plot  Area,19-Apr,Anekal,2,1200.0,2.0,1.0,36.1
Super built-up  Area,Ready To Move,Kaval Byrasandra,2,1025.0,2.0,1.0,60.0
Super built-up  Area,Ready To Move,Hennur Road,2,1195.0,2.0,2.0,59.0
Super built-up  Area,18-Feb,Whitefield,2,1012.0,2.0,1.0,58.0
Super built-up  Area,Ready To Move,Hegde Nagar,3,1884.0,4.0,2.0,118.0
Super built-up  Area,Ready To Move,Sarjapura - Attibele Road,2,1090.0,2.0,1.0,37.0
Super built-up  Area,Ready To Move,Harlur,3,1710.0,3.0,3.0,85.0
Super built-up  Area,Ready To Move,Uttarahalli,3,1500.0,3.0,1.0,68.0
Super built-up  Area,Ready To Move,Kodichikkanahalli,3,1310.0,2.0,2.0,53.0
Super built-up  Area,18-Dec,Dommasandra,2,674.0,1.0,1.0,19.9
Built-up  Area,Ready To Move,Hoodi,3,1350.0,3.0,2.0,70.0
Built-up  Area,18-Dec,Electronic City,3,1400.0,2.0,1.0,40.45
Super built-up  Area,19-Dec,Electronic City Phase II,3,1625.0,2.0,2.0,48.75
Built-up  Area,18-Dec,Electronic City,2,1065.0,2.0,1.0,30.76
Super built-up  Area,Ready To Move,CV Raman Nagar,2,1040.0,2.0,1.0,50.0
Super built-up  Area,Ready To Move,Haralur Road,3,1817.0,3.0,2.0,110.0
Super built-up  Area,Ready To Move,Amruthahalli,2,1340.0,2.0,1.0,75.0
Super built-up  Area,Ready To Move,Kalena Agrahara,2,980.0,2.0,2.0,35.0
Built-up  Area,Ready To Move,8th Phase JP Nagar,2,1006.0,2.0,0.0,44.0
Super built-up  Area,Ready To Move,Thanisandra,2,1098.0,2.0,1.0,71.0
Built-up  Area,Ready To Move,Mico Layout,2,1200.0,2.0,1.0,53.5
Super built-up  Area,Ready To Move,Thigalarapalya,4,4190.0,4.0,2.0,325.0
Super built-up  Area,Ready To Move,Sarjapur  Road,2,1019.0,2.0,1.0,62.0
Super built-up  Area,18-May,Whitefield,2,1150.0,2.0,2.0,40.21
Super built-up  Area,Ready To Move,Kanakpura Road,3,1452.0,3.0,3.0,55.6
Super built-up  Area,Ready To Move,Domlur,2,1246.0,2.0,1.0,95.0
Built-up  Area,Ready To Move,Yelahanka,3,1890.0,4.0,2.0,85.0
Super built-up  Area,18-May,Electronic City Phase II,2,972.0,2.0,1.0,40.0
Plot  Area,Ready To Move,Brookefield,4,1500.0,5.0,3.0,160.0
Super built-up  Area,18-Aug,Electronic City,1,630.0,1.0,1.0,33.7
Plot  Area,Ready To Move,Ramamurthy Nagar,4,1900.0,4.0,2.0,185.0
Plot  Area,Ready To Move,Doddaballapur,3,2440.0,3.0,1.0,142.0
Super built-up  Area,21-May,Kanakpura Road,3,1938.0,3.0,3.0,92.69
Super built-up  Area,Ready To Move,Bannerghatta Road,3,1711.0,3.0,2.0,125.0
Super built-up  Area,18-Jul,CV Raman Nagar,2,1392.0,2.0,1.0,95.0
Super built-up  Area,18-Mar,Haralur Road,2,1225.0,2.0,1.0,77.0
Super built-up  Area,Ready To Move,Sarjapur  Road,4,3418.0,3.0,2.0,235.0
Super built-up  Area,Ready To Move,Green Glen Layout,3,1750.0,3.0,2.0,120.0
Super built-up  Area,Ready To Move,Subramanyapura,3,1260.0,2.0,1.0,80.0
Super built-up  Area,19-Dec,Sarjapur  Road,1,691.0,1.0,1.0,31.1
Plot  Area,Ready To Move,BTM 2nd Stage,4,2400.0,3.0,2.0,400.0
Super built-up  Area,Ready To Move,Haralur Road,2,1285.0,2.0,1.0,78.0
Built-up  Area,Ready To Move,Hebbal,3,1590.0,3.0,2.0,96.0
Super built-up  Area,Ready To Move,9th Phase JP Nagar,3,1571.0,3.0,2.0,65.0
Built-up  Area,Ready To Move,Hebbal Kempapura,5,2800.0,5.0,1.0,220.0
Super built-up  Area,Ready To Move,Garudachar Palya,2,1060.0,2.0,1.0,48.66
Super built-up  Area,Ready To Move,Bannerghatta Road,3,1520.0,2.0,3.0,81.0
Super built-up  Area,Ready To Move,Kanakpura Road,3,1530.0,2.0,2.0,70.99
Super built-up  Area,Ready To Move,OMBR Layout,3,1580.0,3.0,2.0,75.0
Super built-up  Area,Ready To Move,Ardendale,3,1777.26,3.0,2.0,89.0
Super built-up  Area,Ready To Move,Raja Rajeshwari Nagar,2,1303.0,2.0,2.0,55.78
Built-up  Area,Ready To Move,Kodichikkanahalli,2,1680.0,2.0,3.0,59.0
Built-up  Area,Ready To Move,Whitefield,3,1495.0,2.0,2.0,70.0
Super built-up  Area,18-Mar,Yelahanka,3,1835.0,3.0,1.0,108.0
Built-up  Area,18-Dec,Electronic City,2,1025.0,2.0,1.0,29.61
Super built-up  Area,18-Aug,Haralur Road,2,1225.0,2.0,1.0,67.48
Super built-up  Area,20-Jan,Balagere,1,656.0,1.0,1.0,34.77
Super built-up  Area,Ready To Move,Sarjapur  Road,2,994.0,2.0,2.0,45.0
Built-up  Area,Ready To Move,Marathahalli,2,1156.0,2.0,2.0,52.0
Super built-up  Area,Ready To Move,JP Nagar,2,1250.0,2.0,2.0,60.0
Built-up  Area,Ready To Move,Kundalahalli,4,3092.0,4.0,3.0,230.0
Super built-up  Area,Ready To Move,Hegde Nagar,3,1930.0,4.0,2.0,122.0
Built-up  Area,Ready To Move,Kumaraswami Layout,3,1310.0,2.0,1.0,70.0
Super built-up  Area,19-Dec,Jalahalli,1,612.5,1.0,0.0,27.565
Built-up  Area,Ready To Move,Kanakpura Road,2,1322.0,2.0,3.0,70.0
Super built-up  Area,Ready To Move,Kothanur,2,1160.0,2.0,2.0,57.0
Built-up  Area,Ready To Move,Lakshminarayana Pura,3,1720.0,3.0,3.0,150.0
Super built-up  Area,18-Jul,Hosur Road,3,1689.0,3.0,2.0,103.0
Super built-up  Area,Ready To Move,Chikkalasandra,2,1090.0,2.0,1.0,47.42
Super built-up  Area,Ready To Move,KR Puram,2,2000.0,2.0,0.0,75.0
Built-up  Area,18-Jun,Sarjapur  Road,4,3913.0,5.0,0.0,176.0
Super built-up  Area,Ready To Move,Hebbal,3,3520.0,5.0,2.0,320.0
Super built-up  Area,18-Jun,JP Nagar,2,1125.0,2.0,2.0,39.98
Built-up  Area,18-Apr,Yelahanka,3,1847.0,3.0,3.0,92.0
Super built-up  Area,Ready To Move,7th Phase JP Nagar,3,1515.0,2.0,1.0,76.0
Plot  Area,Ready To Move,Raja Rajeshwari Nagar,8,3450.0,7.0,2.0,225.0
Plot  Area,Ready To Move,Yelahanka,5,2500.0,3.0,1.0,120.0
Built-up  Area,Ready To Move,Sarjapur  Road,2,1130.0,2.0,2.0,55.0
Super built-up  Area,Ready To Move,Bellandur,2,1049.0,2.0,1.0,51.0
Super built-up  Area,Ready To Move,Amruthahalli,3,2650.0,4.0,0.0,175.0
Super built-up  Area,18-Dec,Varthur Road,2,850.0,2.0,1.0,25.4
Super built-up  Area,20-Dec,Jakkur,2,1282.0,2.0,1.0,72.0
Super built-up  Area,Ready To Move,Kalena Agrahara,2,800.0,2.0,1.0,40.0
Super built-up  Area,18-Sep,Chandapura,3,1190.0,2.0,2.0,30.35
Super built-up  Area,18-May,Magadi Road,3,1318.0,2.0,1.0,68.0
Super built-up  Area,19-Jul,Kanakpura Road,2,1698.0,2.0,1.0,105.0
Super built-up  Area,Ready To Move,Kammasandra,3,1276.0,2.0,1.0,31.9
Super built-up  Area,17-May,Sarjapur  Road,3,1881.0,3.0,2.0,145.0
Super built-up  Area,18-Jul,Yelahanka,3,1890.0,3.0,2.0,109.0
Super built-up  Area,20-Dec,Old Madras Road,2,935.0,2.0,1.0,32.0
Super built-up  Area,Ready To Move,Cox Town,2,1000.0,2.0,3.0,58.0
Super built-up  Area,Ready To Move,Singasandra,3,1510.0,3.0,2.0,75.0
Built-up  Area,Ready To Move,Uttarahalli,2,1120.0,2.0,1.0,50.0
Super built-up  Area,Ready To Move,Ananth Nagar,2,930.0,2.0,1.0,25.99
Super built-up  Area,Ready To Move,Talaghattapura,2,1175.0,2.0,2.0,62.0
Built-up  Area,Ready To Move,Bellandur,3,1350.0,2.0,1.0,63.0
Super built-up  Area,Ready To Move,Malleshwaram,3,2215.0,3.0,2.0,330.0
Super built-up  Area,Ready To Move,Attibele,2,996.0,2.0,1.0,24.9
Super built-up  Area,Ready To Move,Kasavanhalli,3,1715.0,3.0,3.0,112.0
Super built-up  Area,Ready To Move,Hebbal,2,1072.0,2.0,2.0,45.0
Super built-up  Area,Ready To Move,Panathur,2,1230.0,2.0,1.0,80.0
Super built-up  Area,Ready To Move,Murugeshpalya,3,1600.0,2.0,1.0,65.0
Super built-up  Area,18-Dec,Thanisandra,3,1411.0,3.0,1.0,93.25
Built-up  Area,Ready To Move,Rayasandra,5,3600.0,5.0,3.0,145.0
Super built-up  Area,Ready To Move,Jalahalli,3,2404.0,3.0,2.0,138.0
Plot  Area,Ready To Move,Sahakara Nagar,4,1200.0,4.0,2.0,190.0
Plot  Area,18-Apr,Nagarbhavi,3,1200.0,3.0,2.0,226.0
Built-up  Area,Ready To Move,Doddathoguru,3,1208.0,3.0,1.0,45.0
Super built-up  Area,18-Dec,Haralur Road,2,1225.0,2.0,1.0,69.84
Super built-up  Area,18-Sep,Hebbal,2,1162.0,2.0,1.0,69.0
Super built-up  Area,Ready To Move,Thanisandra,3,1262.0,2.0,1.0,65.0
Built-up  Area,18-Dec,Electronic City Phase II,2,1160.0,2.0,1.0,33.51
Plot  Area,18-Jul,Channasandra,3,1500.0,3.0,1.0,61.95
Super built-up  Area,Ready To Move,Sarjapur  Road,3,2275.0,4.0,2.0,182.0
Super built-up  Area,18-Jul,Hosa Road,2,1170.0,2.0,2.0,65.0
Built-up  Area,Ready To Move,Channasandra,3,1800.0,3.0,2.0,60.0
Super built-up  Area,20-Dec,Banashankari Stage VI,3,1423.0,2.0,1.0,71.73
Super built-up  Area,Ready To Move,Kaggadasapura,2,1106.0,2.0,3.0,40.0
Plot  Area,Ready To Move,Cunningham Road,4,7500.0,6.0,2.0,1800.0
Super built-up  Area,17-Aug,Babusapalaya,2,1061.0,2.0,1.0,38.95
Super built-up  Area,18-May,Electronic City Phase II,3,1400.0,2.0,2.0,40.45
Super built-up  Area,Ready To Move,Domlur,3,2100.0,3.0,2.0,145.0
Super built-up  Area,Ready To Move,Electronic City,2,660.0,1.0,1.0,16.5
Built-up  Area,Ready To Move,Kengeri,2,633.0,1.0,1.0,18.0
Super built-up  Area,Ready To Move,Indira Nagar,2,1260.0,2.0,3.0,120.0
Super built-up  Area,Ready To Move,ITPL,2,907.0,2.0,0.0,55.43
Super built-up  Area,18-Oct,Hennur Road,3,2047.0,3.0,2.0,67.55
Built-up  Area,Ready To Move,Bellandur,2,1211.0,2.0,1.0,63.0
Super built-up  Area,Ready To Move,Hennur Road,3,1904.0,3.0,2.0,129.0
Super built-up  Area,20-Jan,Balagere,2,1205.0,2.0,1.0,73.87
Super built-up  Area,Ready To Move,Yeshwanthpur,2,1164.0,2.0,2.0,64.08
Built-up  Area,Ready To Move,Hennur,2,1420.0,2.0,1.0,62.0
Super built-up  Area,Ready To Move,Panathur,2,1125.0,2.0,2.0,45.0
Built-up  Area,Ready To Move,NRI Layout,3,1789.0,3.0,3.0,75.0
Super built-up  Area,Ready To Move,Hulimavu,2,1021.0,2.0,1.0,76.0
Super built-up  Area,18-May,Ananth Nagar,2,1074.0,2.0,2.0,26.85
Super built-up  Area,Ready To Move,Kalena Agrahara,2,1222.0,2.0,3.0,48.0
Super built-up  Area,Ready To Move,Hennur Road,3,1981.0,3.0,1.0,134.0
Built-up  Area,Ready To Move,Yelachenahalli,2,1103.0,2.0,2.0,55.0
Super built-up  Area,Ready To Move,Sarjapur  Road,2,970.0,2.0,1.0,36.0
Super built-up  Area,Ready To Move,Sarjapur,2,920.0,2.0,2.0,33.0
Super built-up  Area,Ready To Move,Yeshwanthpur,3,1520.0,3.0,3.0,85.0
Super built-up  Area,17-Nov,Sonnenahalli,3,1268.0,2.0,1.0,75.0
Super built-up  Area,Ready To Move,Harlur,3,1755.0,3.0,2.0,115.0
Super built-up  Area,Ready To Move,Hoskote,2,945.0,2.0,1.0,35.0
Carpet  Area,18-Jul,8th Phase JP Nagar,1,500.0,1.0,1.0,33.0
Super built-up  Area,Ready To Move,Harlur,4,2820.0,4.0,0.0,153.5
Built-up  Area,Ready To Move,Bommenahalli,4,1632.0,3.0,0.0,140.0
Super built-up  Area,Ready To Move,Rachenahalli,2,1167.0,2.0,2.0,37.5
Super built-up  Area,Ready To Move,Domlur,2,1276.0,2.0,2.0,80.0
Built-up  Area,Ready To Move,Thanisandra,2,1234.0,2.0,2.0,51.0
Super built-up  Area,Ready To Move,Lakshminarayana Pura,2,1180.0,2.0,1.0,75.0
Built-up  Area,Ready To Move,Electronic City,3,1400.0,3.0,1.0,90.0
Plot  Area,Ready To Move,Whitefield,5,1500.0,6.0,3.0,155.0
Super built-up  Area,18-Jul,Ramagondanahalli,2,1251.0,2.0,1.0,46.0
Super built-up  Area,Ready To Move,Yeshwanthpur,3,1677.0,3.0,2.0,92.13
Super built-up  Area,19-Mar,Sarjapur  Road,2,1346.0,2.0,1.0,67.38
Built-up  Area,18-Jul,Electronic City Phase II,2,1090.0,2.0,1.0,31.48
Super built-up  Area,Ready To Move,Kanakapura,3,1290.0,2.0,3.0,51.1
Super built-up  Area,18-Jul,Rajaji Nagar,5,7514.0,7.0,2.0,1500.0
Super built-up  Area,Ready To Move,Sarjapur  Road,3,1881.0,3.0,2.0,145.0
Super built-up  Area,Ready To Move,Garudachar Palya,2,1150.0,2.0,2.0,52.0
Built-up  Area,Ready To Move,Sarjapur,3,2690.0,3.0,2.0,295.0
Super built-up  Area,Ready To Move,Dairy Circle,3,2735.0,4.0,2.0,340.0
Built-up  Area,Ready To Move,Bommasandra Industrial Area,3,1491.0,3.0,3.0,40.5
Super built-up  Area,19-Jul,Ramamurthy Nagar,2,1050.0,2.0,1.0,51.66
Super built-up  Area,22-Jun,Hoodi,3,1660.0,3.0,2.0,131.0
Super built-up  Area,Ready To Move,Nagavarapalya,2,1134.0,2.0,2.0,55.0
Built-up  Area,Ready To Move,Hebbal,2,1100.0,2.0,1.0,60.0
Plot  Area,19-May,Anekal,2,1200.0,2.0,1.0,36.1
Plot  Area,Ready To Move,Nagarbhavi,4,1200.0,4.0,3.0,240.0
Super built-up  Area,Ready To Move,CV Raman Nagar,1,705.0,2.0,1.0,50.0
Super built-up  Area,Ready To Move,Anandapura,2,1200.0,2.0,1.0,50.0
Super built-up  Area,21-Dec,Talaghattapura,3,1804.0,3.0,2.0,127.0
Built-up  Area,Ready To Move,Malleshwaram,4,2800.0,4.0,2.0,252.0
Super built-up  Area,18-May,Battarahalli,2,1090.0,2.0,2.0,38.37
Plot  Area,Ready To Move,R.T. Nagar,2,1500.0,2.0,0.0,230.0
Built-up  Area,Ready To Move,Electronic City,3,1287.0,3.0,1.0,55.0
Super built-up  Area,Ready To Move,Thigalarapalya,3,2215.0,4.0,2.0,157.0
Built-up  Area,Ready To Move,Sarjapur  Road,2,1045.0,2.0,2.0,42.15
Super built-up  Area,19-Jul,Hormavu,2,1263.0,2.0,1.0,47.36
Super built-up  Area,Ready To Move,Whitefield,3,1431.0,3.0,2.0,85.0
Super built-up  Area,Ready To Move,Dommasandra,2,999.0,2.0,2.0,32.9
Super built-up  Area,18-Apr,Marathahalli,4,2524.0,5.0,2.0,180.0
Super built-up  Area,21-Dec,Kanakpura Road,3,1300.0,3.0,2.0,69.0
Super built-up  Area,Ready To Move,7th Phase JP Nagar,3,2095.0,3.0,2.0,150.0
Super built-up  Area,Ready To Move,Kudlu Gate,2,1215.0,2.0,1.0,44.96
Plot  Area,Ready To Move,Yelahanka New Town,2,2200.0,2.0,0.0,180.0
Built-up  Area,Ready To Move,Electronics City Phase 1,2,1028.0,2.0,1.0,51.0
Super built-up  Area,Ready To Move,Hegde Nagar,3,1835.0,2.0,2.0,92.0
Super built-up  Area,Ready To Move,Munnekollal,3,1800.0,3.0,3.0,65.0
Super built-up  Area,18-May,1st Phase JP Nagar,3,2077.0,3.0,3.0,175.0
Plot  Area,Ready To Move,Sarjapur  Road,4,2880.0,3.0,2.0,211.0
Super built-up  Area,Ready To Move,Dasanapura,2,708.0,2.0,1.0,31.15
Super built-up  Area,Ready To Move,Basavangudi,2,1200.0,2.0,3.0,120.0
Built-up  Area,Ready To Move,Hosakerehalli,2,925.0,2.0,1.0,46.25
Built-up  Area,18-Mar,Bannerghatta Road,3,2826.0,3.0,1.0,148.0
Carpet  Area,20-Dec,Kanakpura Road,1,458.0,1.0,0.0,33.66
Built-up  Area,Ready To Move,Amruthahalli,3,1450.0,2.0,1.0,90.0
Super built-up  Area,Ready To Move,Kasavanhalli,2,1100.0,2.0,1.0,65.0
Super built-up  Area,Ready To Move,Kadubeesanahalli,2,1185.0,2.0,3.0,55.0
Built-up  Area,Ready To Move,9th Phase JP Nagar,4,1900.0,4.0,2.0,80.0
Plot  Area,Ready To Move,TC Palaya,2,1200.0,2.0,1.0,70.0
Super built-up  Area,Ready To Move,Ambedkar Nagar,3,1920.0,4.0,2.0,121.0
Built-up  Area,Ready To Move,Sarjapur  Road,4,3418.0,2.0,2.0,222.0
Super built-up  Area,18-Sep,Bhoganhalli,2,1205.0,2.0,1.0,68.32
Super built-up  Area,Ready To Move,Haralur Road,2,1200.0,2.0,2.0,46.0
Super built-up  Area,Ready To Move,Akshaya Nagar,3,1421.0,2.0,2.0,73.0
Super built-up  Area,19-Dec,Whitefield,1,524.0,1.0,1.0,29.0
Built-up  Area,Ready To Move,HSR Layout,5,4200.0,5.0,2.0,245.0
Super built-up  Area,Ready To Move,Thubarahalli,3,1540.0,3.0,2.0,90.0
Super built-up  Area,20-Nov,Rachenahalli,2,985.0,2.0,1.0,50.17
Built-up  Area,18-Jun,Whitefield,4,2830.0,4.0,3.0,161.0
Super built-up  Area,Ready To Move,Raja Rajeshwari Nagar,3,1700.0,2.0,2.0,86.0
Super built-up  Area,19-Dec,Devanahalli,2,1360.0,2.0,0.0,62.425
Super built-up  Area,Ready To Move,Electronic City,2,1258.0,2.0,1.0,85.5
Built-up  Area,Ready To Move,Electronic City,2,1386.0,2.0,1.0,85.0
Built-up  Area,18-Aug,Electronic City Phase II,2,1140.0,2.0,1.0,32.92
Built-up  Area,Ready To Move,Electronic City,1,550.0,1.0,1.0,27.0
Super built-up  Area,Ready To Move,Lakshminarayana Pura,2,1200.0,2.0,3.0,83.0
Super built-up  Area,Ready To Move,Whitefield,4,2135.0,3.0,2.0,149.0
Built-up  Area,18-Aug,Whitefield,4,2500.0,4.0,0.0,100.0
Super built-up  Area,Ready To Move,Devarachikkanahalli,2,991.0,2.0,2.0,40.0
Super built-up  Area,Ready To Move,Gottigere,3,1493.0,2.0,3.0,90.0
Super built-up  Area,Ready To Move,Subramanyapura,3,2495.0,3.0,3.0,130.0
Super built-up  Area,Ready To Move,Kammasandra,2,1080.0,2.0,1.0,31.99
Super built-up  Area,Ready To Move,Electronic City,2,1025.0,2.0,1.0,50.0
Super built-up  Area,Ready To Move,Whitefield,4,3075.0,2.0,3.0,188.0
Super built-up  Area,Ready To Move,Whitefield,3,1760.0,3.0,2.0,160.0
Built-up  Area,Ready To Move,Marathahalli,4,3090.0,4.0,2.0,350.0
Super built-up  Area,20-Dec,Hebbal,4,4235.0,5.0,3.0,364.0
Super built-up  Area,Ready To Move,KR Puram,2,1100.0,2.0,2.0,45.0
Super built-up  Area,Ready To Move,Banashankari,2,1450.0,2.0,2.0,50.75
Super built-up  Area,Ready To Move,6th Phase JP Nagar,3,1810.0,3.0,3.0,131.0
Built-up  Area,Ready To Move,Sector 7 HSR Layout,3,2400.0,2.0,3.0,195.0
Built-up  Area,Ready To Move,Kalyan nagar,2,1100.0,2.0,1.0,70.0
Super built-up  Area,Ready To Move,Electronic City Phase II,1,650.0,1.0,1.0,35.0
Super built-up  Area,18-Dec,Kaikondrahalli,2,900.0,2.0,1.0,27.0
Super built-up  Area,Ready To Move,Billekahalli,2,1360.0,2.0,3.0,110.0
Super built-up  Area,Ready To Move,Yeshwanthpur,1,674.0,1.0,1.0,36.85
Super built-up  Area,18-Jul,Whitefield,3,1655.0,3.0,2.0,110.0
Super built-up  Area,Ready To Move,Hormavu,2,1015.0,2.0,1.0,39.08
Super built-up  Area,Ready To Move,Budigere,2,1153.0,2.0,2.0,60.0
Super built-up  Area,Ready To Move,Kengeri,2,1035.0,2.0,1.0,51.5
Built-up  Area,Ready To Move,KR Puram,5,3300.0,3.0,1.0,255.0
Super built-up  Area,Ready To Move,Uttarahalli,2,1150.0,2.0,1.0,46.0
Super built-up  Area,Ready To Move,Malleshwaram,2,1020.0,2.0,1.0,80.0
Super built-up  Area,18-Jun,Old Madras Road,4,3715.0,6.0,0.0,212.5
Super built-up  Area,Ready To Move,8th Phase JP Nagar,2,1160.0,2.0,1.0,95.0
Built-up  Area,Ready To Move,Brookefield,2,1225.0,2.0,2.0,72.0
Plot  Area,Ready To Move,Malleshwaram,2,600.0,1.0,0.0,90.0
Built-up  Area,Ready To Move,Nagappa Reddy Layout,3,1350.0,3.0,2.0,60.0
Super built-up  Area,21-Oct,Kanakpura Road,3,1300.0,3.0,1.0,69.0
Super built-up  Area,18-Dec,Channasandra,2,830.0,2.0,1.0,36.28
Super built-up  Area,Ready To Move,Sarakki Nagar,4,3126.0,5.0,3.0,345.0
Super built-up  Area,Ready To Move,Jalahalli,2,905.0,2.0,2.0,55.0
Super built-up  Area,Ready To Move,Vijayanagar,3,1375.0,2.0,0.0,75.0
Super built-up  Area,18-Apr,Electronic City,2,1140.0,2.0,2.0,33.84
Super built-up  Area,Ready To Move,Hormavu,3,1550.0,2.0,2.0,60.0
Super built-up  Area,Ready To Move,Kannamangala,2,957.0,2.0,1.0,55.0
Built-up  Area,Ready To Move,9th Phase JP Nagar,2,890.0,2.0,2.0,45.0
Super built-up  Area,Ready To Move,KR Puram,4,3000.0,4.0,2.0,235.0
Super built-up  Area,Ready To Move,Rachenahalli,2,925.0,2.0,1.0,37.0
Built-up  Area,Ready To Move,Kammasandra,2,1415.0,2.0,2.0,60.0
Built-up  Area,Ready To Move,Hennur Road,4,2000.0,4.0,0.0,90.0
Super built-up  Area,19-Dec,Whitefield,1,840.0,1.0,1.0,57.0
Super built-up  Area,18-Dec,Thanisandra,3,1732.0,3.0,1.0,112.0
Super built-up  Area,Ready To Move,Bhoganhalli,2,1260.0,2.0,1.0,69.9
Super built-up  Area,Ready To Move,Whitefield,3,1725.0,3.0,2.0,106.0
Built-up  Area,Ready To Move,Jalahalli,2,1000.0,2.0,0.0,70.0
Plot  Area,Ready To Move,TC Palaya,1,1350.0,1.0,0.0,55.0
Plot  Area,Ready To Move,7th Phase JP Nagar,4,3200.0,4.0,2.0,350.0
Super built-up  Area,Ready To Move,Bellandur,3,1717.0,3.0,2.0,110.0
Super built-up  Area,21-Dec,Kanakpura Road,2,700.0,2.0,1.0,34.0
Super built-up  Area,Ready To Move,Rajaji Nagar,3,2367.0,4.0,3.0,340.0
Super built-up  Area,Ready To Move,Sonnenahalli,3,1415.0,2.0,1.0,65.0
Super built-up  Area,19-Dec,7th Phase JP Nagar,3,1976.0,3.0,1.0,145.0
Super built-up  Area,Ready To Move,Kambipura,2,883.0,2.0,1.0,37.01
Super built-up  Area,Ready To Move,Yelahanka,1,700.0,1.0,1.0,38.0
Super built-up  Area,Ready To Move,Sarjapur,3,1445.0,3.0,1.0,50.0
Super built-up  Area,19-Dec,Battarahalli,3,2082.0,3.0,2.0,104.0
Super built-up  Area,Ready To Move,Thanisandra,2,933.0,2.0,1.0,66.0
Built-up  Area,Ready To Move,Electronic City Phase II,2,1155.0,2.0,1.0,57.0
Super built-up  Area,Ready To Move,Bannerghatta,2,1200.0,2.0,2.0,73.2
Super built-up  Area,Ready To Move,Rajaji Nagar,3,1555.0,3.0,2.0,125.0
Super built-up  Area,Ready To Move,Bellandur,3,1420.0,3.0,2.0,62.0
Super built-up  Area,18-Apr,Devanahalli,1,658.0,1.0,1.0,26.91
Carpet  Area,18-Dec,Bhoganhalli,2,896.9,2.0,1.0,78.74
Plot  Area,Ready To Move,Giri Nagar,4,4000.0,3.0,2.0,750.0
Built-up  Area,Ready To Move,KR Puram,2,1035.0,2.0,2.0,40.0
Plot  Area,Ready To Move,Whitefield,4,2064.0,5.0,2.0,225.0
Built-up  Area,Ready To Move,Yelahanka New Town,1,488.0,1.0,1.0,20.0
Built-up  Area,Ready To Move,Banashankari Stage II,3,1200.0,2.0,1.0,198.0
Super built-up  Area,Ready To Move,Gunjur Palya,2,993.0,2.0,2.0,42.0
Super built-up  Area,Ready To Move,Hoodi,2,1225.0,2.0,1.0,45.0
Built-up  Area,Ready To Move,Sompura,2,825.0,2.0,1.0,32.0
Super built-up  Area,Ready To Move,Bellandur,4,3596.0,4.0,2.0,359.0
Super built-up  Area,Ready To Move,Electronic City Phase II,3,1800.0,3.0,3.0,92.0
Super built-up  Area,21-Mar,Kanakpura Road,2,1167.0,2.0,1.0,63.0
Super built-up  Area,Ready To Move,Sarjapur,2,1150.0,2.0,1.0,41.0
Built-up  Area,Ready To Move,Sarjapur  Road,1,675.0,1.0,1.0,27.0
Plot  Area,Ready To Move,Whitefield,3,4800.0,4.0,2.0,600.0
Super built-up  Area,Ready To Move,Yelahanka New Town,2,1100.0,2.0,1.0,58.0
Super built-up  Area,Ready To Move,Uttarahalli,3,1330.0,2.0,1.0,58.0
Super built-up  Area,Ready To Move,Ulsoor,3,1685.0,4.0,2.0,185.0
Super built-up  Area,18-Apr,Banashankari,3,1770.0,3.0,3.0,108.0
Super built-up  Area,Ready To Move,Prithvi Layout,3,2100.0,3.0,3.0,125.0
Super built-up  Area,Ready To Move,Pai Layout,2,1000.0,2.0,3.0,42.0
Plot  Area,Ready To Move,Ramamurthy Nagar,4,2916.0,5.0,1.0,230.0
Super built-up  Area,Ready To Move,Kanakpura Road,3,1419.59,2.0,1.0,65.0
Built-up  Area,Ready To Move,Horamavu Agara,2,750.0,2.0,1.0,37.49
Super built-up  Area,Ready To Move,Bannerghatta,2,1070.0,2.0,1.0,87.0
Super built-up  Area,18-Dec,Kannamangala,3,1536.0,3.0,1.0,107.0
Built-up  Area,Ready To Move,Koramangala,3,1710.0,3.0,2.0,210.0
Carpet  Area,Ready To Move,JP Nagar,3,2400.0,3.0,3.0,196.0
Super built-up  Area,18-Mar,Sarjapur  Road,3,1773.5,2.0,2.0,102.92
Super built-up  Area,18-Apr,Electronic City,2,1342.0,2.0,1.0,72.0
Super built-up  Area,19-Dec,Kanakapura,1,938.0,1.0,1.0,50.0
Super built-up  Area,Ready To Move,Budigere,3,1820.0,3.0,2.0,99.0
Super built-up  Area,Ready To Move,Bhoganhalli,4,2439.0,4.0,3.0,170.0
Super built-up  Area,Ready To Move,Kanakpura Road,3,1665.0,3.0,2.0,78.0
Super built-up  Area,Ready To Move,Basavangudi,3,1850.0,3.0,2.0,150.0
Built-up  Area,Ready To Move,Bommanahalli,2,1091.0,2.0,1.0,40.0
Super built-up  Area,18-Apr,Sarjapur  Road,2,1346.0,2.0,1.0,74.03
Super built-up  Area,Ready To Move,Rajaji Nagar,3,1720.0,3.0,2.0,224.0
Built-up  Area,Ready To Move,Brookefield,4,3675.0,4.0,3.0,176.0
Super built-up  Area,18-Jun,JP Nagar,2,1060.0,2.0,2.0,33.95
Built-up  Area,18-Dec,Whitefield,2,1059.0,2.0,1.0,57.0
Super built-up  Area,Ready To Move,Hebbal,2,1299.0,2.0,1.0,97.0
Super built-up  Area,Ready To Move,Yelahanka,3,1491.0,3.0,2.0,85.0
Built-up  Area,Ready To Move,Basaveshwara Nagar,2,1200.0,2.0,2.0,85.0
Built-up  Area,Ready To Move,Yelahanka,4,2088.0,5.0,0.0,110.0
Super built-up  Area,Ready To Move,Hulimavu,1,581.0,1.0,1.0,29.0
Built-up  Area,Ready To Move,Electronic City,3,1275.0,3.0,1.0,70.0
Super built-up  Area,Ready To Move,Kothanur,2,1095.0,2.0,2.0,55.0
Plot  Area,Ready To Move,Sarjapur  Road,5,10000.0,4.0,2.0,975.0
Super built-up  Area,Ready To Move,Old Madras Road,2,1330.0,2.0,2.0,74.0
Super built-up  Area,Ready To Move,Marathahalli,2,1135.0,2.0,2.0,60.0
Super built-up  Area,Ready To Move,Whitefield,1,516.0,1.0,1.0,39.0
Plot  Area,Ready To Move,Banaswadi,5,2250.0,5.0,2.0,240.0
Super built-up  Area,Ready To Move,Electronic City,2,770.0,1.0,1.0,38.0
Super built-up  Area,Ready To Move,Sarjapur  Road,4,3930.0,5.0,2.0,330.0
Super built-up  Area,18-May,Chikkalasandra,3,1355.0,3.0,2.0,54.2
Built-up  Area,Ready To Move,Abbigere,8,3000.0,8.0,0.0,150.0
Built-up  Area,Ready To Move,Harlur,4,2569.0,4.0,1.0,175.0
Built-up  Area,Ready To Move,Hebbal,4,3758.0,4.0,2.0,450.0
Super built-up  Area,Ready To Move,Bhoganhalli,3,1707.0,3.0,2.0,115.0
Super built-up  Area,Ready To Move,Sultan Palaya,2,1070.0,2.0,2.0,49.0
Built-up  Area,Ready To Move,Whitefield,4,6000.0,4.0,2.0,410.0
Super built-up  Area,18-Apr,Tumkur Road,3,1240.0,2.0,1.0,83.0
Super built-up  Area,19-Dec,JP Nagar,2,1300.0,2.0,1.0,91.65
Super built-up  Area,Ready To Move,Ambalipura,2,1700.0,2.0,2.0,76.0
Super built-up  Area,Ready To Move,Yeshwanthpur,3,1383.0,2.0,2.0,76.18
Super built-up  Area,Ready To Move,Hulimavu,2,935.0,2.0,3.0,45.0
Super built-up  Area,Ready To Move,Thigalarapalya,3,2072.0,4.0,2.0,151.0
Super built-up  Area,Ready To Move,KR Puram,2,1116.0,2.0,1.0,45.0
Super built-up  Area,18-Dec,Whitefield,3,1639.0,3.0,2.0,107.0
Super built-up  Area,Ready To Move,Marathahalli,3,1839.0,3.0,2.0,130.0
Super built-up  Area,Ready To Move,Horamavu Agara,1,625.0,1.0,1.0,27.0
Super built-up  Area,18-May,Thanisandra,1,933.0,1.0,1.0,61.0
Super built-up  Area,Ready To Move,Hosur Road,3,2289.0,3.0,3.0,180.0
Built-up  Area,Ready To Move,Ramamurthy Nagar,3,2316.0,3.0,0.0,125.0
Super built-up  Area,18-May,Electronic City,2,1005.0,2.0,1.0,39.77
Built-up  Area,Ready To Move,Horamavu Agara,2,1080.0,2.0,1.0,38.0
Plot  Area,Ready To Move,Hormavu,2,1200.0,2.0,0.0,73.0
Super built-up  Area,Ready To Move,Electronic City,2,1110.0,2.0,1.0,39.9
Super built-up  Area,Ready To Move,Kothanur,2,1142.0,2.0,2.0,56.0
Super built-up  Area,Ready To Move,AECS Layout,2,1005.0,2.0,1.0,55.0
Super built-up  Area,Ready To Move,Kothanur,2,1074.0,2.0,2.0,54.0
Carpet  Area,Ready To Move,Basavangudi,2,1230.0,2.0,0.0,80.0
Super built-up  Area,Ready To Move,Electronic City,2,660.0,1.0,1.0,23.0
Built-up  Area,20-Dec,Whitefield,3,1820.0,3.0,2.0,113.0
Super built-up  Area,Ready To Move,Kasavanhalli,2,1230.0,2.0,2.0,66.25
Super built-up  Area,18-May,Horamavu Agara,3,1176.0,2.0,1.0,37.62
Built-up  Area,Ready To Move,Frazer Town,2,1200.0,2.0,1.0,78.0
Super built-up  Area,Ready To Move,Kothanur,2,1285.0,2.0,1.0,60.0
Super built-up  Area,17-Jun,Electronic City,3,1644.0,3.0,2.0,92.59
Super built-up  Area,Ready To Move,Kasavanhalli,3,1819.0,3.0,1.0,150.0
Super built-up  Area,Ready To Move,1st Phase JP Nagar,2,1205.0,2.0,1.0,85.0
Super built-up  Area,Ready To Move,Raja Rajeshwari Nagar,2,1270.0,2.0,2.0,62.0
Super built-up  Area,Ready To Move,Jigani,3,1221.0,3.0,3.0,70.0
Super built-up  Area,Ready To Move,Kanakpura Road,2,1339.0,2.0,2.0,63.0
Super built-up  Area,Ready To Move,Thigalarapalya,4,4303.0,5.0,2.0,300.0
Super built-up  Area,Ready To Move,Haralur Road,2,1315.0,2.0,1.0,85.0
Super built-up  Area,Ready To Move,Raja Rajeshwari Nagar,2,1250.0,2.0,2.0,68.0
Super built-up  Area,Ready To Move,Bisuvanahalli,2,850.0,2.0,1.0,27.0
Super built-up  Area,Ready To Move,7th Phase JP Nagar,3,1600.0,2.0,2.0,110.0
Built-up  Area,Ready To Move,Electronic City,2,1250.0,2.0,1.0,62.0
Super built-up  Area,Ready To Move,Kadugodi,4,3000.0,4.0,0.0,134.0
Built-up  Area,Ready To Move,Whitefield,3,1990.0,3.0,3.0,98.0
Plot  Area,Ready To Move,Ambedkar Nagar,4,5000.0,4.0,2.0,536.0
Super built-up  Area,Ready To Move,Kadugodi,3,1614.0,2.0,2.0,59.0
Plot  Area,Ready To Move,Judicial Layout,4,1500.0,3.0,2.0,162.0
Super built-up  Area,Ready To Move,Gubbalala,3,2000.0,3.0,3.0,125.0
Built-up  Area,18-May,Electronic City Phase II,3,1940.0,4.0,3.0,116.0
Super built-up  Area,18-Dec,Hennur Road,3,1590.0,3.0,2.0,105.0
Super built-up  Area,Ready To Move,Kothanur,2,1075.0,2.0,2.0,53.0
Super built-up  Area,Ready To Move,Raja Rajeshwari Nagar,3,1260.0,2.0,1.0,62.0
Super built-up  Area,Ready To Move,Thanisandra,3,1702.0,3.0,2.0,107.0
Super built-up  Area,Ready To Move,Bisuvanahalli,3,1080.0,2.0,2.0,65.0
Built-up  Area,Ready To Move,Kasavanhalli,2,1189.0,2.0,1.0,45.0
Super built-up  Area,Ready To Move,Tumkur Road,2,1035.0,2.0,1.0,39.0
Super built-up  Area,20-Oct,Kanakpura Road,3,1300.0,3.0,1.0,69.0
Super built-up  Area,19-Apr,Yelahanka,2,1330.0,2.0,1.0,93.65
Super built-up  Area,Ready To Move,Kaggalipura,3,1210.0,2.0,1.0,65.0
Built-up  Area,Ready To Move,Chikkalasandra,3,1350.0,2.0,2.0,54.2
Super built-up  Area,Ready To Move,Kaval Byrasandra,3,1900.0,2.0,2.0,65.0
Super built-up  Area,Ready To Move,Ambedkar Nagar,3,1935.0,4.0,2.0,125.0
Super built-up  Area,Ready To Move,Narayanapura,2,1469.0,2.0,2.0,99.14
Super built-up  Area,Ready To Move,Varthur,2,986.0,2.0,1.0,30.0
Super built-up  Area,Ready To Move,Chandapura,3,1345.0,2.0,2.0,39.5
Super built-up  Area,Ready To Move,Panathur,2,980.0,2.0,1.0,57.0
Built-up  Area,Ready To Move,Kudlu Gate,2,1164.0,2.0,2.0,75.0
Super built-up  Area,Ready To Move,Subramanyapura,2,929.0,1.0,2.0,51.0
Built-up  Area,Ready To Move,Kundalahalli,2,1065.0,2.0,1.0,70.0
Super built-up  Area,20-Jun,Budigere,2,1172.0,2.0,0.0,56.725
Super built-up  Area,18-Apr,Electronic City,2,1020.0,2.0,1.0,30.27
Super built-up  Area,Ready To Move,Gunjur,3,1362.0,3.0,1.0,62.63
Super built-up  Area,Ready To Move,Yeshwanthpur,1,672.0,1.0,1.0,36.85
Super built-up  Area,Ready To Move,Brookefield,3,1746.0,3.0,3.0,115.0
Super built-up  Area,Ready To Move,Thanisandra,2,1188.0,2.0,1.0,39.0
Built-up  Area,19-Oct,Whitefield,4,3565.0,4.0,0.0,218.0
Super built-up  Area,19-Jan,Marathahalli,2,1170.0,2.0,2.0,85.0
Plot  Area,Ready To Move,Cooke Town,3,2600.0,3.0,1.0,375.0
Super built-up  Area,Ready To Move,Kasturi Nagar,4,2507.0,4.0,2.0,155.0
Super built-up  Area,Ready To Move,Babusapalaya,2,1061.0,2.0,1.0,34.0
Super built-up  Area,Ready To Move,KR Puram,2,1290.0,2.0,2.0,69.0
Super built-up  Area,Ready To Move,Sarjapur,2,1200.0,2.0,1.0,42.6
Super built-up  Area,Ready To Move,Electronic City,1,418.0,1.0,1.0,12.0
Super built-up  Area,Ready To Move,Sarjapur,3,1333.0,3.0,1.0,50.0
Super built-up  Area,19-Dec,Thanisandra,1,747.0,1.0,0.0,34.355
Super built-up  Area,Ready To Move,Koramangala,3,1700.0,3.0,3.0,250.0
Super built-up  Area,19-May,Thanisandra,3,2030.0,4.0,1.0,125.0
Super built-up  Area,18-Mar,Balagere,2,1012.0,2.0,1.0,70.0
Carpet  Area,Ready To Move,Kudlu,3,1245.0,2.0,1.0,60.0
Super built-up  Area,Ready To Move,7th Phase JP Nagar,3,1765.0,3.0,2.0,118.0
Super built-up  Area,Ready To Move,Gottigere,2,1110.0,2.0,2.0,36.25
Super built-up  Area,Ready To Move,Sarjapur,2,1044.0,2.0,2.0,36.0
Super built-up  Area,Ready To Move,Brookefield,3,1518.0,3.0,3.0,80.0
Super built-up  Area,Ready To Move,KR Puram,3,1300.0,2.0,2.0,57.0
Carpet  Area,Ready To Move,KR Puram,2,866.28,2.0,0.0,36.38
Super built-up  Area,18-Feb,Whitefield,4,3410.0,5.0,3.0,253.0
Super built-up  Area,Ready To Move,Singasandra,2,1179.0,2.0,2.0,56.0
Super built-up  Area,Ready To Move,Rajaji Nagar,5,3600.0,5.0,2.0,510.0
Built-up  Area,Ready To Move,Haralur Road,3,1976.0,3.0,2.0,92.0
Built-up  Area,Ready To Move,5th Phase JP Nagar,2,1190.0,2.0,2.0,61.8
Super built-up  Area,19-Sep,Jakkur,3,1761.0,3.0,1.0,84.52
Super built-up  Area,Ready To Move,Cooke Town,3,1700.0,3.0,3.0,120.0
Super built-up  Area,18-Apr,Electronic City,2,1128.0,2.0,1.0,64.8
Built-up  Area,18-Dec,Electronic City,3,1220.0,2.0,1.0,35.25
Super built-up  Area,Ready To Move,Ambedkar Nagar,3,1852.0,4.0,2.0,122.0
Super built-up  Area,20-Dec,Varthur,2,1045.0,2.0,1.0,40.65
Super built-up  Area,Ready To Move,Hebbal Kempapura,3,1436.0,2.0,2.0,75.0
Super built-up  Area,Ready To Move,Kothanur,2,1140.0,2.0,2.0,56.0
Plot  Area,18-May,Nagarbhavi,3,1200.0,3.0,2.0,225.0
Super built-up  Area,Ready To Move,Sarjapur  Road,2,1335.0,2.0,1.0,95.0
Super built-up  Area,Ready To Move,Thanisandra,2,1140.0,2.0,1.0,59.0
Super built-up  Area,Ready To Move,Hosakerehalli,3,2376.0,3.0,1.0,240.0
Super built-up  Area,19-Mar,Thanisandra,1,663.0,1.0,1.0,46.0
Super built-up  Area,Ready To Move,Kanakpura Road,3,1450.0,3.0,3.0,60.9
Super built-up  Area,Ready To Move,Kodichikkanahalli,3,1400.0,3.0,3.0,66.0
Built-up  Area,18-Dec,Electronic City,3,1220.0,2.0,1.0,35.23
Built-up  Area,Ready To Move,Malleshwaram,3,2200.0,3.0,2.0,275.0
Built-up  Area,Ready To Move,Green Glen Layout,3,1740.0,3.0,3.0,80.0
Super built-up  Area,Ready To Move,Anekal,2,680.0,1.0,1.0,21.0
Super built-up  Area,Ready To Move,Bannerghatta Road,2,1154.0,2.0,2.0,47.0
Built-up  Area,Ready To Move,Munnekollal,2,1200.0,2.0,2.0,40.0
Super built-up  Area,Ready To Move,Hennur,2,1155.0,2.0,2.0,54.5
Super built-up  Area,Ready To Move,Sarjapur  Road,3,1525.0,2.0,3.0,63.0
Super built-up  Area,19-Dec,Hebbal,4,2470.0,5.0,2.0,192.0
Super built-up  Area,Ready To Move,Padmanabhanagar,2,1100.0,2.0,1.0,60.0
Super built-up  Area,Ready To Move,Hormavu,2,1250.0,2.0,2.0,65.0
Super built-up  Area,Ready To Move,Kothanur,2,1400.0,2.0,1.0,70.0
Built-up  Area,Ready To Move,Electronic City,2,1060.0,2.0,1.0,55.0
Super built-up  Area,Ready To Move,Horamavu Banaswadi,2,1272.0,2.0,2.0,50.0
Super built-up  Area,19-Jul,Kanakpura Road,2,1296.0,2.0,2.0,105.0
Super built-up  Area,Ready To Move,Karuna Nagar,3,1945.0,3.0,3.0,115.0
Super built-up  Area,19-Nov,Chandapura,3,1033.0,2.0,2.0,30.47
Super built-up  Area,18-Aug,Gunjur Palya,2,1235.0,2.0,2.0,52.76
Super built-up  Area,Ready To Move,Subramanyapura,3,1880.0,3.0,2.0,110.0
Super built-up  Area,20-May,1st Block Jayanagar,4,2450.0,4.0,2.0,368.0
Super built-up  Area,Ready To Move,Kenchenahalli,2,1060.0,2.0,2.0,52.0
Super built-up  Area,Ready To Move,Hennur Road,3,2041.0,3.0,3.0,138.0
Built-up  Area,Ready To Move,Hulimavu,2,1050.0,2.0,2.0,125.0
Super built-up  Area,Ready To Move,LB Shastri Nagar,2,1184.0,2.0,1.0,62.0
Built-up  Area,Ready To Move,Sarjapur  Road,3,1680.0,3.0,2.0,126.0
Super built-up  Area,18-Apr,Thanisandra,3,1411.0,3.0,2.0,100.0
Super built-up  Area,21-Dec,Kanakpura Road,2,900.0,2.0,2.0,41.0
Super built-up  Area,Ready To Move,Thanisandra,3,1702.0,3.0,2.0,120.0
Super built-up  Area,Ready To Move,Yelahanka,2,1185.0,2.0,2.0,45.0
Super built-up  Area,21-Jan,Kanakpura Road,3,1300.0,3.0,1.0,64.0
Super built-up  Area,Ready To Move,6th Phase JP Nagar,3,1515.0,2.0,2.0,135.0
Super built-up  Area,Ready To Move,Jigani,3,1300.0,3.0,3.0,55.0
Super built-up  Area,Ready To Move,JP Nagar,2,1107.0,2.0,1.0,57.0
Super built-up  Area,Ready To Move,Old Madras Road,3,1720.0,3.0,2.0,106.0
Super built-up  Area,Ready To Move,Bannerghatta Road,2,1000.0,2.0,1.0,44.5
Super built-up  Area,21-Dec,Electronic City,1,710.0,1.0,1.0,40.42
Built-up  Area,Ready To Move,Bannerghatta Road,2,1250.0,2.0,0.0,48.0
Built-up  Area,Ready To Move,Kaggadasapura,5,2400.0,4.0,3.0,130.0
Super built-up  Area,Ready To Move,Hegde Nagar,3,1584.01,3.0,1.0,104.0
Plot  Area,Ready To Move,Kammasandra,4,1200.0,6.0,3.0,60.0
Super built-up  Area,Ready To Move,Kaggadasapura,3,1485.0,2.0,2.0,70.0
Built-up  Area,Ready To Move,Hennur Road,3,1100.0,2.0,1.0,78.0
Super built-up  Area,18-Mar,8th Phase JP Nagar,2,1245.0,2.0,1.0,59.0
Built-up  Area,19-Dec,Hennur Road,4,1880.0,4.0,0.0,154.0
Super built-up  Area,20-Jul,Frazer Town,3,2214.0,3.0,3.0,350.0
Super built-up  Area,19-Jul,Bannerghatta Road,3,1640.0,3.0,2.0,105.0
Built-up  Area,Ready To Move,Kengeri Satellite Town,2,1110.0,2.0,1.0,43.0
Built-up  Area,Ready To Move,Uttarahalli,4,4500.0,4.0,0.0,150.0
Super built-up  Area,18-Aug,Hennur Road,2,1232.0,2.0,1.0,69.61
Super built-up  Area,Ready To Move,Jalahalli,3,1704.0,3.0,2.0,94.36
Built-up  Area,Ready To Move,7th Phase JP Nagar,3,1275.0,2.0,2.0,88.0
Super built-up  Area,Ready To Move,Sarjapur  Road,3,1222.0,2.0,1.0,68.0
Super built-up  Area,18-Apr,Electronic City,2,1000.0,2.0,1.0,29.95
Super built-up  Area,19-Dec,Yelahanka,3,1517.0,3.0,2.0,71.28
Super built-up  Area,18-May,Horamavu Agara,2,1166.0,2.0,1.0,37.29
Built-up  Area,Ready To Move,Electronic City,2,870.0,2.0,2.0,24.0
Super built-up  Area,Ready To Move,5th Phase JP Nagar,5,4000.0,5.0,2.0,170.0
Plot  Area,Ready To Move,Rajaji Nagar,4,1350.0,4.0,1.0,230.0
Super built-up  Area,Ready To Move,Yelahanka,4,3019.0,6.0,2.0,190.0
Super built-up  Area,Ready To Move,Whitefield,3,1345.0,3.0,1.0,58.0
Super built-up  Area,Ready To Move,EPIP Zone,4,3800.0,5.0,2.0,170.0
Super built-up  Area,Ready To Move,Chandapura,3,971.0,2.0,2.0,38.0
Super built-up  Area,Ready To Move,Thanisandra,2,1185.0,2.0,2.0,45.0
Super built-up  Area,Ready To Move,Pattandur Agrahara,2,1350.0,2.0,3.0,68.0
Super built-up  Area,20-Jun,Budigere,3,1590.0,3.0,0.0,76.16
Plot  Area,Ready To Move,Brookefield,4,1560.0,3.0,2.0,149.0
Super built-up  Area,Ready To Move,Hennur Road,3,1748.0,3.0,2.0,103.0
Plot  Area,18-Nov,Channasandra,3,1200.0,3.0,1.0,67.77
Built-up  Area,Ready To Move,Kengeri Satellite Town,2,1170.0,2.0,3.0,50.0
Built-up  Area,Ready To Move,Sarjapur  Road,4,3420.0,4.0,2.0,225.0
Built-up  Area,Ready To Move,Hulimavu,3,1320.0,2.0,2.0,65.0
Super built-up  Area,18-Jul,Bhoganhalli,3,1610.0,3.0,2.0,84.53
Super built-up  Area,Ready To Move,Frazer Town,3,1870.0,3.0,3.0,180.0
Super built-up  Area,Ready To Move,Sarjapur  Road,3,1510.0,2.0,1.0,110.0
Super built-up  Area,Ready To Move,Mahadevpura,3,1500.0,2.0,1.0,70.0
Super built-up  Area,Ready To Move,Indira Nagar,2,1149.0,2.0,1.0,130.0
Built-up  Area,Ready To Move,Thanisandra,4,1948.0,4.0,2.0,129.0
Plot  Area,Ready To Move,Margondanahalli,3,1448.0,3.0,1.0,70.0
Super built-up  Area,Ready To Move,Sarjapur  Road,2,1242.0,2.0,1.0,78.0
Super built-up  Area,Ready To Move,Sonnenahalli,2,1268.0,2.0,1.0,58.0
Super built-up  Area,Ready To Move,Ramamurthy Nagar,2,1101.0,2.0,1.0,50.0
Super built-up  Area,Ready To Move,Sarjapur  Road,3,984.0,3.0,2.0,140.0
Super built-up  Area,18-May,Hosa Road,2,1089.0,2.0,1.0,32.67
Plot  Area,Ready To Move,Thanisandra,8,3600.0,9.0,3.0,125.0
Super built-up  Area,Ready To Move,Kaggalipura,2,950.0,2.0,1.0,45.0
Built-up  Area,Ready To Move,Yelahanka New Town,2,860.0,1.0,2.0,31.0
Built-up  Area,Ready To Move,Kengeri,8,3000.0,5.0,2.0,130.0
Super built-up  Area,Ready To Move,Yelahanka,3,1756.0,3.0,2.0,66.73
Super built-up  Area,Ready To Move,Whitefield,2,1205.0,2.0,1.0,41.0
Super built-up  Area,Ready To Move,Banashankari,3,1800.0,3.0,2.0,125.0
Built-up  Area,Ready To Move,Hormavu,3,1604.0,3.0,0.0,68.0
Super built-up  Area,18-May,Old Airport Road,4,2732.0,4.0,3.0,204.0
Super built-up  Area,18-Dec,Chandapura,2,1015.0,2.0,2.0,25.88
Super built-up  Area,Ready To Move,Ananth Nagar,2,1010.0,2.0,2.0,38.0
Built-up  Area,Ready To Move,Nagarbhavi,2,1250.0,3.0,0.0,170.0
Super built-up  Area,Ready To Move,Doddakallasandra,2,1010.0,2.0,1.0,41.0
Super built-up  Area,Ready To Move,Yelahanka,2,1050.0,2.0,2.0,33.1
Super built-up  Area,Ready To Move,Harlur,3,1710.0,3.0,2.0,85.0
Built-up  Area,Ready To Move,Attibele,1,410.0,1.0,1.0,10.0
Super built-up  Area,18-Oct,Bannerghatta Road,3,1656.0,2.0,1.0,62.93
Super built-up  Area,Ready To Move,JP Nagar,2,1250.0,2.0,2.0,93.0
Super built-up  Area,Ready To Move,Hebbal,4,4600.0,6.0,2.0,650.0
Super built-up  Area,Ready To Move,Whitefield,4,6000.0,6.0,2.0,700.0
Super built-up  Area,Ready To Move,Devarachikkanahalli,3,1700.0,3.0,1.0,71.0
Super built-up  Area,Ready To Move,KR Puram,2,1096.0,2.0,1.0,43.0
Super built-up  Area,Ready To Move,Nehru Nagar,3,1269.0,2.0,2.0,63.0
Super built-up  Area,18-Jul,Rajaji Nagar,2,1376.0,2.0,1.0,124.0
Super built-up  Area,Ready To Move,Kanakpura Road,3,1452.0,3.0,3.0,56.5
Super built-up  Area,18-Aug,Hosa Road,3,1538.0,3.0,1.0,107.0
Super built-up  Area,Ready To Move,Harlur,2,1197.0,2.0,1.0,77.0
Super built-up  Area,18-Dec,Varthur,2,674.0,1.0,1.0,19.9
Built-up  Area,Ready To Move,Kengeri,1,410.0,1.0,1.0,15.0
Built-up  Area,18-Apr,Thanisandra,3,1573.0,3.0,1.0,90.0
Super built-up  Area,Ready To Move,Dodda Nekkundi,2,1135.0,2.0,2.0,58.0
Super built-up  Area,Ready To Move,Sonnenahalli,2,1268.0,2.0,1.0,56.0
Super built-up  Area,Ready To Move,Yelahanka,3,1600.0,3.0,3.0,100.0
Super built-up  Area,Ready To Move,Thanisandra,2,1056.0,2.0,2.0,70.0
Plot  Area,Ready To Move,Whitefield,4,4500.0,4.0,2.0,330.0
Super built-up  Area,Ready To Move,KR Puram,2,1204.0,2.0,2.0,58.0
Built-up  Area,Ready To Move,Hennur Road,2,1460.0,2.0,1.0,80.3
Super built-up  Area,Ready To Move,Dodda Nekkundi,2,1100.0,2.0,1.0,41.18
Super built-up  Area,Ready To Move,Sector 2 HSR Layout,3,1600.0,3.0,2.0,90.0
Super built-up  Area,Ready To Move,Sarjapur  Road,3,1665.0,3.0,2.0,74.93
Super built-up  Area,Ready To Move,Singasandra,2,1416.0,2.0,2.0,67.0
Built-up  Area,Ready To Move,Jigani,3,1231.0,3.0,2.0,58.0
Super built-up  Area,Ready To Move,Yelahanka,3,1664.0,3.0,0.0,73.95
Built-up  Area,Ready To Move,TC Palaya,3,2000.0,3.0,1.0,76.0
Super built-up  Area,Ready To Move,Bellandur,2,1185.0,2.0,1.0,47.39
Built-up  Area,Ready To Move,Green Glen Layout,3,1750.0,3.0,2.0,81.0
Super built-up  Area,18-Dec,Balagere,2,1007.0,2.0,1.0,68.0
Super built-up  Area,Ready To Move,Rajaji Nagar,3,1700.0,3.0,2.0,200.0
Super built-up  Area,Ready To Move,Whitefield,2,1250.0,2.0,2.0,85.0
Super built-up  Area,18-Aug,Horamavu Agara,2,994.0,2.0,1.0,42.28
Super built-up  Area,18-Apr,Ramamurthy Nagar,2,1150.0,2.0,2.0,40.0
Super built-up  Area,Ready To Move,Thanisandra,2,1220.0,2.0,2.0,46.0
Super built-up  Area,19-Mar,Old Madras Road,2,1157.0,2.0,2.0,47.32
Super built-up  Area,Ready To Move,Thigalarapalya,2,1400.0,2.0,2.0,105.0
Built-up  Area,Ready To Move,Tindlu,3,1370.07,3.0,1.0,65.0
Super built-up  Area,20-Dec,Judicial Layout,2,900.0,2.0,1.0,40.0
Super built-up  Area,Ready To Move,Talaghattapura,2,1062.0,2.0,1.0,42.48
Super built-up  Area,Ready To Move,Kanakpura Road,2,1120.0,2.0,1.0,51.0
Super built-up  Area,Ready To Move,Bannerghatta Road,2,1012.0,2.0,1.0,44.0
Super built-up  Area,Ready To Move,Kanakpura Road,2,1430.0,2.0,2.0,78.0
Super built-up  Area,Ready To Move,Channasandra,3,1195.0,2.0,1.0,56.0
Super built-up  Area,Ready To Move,Old Madras Road,3,2640.0,5.0,1.0,150.0
Super built-up  Area,18-Sep,Hennur Road,3,1570.0,3.0,0.0,75.99
Built-up  Area,18-Feb,Sonnenahalli,2,1011.0,2.0,1.0,59.0
Super built-up  Area,Ready To Move,7th Phase JP Nagar,3,1450.0,2.0,1.0,102.0
Super built-up  Area,Ready To Move,Sarjapur  Road,2,1129.0,2.0,1.0,69.0
Super built-up  Area,Ready To Move,Sarjapura - Attibele Road,2,1126.0,2.0,1.0,36.0
Plot  Area,18-Dec,Attibele,3,1200.0,3.0,2.0,110.0
Super built-up  Area,Ready To Move,Sarjapur  Road,3,1180.0,2.0,2.0,45.0
Super built-up  Area,Ready To Move,Hennur Road,3,1933.0,3.0,2.0,140.0
Built-up  Area,Ready To Move,TC Palaya,2,1082.0,2.0,2.0,64.0
Plot  Area,Ready To Move,Raja Rajeshwari Nagar,4,1560.0,4.0,1.0,160.0
Super built-up  Area,Ready To Move,Kathriguppe,3,1300.0,3.0,3.0,77.99
Built-up  Area,Ready To Move,Kudlu Gate,4,3850.0,6.0,0.0,205.0
Built-up  Area,Ready To Move,CV Raman Nagar,2,1125.0,2.0,1.0,46.0
Super built-up  Area,Ready To Move,Kengeri Satellite Town,2,777.4,2.0,0.0,25.0
Super built-up  Area,Ready To Move,Old Airport Road,3,1798.0,3.0,2.0,150.0
Super built-up  Area,Ready To Move,Whitefield,2,1115.0,2.0,1.0,51.91
Super built-up  Area,Ready To Move,Kengeri,1,400.0,1.0,1.0,25.0
Super built-up  Area,18-May,Ananth Nagar,2,992.0,2.0,2.0,24.8
Plot  Area,Ready To Move,R.T. Nagar,4,1500.0,4.0,3.0,185.0
Super built-up  Area,Ready To Move,Bellandur,2,1200.0,2.0,1.0,62.0
Built-up  Area,Ready To Move,GM Palaya,3,1735.0,3.0,2.0,70.0
Built-up  Area,Ready To Move,BTM 2nd Stage,3,1750.0,3.0,3.0,172.0
Super built-up  Area,Ready To Move,Jalahalli,3,1470.0,2.0,3.0,102.0
Super built-up  Area,Ready To Move,Bannerghatta Road,3,1527.0,3.0,2.0,115.0
Built-up  Area,Ready To Move,Chandapura,4,3300.0,4.0,2.0,135.0
Super built-up  Area,18-Jun,Whitefield,2,1277.0,2.0,1.0,77.0
Super built-up  Area,Ready To Move,Whitefield,3,1820.0,3.0,2.0,140.0
Super built-up  Area,Ready To Move,Banashankari,3,1886.0,3.0,2.0,205.0
Super built-up  Area,Ready To Move,Jakkur,3,1880.0,4.0,2.0,110.0
Super built-up  Area,Ready To Move,Hennur,2,1255.0,2.0,2.0,52.35
Super built-up  Area,Ready To Move,Somasundara Palya,2,1140.0,2.0,2.0,46.0
Built-up  Area,18-Aug,Electronic City Phase II,2,1025.0,2.0,1.0,29.6
Built-up  Area,Ready To Move,Whitefield,4,3453.0,4.0,2.0,247.0
Super built-up  Area,Ready To Move,Sarjapur  Road,3,1850.0,3.0,2.0,140.0
Super built-up  Area,Ready To Move,Kaikondrahalli,2,1250.0,2.0,1.0,78.0
Super built-up  Area,Ready To Move,Kodihalli,4,3522.0,5.0,3.0,716.0
Super built-up  Area,18-Dec,Jalahalli,2,1244.0,2.0,2.0,88.0
Super built-up  Area,18-Dec,Kengeri Satellite Town,2,1025.0,2.0,1.0,28.57
Super built-up  Area,Ready To Move,Sarjapur  Road,2,1034.0,2.0,1.0,38.0
Super built-up  Area,18-Jan,Kengeri Satellite Town,3,1191.0,2.0,2.0,33.34
Super built-up  Area,Ready To Move,Kasavanhalli,3,1719.0,3.0,2.0,71.0
Super built-up  Area,18-Dec,Hosa Road,3,1470.0,2.0,2.0,84.22
Super built-up  Area,Ready To Move,Yelahanka,2,1140.0,2.0,1.0,50.66
Super built-up  Area,Ready To Move,Harlur,3,1752.12,3.0,2.0,125.0
Super built-up  Area,Ready To Move,Old Madras Road,3,2990.0,3.0,2.0,170.0
Super built-up  Area,Ready To Move,Bannerghatta Road,3,1660.0,3.0,2.0,85.0
Super built-up  Area,Ready To Move,Electronic City,3,1275.0,3.0,3.0,63.43
Super built-up  Area,18-Jun,Bommasandra Industrial Area,3,1365.0,3.0,1.0,52.81
Super built-up  Area,Ready To Move,Kanakpura Road,3,2546.0,3.0,2.0,170.0
Super built-up  Area,20-Oct,Banashankari Stage VI,3,1392.0,3.0,1.0,69.46
Super built-up  Area,18-Mar,Whitefield,2,1245.0,2.0,1.0,59.76
Super built-up  Area,Ready To Move,Yeshwanthpur,2,1162.0,2.0,2.0,64.08
Super built-up  Area,Ready To Move,Singasandra,3,1476.0,2.0,1.0,73.0
Built-up  Area,Ready To Move,KR Puram,1,700.0,1.0,1.0,21.5
Built-up  Area,Ready To Move,Jigani,2,943.0,2.0,2.0,48.0
Super built-up  Area,Ready To Move,Sarjapur  Road,2,1113.0,2.0,1.0,44.5
Super built-up  Area,20-Dec,Varthur,3,1615.0,3.0,2.0,69.43
Built-up  Area,Ready To Move,Benson Town,3,1805.0,3.0,2.0,280.0
Super built-up  Area,18-Aug,Rajaji Nagar,2,1357.0,2.0,1.0,123.0
Super built-up  Area,Ready To Move,Ardendale,3,1777.26,3.0,2.0,92.0
Super built-up  Area,Ready To Move,Bisuvanahalli,2,845.0,2.0,2.0,32.0
Super built-up  Area,18-Sep,Varthur,2,1210.0,2.0,1.0,64.15
Super built-up  Area,19-Aug,Electronic City Phase II,2,829.0,2.0,1.0,22.8
Super built-up  Area,Ready To Move,Sarjapur  Road,3,1879.0,3.0,2.0,155.0
Super built-up  Area,17-Jun,Hosur Road,3,1250.0,2.0,2.0,50.0
Super built-up  Area,19-Mar,Marathahalli,3,1108.0,2.0,1.0,60.0
Super built-up  Area,18-Aug,Kanakpura Road,3,1401.0,3.0,2.0,69.0
Super built-up  Area,19-Oct,Sarjapur  Road,3,1157.0,2.0,1.0,75.0
Super built-up  Area,Ready To Move,Green Glen Layout,3,1751.0,3.0,2.0,115.0
Super built-up  Area,Ready To Move,Bannerghatta Road,3,1880.0,3.0,2.0,96.5
Super built-up  Area,Ready To Move,Channasandra,2,1175.0,2.0,2.0,38.0
Built-up  Area,Ready To Move,Jalahalli,2,1407.0,2.0,1.0,98.49
Super built-up  Area,Ready To Move,Yelachenahalli,2,1000.0,2.0,2.0,50.0
Super built-up  Area,Ready To Move,Electronic City,3,1518.0,3.0,3.0,75.0
Super built-up  Area,18-May,Tumkur Road,2,1027.0,2.0,1.0,67.0
Super built-up  Area,Ready To Move,Dairy Circle,4,3730.0,6.0,2.0,430.0
Built-up  Area,Ready To Move,HSR Layout,2,1145.0,2.0,2.0,46.0
Super built-up  Area,18-Aug,Rajaji Nagar,2,1260.0,2.0,2.0,113.0
Super built-up  Area,Ready To Move,Begur Road,3,1500.0,2.0,3.0,47.25
Super built-up  Area,Ready To Move,Varthur,3,1737.0,2.0,1.0,57.32
Super built-up  Area,18-Dec,Hennur,4,3517.0,2.0,2.0,161.5
Built-up  Area,Ready To Move,Hegde Nagar,3,1500.0,3.0,2.0,135.0
Super built-up  Area,18-Dec,Hennur Road,2,1030.0,2.0,1.0,46.5
Built-up  Area,Ready To Move,Gubbalala,6,2500.0,6.0,1.0,88.0
Super built-up  Area,Ready To Move,Kammasandra,2,1057.0,2.0,1.0,35.0
Super built-up  Area,Ready To Move,Hormavu,2,1075.0,2.0,1.0,53.7
Super built-up  Area,Ready To Move,Mysore Road,3,1080.0,2.0,1.0,60.0
Super built-up  Area,19-Dec,Kodihalli,4,3626.0,5.0,3.0,788.0
Super built-up  Area,Ready To Move,Singasandra,2,1139.7,2.0,1.0,45.0
Super built-up  Area,18-Jun,Whitefield,2,1074.0,2.0,1.0,42.8
Plot  Area,18-Jul,Whitefield,2,1200.0,2.0,1.0,46.13
Super built-up  Area,Ready To Move,Sarjapur  Road,4,2425.0,5.0,1.0,175.0
Super built-up  Area,Ready To Move,Sarjapur  Road,2,1323.0,2.0,2.0,74.0
Super built-up  Area,Ready To Move,Kalena Agrahara,2,900.0,2.0,1.0,40.0
Super built-up  Area,Ready To Move,Sarjapura - Attibele Road,1,740.0,1.0,1.0,23.65
Super built-up  Area,Ready To Move,Bannerghatta Road,3,1550.0,3.0,2.0,96.0
Super built-up  Area,Ready To Move,Gunjur,3,1588.0,2.0,3.0,90.0
Built-up  Area,Ready To Move,Rajaji Nagar,3,2300.0,4.0,1.0,240.0
Built-up  Area,Ready To Move,R.T. Nagar,9,3600.0,8.0,2.0,165.0
Super built-up  Area,Ready To Move,Hennur,3,1340.0,2.0,2.0,54.27
Plot  Area,Ready To Move,Kogilu,10,3280.0,9.0,3.0,450.0
Super built-up  Area,Ready To Move,Thanisandra,3,1719.0,3.0,2.0,135.0
Plot  Area,18-Jul,Whitefield,2,1200.0,2.0,1.0,45.84
Built-up  Area,18-Dec,Electronic City,1,1090.0,2.0,1.0,31.48
Super built-up  Area,18-Dec,Jakkur,3,1660.0,3.0,2.0,104.0
Super built-up  Area,Ready To Move,Nagavara,2,1247.0,2.0,1.0,58.56
Super built-up  Area,18-May,Thanisandra,3,1595.0,3.0,2.0,96.0
Super built-up  Area,Ready To Move,Kaggadasapura,2,1175.0,2.0,2.0,50.0
Super built-up  Area,Ready To Move,Old Airport Road,2,1184.0,2.0,1.0,78.0
Built-up  Area,Ready To Move,Yelahanka,2,1200.0,2.0,2.0,60.0
Plot  Area,Ready To Move,Rajaji Nagar,5,2400.0,5.0,1.0,408.0
Built-up  Area,Ready To Move,Uttarahalli,2,1000.0,2.0,0.0,52.0
Super built-up  Area,Ready To Move,Yelahanka,3,1705.0,3.0,2.0,85.0
Built-up  Area,Ready To Move,Tumkur Road,3,1060.0,2.0,2.0,58.3
Super built-up  Area,17-Dec,Varthur,2,1402.0,2.0,2.0,95.0
Super built-up  Area,18-Oct,Whitefield,3,2280.0,4.0,2.0,125.0
Super built-up  Area,Ready To Move,5th Phase JP Nagar,2,1080.0,2.0,1.0,53.0
Built-up  Area,Ready To Move,Begur Road,2,1100.0,2.0,2.0,42.6
Super built-up  Area,Ready To Move,Sarjapur  Road,4,2500.0,4.0,3.0,225.0
Super built-up  Area,22-Jan,Bannerghatta Road,2,1200.0,2.0,2.0,78.0
Super built-up  Area,Ready To Move,Kothanur,3,1581.0,3.0,3.0,76.0
Super built-up  Area,18-Dec,Whitefield,4,2882.0,5.0,1.0,200.0
Super built-up  Area,Ready To Move,Abbigere,2,985.0,2.0,1.0,38.92
Built-up  Area,Ready To Move,Sarjapur,2,950.0,2.0,2.0,35.0
Super built-up  Area,Ready To Move,Hoskote,2,1003.5,2.0,0.0,28.095
Built-up  Area,Ready To Move,Kaval Byrasandra,3,2700.0,3.0,2.0,200.0
Built-up  Area,18-Dec,Electronic City,2,1140.0,2.0,1.0,32.92
Plot  Area,Ready To Move,Sarjapur,3,3009.0,3.0,2.0,330.0
Built-up  Area,Ready To Move,Chandapura,2,800.0,1.0,2.0,30.0
Built-up  Area,Ready To Move,Chikkabanavar,5,2000.0,4.0,0.0,65.0
Super built-up  Area,Ready To Move,Kanakpura Road,2,1220.0,2.0,2.0,60.0
Super built-up  Area,Ready To Move,Sarjapur  Road,3,2289.0,3.0,2.0,178.0
Super built-up  Area,18-Jan,Whitefield,2,1170.0,2.0,1.0,56.0
Built-up  Area,Ready To Move,Thanisandra,3,1698.0,3.0,2.0,125.0
Super built-up  Area,18-May,Electronic City Phase II,4,2187.5,4.0,0.0,105.0
Super built-up  Area,Ready To Move,Ambalipura,2,1060.0,2.0,1.0,58.5
Super built-up  Area,Ready To Move,Somasundara Palya,2,1185.0,2.0,2.0,75.0
Super built-up  Area,20-Dec,Padmanabhanagar,3,2051.0,3.0,1.0,180.0
Super built-up  Area,Ready To Move,Vittasandra,2,1404.0,2.0,1.0,72.0
Super built-up  Area,Ready To Move,Electronic City Phase II,2,1252.0,2.0,1.0,67.0
Super built-up  Area,18-Mar,Bannerghatta Road,3,1885.0,3.0,1.0,125.0
Built-up  Area,Ready To Move,Kaikondrahalli,6,3381.0,6.0,3.0,225.0
Super built-up  Area,Ready To Move,Hormavu,2,980.0,2.0,2.0,42.0
Super built-up  Area,Ready To Move,Rajaji Nagar,3,2500.0,3.0,3.0,340.0
Super built-up  Area,19-Jan,Banashankari,3,1420.0,3.0,1.0,66.0
Super built-up  Area,Ready To Move,Kaggadasapura,4,3000.0,4.0,2.0,130.0
Built-up  Area,Ready To Move,Bhoganhalli,2,970.0,2.0,1.0,52.5
Super built-up  Area,19-Sep,Whitefield,3,1639.5,3.0,0.0,92.63
Built-up  Area,Ready To Move,9th Phase JP Nagar,4,5000.0,4.0,2.0,300.0
Built-up  Area,Ready To Move,Harlur,3,3425.0,3.0,1.0,320.0
Built-up  Area,19-Mar,Hennur Road,4,2950.0,4.0,3.0,253.0
Super built-up  Area,18-Dec,Jalahalli,1,1200.0,2.0,1.0,66.0
Super built-up  Area,Ready To Move,Kathriguppe,3,1335.0,2.0,2.0,73.43
Super built-up  Area,Ready To Move,Hebbal,4,4450.0,6.0,0.0,449.0
Super built-up  Area,Ready To Move,Yeshwanthpur,2,1166.0,2.0,1.0,64.08
Super built-up  Area,Ready To Move,Rajaji Nagar,3,2390.0,3.0,1.0,372.0
Super built-up  Area,Ready To Move,Shivaji Nagar,3,1460.0,2.0,1.0,90.0
Super built-up  Area,Ready To Move,Whitefield,2,1390.0,2.0,1.0,72.0
Built-up  Area,Ready To Move,Sector 2 HSR Layout,2,1095.0,2.0,1.0,85.41
Super built-up  Area,19-Dec,Kengeri,1,416.0,1.0,1.0,17.19
Built-up  Area,Ready To Move,Yelahanka,3,1350.0,2.0,3.0,85.0
Built-up  Area,Ready To Move,Bannerghatta Road,3,1453.0,2.0,2.0,73.0
Super built-up  Area,Ready To Move,Thanisandra,2,1226.0,2.0,1.0,65.0
Super built-up  Area,Ready To Move,Hegde Nagar,3,1168.0,2.0,1.0,68.0
Super built-up  Area,19-Dec,Bannerghatta,3,1776.0,3.0,2.0,124.0
Built-up  Area,Ready To Move,Whitefield,3,1634.0,3.0,2.0,68.0
Plot  Area,Ready To Move,Hormavu,2,860.0,2.0,0.0,56.0
Super built-up  Area,Ready To Move,Whitefield,2,1190.0,2.0,1.0,70.0
Super built-up  Area,18-Aug,JP Nagar,2,1133.0,2.0,1.0,33.99
Plot  Area,Ready To Move,Horamavu Banaswadi,3,1448.0,4.0,0.0,118.0
Super built-up  Area,Ready To Move,Kodichikkanahalli,2,976.0,2.0,1.0,50.0
Super built-up  Area,Ready To Move,Yelahanka,3,1590.0,2.0,2.0,54.0
Super built-up  Area,19-Dec,Binny Pete,4,2940.0,6.0,2.0,201.0
Built-up  Area,Ready To Move,Yelahanka,3,1633.0,3.0,2.0,110.0
Super built-up  Area,18-Aug,Ramagondanahalli,2,1151.0,2.0,2.0,46.0
Super built-up  Area,Ready To Move,Kereguddadahalli,3,1400.0,2.0,2.0,42.0
Super built-up  Area,17-Apr,Uttarahalli,2,1037.0,2.0,1.0,36.0
Super built-up  Area,Ready To Move,Thanisandra,2,1188.0,2.0,1.0,36.0
Super built-up  Area,Ready To Move,Thigalarapalya,3,2215.0,4.0,2.0,162.0
Super built-up  Area,Ready To Move,Hennur,2,1255.0,2.0,2.0,54.5
Super built-up  Area,17-Apr,Harlur,4,2569.0,5.0,3.0,180.0
Super built-up  Area,18-Dec,ITPL,2,900.0,2.0,1.0,27.0
Super built-up  Area,18-Aug,Kudlu Gate,2,1183.0,2.0,1.0,79.54
Super built-up  Area,Ready To Move,HSR Layout,2,1100.0,2.0,2.0,44.0
Super built-up  Area,Ready To Move,GM Palaya,3,1643.0,2.0,2.0,70.0
Super built-up  Area,Ready To Move,Jakkur,2,1291.0,2.0,1.0,75.0
Plot  Area,17-Oct,Hennur,3,1150.0,3.0,2.0,80.0
Super built-up  Area,Ready To Move,Electronic City,2,1060.0,2.0,1.0,55.0
Super built-up  Area,Ready To Move,Mahadevpura,2,1236.0,2.0,1.0,58.0
Built-up  Area,Ready To Move,Pai Layout,6,3800.0,6.0,2.0,175.0
Built-up  Area,Ready To Move,Haralur Road,4,4694.0,5.0,2.0,375.0
Built-up  Area,18-Dec,Electronic City,2,1200.0,2.0,1.0,34.66
Plot  Area,Ready To Move,Hulimavu,4,1200.0,4.0,1.0,75.0
Built-up  Area,Ready To Move,Harlur,2,1225.0,2.0,2.0,56.0
Super built-up  Area,18-Apr,Thanisandra,2,1056.0,2.0,1.0,75.0
Super built-up  Area,18-Jun,9th Phase JP Nagar,3,1240.0,2.0,2.0,42.85
Super built-up  Area,17-Oct,Banashankari,3,1200.0,3.0,2.0,74.52
Super built-up  Area,18-Dec,Kudlu Gate,3,1850.0,3.0,2.0,110.0
Super built-up  Area,Ready To Move,Jigani,2,918.0,2.0,2.0,56.0
Built-up  Area,Ready To Move,Munnekollal,3,1540.0,2.0,3.0,70.0
Super built-up  Area,Ready To Move,Lakshminarayana Pura,2,1200.0,2.0,2.0,80.0
Built-up  Area,19-Jun,Sarjapur,4,2585.5,4.0,0.0,115.0
Super built-up  Area,Ready To Move,CV Raman Nagar,3,1400.0,2.0,2.0,78.0
Built-up  Area,Ready To Move,1st Phase JP Nagar,4,1900.0,3.0,1.0,400.0
Super built-up  Area,Ready To Move,8th Phase JP Nagar,2,1510.0,2.0,3.0,80.0
Super built-up  Area,21-Dec,Kanakpura Road,1,525.0,2.0,2.0,27.0
Plot  Area,18-Aug,ITPL,3,1500.0,3.0,1.0,61.52
Super built-up  Area,19-Dec,Yelahanka,1,827.5,1.0,0.0,42.535
Super built-up  Area,Ready To Move,Vidyaranyapura,3,1100.0,2.0,2.0,72.0
Carpet  Area,19-Jun,Hormavu,4,2282.0,4.0,0.0,115.0
Plot  Area,Ready To Move,Sarjapur,3,2172.0,3.0,0.0,100.0
Super built-up  Area,Ready To Move,8th Phase JP Nagar,3,3300.0,3.0,2.0,165.0
Super built-up  Area,19-Mar,Thubarahalli,3,1242.0,3.0,1.0,51.0
Super built-up  Area,Ready To Move,Uttarahalli,3,1245.0,2.0,2.0,43.58
Built-up  Area,Ready To Move,Kadugodi,2,1088.0,2.0,2.0,44.0
Plot  Area,Ready To Move,TC Palaya,3,1995.0,3.0,1.0,100.0
Super built-up  Area,Ready To Move,Haralur Road,2,1309.0,2.0,1.0,82.0
Super built-up  Area,Ready To Move,Hebbal,3,3520.0,5.0,2.0,240.0
Super built-up  Area,Ready To Move,5th Phase JP Nagar,2,1041.0,2.0,2.0,54.0
Super built-up  Area,Ready To Move,Sarjapur  Road,3,1505.0,2.0,2.0,60.0
Super built-up  Area,18-Jul,Bannerghatta,3,1776.0,3.0,2.0,150.0
Super built-up  Area,Ready To Move,Bellandur,3,1767.0,3.0,2.0,89.0
Super built-up  Area,Ready To Move,Kengeri,2,1320.0,2.0,1.0,50.0
Super built-up  Area,19-Mar,Thanisandra,2,1245.0,2.0,1.0,83.05
Super built-up  Area,Ready To Move,Haralur Road,2,1027.0,1.0,2.0,44.0
Super built-up  Area,21-Dec,Kanakpura Road,3,1100.0,3.0,2.0,58.0
Super built-up  Area,21-Dec,Kannamangala,3,1814.0,3.0,1.0,129.0
Super built-up  Area,Ready To Move,Ramagondanahalli,3,1610.0,2.0,1.0,112.0
Built-up  Area,Ready To Move,Kumaraswami Layout,1,850.0,1.0,1.0,78.0
Super built-up  Area,18-Jul,Kasavanhalli,3,1600.0,3.0,3.0,79.0
Super built-up  Area,Ready To Move,Electronic City,2,1353.0,2.0,3.0,75.0
Super built-up  Area,21-Aug,Electronics City Phase 1,3,1750.0,3.0,2.0,58.0
Plot  Area,Ready To Move,Whitefield,4,4800.0,4.0,3.0,550.0
Built-up  Area,Ready To Move,Sahakara Nagar,2,1270.0,2.0,1.0,96.0
Built-up  Area,Ready To Move,Battarahalli,4,2700.0,3.0,0.0,75.0
Built-up  Area,19-May,Thanisandra,4,2695.0,4.0,3.0,188.0
Built-up  Area,Ready To Move,Electronic City,2,660.0,1.0,0.0,18.0
Super built-up  Area,Ready To Move,BTM 2nd Stage,2,1400.0,2.0,3.0,90.0
Built-up  Area,Ready To Move,Gubbalala,4,4000.0,5.0,1.0,195.0
Super built-up  Area,Ready To Move,Kanakpura Road,3,1700.0,3.0,2.0,75.0
Built-up  Area,Ready To Move,Kasavanhalli,2,1585.0,2.0,2.0,90.0
Super built-up  Area,Ready To Move,Kothanur,3,1385.0,3.0,3.0,67.0
Super built-up  Area,18-Jul,Electronic City,2,1128.0,2.0,1.0,67.0
Super built-up  Area,Ready To Move,HSR Layout,2,1203.0,2.0,2.0,60.0
Super built-up  Area,Ready To Move,Mallasandra,2,905.0,2.0,1.0,35.0
Super built-up  Area,19-Mar,Hennur Road,3,1450.0,3.0,2.0,79.0
Super built-up  Area,Ready To Move,Varthur,2,1105.0,2.0,3.0,38.0
Plot  Area,18-Apr,Channasandra,2,1200.0,2.0,1.0,46.13
Super built-up  Area,Ready To Move,Jalahalli,3,1530.0,2.0,3.0,89.0
Super built-up  Area,Ready To Move,Whitefield,2,1105.0,2.0,1.0,35.4
Super built-up  Area,18-Jul,Dasarahalli,2,1333.0,2.0,1.0,78.56
Super built-up  Area,18-Dec,Old Madras Road,3,1530.0,3.0,2.0,76.34
Plot  Area,Ready To Move,Margondanahalli,2,1200.0,2.0,1.0,65.0
Super built-up  Area,Ready To Move,Whitefield,2,1270.0,2.0,1.0,94.0
Super built-up  Area,Ready To Move,Bellandur,3,1830.0,3.0,3.0,89.0
Super built-up  Area,Ready To Move,Chandapura,2,900.0,2.0,3.0,35.0
Super built-up  Area,Ready To Move,Bannerghatta Road,3,1450.0,2.0,2.0,78.0
Super built-up  Area,Ready To Move,Bommanahalli,2,1355.0,2.0,0.0,73.17
Plot  Area,Ready To Move,R.T. Nagar,3,2400.0,3.0,0.0,348.0
Built-up  Area,Ready To Move,Koramangala,2,1355.0,2.0,2.0,95.0
Built-up  Area,17-Jul,Electronic City,2,1070.0,2.0,1.0,57.0
Super built-up  Area,Ready To Move,Bommasandra,2,842.0,2.0,2.0,30.0
Super built-up  Area,Ready To Move,Bannerghatta Road,1,700.0,1.0,1.0,31.2
Super built-up  Area,Ready To Move,Thanisandra,2,1185.0,2.0,2.0,43.5
Super built-up  Area,Ready To Move,Varthur,3,2145.0,3.0,2.0,170.0
Super built-up  Area,Ready To Move,Whitefield,2,1220.0,2.0,1.0,89.0
Super built-up  Area,Ready To Move,6th Phase JP Nagar,2,1192.0,2.0,3.0,75.0
Super built-up  Area,Ready To Move,Marathahalli,3,1449.0,3.0,2.0,110.0
Built-up  Area,Ready To Move,Electronic City,3,1700.0,3.0,2.0,90.0
Super built-up  Area,18-Aug,Hebbal,3,1920.0,3.0,2.0,150.0
Super built-up  Area,19-Dec,Hoodi,2,1447.0,3.0,2.0,76.0
Super built-up  Area,19-Jul,Kanakpura Road,2,1329.0,2.0,1.0,107.0
Built-up  Area,Ready To Move,Sarjapur  Road,3,1314.0,2.0,2.0,70.44
Super built-up  Area,19-Mar,Hosa Road,3,1513.0,3.0,1.0,103.0
Super built-up  Area,Ready To Move,Vittasandra,2,1246.0,2.0,1.0,67.5
Super built-up  Area,Ready To Move,Dasarahalli,2,1220.0,2.0,2.0,62.0
Super built-up  Area,Ready To Move,Yelahanka New Town,3,1800.0,2.0,1.0,45.0
Super built-up  Area,Ready To Move,Kaval Byrasandra,3,1400.0,3.0,2.0,75.0
Super built-up  Area,Ready To Move,Kasavanhalli,2,1245.0,2.0,2.0,80.0
Built-up  Area,Ready To Move,Gollarapalya Hosahalli,2,996.0,2.0,2.0,36.5
Built-up  Area,Ready To Move,Yelahanka New Town,2,1000.0,2.0,1.0,44.0
Super built-up  Area,Ready To Move,Thanisandra,3,1261.0,2.0,1.0,80.0
Built-up  Area,Ready To Move,Electronics City Phase 1,2,1080.0,2.0,2.0,46.0
Super built-up  Area,18-Mar,Kammasandra,2,982.0,2.0,2.0,25.53
Super built-up  Area,18-May,Bommasandra,3,1260.0,3.0,1.0,49.36
Super built-up  Area,Ready To Move,HSR Layout,3,1590.0,2.0,2.0,135.0
Super built-up  Area,Ready To Move,Horamavu Agara,2,1220.0,2.0,2.0,39.0
Super built-up  Area,18-May,Electronic City Phase II,3,1320.0,2.0,1.0,38.12
Super built-up  Area,Ready To Move,Green Glen Layout,3,1750.0,3.0,2.0,105.0
Super built-up  Area,Ready To Move,Whitefield,3,1436.0,2.0,3.0,62.15
Plot  Area,18-Apr,TC Palaya,3,1200.0,2.0,0.0,66.0
Super built-up  Area,Ready To Move,Malleshwaram,2,1500.0,2.0,2.0,140.0
Super built-up  Area,Ready To Move,Varthur,3,1560.0,3.0,2.0,90.0
Super built-up  Area,19-Jan,Whitefield,3,3758.0,3.0,1.0,300.0
Super built-up  Area,Ready To Move,Bellandur,3,2400.0,3.0,2.0,115.0
Plot  Area,18-May,Kaggalipura,4,3150.0,5.0,1.0,212.0
Super built-up  Area,Ready To Move,Karuna Nagar,3,1960.0,3.0,2.0,165.0
Super built-up  Area,Ready To Move,JP Nagar,4,3200.0,5.0,3.0,309.0
Super built-up  Area,Ready To Move,Yelahanka,2,1195.0,2.0,0.0,53.105
Super built-up  Area,Ready To Move,Hosakerehalli,5,4500.0,5.0,2.0,145.0
Super built-up  Area,Ready To Move,Sarjapur  Road,3,2100.0,3.0,2.0,130.0
Super built-up  Area,Ready To Move,Kudlu,2,1027.0,2.0,1.0,44.0
Plot  Area,Ready To Move,Whitefield,4,1575.0,4.0,3.0,250.0
Super built-up  Area,18-May,Bommasandra,3,1365.0,3.0,1.0,52.82
Super built-up  Area,Ready To Move,Yelahanka New Town,1,650.0,1.0,1.0,18.0
Plot  Area,18-Nov,Chandapura,3,1200.0,2.0,1.0,52.0
Super built-up  Area,Ready To Move,Cooke Town,2,1100.0,2.0,3.0,90.0
Built-up  Area,Ready To Move,7th Phase JP Nagar,3,1075.0,2.0,1.0,57.0
Super built-up  Area,Ready To Move,Banashankari,2,1100.0,2.0,1.0,63.0
Super built-up  Area,Ready To Move,Kammasandra,3,1500.0,3.0,2.0,65.0
Super built-up  Area,18-Apr,Bhoganhalli,3,1718.0,3.0,2.0,90.2
Super built-up  Area,Ready To Move,Bisuvanahalli,3,1075.0,2.0,1.0,32.0
Super built-up  Area,Ready To Move,Kanakpura Road,2,1041.0,2.0,1.0,36.44
Super built-up  Area,Ready To Move,Hosur Road,3,1685.0,3.0,1.0,90.0
Built-up  Area,Ready To Move,Yelahanka New Town,2,600.0,2.0,2.0,80.0
Super built-up  Area,Ready To Move,Vittasandra,2,1404.0,2.0,1.0,70.0
Super built-up  Area,18-Jul,Varthur,2,1760.0,2.0,1.0,85.0
Built-up  Area,Ready To Move,Kudlu,2,1110.0,2.0,1.0,46.0
Super built-up  Area,Ready To Move,Rajaji Nagar,3,2415.0,3.0,2.0,399.0
Super built-up  Area,18-May,Gunjur,2,1235.0,2.0,2.0,44.5
Super built-up  Area,Ready To Move,Harlur,2,1197.0,2.0,1.0,76.0
Super built-up  Area,20-Dec,Begur Road,1,644.0,1.0,1.0,32.0
Super built-up  Area,Ready To Move,Bellandur,2,1251.0,2.0,3.0,47.0
Super built-up  Area,Ready To Move,Kudlu,4,2100.0,3.0,1.0,114.0
Plot  Area,Ready To Move,Kammanahalli,4,1600.0,4.0,1.0,200.0
Super built-up  Area,Ready To Move,NRI Layout,3,1731.0,3.0,3.0,64.11
Super built-up  Area,Ready To Move,Hormavu,2,1206.0,2.0,1.0,55.0
Super built-up  Area,Ready To Move,Choodasandra,3,1560.0,3.0,2.0,78.0
Super built-up  Area,Ready To Move,7th Phase JP Nagar,1,750.0,1.0,2.0,47.0
Built-up  Area,Ready To Move,Billekahalli,2,1035.0,2.0,2.0,90.0
Super built-up  Area,Ready To Move,Sarjapur  Road,1,702.0,1.0,0.0,35.8
Plot  Area,Ready To Move,Attibele,3,1700.0,3.0,1.0,65.0
Super built-up  Area,Ready To Move,HRBR Layout,2,1145.0,2.0,2.0,68.5
Super built-up  Area,Ready To Move,Ramamurthy Nagar,3,1208.0,2.0,2.0,43.5
Super built-up  Area,Ready To Move,Brookefield,3,1589.0,3.0,2.0,74.0
Super built-up  Area,Ready To Move,Yelahanka New Town,3,1426.0,2.0,2.0,61.5
Super built-up  Area,Ready To Move,Green Glen Layout,3,1885.0,3.0,2.0,135.0
Super built-up  Area,18-Mar,Old Madras Road,2,935.0,2.0,0.0,37.77
Super built-up  Area,18-Apr,Old Madras Road,2,1171.0,2.0,2.0,73.0
Super built-up  Area,Ready To Move,Singasandra,2,1465.0,2.0,3.0,60.0
Super built-up  Area,Ready To Move,Budigere,3,1820.0,3.0,2.0,95.0
Super built-up  Area,Ready To Move,Raja Rajeshwari Nagar,3,1580.0,2.0,2.0,66.85
Super built-up  Area,Ready To Move,Whitefield,3,1452.0,2.0,2.0,46.29
Super built-up  Area,Ready To Move,Hennur Road,3,1445.0,2.0,1.0,89.56
Super built-up  Area,18-Mar,Kothanur,2,1140.0,2.0,2.0,56.0
Built-up  Area,Ready To Move,Rachenahalli,3,2600.0,3.0,2.0,160.0
Super built-up  Area,Ready To Move,Jakkur,2,1473.0,2.0,1.0,85.0
Super built-up  Area,Ready To Move,Kathriguppe,3,1350.0,3.0,2.0,80.99
Super built-up  Area,Ready To Move,Prithvi Layout,4,4040.0,4.0,0.0,500.0
Super built-up  Area,18-Jan,CV Raman Nagar,3,1980.0,4.0,2.0,166.0
Super built-up  Area,22-Jun,Hoodi,3,1660.0,3.0,2.0,128.0
Super built-up  Area,Ready To Move,Chamrajpet,2,650.0,2.0,2.0,45.0
Super built-up  Area,Ready To Move,Malleshwaram,3,2475.0,4.0,3.0,340.0
Super built-up  Area,Ready To Move,R.T. Nagar,2,1080.0,2.0,1.0,48.0
Super built-up  Area,Ready To Move,Electronic City,3,1521.0,2.0,2.0,57.5
Super built-up  Area,18-Mar,Binny Pete,3,2406.0,5.0,2.0,289.0
Built-up  Area,Ready To Move,Ulsoor,1,840.0,1.0,1.0,150.0
Super built-up  Area,Ready To Move,Uttarahalli,2,1000.0,2.0,2.0,39.5
Super built-up  Area,Ready To Move,Bannerghatta Road,3,1630.0,3.0,3.0,68.0
Super built-up  Area,Ready To Move,Kammasandra,2,985.0,2.0,1.0,40.5
Super built-up  Area,Ready To Move,BTM 2nd Stage,2,1200.0,2.0,2.0,70.0
Built-up  Area,Ready To Move,Ambalipura,3,1650.0,3.0,3.0,100.0
Super built-up  Area,Ready To Move,Mico Layout,3,1670.0,3.0,2.0,59.0
Plot  Area,16-Jan,Sarjapur  Road,4,1240.0,4.0,0.0,110.0
Plot  Area,18-Jul,Ramagondanahalli,3,1200.0,3.0,1.0,56.1
Super built-up  Area,19-Aug,Begur Road,4,2500.0,6.0,0.0,122.5
Super built-up  Area,Ready To Move,Nagarbhavi,3,1635.0,3.0,3.0,85.0
Built-up  Area,Ready To Move,HSR Layout,2,1120.0,2.0,1.0,70.0
Super built-up  Area,Ready To Move,Sector 7 HSR Layout,3,1760.0,3.0,2.0,185.0
Super built-up  Area,Ready To Move,Harlur,3,2137.0,3.0,2.0,110.0
Super built-up  Area,Ready To Move,Hennur Road,2,973.0,2.0,1.0,50.74
Super built-up  Area,18-Jun,Kundalahalli,3,1724.0,3.0,1.0,146.0
Super built-up  Area,Ready To Move,Electronic City,1,750.0,1.0,1.0,35.0
Super built-up  Area,Ready To Move,Ramagondanahalli,4,2787.0,5.0,2.0,220.0
Super built-up  Area,20-Apr,Electronics City Phase 1,2,891.0,2.0,1.0,24.95
Super built-up  Area,Ready To Move,Kothanur,3,1787.0,3.0,2.0,120.0
Built-up  Area,Ready To Move,8th Phase JP Nagar,5,1730.0,5.0,2.0,75.0
Super built-up  Area,Ready To Move,Sarjapur  Road,2,1320.0,2.0,2.0,110.0
Super built-up  Area,18-Aug,Yeshwanthpur,3,1692.0,3.0,3.0,108.0
Super built-up  Area,Ready To Move,Bannerghatta Road,3,1400.0,3.0,2.0,69.0
Super built-up  Area,Ready To Move,Whitefield,2,1370.0,2.0,2.0,56.0
Super built-up  Area,Ready To Move,GM Palaya,1,675.0,1.0,1.0,35.0
Built-up  Area,Ready To Move,Chikka Tirupathi,4,3250.0,4.0,2.0,136.0
Super built-up  Area,Ready To Move,Whitefield,2,1050.0,2.0,3.0,43.0
Super built-up  Area,17-Feb,Sarjapur  Road,3,1200.0,2.0,2.0,44.0
Super built-up  Area,Ready To Move,Sarjapur  Road,3,1800.0,3.0,2.0,128.0
Built-up  Area,Ready To Move,Green Glen Layout,3,1625.0,3.0,2.0,70.0
Super built-up  Area,20-Dec,Electronics City Phase 1,2,1032.0,2.0,1.0,31.99
Super built-up  Area,18-Apr,Whitefield,3,1496.0,2.0,1.0,71.81
Built-up  Area,18-Dec,Electronic City Phase II,2,1125.0,2.0,1.0,32.63
Super built-up  Area,Ready To Move,Amruthahalli,2,1025.0,2.0,1.0,42.0
Super built-up  Area,19-Mar,Hennur Road,3,1482.0,2.0,1.0,83.73
Super built-up  Area,Ready To Move,Arekere,2,900.0,2.0,1.0,44.5
Super built-up  Area,Ready To Move,Yelahanka,3,1355.0,2.0,3.0,75.0
Plot  Area,18-May,1st Block Koramangala,4,2360.0,4.0,2.0,601.0
Built-up  Area,Ready To Move,Akshaya Nagar,2,1200.0,2.0,2.0,45.0
Super built-up  Area,Ready To Move,5th Phase JP Nagar,2,812.0,2.0,1.0,42.0
Built-up  Area,18-Apr,Basaveshwara Nagar,2,1200.0,2.0,1.0,70.0
Super built-up  Area,Ready To Move,Yelahanka,4,3175.0,4.0,1.0,156.0
Super built-up  Area,Ready To Move,Marathahalli,2,1360.0,2.0,1.0,101.0
Built-up  Area,Ready To Move,Rachenahalli,3,1756.0,3.0,2.0,110.0
Super built-up  Area,Ready To Move,8th Phase JP Nagar,3,1296.0,2.0,2.0,51.83
Super built-up  Area,Ready To Move,Haralur Road,2,1300.0,2.0,1.0,75.0
Super built-up  Area,Ready To Move,Anandapura,2,1141.0,2.0,1.0,50.0
Built-up  Area,Ready To Move,Electronic City,2,1210.0,2.0,1.0,55.0
Super built-up  Area,Ready To Move,Hormavu,2,1310.0,2.0,2.0,67.0
Super built-up  Area,18-Aug,Magadi Road,3,1187.0,2.0,0.0,55.195
Super built-up  Area,Ready To Move,Gubbalala,3,1745.0,3.0,2.0,140.0
Super built-up  Area,Ready To Move,Raja Rajeshwari Nagar,2,1050.0,2.0,2.0,37.0
Super built-up  Area,18-Apr,Electronic City Phase II,2,1140.0,2.0,1.0,34.0
Super built-up  Area,Ready To Move,Varthur,2,1210.0,2.0,2.0,54.0
Super built-up  Area,18-May,Kasavanhalli,3,2035.0,3.0,2.0,142.0
Super built-up  Area,Ready To Move,Sarjapur,1,633.0,1.0,1.0,17.09
Super built-up  Area,Ready To Move,Sarjapur  Road,3,2275.0,4.0,2.0,187.0
Super built-up  Area,Ready To Move,Kundalahalli,2,1047.0,2.0,2.0,91.0
Super built-up  Area,Ready To Move,Thanisandra,3,1884.0,4.0,2.0,117.0
Plot  Area,Ready To Move,Malleshpalya,3,1200.0,3.0,2.0,149.0
Super built-up  Area,Ready To Move,Bannerghatta Road,2,905.0,2.0,1.0,58.0
Super built-up  Area,Ready To Move,JP Nagar,3,1500.0,2.0,1.0,108.0
Built-up  Area,18-Aug,Bommasandra Industrial Area,2,1125.0,2.0,1.0,32.49
Built-up  Area,Ready To Move,Tindlu,2,1165.0,2.0,2.0,59.8
Super built-up  Area,Ready To Move,Hennur Road,3,1305.0,2.0,1.0,77.0
Super built-up  Area,Ready To Move,Billekahalli,2,1125.0,2.0,1.0,65.0
Super built-up  Area,Ready To Move,Jigani,3,1245.0,3.0,3.0,66.0
Built-up  Area,Ready To Move,AECS Layout,3,2000.0,3.0,1.0,90.0
Super built-up  Area,19-Mar,Hosa Road,1,625.0,1.0,1.0,43.68
Super built-up  Area,Ready To Move,Kundalahalli,3,1724.0,3.0,2.0,128.0
Super built-up  Area,Ready To Move,Sarjapur  Road,3,1270.0,2.0,1.0,54.0
Super built-up  Area,20-Dec,Jakkur,3,1485.0,3.0,2.0,72.0
Super built-up  Area,Ready To Move,7th Phase JP Nagar,2,990.0,2.0,2.0,50.0
Super built-up  Area,18-Mar,Kothanur,2,1185.0,2.0,2.0,59.0
Super built-up  Area,Ready To Move,Kadubeesanahalli,2,1140.0,2.0,1.0,78.0
Super built-up  Area,Ready To Move,Yelahanka,3,1756.0,3.0,2.0,125.0
Built-up  Area,Ready To Move,Kumaraswami Layout,4,2600.0,4.0,2.0,300.0
Built-up  Area,18-Jun,Whitefield,2,1216.0,2.0,1.0,72.0
Super built-up  Area,Ready To Move,Sarjapur  Road,2,1026.0,2.0,2.0,60.8
Super built-up  Area,Ready To Move,Sarjapur  Road,4,3335.0,4.0,3.0,300.0
Built-up  Area,Ready To Move,Kodichikkanahalli,5,2700.0,4.0,2.0,125.0
Super built-up  Area,18-Apr,Begur,3,1411.0,2.0,2.0,60.0
Super built-up  Area,Ready To Move,Kalena Agrahara,3,1804.0,3.0,2.0,155.0
Super built-up  Area,Ready To Move,Hebbal,4,2375.0,4.0,2.0,189.0
Super built-up  Area,Ready To Move,TC Palaya,2,1152.0,2.0,2.0,55.0
Super built-up  Area,Ready To Move,Thanisandra,2,965.0,2.0,1.0,54.0
Super built-up  Area,Ready To Move,Lingadheeranahalli,3,1684.0,3.0,1.0,120.0
Super built-up  Area,Ready To Move,Hennur Road,3,1672.0,3.0,2.0,86.0
Super built-up  Area,Ready To Move,Panathur,2,1075.0,2.0,2.0,60.0
Plot  Area,Ready To Move,Sarjapur,3,1500.0,5.0,2.0,95.0
Super built-up  Area,18-Dec,Hebbal,2,1420.0,2.0,1.0,99.26
Super built-up  Area,Ready To Move,Yeshwanthpur,2,1169.0,2.0,2.0,64.08
Super built-up  Area,18-Jul,Devanahalli,3,1290.0,2.0,1.0,62.0
Super built-up  Area,Ready To Move,Kengeri,2,1160.0,2.0,2.0,40.6
Super built-up  Area,Ready To Move,Mysore Road,3,1500.0,3.0,2.0,70.0
Super built-up  Area,Ready To Move,Domlur,3,1850.0,3.0,1.0,180.0
Super built-up  Area,18-May,Electronic City Phase II,3,1310.0,2.0,1.0,37.84
Plot  Area,Ready To Move,Kadugodi,3,1875.0,2.0,1.0,110.0
Super built-up  Area,Ready To Move,Hulimavu,3,1260.0,2.0,1.0,82.0
Built-up  Area,Ready To Move,Kengeri,5,2500.0,4.0,3.0,100.0
Super built-up  Area,19-Jun,Begur Road,2,1241.0,2.0,1.0,64.0
Super built-up  Area,Ready To Move,Sarjapur  Road,2,1025.0,2.0,2.0,45.5
Built-up  Area,17-Jun,Electronic City,2,1070.0,2.0,1.0,60.0
Super built-up  Area,Ready To Move,Begur,2,815.0,2.0,1.0,40.0
Built-up  Area,Ready To Move,Kanakpura Road,3,2000.0,3.0,3.0,105.0
Super built-up  Area,Ready To Move,Malleshwaram,2,1400.0,2.0,1.0,190.0
Super built-up  Area,Ready To Move,ITPL,4,5667.5,5.0,0.0,300.0
Built-up  Area,18-Apr,Sarjapur  Road,2,1216.0,2.0,2.0,70.0
Plot  Area,Ready To Move,Vidyaranyapura,7,3150.0,7.0,3.0,375.0
Plot  Area,Ready To Move,Kanakpura Road,2,1200.0,2.0,0.0,62.0
Super built-up  Area,Ready To Move,Marathahalli,2,1026.0,2.0,1.0,50.18
Built-up  Area,Ready To Move,Hulimavu,1,450.0,1.0,1.0,20.0
Super built-up  Area,Ready To Move,KR Puram,2,1205.0,2.0,1.0,45.79
Built-up  Area,Ready To Move,Anekal,1,420.0,1.0,1.0,12.5
Super built-up  Area,Ready To Move,Anekal,2,614.0,1.0,1.0,28.0
Plot  Area,18-May,Margondanahalli,2,1050.0,2.0,0.0,58.0
Super built-up  Area,Ready To Move,Yelahanka,2,1408.0,2.0,2.0,58.0
Built-up  Area,Ready To Move,Poorna Pragna Layout,2,960.0,2.0,3.0,50.0
Super built-up  Area,Ready To Move,NGR Layout,2,1021.0,2.0,2.0,46.0
Super built-up  Area,Ready To Move,Hegde Nagar,3,2162.03,4.0,2.0,129.0
Super built-up  Area,Ready To Move,Channasandra,2,1065.0,2.0,1.0,36.0
Super built-up  Area,Ready To Move,Attibele,1,400.0,1.0,1.0,10.25
Super built-up  Area,Ready To Move,Bannerghatta Road,3,1465.0,2.0,1.0,75.0
Super built-up  Area,20-Dec,Kanakpura Road,2,900.0,2.0,1.0,41.0
Super built-up  Area,Ready To Move,Marathahalli,3,1800.0,3.0,2.0,95.0
Super built-up  Area,Ready To Move,Sanjay nagar,2,1050.0,2.0,0.0,59.0
Built-up  Area,18-Aug,Electronic City Phase II,3,1400.0,2.0,2.0,40.43
Super built-up  Area,Ready To Move,Indira Nagar,3,1650.0,3.0,1.0,150.0
Super built-up  Area,Ready To Move,KR Puram,3,1827.0,3.0,2.0,97.0
Super built-up  Area,Ready To Move,Thanisandra,3,1930.0,4.0,2.0,122.0
Super built-up  Area,18-Feb,Mysore Road,2,883.0,2.0,1.0,37.0
Built-up  Area,Ready To Move,Kengeri,1,550.0,1.0,1.0,16.75
Super built-up  Area,Ready To Move,Kanakapura,3,1290.0,2.0,3.0,38.69
Built-up  Area,Ready To Move,Raja Rajeshwari Nagar,3,1021.0,3.0,2.0,59.0
Super built-up  Area,17-Dec,Whitefield,2,1158.0,2.0,1.0,55.0
Super built-up  Area,Ready To Move,Nagarbhavi,3,1400.0,2.0,2.0,135.0
Plot  Area,Ready To Move,Doddaballapur,4,2400.0,3.0,0.0,200.0
Super built-up  Area,18-Apr,Munnekollal,3,1200.0,2.0,1.0,57.9
Built-up  Area,Ready To Move,JP Nagar,3,1520.0,3.0,2.0,125.0
Super built-up  Area,18-Nov,Thanisandra,1,777.0,1.0,0.0,38.46
Super built-up  Area,Ready To Move,EPIP Zone,3,2710.0,3.0,2.0,177.0
Super built-up  Area,Ready To Move,Kenchenahalli,2,1150.0,2.0,2.0,57.0
Super built-up  Area,Ready To Move,Yelahanka,2,1101.0,2.0,2.0,37.0
Super built-up  Area,21-Dec,Hebbal,2,1252.0,2.0,1.0,92.0
Super built-up  Area,Ready To Move,Marathahalli,3,1650.0,3.0,2.0,85.0
Built-up  Area,Ready To Move,Marathahalli,2,1270.0,2.0,2.0,80.0
Super built-up  Area,Ready To Move,Tumkur Road,2,992.0,2.0,1.0,70.0
Built-up  Area,Ready To Move,Bisuvanahalli,3,1075.0,2.0,1.0,41.49
Built-up  Area,Ready To Move,Kumaraswami Layout,7,3200.0,7.0,0.0,150.0
Super built-up  Area,Ready To Move,Electronic City,2,1190.0,2.0,1.0,42.0
Super built-up  Area,Ready To Move,Sarjapur  Road,3,1814.0,3.0,3.0,63.0
Super built-up  Area,Ready To Move,Murugeshpalya,3,1344.0,2.0,0.0,56.0
Plot  Area,Ready To Move,Whitefield,4,5400.0,5.0,3.0,475.0
Super built-up  Area,Ready To Move,Kanakpura Road,3,1843.0,3.0,2.0,95.0
Built-up  Area,Ready To Move,Nagappa Reddy Layout,3,1495.0,2.0,2.0,70.0
Super built-up  Area,Ready To Move,Electronic City,2,880.0,2.0,1.0,19.0
Super built-up  Area,18-Apr,Whitefield,3,1396.0,3.0,1.0,74.0
Built-up  Area,Ready To Move,Garudachar Palya,3,1610.0,2.0,3.0,119.0
Super built-up  Area,Ready To Move,Tindlu,2,1050.0,2.0,2.0,55.0
Super built-up  Area,Ready To Move,Ramamurthy Nagar,2,1050.0,2.0,2.0,37.8
Built-up  Area,Ready To Move,Kumaraswami Layout,3,1310.0,2.0,1.0,85.0
Super built-up  Area,Ready To Move,Yelahanka,2,1104.0,2.0,2.0,58.0
Super built-up  Area,19-Mar,Hennur Road,2,1165.0,2.0,1.0,67.0
Super built-up  Area,Ready To Move,Hormavu,2,1310.0,2.0,3.0,60.0
Super built-up  Area,Ready To Move,1st Block Koramangala,2,1000.0,2.0,2.0,45.0
Super built-up  Area,Ready To Move,Electronic City,2,1150.0,2.0,1.0,38.08
Super built-up  Area,19-Dec,Thanisandra,3,2019.0,3.0,1.0,70.67
Super built-up  Area,Ready To Move,Varthur,2,986.0,2.0,1.0,31.0
Plot  Area,Ready To Move,Banashankari Stage III,1,1350.0,1.0,1.0,145.0
Super built-up  Area,Ready To Move,Akshaya Nagar,3,1893.0,4.0,2.0,95.0
Super built-up  Area,Ready To Move,Gollarapalya Hosahalli,3,1318.0,3.0,2.0,56.0
Built-up  Area,Ready To Move,Yelahanka,3,1325.0,2.0,2.0,58.0
Built-up  Area,Ready To Move,Ulsoor,4,2500.0,4.0,0.0,170.0
Super built-up  Area,Ready To Move,Bellandur,3,1665.0,3.0,2.0,85.0
Super built-up  Area,Ready To Move,Subramanyapura,3,1800.0,3.0,2.0,80.0
Super built-up  Area,Ready To Move,Harlur,2,1197.0,2.0,1.0,75.0
Super built-up  Area,Ready To Move,Thanisandra,3,1241.0,2.0,1.0,68.0
Super built-up  Area,Ready To Move,Kasavanhalli,3,1747.0,3.0,1.0,110.0
Super built-up  Area,18-Jun,Ramagondanahalli,3,1475.0,2.0,2.0,55.0
Super built-up  Area,Ready To Move,Hennur Road,2,980.0,2.0,1.0,51.0
Super built-up  Area,18-Apr,Dasanapura,2,966.0,2.0,1.0,58.0
Super built-up  Area,19-Mar,Sarjapur  Road,2,1112.0,2.0,1.0,62.0
Super built-up  Area,Ready To Move,Hennur,3,1830.0,2.0,3.0,113.0
Super built-up  Area,19-Mar,Yelahanka,2,1175.0,2.0,1.0,67.77
Super built-up  Area,Ready To Move,Whitefield,2,1175.0,2.0,1.0,41.0
Super built-up  Area,Ready To Move,Horamavu Banaswadi,2,1025.0,2.0,2.0,45.0
Super built-up  Area,18-Aug,Hennur Road,2,1232.0,2.0,1.0,80.0
Built-up  Area,Ready To Move,5th Phase JP Nagar,2,1010.0,2.0,2.0,57.0
Super built-up  Area,Ready To Move,Sarjapur  Road,2,1273.0,2.0,2.0,60.0
Super built-up  Area,17-Aug,Battarahalli,2,1590.0,2.0,2.0,102.0
Super built-up  Area,Ready To Move,Electronic City Phase II,3,1252.0,2.0,1.0,65.0
Super built-up  Area,Ready To Move,1st Phase JP Nagar,4,2615.0,5.0,3.0,222.0
Super built-up  Area,Ready To Move,Yelahanka,2,1322.0,2.0,1.0,77.9
Plot  Area,Ready To Move,7th Phase JP Nagar,1,1000.0,1.0,1.0,60.0
Super built-up  Area,Ready To Move,Harlur,3,1755.0,3.0,2.0,117.0
Super built-up  Area,Ready To Move,Electronic City Phase II,2,1135.0,2.0,2.0,46.0
Plot  Area,Ready To Move,Electronic City,4,1200.0,4.0,1.0,125.0
Super built-up  Area,Ready To Move,Nagavarapalya,2,1260.0,2.0,2.0,85.5
Super built-up  Area,20-Dec,Kanakpura Road,3,1100.0,2.0,1.0,53.0
Super built-up  Area,Ready To Move,Electronic City Phase II,3,1305.0,3.0,1.0,65.0
Built-up  Area,Ready To Move,Uttarahalli,2,1125.0,1.0,2.0,45.0
Built-up  Area,18-May,KR Puram,2,1075.0,2.0,2.0,32.25
Built-up  Area,Ready To Move,Thanisandra,6,2999.97,6.0,0.0,110.0
Super built-up  Area,Ready To Move,Kadugodi,2,1150.0,2.0,2.0,42.0
Super built-up  Area,Ready To Move,Hennur Road,2,1085.0,2.0,1.0,43.4
Built-up  Area,Ready To Move,Hebbal Kempapura,3,1785.0,3.0,0.0,165.0
Super built-up  Area,Ready To Move,Thanisandra,3,1930.0,4.0,2.0,120.0
Built-up  Area,Ready To Move,Kumaraswami Layout,4,2450.0,3.0,2.0,110.0
Super built-up  Area,Ready To Move,Bannerghatta Road,3,1920.0,3.0,3.0,122.0
Super built-up  Area,18-Apr,Kothannur,2,1085.0,2.0,2.0,34.2
Super built-up  Area,Ready To Move,Thanisandra,1,760.0,1.0,2.0,50.4
Built-up  Area,Ready To Move,Sahakara Nagar,2,1201.0,2.0,3.0,80.0
Super built-up  Area,18-Jul,Electronic City,3,1615.0,3.0,2.0,97.0
Super built-up  Area,Ready To Move,HSR Layout,2,1289.0,2.0,2.0,70.0
Super built-up  Area,Ready To Move,Kasavanhalli,2,1377.0,2.0,2.0,80.0
Super built-up  Area,Ready To Move,Cunningham Road,3,2880.0,3.0,2.0,560.0
Super built-up  Area,21-Dec,Thanisandra,1,663.0,1.0,0.0,32.82
Built-up  Area,18-Dec,Electronic City,2,1165.0,2.0,1.0,33.65
Super built-up  Area,Ready To Move,Thanisandra,2,1260.0,2.0,1.0,45.5
Super built-up  Area,Ready To Move,Seegehalli,2,1176.0,2.0,2.0,50.0
Super built-up  Area,Ready To Move,Thanisandra,3,1801.0,3.0,2.0,115.0
Super built-up  Area,Ready To Move,Whitefield,2,1315.0,2.0,3.0,55.0
Plot  Area,Ready To Move,NRI Layout,2,2400.0,2.0,1.0,125.0
Super built-up  Area,18-Mar,Uttarahalli,3,1308.0,2.0,3.0,53.0
Plot  Area,Ready To Move,Sarjapur  Road,4,4250.0,4.0,2.0,610.0
Built-up  Area,17-Dec,Thanisandra,4,3671.0,4.0,1.0,220.0
Super built-up  Area,Ready To Move,Hoodi,3,2144.0,3.0,2.0,140.0
Built-up  Area,Ready To Move,Hoskote,2,1065.0,2.0,3.0,33.75
Super built-up  Area,17-Oct,Balagere,2,1205.0,2.0,1.0,67.0
Super built-up  Area,Ready To Move,Uttarahalli,2,1160.0,2.0,2.0,40.58
Built-up  Area,18-Aug,Bommasandra Industrial Area,2,1130.0,2.0,1.0,32.64
Super built-up  Area,Ready To Move,Iblur Village,4,3633.0,5.0,1.0,335.0
Built-up  Area,Ready To Move,Kanakpura Road,3,1843.0,3.0,2.0,90.0
Built-up  Area,18-Dec,Bommasandra Industrial Area,2,1065.0,2.0,1.0,30.75
Super built-up  Area,Ready To Move,Thubarahalli,3,1885.0,3.0,2.0,85.52
Super built-up  Area,Ready To Move,Panathur,2,1210.0,2.0,2.0,69.0
Super built-up  Area,Ready To Move,TC Palaya,2,1126.0,2.0,1.0,39.4
Super built-up  Area,Ready To Move,Rayasandra,3,1357.0,2.0,2.0,59.0
Super built-up  Area,Ready To Move,Whitefield,3,1451.0,2.0,2.0,46.4
Super built-up  Area,Ready To Move,Hennur Road,2,950.0,2.0,1.0,55.0
Built-up  Area,Ready To Move,Bellandur,2,960.0,2.0,2.0,48.0
Plot  Area,18-May,Kaggalipura,3,2200.0,4.0,1.0,150.0
Super built-up  Area,21-Dec,Kanakpura Road,2,900.0,2.0,1.0,46.29
Super built-up  Area,Ready To Move,Cooke Town,3,2300.0,3.0,1.0,250.0
Super built-up  Area,Ready To Move,Hosa Road,4,1708.0,3.0,0.0,64.05
Built-up  Area,Ready To Move,Yeshwanthpur,6,2500.0,5.0,2.0,185.0
Super built-up  Area,Ready To Move,Bellandur,3,1690.0,2.0,2.0,116.0
Built-up  Area,Ready To Move,Haralur Road,3,1890.0,3.0,2.0,84.0
Built-up  Area,18-Aug,Electronic City Phase II,2,1165.0,2.0,1.0,33.64
Super built-up  Area,Ready To Move,BTM Layout,2,1196.0,2.0,2.0,56.81
Super built-up  Area,Ready To Move,Old Madras Road,3,1630.0,3.0,2.0,110.0
Super built-up  Area,19-Apr,Whitefield,2,1063.0,2.0,1.0,42.52
Super built-up  Area,Ready To Move,Chikkabanavar,2,1067.0,2.0,1.0,38.0
Super built-up  Area,19-Sep,Kanakpura Road,2,1299.0,2.0,1.0,89.63
Super built-up  Area,18-May,Panathur,2,1343.0,2.0,1.0,76.0
Super built-up  Area,Ready To Move,Electronics City Phase 1,3,1330.0,2.0,2.0,44.0
Super built-up  Area,Ready To Move,Mallasandra,3,1524.0,2.0,3.0,72.0
Super built-up  Area,Ready To Move,Lingadheeranahalli,4,2236.0,4.0,2.0,153.0
Super built-up  Area,Ready To Move,Domlur,3,2955.0,3.0,2.0,235.0
Super built-up  Area,Ready To Move,Balagere,2,1205.0,2.0,1.0,79.0
Super built-up  Area,18-Nov,Sarjapur  Road,3,1157.0,2.0,1.0,69.0
Super built-up  Area,19-Dec,Kanakapura,1,825.0,1.0,0.0,35.475
Built-up  Area,18-Apr,Yelahanka,1,602.0,1.0,1.0,33.0
Built-up  Area,Ready To Move,Malleshwaram,5,3000.0,4.0,0.0,900.0
Super built-up  Area,21-Jul,Hoodi,2,1108.0,2.0,0.0,66.46
Super built-up  Area,20-Dec,Sarjapur,2,1451.0,2.0,1.0,87.0
Super built-up  Area,18-May,Kanakpura Road,1,850.0,1.0,1.0,37.32
Super built-up  Area,Ready To Move,Kudlu,1,720.0,1.0,1.0,33.0
Super built-up  Area,Ready To Move,Thanisandra,3,1573.0,3.0,2.0,115.0
Super built-up  Area,Ready To Move,Sarjapur  Road,2,1026.0,2.0,1.0,60.8
Built-up  Area,18-Jul,Electronic City Phase II,3,1400.0,2.0,2.0,40.44
Built-up  Area,Ready To Move,Banashankari Stage III,4,2100.0,3.0,1.0,147.0
Super built-up  Area,Ready To Move,Sarjapur  Road,2,1150.0,2.0,1.0,48.5
Super built-up  Area,Ready To Move,Raja Rajeshwari Nagar,3,1500.0,3.0,2.0,88.0
Super built-up  Area,Ready To Move,Malleshwaram,3,2400.0,3.0,2.0,380.0
Super built-up  Area,Ready To Move,Ramagondanahalli,2,1125.0,2.0,2.0,75.0
Super built-up  Area,18-Dec,Hennur,3,1830.5,3.0,0.0,84.205
Super built-up  Area,Ready To Move,Marathahalli,2,1100.0,2.0,1.0,50.0
Built-up  Area,Ready To Move,Banaswadi,2,1105.0,2.0,2.0,57.0
Super built-up  Area,Ready To Move,Thanisandra,2,1110.0,2.0,2.0,46.5
Super built-up  Area,Ready To Move,Dasanapura,1,708.0,1.0,1.0,41.0
Super built-up  Area,Ready To Move,Thigalarapalya,4,3122.0,6.0,2.0,250.0
Super built-up  Area,Ready To Move,Sarjapur  Road,2,1205.0,2.0,2.0,37.0
Super built-up  Area,Ready To Move,5th Phase JP Nagar,3,1450.0,2.0,2.0,73.0
Super built-up  Area,Ready To Move,Kalena Agrahara,3,1837.0,2.0,2.0,95.0
Super built-up  Area,18-Dec,Whitefield,2,1346.0,2.0,1.0,76.01
Built-up  Area,Ready To Move,Balagere,2,1012.0,2.0,1.0,68.0
Super built-up  Area,Ready To Move,Kaggadasapura,3,1500.0,2.0,2.0,60.0
Super built-up  Area,Ready To Move,Harlur,2,1197.0,2.0,1.0,79.9
Super built-up  Area,Ready To Move,BTM 2nd Stage,2,1100.0,2.0,2.0,47.0
Super built-up  Area,Ready To Move,Hebbal Kempapura,4,3729.0,4.0,2.0,384.0
Plot  Area,Ready To Move,Sarjapur  Road,3,1600.0,3.0,1.0,120.0
Super built-up  Area,Ready To Move,Green Glen Layout,3,1715.0,3.0,3.0,120.0
Built-up  Area,Ready To Move,Bannerghatta Road,4,2400.0,4.0,1.0,180.0
Super built-up  Area,18-Jul,Ramagondanahalli,2,1151.0,2.0,2.0,42.5
Built-up  Area,Ready To Move,Uttarahalli,2,1123.0,2.0,2.0,60.0
Super built-up  Area,20-Jan,Whitefield,2,1276.0,2.0,1.0,69.5
Super built-up  Area,Ready To Move,Yelahanka,2,1315.0,2.0,3.0,77.0
Super built-up  Area,Ready To Move,R.T. Nagar,2,1325.0,2.0,2.0,52.0
Super built-up  Area,18-Apr,Varthur,3,1600.0,3.0,2.0,63.2
Super built-up  Area,Ready To Move,Jakkur,3,1660.0,3.0,2.0,104.0
Super built-up  Area,Ready To Move,Kodichikkanahalli,2,1299.0,2.0,3.0,58.0
Super built-up  Area,Ready To Move,Haralur Road,2,953.0,2.0,1.0,90.0
Super built-up  Area,Ready To Move,Gunjur,2,1457.0,2.0,3.0,60.0
Super built-up  Area,18-May,Varthur,2,1000.0,1.0,1.0,65.0
Built-up  Area,Ready To Move,Mallasandra,3,1100.0,2.0,3.0,76.3
Super built-up  Area,Ready To Move,Yelahanka,3,1075.0,2.0,1.0,33.53
Super built-up  Area,Ready To Move,Kanakpura Road,3,1450.0,3.0,3.0,51.0
Super built-up  Area,Ready To Move,Iblur Village,5,5515.0,6.0,2.0,425.0
Super built-up  Area,Ready To Move,Bellandur,1,950.0,1.0,1.0,40.0
Super built-up  Area,Ready To Move,Hennur Road,2,1140.0,2.0,2.0,56.0
Super built-up  Area,Ready To Move,Yelahanka,3,1430.0,3.0,1.0,61.0
Super built-up  Area,Ready To Move,Lakshminarayana Pura,3,1615.0,3.0,2.0,150.0
Super built-up  Area,Ready To Move,Kalena Agrahara,2,1180.0,2.0,2.0,85.0
Built-up  Area,Ready To Move,Bellandur,2,850.0,2.0,1.0,45.0
Super built-up  Area,Ready To Move,Kothanur,2,1130.0,2.0,2.0,55.0
Super built-up  Area,Ready To Move,CV Raman Nagar,2,907.0,2.0,2.0,38.0
Built-up  Area,Ready To Move,HRBR Layout,2,1300.0,2.0,3.0,90.0
Super built-up  Area,Ready To Move,Hennur Road,3,1891.0,3.0,1.0,110.0
Super built-up  Area,Ready To Move,Hennur Road,3,1735.0,3.0,3.0,78.0
Super built-up  Area,Ready To Move,Bisuvanahalli,3,1075.0,2.0,1.0,33.0
Built-up  Area,Ready To Move,Devanahalli,2,1010.0,2.0,1.0,58.0
Super built-up  Area,Ready To Move,Electronic City,2,1221.0,2.0,2.0,68.0
Plot  Area,Ready To Move,Banashankari,4,2400.0,4.0,3.0,470.0
Super built-up  Area,22-Jun,Hoodi,2,1108.0,2.0,1.0,87.48
Super built-up  Area,18-Apr,Sarjapur  Road,2,1370.0,2.0,1.0,70.0
Super built-up  Area,Ready To Move,Banashankari Stage V,2,920.0,2.0,1.0,41.5
Super built-up  Area,18-May,Bhoganhalli,2,1277.0,2.0,1.0,79.89
Super built-up  Area,Ready To Move,Singasandra,3,1653.0,3.0,2.0,85.0
Plot  Area,Ready To Move,Sarjapur,4,2400.0,3.0,3.0,140.0
Super built-up  Area,Ready To Move,1st Block Koramangala,4,3000.0,5.0,3.0,500.0
Super built-up  Area,Ready To Move,Electronics City Phase 1,3,1321.0,2.0,2.0,40.0
Super built-up  Area,Ready To Move,Kanakpura Road,3,1570.0,3.0,2.0,68.0
Super built-up  Area,Ready To Move,Whitefield,2,1317.0,2.0,2.0,52.0
Built-up  Area,Ready To Move,Lakshminarayana Pura,2,1195.0,2.0,1.0,75.0
Super built-up  Area,18-Nov,Whitefield,4,2858.0,4.0,0.0,137.0
Super built-up  Area,Ready To Move,Kammasandra,2,940.0,2.0,2.0,35.0
Built-up  Area,Ready To Move,Budigere,3,1820.0,3.0,2.0,95.5
Super built-up  Area,Ready To Move,Kanakpura Road,3,1450.0,3.0,3.0,53.6
Built-up  Area,Ready To Move,Whitefield,3,1615.0,3.0,0.0,96.9
Built-up  Area,Ready To Move,Nagarbhavi,3,2200.0,2.0,3.0,99.0
Super built-up  Area,Ready To Move,Subramanyapura,2,985.0,2.0,1.0,62.5
Built-up  Area,Ready To Move,Electronics City Phase 1,2,1116.0,2.0,1.0,33.0
Super built-up  Area,Ready To Move,Kaggadasapura,2,1105.0,2.0,1.0,39.5
Super built-up  Area,Ready To Move,Whitefield,2,1220.0,2.0,1.0,55.0
Built-up  Area,Ready To Move,Hoodi,3,1400.0,3.0,2.0,74.0
Built-up  Area,Ready To Move,Uttarahalli,2,1000.0,2.0,1.0,35.0
Super built-up  Area,Ready To Move,Bannerghatta Road,3,1660.0,3.0,3.0,80.0
Super built-up  Area,18-May,Old Madras Road,2,1165.0,2.0,1.0,52.0
Super built-up  Area,Ready To Move,Budigere,2,1153.0,2.0,2.0,56.0
Built-up  Area,Ready To Move,Bannerghatta Road,2,1270.0,2.0,2.0,45.0
Super built-up  Area,Ready To Move,Banashankari Stage III,3,1420.0,2.0,2.0,95.0
Plot  Area,Ready To Move,Kothanur,4,1600.0,5.0,0.0,130.0
Super built-up  Area,19-Jul,Bellandur,2,1454.0,2.0,1.0,90.0
Super built-up  Area,Ready To Move,Whitefield,2,1116.0,2.0,3.0,48.76
Super built-up  Area,18-Jul,Sarjapur  Road,2,1346.0,2.0,1.0,74.03
Super built-up  Area,19-Dec,JP Nagar,2,1405.0,2.0,1.0,99.0
Built-up  Area,Ready To Move,Doddathoguru,2,1100.0,2.0,2.0,50.0
Plot  Area,Ready To Move,Chikka Tirupathi,3,2153.0,4.0,3.0,120.0
Super built-up  Area,Ready To Move,Ulsoor,3,2135.0,3.0,2.0,170.0
Built-up  Area,Ready To Move,Pai Layout,2,1068.0,2.0,3.0,48.0
Super built-up  Area,Ready To Move,Doddathoguru,2,940.0,2.0,1.0,32.9
Super built-up  Area,18-May,Hosa Road,2,1063.0,2.0,1.0,32.79
Super built-up  Area,Ready To Move,Brookefield,2,1382.0,2.0,2.0,84.5
Super built-up  Area,Ready To Move,Harlur,2,936.0,2.0,1.0,45.0
Super built-up  Area,Ready To Move,KR Puram,3,1400.0,2.0,3.0,60.0
Super built-up  Area,20-Aug,Sarjapur  Road,1,475.0,1.0,1.0,26.0
Super built-up  Area,Ready To Move,Kudlu,2,1162.0,2.0,1.0,52.0
Super built-up  Area,18-Dec,Hosa Road,2,1161.0,2.0,1.0,48.75
Super built-up  Area,Ready To Move,Green Glen Layout,3,1623.29,2.0,2.0,105.0
Super built-up  Area,Ready To Move,Brookefield,2,1260.0,2.0,1.0,70.0
Plot  Area,Ready To Move,Seegehalli,3,3000.0,4.0,2.0,240.0
Super built-up  Area,Ready To Move,Murugeshpalya,3,1500.0,2.0,0.0,70.0
Super built-up  Area,20-Jun,Budigere,1,705.0,1.0,0.0,34.545
Super built-up  Area,Ready To Move,Nagarbhavi,2,1100.0,2.0,2.0,46.2
Super built-up  Area,Ready To Move,Whitefield,3,1400.0,2.0,3.0,56.0
Super built-up  Area,Ready To Move,Ramagondanahalli,3,2257.0,3.0,2.0,155.0
Super built-up  Area,Ready To Move,Budigere,2,1153.0,2.0,2.0,56.5
Super built-up  Area,Ready To Move,Sarjapur  Road,2,1197.0,2.0,1.0,56.86
Super built-up  Area,21-Jul,Hoodi,3,1837.0,3.0,1.0,110.0
Super built-up  Area,Ready To Move,Bellandur,3,1830.0,3.0,3.0,91.86
Super built-up  Area,Ready To Move,Green Glen Layout,3,1715.0,3.0,3.0,115.0
Super built-up  Area,Ready To Move,Electronic City,2,970.0,2.0,1.0,35.0
Plot  Area,Ready To Move,Hebbal Kempapura,4,1200.0,3.0,2.0,148.0
Built-up  Area,Ready To Move,NRI Layout,4,2700.0,5.0,1.0,95.75
Built-up  Area,Ready To Move,Vidyaranyapura,4,2400.0,5.0,1.0,135.0
Super built-up  Area,Ready To Move,Sarjapur  Road,4,3040.0,4.0,2.0,135.0
Super built-up  Area,18-Jul,Raja Rajeshwari Nagar,2,1168.0,2.0,1.0,66.0
Plot  Area,Ready To Move,Kumaraswami Layout,2,600.0,2.0,1.0,72.0
Super built-up  Area,Ready To Move,Ramamurthy Nagar,2,935.0,2.0,2.0,39.0
Super built-up  Area,18-Apr,Doddaballapur,1,654.0,1.0,1.0,49.0
Built-up  Area,Ready To Move,Domlur,3,1650.0,3.0,1.0,180.0
Super built-up  Area,Ready To Move,Kaggalipura,2,950.0,2.0,1.0,60.0
Built-up  Area,Ready To Move,Uttarahalli,2,1165.0,1.0,0.0,42.09
Built-up  Area,Ready To Move,Kalena Agrahara,3,1510.0,3.0,2.0,78.0
Super built-up  Area,Ready To Move,Thanisandra,2,1305.0,2.0,2.0,90.0
Super built-up  Area,Ready To Move,Hulimavu,2,1231.0,2.0,1.0,84.5
Super built-up  Area,Ready To Move,Sompura,3,1360.0,2.0,3.0,45.0
Super built-up  Area,Ready To Move,Yeshwanthpur,3,2500.0,3.0,3.0,138.0
Super built-up  Area,Ready To Move,Whitefield,2,1140.0,2.0,3.0,55.0
Super built-up  Area,19-Sep,Whitefield,2,1295.0,2.0,1.0,64.5
Super built-up  Area,Ready To Move,Hormavu,2,1020.0,2.0,2.0,45.75
Super built-up  Area,18-Dec,Old Airport Road,4,3504.0,4.0,2.0,262.0
Super built-up  Area,Ready To Move,Vidyaranyapura,2,1100.0,2.0,1.0,41.0
Plot  Area,19-Dec,Bannerghatta Road,4,4723.0,4.0,3.0,500.0
Super built-up  Area,Ready To Move,Kothannur,2,820.0,2.0,2.0,37.0
Plot  Area,Ready To Move,Sarjapur,4,3508.0,4.0,1.0,386.0
Super built-up  Area,Ready To Move,Kalena Agrahara,2,1354.0,2.0,2.0,70.0
Super built-up  Area,Ready To Move,Basavangudi,4,2453.0,3.0,2.0,250.0
Super built-up  Area,Ready To Move,7th Phase JP Nagar,3,1680.0,2.0,3.0,92.0
Super built-up  Area,18-May,Electronics City Phase 1,2,1205.0,2.0,2.0,60.0
Built-up  Area,Ready To Move,Raja Rajeshwari Nagar,3,1400.0,2.0,2.0,86.0
Built-up  Area,Ready To Move,Electronic City,3,1500.0,3.0,1.0,73.0
Super built-up  Area,Ready To Move,Bannerghatta Road,3,1520.0,2.0,3.0,80.0
Super built-up  Area,18-Apr,Kadugodi,3,1762.0,3.0,3.0,109.0
Super built-up  Area,Ready To Move,Budigere,2,1153.0,2.0,2.0,58.0
Super built-up  Area,Ready To Move,Yelahanka,4,2650.0,4.0,1.0,223.0
Super built-up  Area,Ready To Move,Sompura,3,1350.0,2.0,2.0,47.0
Super built-up  Area,Ready To Move,Billekahalli,2,950.0,2.0,2.0,56.0
Super built-up  Area,Ready To Move,Jakkur,3,3295.0,3.0,3.0,310.0
Super built-up  Area,Ready To Move,Neeladri Nagar,2,1100.0,2.0,2.0,30.0
Built-up  Area,Ready To Move,HBR Layout,2,1200.0,2.0,0.0,120.0
Super built-up  Area,Ready To Move,5th Phase JP Nagar,7,2500.0,8.0,3.0,95.0
Plot  Area,Ready To Move,Hoskote,4,1200.0,4.0,2.0,100.0
Super built-up  Area,Ready To Move,Yelahanka,3,1355.0,2.0,2.0,51.5
Super built-up  Area,18-Apr,8th Phase JP Nagar,3,1275.0,3.0,2.0,45.0
Super built-up  Area,19-Sep,Padmanabhanagar,3,2051.0,3.0,2.0,170.0
Super built-up  Area,Ready To Move,BTM Layout,3,1470.0,2.0,2.0,99.0
Built-up  Area,Ready To Move,Bannerghatta Road,3,1270.0,2.0,1.0,73.0
Super built-up  Area,Ready To Move,Hebbal Kempapura,3,1600.0,3.0,3.0,170.0
Super built-up  Area,Ready To Move,Kudlu Gate,3,1320.0,2.0,2.0,50.0
Super built-up  Area,Ready To Move,Whitefield,2,1200.0,2.0,3.0,70.0
Super built-up  Area,Ready To Move,Electronic City,2,995.0,2.0,1.0,48.0
Built-up  Area,Ready To Move,Horamavu Banaswadi,2,1081.0,2.0,1.0,52.0
Super built-up  Area,18-Dec,Sonnenahalli,1,605.0,1.0,1.0,30.24
Built-up  Area,Ready To Move,Yelahanka,1,567.0,1.0,1.0,25.0
Super built-up  Area,Ready To Move,Rajaji Nagar,2,1718.0,3.0,2.0,275.0
Super built-up  Area,20-Dec,Banashankari Stage VI,3,1410.5,2.0,0.0,70.385
Super built-up  Area,Ready To Move,Green Glen Layout,3,1715.0,3.0,2.0,105.0
Plot  Area,Ready To Move,Doddaballapur,4,3206.0,5.0,2.0,270.0
Plot  Area,Ready To Move,Kundalahalli,4,1500.0,4.0,2.0,235.0
Super built-up  Area,Ready To Move,Bannerghatta Road,3,1846.0,3.0,2.0,120.0
Super built-up  Area,Ready To Move,Whitefield,2,1015.0,2.0,3.0,56.0
Super built-up  Area,Ready To Move,Thanisandra,2,1100.0,2.0,1.0,36.0
Super built-up  Area,Ready To Move,Thanisandra,3,1965.0,4.0,2.0,125.0
Super built-up  Area,Ready To Move,NGR Layout,2,1021.0,2.0,2.0,45.9
Super built-up  Area,18-Apr,Haralur Road,2,1230.0,2.0,1.0,67.65
Super built-up  Area,Ready To Move,Uttarahalli,2,1260.0,2.0,2.0,55.0
Plot  Area,Ready To Move,Indira Nagar,4,2400.0,4.0,1.0,700.0
Super built-up  Area,Ready To Move,Lingadheeranahalli,3,1894.0,4.0,1.0,114.0
Super built-up  Area,Ready To Move,Sector 2 HSR Layout,2,1231.0,2.0,3.0,66.0
Built-up  Area,Ready To Move,R.T. Nagar,4,1800.0,3.0,0.0,120.0
Super built-up  Area,Ready To Move,Begur,3,1443.0,2.0,2.0,70.0
Super built-up  Area,18-Sep,Chandapura,3,1305.0,3.0,1.0,33.28
Super built-up  Area,Ready To Move,Uttarahalli,2,1284.0,2.0,2.0,53.36
Built-up  Area,Ready To Move,Chikkalasandra,2,1325.0,2.0,1.0,59.0
Super built-up  Area,18-Jun,Kudlu Gate,2,1183.0,2.0,1.0,79.54
Super built-up  Area,Ready To Move,Electronic City,2,1342.0,2.0,1.0,90.0
Super built-up  Area,Ready To Move,Brookefield,2,1206.0,2.0,2.0,90.0
Super built-up  Area,19-Mar,Hebbal,4,2790.0,4.0,3.0,198.0
Super built-up  Area,18-Mar,Hebbal,2,1162.0,2.0,1.0,59.0
Built-up  Area,Ready To Move,Sarjapur  Road,3,1857.0,4.0,3.0,155.0
Super built-up  Area,Ready To Move,Rajaji Nagar,2,1763.0,3.0,2.0,240.0
Super built-up  Area,Ready To Move,Uttarahalli,2,1150.0,2.0,1.0,45.99
Plot  Area,Ready To Move,Koramangala,4,2400.0,5.0,3.0,550.0
Super built-up  Area,Ready To Move,Chikkalasandra,2,1290.0,2.0,2.0,72.0
Built-up  Area,Ready To Move,Thubarahalli,4,3408.0,5.0,2.0,145.0
Built-up  Area,Ready To Move,Sanjay nagar,2,1150.0,2.0,0.0,70.0
Plot  Area,Ready To Move,Banashankari,3,1040.0,2.0,1.0,109.0
Super built-up  Area,Ready To Move,Yeshwanthpur,2,1160.0,2.0,2.0,64.08
Plot  Area,Ready To Move,Sarjapur  Road,4,1750.0,3.0,1.0,185.0
Super built-up  Area,Ready To Move,Lingadheeranahalli,4,2240.0,4.0,2.0,160.0
Super built-up  Area,Ready To Move,Electronics City Phase 1,2,891.0,2.0,1.0,26.0
Super built-up  Area,Ready To Move,Ambedkar Nagar,3,1852.0,3.0,2.0,125.0
Super built-up  Area,Ready To Move,Chandapura,3,1323.0,2.0,1.0,42.0
Super built-up  Area,Ready To Move,Vittasandra,2,1404.0,2.0,1.0,67.5
Built-up  Area,Ready To Move,Dodda Nekkundi,2,1370.0,2.0,2.0,60.0
Super built-up  Area,Ready To Move,Gollarapalya Hosahalli,2,1129.0,2.0,1.0,50.0
Super built-up  Area,Ready To Move,Mysore Road,2,1175.0,2.0,2.0,86.68
Super built-up  Area,19-Jan,Hosa Road,3,1893.0,3.0,2.0,130.0
Super built-up  Area,Ready To Move,Whitefield,3,1430.0,3.0,2.0,52.0
Super built-up  Area,17-Mar,CV Raman Nagar,2,1392.0,2.0,1.0,110.0
Super built-up  Area,21-Mar,Kanakpura Road,3,1938.0,3.0,3.0,105.0
Super built-up  Area,Ready To Move,HBR Layout,3,1832.0,3.0,2.0,160.0
Super built-up  Area,Ready To Move,Konanakunte,3,1423.0,2.0,2.0,85.0
Super built-up  Area,Ready To Move,Jakkur,2,1432.0,2.0,1.0,85.0
Super built-up  Area,Ready To Move,CV Raman Nagar,3,1480.0,3.0,2.0,65.0
Super built-up  Area,18-Dec,Hulimavu,3,1916.0,2.0,1.0,150.0
Super built-up  Area,Ready To Move,Yelenahalli,2,1160.0,2.0,2.0,44.08
Super built-up  Area,18-Jun,Old Madras Road,2,2640.0,2.0,1.0,170.0
Super built-up  Area,Ready To Move,Bommanahalli,2,1160.0,2.0,3.0,53.0
Built-up  Area,Ready To Move,Lakshminarayana Pura,2,1200.0,2.0,1.0,80.0
Carpet  Area,Ready To Move,Ramagondanahalli,3,1500.0,3.0,3.0,100.0
Super built-up  Area,18-May,Electronic City Phase II,3,1336.0,2.0,3.0,50.35
Built-up  Area,Ready To Move,Choodasandra,2,1065.0,2.0,1.0,46.0
Super built-up  Area,Ready To Move,Hebbal,2,1294.0,2.0,1.0,115.0
Super built-up  Area,Ready To Move,Rachenahalli,3,1550.0,3.0,2.0,68.5
Super built-up  Area,Ready To Move,7th Phase JP Nagar,3,1430.0,2.0,1.0,102.0
Super built-up  Area,18-Dec,Frazer Town,4,4100.0,4.0,3.0,660.0
Super built-up  Area,22-Jun,Hoodi,3,1660.0,3.0,2.0,125.0
Super built-up  Area,Ready To Move,Thanisandra,3,1430.0,2.0,3.0,56.0
Super built-up  Area,Ready To Move,Hennur Road,3,1470.0,2.0,1.0,75.0
Super built-up  Area,Ready To Move,Jalahalli,2,1045.0,2.0,1.0,76.77
Super built-up  Area,Ready To Move,Hebbal,4,4225.0,6.0,0.0,359.0
Built-up  Area,Ready To Move,Anjanapura,2,950.0,2.0,0.0,30.0
Super built-up  Area,Ready To Move,Doddathoguru,3,1382.0,3.0,1.0,65.0
Super built-up  Area,Ready To Move,BTM 2nd Stage,2,930.0,2.0,2.0,46.0
Built-up  Area,Ready To Move,Whitefield,3,1010.0,2.0,1.0,45.0
Built-up  Area,Ready To Move,Brookefield,4,3050.0,4.0,2.0,130.0
Super built-up  Area,Ready To Move,Dodda Nekkundi,2,1200.0,2.0,2.0,71.0
Super built-up  Area,Ready To Move,Budigere,3,1636.0,3.0,2.0,88.0
Super built-up  Area,Ready To Move,Rajaji Nagar,3,2367.0,3.0,2.0,320.0
Super built-up  Area,Ready To Move,Budigere,2,1153.0,2.0,2.0,56.55
Super built-up  Area,Ready To Move,Hegde Nagar,3,2087.01,4.0,2.0,160.0
Super built-up  Area,Ready To Move,LB Shastri Nagar,2,1200.0,2.0,1.0,47.0
Super built-up  Area,Ready To Move,HSR Layout,3,1844.0,3.0,1.0,89.0
Super built-up  Area,Ready To Move,Begur Road,2,1215.0,2.0,1.0,43.75
Super built-up  Area,18-Jul,Sarjapur  Road,2,1194.0,2.0,1.0,57.0
Super built-up  Area,18-May,Bommasandra,2,955.0,2.0,1.0,37.97
Super built-up  Area,18-Aug,Magadi Road,2,884.0,2.0,1.0,48.0
Super built-up  Area,Ready To Move,Kathriguppe,2,1250.0,2.0,1.0,68.75
Plot  Area,Ready To Move,Dodda Nekkundi,3,2400.0,4.0,2.0,300.0
Super built-up  Area,Ready To Move,Harlur,4,2990.0,4.0,1.0,225.0
Super built-up  Area,Ready To Move,Bellandur,2,1195.0,2.0,1.0,52.0
Built-up  Area,18-Mar,Begur,2,1200.0,2.0,1.0,33.0
Super built-up  Area,18-Nov,Sarjapur  Road,2,984.0,2.0,1.0,45.75
Super built-up  Area,Ready To Move,Bommasandra,2,1089.0,2.0,1.0,40.0
Super built-up  Area,19-Mar,Hennur Road,2,1165.0,2.0,1.0,52.0
Super built-up  Area,Ready To Move,Chandapura,1,410.0,1.0,1.0,10.0
Super built-up  Area,18-Dec,Hennur,3,1482.0,3.0,1.0,110.0
Built-up  Area,Ready To Move,Ramamurthy Nagar,2,1200.0,2.0,1.0,68.0
Super built-up  Area,18-Apr,Hormavu,3,1166.0,2.0,2.0,34.97
Super built-up  Area,Ready To Move,Chikkalasandra,3,1275.0,2.0,2.0,55.46
Super built-up  Area,Ready To Move,Mico Layout,2,1140.0,2.0,2.0,43.0
Plot  Area,Ready To Move,Hegde Nagar,4,3734.0,5.0,1.0,430.0
Plot  Area,18-Apr,Nagarbhavi,3,1200.0,3.0,2.0,228.0
Super built-up  Area,Ready To Move,Sector 7 HSR Layout,2,1162.0,2.0,2.0,98.77
Built-up  Area,Ready To Move,Ramamurthy Nagar,1,540.0,1.0,0.0,35.0
Super built-up  Area,Ready To Move,Rachenahalli,3,1550.0,2.0,2.0,73.5
Plot  Area,Ready To Move,R.T. Nagar,3,1300.0,3.0,2.0,145.0
Super built-up  Area,Ready To Move,Sarjapur  Road,3,1347.0,2.0,1.0,44.0
Built-up  Area,Ready To Move,Bannerghatta Road,4,3000.0,4.0,2.0,140.0
Super built-up  Area,18-Jun,Bannerghatta,2,1120.0,2.0,1.0,42.5
Super built-up  Area,18-Dec,Whitefield,3,2321.0,4.0,1.0,157.0
Built-up  Area,Ready To Move,Hebbal,2,1150.0,2.0,1.0,57.0
Built-up  Area,Ready To Move,Sonnenahalli,3,1484.0,3.0,1.0,75.0
Super built-up  Area,Ready To Move,Ramagondanahalli,3,1680.0,2.0,2.0,68.0
Super built-up  Area,Ready To Move,Sarjapur  Road,2,1105.0,2.0,2.0,40.0
Super built-up  Area,Ready To Move,Vidyaranyapura,2,1200.0,2.0,2.0,60.5
Built-up  Area,Ready To Move,Kumaraswami Layout,7,3100.0,7.0,3.0,145.0
Plot  Area,Ready To Move,Whitefield,4,4007.0,4.0,3.0,530.0
Super built-up  Area,Ready To Move,Banashankari,3,1340.0,2.0,2.0,53.6
Super built-up  Area,Ready To Move,Rajaji Nagar,3,2409.0,3.0,3.0,395.0
Built-up  Area,Ready To Move,Old Airport Road,2,1055.0,2.0,3.0,75.0
Super built-up  Area,18-Dec,Hosa Road,3,1541.0,3.0,1.0,69.61
Built-up  Area,Ready To Move,Harlur,2,1370.0,2.0,2.0,88.0
Super built-up  Area,Ready To Move,Whitefield,2,1224.0,2.0,2.0,75.0
Super built-up  Area,Ready To Move,Yeshwanthpur,3,1676.0,3.0,2.0,92.13
Super built-up  Area,Ready To Move,Kanakpura Road,3,1610.0,3.0,3.0,78.5
Super built-up  Area,18-Jul,Raja Rajeshwari Nagar,2,1157.0,2.0,1.0,65.0
Super built-up  Area,Ready To Move,Sarjapur  Road,2,1140.0,2.0,1.0,40.0
Super built-up  Area,Ready To Move,Raja Rajeshwari Nagar,2,1206.0,2.0,1.0,40.7
Built-up  Area,Ready To Move,Electronic City Phase II,1,575.0,1.0,1.0,16.75
Super built-up  Area,Ready To Move,Koramangala,3,1600.0,3.0,1.0,170.0
Super built-up  Area,Ready To Move,Horamavu Agara,3,1300.0,2.0,2.0,52.0
Super built-up  Area,18-Apr,Electronic City,2,1128.0,2.0,1.0,63.5
Super built-up  Area,Ready To Move,Electronics City Phase 1,1,640.0,1.0,1.0,45.0
Super built-up  Area,Ready To Move,Electronic City,1,589.0,1.0,1.0,29.0
Super built-up  Area,18-Apr,Electronic City,2,1125.0,2.0,1.0,28.13
Super built-up  Area,Ready To Move,Kundalahalli,2,1315.0,2.0,3.0,74.0
Super built-up  Area,Ready To Move,Bellandur,3,1435.0,2.0,2.0,115.0
Super built-up  Area,18-May,Kadugodi,2,1314.0,2.0,3.0,80.0
Super built-up  Area,Ready To Move,Koramangala,2,1260.0,2.0,1.0,100.0
Super built-up  Area,Ready To Move,Nagarbhavi,2,1080.0,2.0,1.0,49.0
Super built-up  Area,18-Feb,Mysore Road,3,1082.0,2.0,1.0,45.0
Super built-up  Area,Ready To Move,Jakkur,3,1150.0,3.0,2.0,65.0
Super built-up  Area,18-Dec,Hennur Road,2,1052.0,2.0,1.0,34.72
Super built-up  Area,Ready To Move,Yelahanka,2,1045.0,2.0,1.0,45.0
Built-up  Area,Ready To Move,Kodigehaali,3,1442.0,3.0,2.0,80.0
Super built-up  Area,Ready To Move,Kaggadasapura,3,1500.0,2.0,2.0,75.0
Super built-up  Area,Ready To Move,Hennur,2,1255.0,2.0,1.0,53.57
Built-up  Area,Ready To Move,Kundalahalli,3,2100.0,3.0,2.0,150.0
Built-up  Area,Ready To Move,Hennur Road,2,1450.0,2.0,2.0,80.0
Super built-up  Area,18-May,Sarjapur  Road,2,1346.0,2.0,1.0,69.61
Super built-up  Area,Ready To Move,Electronic City Phase II,3,925.0,2.0,1.0,49.82
Super built-up  Area,Ready To Move,Dasarahalli,2,1160.0,2.0,2.0,49.0
Super built-up  Area,Ready To Move,Kothanur,2,1094.0,2.0,2.0,54.0
Built-up  Area,Ready To Move,Gubbalala,3,1745.0,3.0,2.0,130.0
Built-up  Area,Ready To Move,Bommanahalli,7,2875.0,7.0,2.0,85.0
Super built-up  Area,Ready To Move,Sonnenahalli,3,1550.0,3.0,1.0,50.0
Super built-up  Area,Ready To Move,Rajiv Nagar,4,2340.0,5.0,1.0,160.0
Super built-up  Area,19-Mar,Whitefield,3,1655.0,3.0,2.0,113.0
Super built-up  Area,19-Jan,Battarahalli,3,2024.0,3.0,2.0,103.0
Super built-up  Area,Ready To Move,Jalahalli,3,1575.0,4.0,3.0,100.0
Built-up  Area,Ready To Move,Sarjapur  Road,4,6200.0,4.0,2.0,744.0
Super built-up  Area,Ready To Move,BTM 2nd Stage,3,1265.0,2.0,3.0,55.0
Plot  Area,Ready To Move,Margondanahalli,2,1160.0,2.0,1.0,65.0
Super built-up  Area,19-Mar,Hosa Road,1,615.0,1.0,1.0,43.08
Super built-up  Area,Ready To Move,7th Phase JP Nagar,2,1128.0,2.0,1.0,60.0
Super built-up  Area,Ready To Move,Bellandur,3,1830.0,3.0,3.0,89.89
Super built-up  Area,Ready To Move,Sarjapur,3,1525.0,2.0,2.0,68.0
Super built-up  Area,18-Jan,Yelahanka,1,602.0,2.0,1.0,30.0
Super built-up  Area,Ready To Move,Hegde Nagar,3,1835.0,3.0,3.0,89.0
Built-up  Area,Ready To Move,Kanakpura Road,3,1250.0,3.0,3.0,62.6
Super built-up  Area,Ready To Move,Murugeshpalya,3,1855.0,3.0,3.0,96.0
Super built-up  Area,Ready To Move,Sarjapur  Road,3,2089.0,3.0,2.0,148.0
Plot  Area,Ready To Move,Banashankari Stage VI,4,4800.0,3.0,2.0,200.0
Built-up  Area,Ready To Move,Begur Road,2,1200.0,2.0,2.0,44.73
Super built-up  Area,Ready To Move,Sarjapur,2,1095.0,2.0,1.0,45.0
Plot  Area,Ready To Move,Ambedkar Nagar,3,2900.0,3.0,2.0,297.0
Super built-up  Area,Ready To Move,BTM 2nd Stage,3,2500.0,3.0,2.0,345.0
Built-up  Area,Ready To Move,Kothanur,3,1170.0,3.0,2.0,80.0
Super built-up  Area,Ready To Move,6th Phase JP Nagar,2,1280.0,2.0,1.0,88.0
Super built-up  Area,18-Jul,Rajaji Nagar,2,1224.0,2.0,0.0,105.0
Built-up  Area,Ready To Move,Thanisandra,3,1694.0,3.0,1.0,125.0
Super built-up  Area,Ready To Move,Electronic City,2,825.0,2.0,1.0,30.0
Super built-up  Area,Ready To Move,Sarjapur  Road,3,1612.0,3.0,1.0,98.38
Super built-up  Area,18-Aug,Chandapura,2,985.0,2.0,1.0,25.12
Super built-up  Area,Ready To Move,Murugeshpalya,2,1175.0,2.0,2.0,75.0
Built-up  Area,Ready To Move,Whitefield,3,1740.0,3.0,3.0,85.0
Super built-up  Area,18-Aug,Horamavu Agara,2,1090.0,2.0,1.0,46.0
Built-up  Area,Ready To Move,Whitefield,5,4144.0,5.0,1.0,331.0
Super built-up  Area,Ready To Move,Jigani,3,1221.0,3.0,3.0,65.0
Super built-up  Area,18-Jun,8th Phase JP Nagar,2,1046.0,2.0,1.0,48.0
Super built-up  Area,Ready To Move,Uttarahalli,3,1290.0,2.0,3.0,56.12
Built-up  Area,18-Dec,Electronic City Phase II,2,1065.0,2.0,1.0,30.76
Super built-up  Area,Ready To Move,Ambedkar Nagar,3,1850.0,4.0,2.0,121.0
Super built-up  Area,Ready To Move,Battarahalli,2,1097.0,2.0,1.0,49.0
Super built-up  Area,Ready To Move,Kalena Agrahara,2,1200.0,3.0,2.0,70.0
Super built-up  Area,Ready To Move,Varthur,3,2160.0,3.0,2.0,170.0
Super built-up  Area,18-May,Anekal,2,1140.0,2.0,2.0,52.0
Super built-up  Area,Ready To Move,Thigalarapalya,2,1297.0,2.0,2.0,98.0
Super built-up  Area,Ready To Move,Padmanabhanagar,2,1150.0,2.0,0.0,50.0
Super built-up  Area,Ready To Move,Babusapalaya,2,1245.0,2.0,2.0,58.0
Built-up  Area,Ready To Move,Nagarbhavi,4,1800.0,3.0,0.0,180.0
Super built-up  Area,Ready To Move,Brookefield,3,1594.0,3.0,2.0,140.0
Super built-up  Area,20-Dec,Kanakpura Road,2,700.0,2.0,2.0,36.0
Built-up  Area,Ready To Move,Rajaji Nagar,5,2500.0,4.0,0.0,650.0
Built-up  Area,Ready To Move,Raja Rajeshwari Nagar,2,1000.0,2.0,0.0,50.0
Plot  Area,Ready To Move,Whitefield,6,4000.0,5.0,1.0,540.0
Super built-up  Area,Ready To Move,Sarjapur  Road,2,1290.0,2.0,2.0,88.0
Super built-up  Area,Ready To Move,Kudlu Gate,2,1200.0,2.0,1.0,44.4
Super built-up  Area,Ready To Move,Chikkabanavar,3,1320.0,2.0,2.0,46.0
Built-up  Area,18-Aug,Electronic City Phase II,2,1065.0,2.0,1.0,30.75
Super built-up  Area,18-Apr,Sarjapur  Road,2,1371.0,2.0,1.0,86.0
Super built-up  Area,Ready To Move,Electronic City,3,1575.0,3.0,1.0,94.5
Super built-up  Area,18-Jan,Yelahanka,2,1362.0,2.0,2.0,66.0
Super built-up  Area,Ready To Move,Haralur Road,3,1255.0,3.0,1.0,90.0
Super built-up  Area,Ready To Move,Whitefield,2,925.0,2.0,1.0,35.0
Super built-up  Area,19-Dec,Electronics City Phase 1,2,1088.0,2.0,1.0,30.46
Super built-up  Area,Ready To Move,Sarjapur  Road,3,2140.0,3.0,2.0,139.0
Super built-up  Area,Ready To Move,Thubarahalli,3,1584.0,3.0,2.0,101.0
Super built-up  Area,Ready To Move,Whitefield,2,1175.0,2.0,2.0,50.0
Super built-up  Area,Ready To Move,Sarjapura - Attibele Road,3,1555.0,3.0,3.0,52.0
Super built-up  Area,Ready To Move,Dodda Nekkundi,3,1585.0,2.0,2.0,79.0
Super built-up  Area,Ready To Move,Kalena Agrahara,2,1354.0,2.0,2.0,71.0
Built-up  Area,Ready To Move,Kumaraswami Layout,3,1200.0,3.0,1.0,75.0
Super built-up  Area,Ready To Move,Hebbal,3,1740.0,2.0,1.0,137.0
Super built-up  Area,20-Dec,Rachenahalli,2,985.0,2.0,1.0,50.17
Super built-up  Area,20-Aug,Begur Road,3,1583.0,3.0,1.0,95.23
Plot  Area,Ready To Move,Basaveshwara Nagar,2,1200.0,1.0,1.0,180.0
Super built-up  Area,22-Dec,Bannerghatta Road,2,1122.5,2.0,0.0,61.74
Super built-up  Area,17-Dec,Thanisandra,3,1573.0,3.0,2.0,100.0
Super built-up  Area,18-Jan,CV Raman Nagar,2,1227.0,2.0,2.0,42.88
Super built-up  Area,19-Feb,Basavangudi,3,1650.0,3.0,3.0,125.0
Super built-up  Area,Ready To Move,Raja Rajeshwari Nagar,3,1485.0,2.0,2.0,63.0
Super built-up  Area,Ready To Move,Haralur Road,3,1735.0,3.0,2.0,97.0
Super built-up  Area,Ready To Move,Hebbal Kempapura,3,1730.0,3.0,2.0,175.0
Built-up  Area,Ready To Move,Green Glen Layout,3,1600.0,3.0,3.0,105.0
Built-up  Area,Ready To Move,KR Puram,2,1100.0,2.0,1.0,39.9
Super built-up  Area,Ready To Move,Bannerghatta Road,3,1655.0,3.0,3.0,95.0
Super built-up  Area,Ready To Move,Hennur,3,1830.0,3.0,3.0,121.0
Super built-up  Area,18-Apr,Hebbal,3,1430.0,3.0,1.0,85.0
Super built-up  Area,Ready To Move,Judicial Layout,3,1989.0,4.0,3.0,155.0
Super built-up  Area,Ready To Move,Sarjapur  Road,2,1044.0,2.0,2.0,55.0
Super built-up  Area,Ready To Move,Banashankari,3,1426.0,3.0,2.0,85.0
Super built-up  Area,Ready To Move,Yelahanka,2,1000.0,2.0,1.0,29.0
Built-up  Area,18-Dec,Electronic City Phase II,2,1140.0,2.0,1.0,33.06
Super built-up  Area,Ready To Move,Kodichikkanahalli,2,900.0,2.0,1.0,35.0
Built-up  Area,Ready To Move,Malleshwaram,1,580.0,1.0,1.0,45.0
Super built-up  Area,18-Apr,Munnekollal,2,1030.0,2.0,1.0,50.36
Super built-up  Area,Ready To Move,Koramangala,3,1910.0,4.0,3.0,150.0
Super built-up  Area,Ready To Move,Kundalahalli,3,1724.0,3.0,1.0,125.0
Plot  Area,Ready To Move,Rajaji Nagar,2,1314.0,2.0,0.0,225.0
Built-up  Area,Ready To Move,Kothanur,2,1400.0,2.0,2.0,65.0
Super built-up  Area,Ready To Move,Kaggadasapura,3,1400.0,2.0,2.0,68.0
Super built-up  Area,Ready To Move,Hulimavu,2,1115.0,2.0,2.0,44.6
Built-up  Area,Ready To Move,Bharathi Nagar,2,1300.0,2.0,2.0,55.86
Super built-up  Area,19-Jul,Kanakpura Road,2,1332.0,2.0,1.0,108.0
Super built-up  Area,Ready To Move,Abbigere,2,1000.0,2.0,1.0,41.0
Plot  Area,18-Dec,Whitefield,3,1200.0,3.0,2.0,67.75
Built-up  Area,Ready To Move,Whitefield,4,2444.0,4.0,2.0,145.0
Super built-up  Area,Ready To Move,Sarjapur  Road,3,1600.0,3.0,1.0,85.0
Super built-up  Area,Ready To Move,Marathahalli,2,1196.0,2.0,2.0,57.95
Super built-up  Area,Ready To Move,Electronic City,2,1025.0,2.0,1.0,54.0
Super built-up  Area,Ready To Move,Sarjapur  Road,3,2180.0,4.0,3.0,180.0
Built-up  Area,Ready To Move,Whitefield,2,1270.0,2.0,1.0,110.0
Super built-up  Area,22-May,Jakkur,3,1932.47,3.0,2.0,183.0
Super built-up  Area,Ready To Move,Jalahalli,3,2086.0,3.0,2.0,160.0
Super built-up  Area,19-Dec,Old Madras Road,2,1165.0,2.0,1.0,51.42
Super built-up  Area,Ready To Move,Rajaji Nagar,2,1440.0,2.0,2.0,165.0
Super built-up  Area,Ready To Move,Electronics City Phase 1,3,1900.0,3.0,2.0,85.0
Built-up  Area,Ready To Move,Chandapura,2,740.0,1.0,1.0,22.0
Super built-up  Area,Ready To Move,Yeshwanthpur,3,2503.0,3.0,3.0,138.0
Super built-up  Area,18-Aug,Bellandur,2,1260.0,2.0,2.0,83.5
Super built-up  Area,Ready To Move,Green Glen Layout,3,1717.0,3.0,3.0,125.0
Super built-up  Area,Ready To Move,Raja Rajeshwari Nagar,3,1335.0,2.0,1.0,56.0
Super built-up  Area,Ready To Move,Vidyaranyapura,2,1200.0,2.0,1.0,42.0
Super built-up  Area,Ready To Move,Garudachar Palya,3,1325.0,2.0,2.0,60.0
Super built-up  Area,Ready To Move,JP Nagar,2,1157.0,2.0,1.0,73.0
Super built-up  Area,21-Dec,KR Puram,4,2283.0,2.0,2.0,121.0
Super built-up  Area,Ready To Move,Sahakara Nagar,2,1200.0,2.0,1.0,54.0
Super built-up  Area,Ready To Move,Pai Layout,3,1510.0,2.0,2.0,65.0
Super built-up  Area,Ready To Move,Bommanahalli,2,1050.0,2.0,2.0,54.0
Super built-up  Area,18-May,Binny Pete,3,1516.0,3.0,1.0,147.0
Plot  Area,Ready To Move,Indira Nagar,6,2400.0,6.0,2.0,475.0
Super built-up  Area,18-Dec,Channasandra,2,1050.0,2.0,1.0,44.41
Plot  Area,Ready To Move,Hegde Nagar,2,1000.0,2.0,0.0,66.0
Super built-up  Area,18-Mar,9th Phase JP Nagar,2,1050.0,2.0,2.0,35.0
Super built-up  Area,Ready To Move,Hormavu,2,1210.0,2.0,3.0,69.0
Super built-up  Area,Ready To Move,Whitefield,3,1660.0,3.0,1.0,110.0
Super built-up  Area,Ready To Move,Malleshwaram,2,1410.0,2.0,3.0,125.0
Super built-up  Area,18-Jun,Electronics City Phase 1,2,1305.0,2.0,1.0,67.0
Built-up  Area,Ready To Move,Bannerghatta Road,2,1206.0,2.0,3.0,53.0
Super built-up  Area,Ready To Move,Bannerghatta Road,2,1150.0,2.0,2.0,55.0
Super built-up  Area,Ready To Move,Banashankari Stage II,2,1245.0,2.0,1.0,125.0
Built-up  Area,18-Mar,Hoodi,4,3385.0,4.0,1.0,220.0
Super built-up  Area,Ready To Move,Sompura,4,2150.0,3.0,2.0,85.0
Super built-up  Area,Ready To Move,Hebbal,3,3895.0,3.0,1.0,390.0
Super built-up  Area,Ready To Move,Electronics City Phase 1,1,755.0,1.0,0.0,30.12
Built-up  Area,Ready To Move,Ramamurthy Nagar,2,960.0,2.0,2.0,35.0
Super built-up  Area,Ready To Move,Raja Rajeshwari Nagar,3,1571.0,3.0,3.0,53.12
Super built-up  Area,19-Dec,Kanakapura,3,1489.0,2.0,1.0,70.0
Built-up  Area,Ready To Move,Kengeri Satellite Town,2,800.0,2.0,1.0,32.0
Built-up  Area,Ready To Move,Jalahalli,3,980.0,2.0,2.0,60.0
Super built-up  Area,Ready To Move,Bannerghatta Road,2,1215.0,2.0,1.0,65.0
Super built-up  Area,Ready To Move,Electronic City Phase II,2,911.0,2.0,1.0,26.5
Super built-up  Area,Ready To Move,Bellandur,3,1535.0,3.0,2.0,90.0
Super built-up  Area,Ready To Move,R.T. Nagar,3,1500.0,2.0,1.0,70.0
Built-up  Area,17-Sep,Kannamangala,2,957.0,2.0,2.0,56.0
Built-up  Area,18-Aug,Electronic City Phase II,2,1200.0,2.0,1.0,34.65
Built-up  Area,Ready To Move,Bisuvanahalli,2,845.0,2.0,0.0,34.0
Built-up  Area,Ready To Move,Padmanabhanagar,4,3000.0,4.0,2.0,350.0
Super built-up  Area,Ready To Move,Sarjapur  Road,3,2206.0,4.0,1.0,180.0
Super built-up  Area,Ready To Move,Kasavanhalli,2,1181.0,2.0,1.0,61.0
Super built-up  Area,Ready To Move,Sarjapur  Road,2,1309.0,2.0,3.0,69.5
Built-up  Area,Ready To Move,Horamavu Agara,3,1400.0,3.0,3.0,63.0
Super built-up  Area,Ready To Move,Kanakpura Road,3,1622.0,3.0,2.0,95.0
Super built-up  Area,18-Apr,CV Raman Nagar,2,1225.0,2.0,2.0,48.0
Super built-up  Area,Ready To Move,Abbigere,2,995.0,2.0,1.0,40.8
Super built-up  Area,Ready To Move,Mahadevpura,2,1120.0,2.0,2.0,53.0
Super built-up  Area,Ready To Move,Bellandur,2,1047.0,2.0,1.0,75.0
Super built-up  Area,18-Apr,Devanahalli,3,1466.0,3.0,3.0,59.96
Super built-up  Area,18-Dec,Sarjapur  Road,3,1691.0,3.0,2.0,100.0
Super built-up  Area,20-Dec,Chandapura,2,876.0,2.0,2.0,28.47
Super built-up  Area,18-May,CV Raman Nagar,3,1659.0,3.0,1.0,135.0
Super built-up  Area,Ready To Move,Whitefield,2,1270.0,2.0,1.0,105.0
Super built-up  Area,Ready To Move,8th Phase JP Nagar,3,1269.0,2.0,3.0,50.75
Super built-up  Area,Ready To Move,Kammanahalli,2,1200.0,3.0,2.0,80.0
Super built-up  Area,Ready To Move,Whitefield,2,1315.0,2.0,2.0,69.5
Plot  Area,Ready To Move,Hebbal Kempapura,4,2485.0,4.0,2.0,198.0
Super built-up  Area,Ready To Move,Tumkur Road,3,1354.0,3.0,1.0,85.86
Plot  Area,Ready To Move,Whitefield,4,1344.0,3.0,1.0,130.0
Super built-up  Area,Ready To Move,Yelahanka,2,1180.0,2.0,1.0,55.0
Super built-up  Area,18-Apr,Jalahalli,2,1313.0,2.0,2.0,68.0
Super built-up  Area,Ready To Move,Nehru Nagar,2,1100.0,2.0,2.0,50.0
Built-up  Area,Ready To Move,Basaveshwara Nagar,3,1200.0,3.0,0.0,190.0
Built-up  Area,Ready To Move,Green Glen Layout,2,1250.0,2.0,0.0,75.0
Super built-up  Area,19-Dec,Hoodi,3,1644.0,3.0,3.0,80.51
Plot  Area,Ready To Move,Yelahanka New Town,3,1740.0,3.0,2.0,150.0
Super built-up  Area,Ready To Move,Jakkur,3,1710.0,3.0,2.0,110.0
Super built-up  Area,18-Feb,Hebbal,3,1662.0,3.0,2.0,155.0
Super built-up  Area,Ready To Move,Whitefield,2,1362.0,2.0,3.0,85.0
Super built-up  Area,18-Nov,Thanisandra,3,1533.0,3.0,0.0,75.885
Plot  Area,Ready To Move,Sarjapur  Road,4,1250.0,4.0,2.0,135.0
Super built-up  Area,Ready To Move,Begur Road,3,1410.0,2.0,3.0,54.99
Plot  Area,Ready To Move,Chikka Tirupathi,4,2665.0,5.0,3.0,125.0
Super built-up  Area,18-Dec,Haralur Road,3,1810.0,3.0,2.0,97.83
Super built-up  Area,Ready To Move,Uttarahalli,3,1328.0,2.0,1.0,56.0
Built-up  Area,Ready To Move,Marathahalli,3,1485.0,2.0,2.0,90.0
Super built-up  Area,Ready To Move,Pai Layout,3,1500.0,2.0,2.0,58.0
Super built-up  Area,Ready To Move,R.T. Nagar,2,1100.0,2.0,2.0,85.0
Super built-up  Area,Ready To Move,1st Phase JP Nagar,2,900.0,2.0,1.0,75.0
Super built-up  Area,Ready To Move,Electronic City Phase II,2,1031.0,2.0,1.0,54.48
Super built-up  Area,20-Aug,Whitefield,2,955.0,2.0,0.0,38.19
Super built-up  Area,Ready To Move,Uttarahalli,2,1040.0,2.0,2.0,36.4
Built-up  Area,Ready To Move,KR Puram,7,2800.0,6.0,1.0,110.0
Super built-up  Area,Ready To Move,Kothannur,3,1404.0,2.0,1.0,56.15
Super built-up  Area,Ready To Move,Yelahanka,2,1267.0,3.0,1.0,78.0
Super built-up  Area,Ready To Move,Bannerghatta Road,3,1510.0,2.0,3.0,110.0
Super built-up  Area,21-Sep,Kanakpura Road,2,900.0,2.0,1.0,42.0
Super built-up  Area,Ready To Move,Whitefield,3,1457.0,2.0,2.0,105.0
Super built-up  Area,Ready To Move,Iblur Village,4,3596.0,4.0,2.0,268.0
Super built-up  Area,19-Mar,8th Phase JP Nagar,3,1408.0,3.0,2.0,80.0
Built-up  Area,Ready To Move,Dodda Nekkundi,2,1005.0,2.0,2.0,45.0
Super built-up  Area,18-May,Talaghattapura,3,2038.5,3.0,0.0,122.0
Built-up  Area,Ready To Move,Sarjapur  Road,2,1367.0,2.0,0.0,80.0
Built-up  Area,Ready To Move,Sarjapur  Road,3,1565.0,3.0,2.0,78.0
Super built-up  Area,18-Feb,Whitefield,3,1720.0,3.0,2.0,128.0
Built-up  Area,Ready To Move,Doddathoguru,2,1107.0,2.0,3.0,44.0
Super built-up  Area,20-Jan,Yelahanka,2,1360.0,2.0,1.0,78.19
Super built-up  Area,18-Jan,Anekal,2,625.0,1.0,1.0,25.0
Super built-up  Area,Ready To Move,Jalahalli,2,1701.0,2.0,2.0,145.0
Super built-up  Area,Ready To Move,Hosa Road,2,1016.0,2.0,1.0,39.95
Built-up  Area,Ready To Move,Akshaya Nagar,2,900.0,2.0,1.0,45.0
Super built-up  Area,Ready To Move,Sanjay nagar,3,1500.0,3.0,1.0,150.0
Carpet  Area,Ready To Move,Kereguddadahalli,3,1280.0,3.0,1.0,42.0
Super built-up  Area,Ready To Move,Electronic City,3,1500.0,2.0,1.0,70.0
Super built-up  Area,Ready To Move,Gottigere,2,1245.0,2.0,2.0,59.0
Super built-up  Area,Ready To Move,Yelahanka,2,1025.0,2.0,1.0,44.0
Super built-up  Area,Ready To Move,Rajaji Nagar,3,1640.0,3.0,3.0,245.0
Built-up  Area,Ready To Move,Hegde Nagar,3,1348.0,2.0,2.0,80.5
Super built-up  Area,Ready To Move,Tindlu,2,1100.0,2.0,2.0,55.0
Super built-up  Area,Ready To Move,Kammasandra,3,1616.0,3.0,3.0,40.0
Super built-up  Area,Ready To Move,Yeshwanthpur,3,1855.0,3.0,3.0,135.0
Super built-up  Area,Ready To Move,Hennur,2,1255.0,2.0,2.0,56.5
Super built-up  Area,Ready To Move,Kothanur,2,1195.0,2.0,2.0,59.0
Super built-up  Area,Ready To Move,Bannerghatta Road,2,1022.0,2.0,1.0,35.0
Super built-up  Area,Ready To Move,Dodda Nekkundi,2,1264.0,2.0,2.0,52.0
Super built-up  Area,Ready To Move,Chamrajpet,3,1650.0,3.0,2.0,115.0
Super built-up  Area,Ready To Move,Abbigere,2,1020.0,2.0,1.0,40.8
Built-up  Area,Ready To Move,Bommasandra,2,950.0,2.0,1.0,25.0
Super built-up  Area,Ready To Move,Hennur Road,3,1936.0,3.0,1.0,131.0
Super built-up  Area,18-Apr,Hosur Road,2,1223.0,2.0,1.0,93.0
Plot  Area,18-Dec,Whitefield,3,1500.0,3.0,1.0,61.9
Built-up  Area,Ready To Move,Hennur,2,1050.0,2.0,2.0,42.73
Super built-up  Area,Ready To Move,7th Phase JP Nagar,3,2100.0,3.0,2.0,190.0
Built-up  Area,Ready To Move,Uttarahalli,3,1650.0,2.0,1.0,130.0
Super built-up  Area,Ready To Move,Whitefield,2,1495.0,2.0,1.0,78.0
Super built-up  Area,21-Jul,Koramangala,3,1605.0,3.0,2.0,260.0
Super built-up  Area,Ready To Move,Whitefield,2,1270.0,2.0,2.0,52.0
Super built-up  Area,Ready To Move,Kumaraswami Layout,2,1081.0,2.0,3.0,60.0
Super built-up  Area,Ready To Move,Koramangala,3,1600.0,2.0,0.0,140.0
Super built-up  Area,19-Jul,Kanakpura Road,3,1596.0,3.0,1.0,118.0
Super built-up  Area,Ready To Move,Horamavu Agara,3,1557.0,3.0,1.0,70.0
Super built-up  Area,Ready To Move,Sarjapur  Road,3,1984.0,4.0,1.0,148.0
Super built-up  Area,Ready To Move,Kadugodi,2,1196.0,2.0,3.0,60.0
Super built-up  Area,21-Dec,Thanisandra,4,2259.0,3.0,2.0,112.0
Super built-up  Area,Ready To Move,Kenchenahalli,3,1720.0,3.0,2.0,100.0
Super built-up  Area,18-May,Electronic City Phase II,3,1310.0,2.0,1.0,37.83
Built-up  Area,Ready To Move,7th Phase JP Nagar,2,1140.0,2.0,1.0,57.0
Super built-up  Area,Ready To Move,Cooke Town,3,1600.0,3.0,2.0,260.0
Super built-up  Area,Ready To Move,Kothanur,3,1790.0,3.0,2.0,120.0
Super built-up  Area,Ready To Move,Harlur,2,1335.0,2.0,0.0,72.76
Super built-up  Area,Ready To Move,Nehru Nagar,3,1674.0,3.0,2.0,81.0
Super built-up  Area,18-Dec,Sarjapur  Road,2,1035.0,2.0,1.0,47.0
Super built-up  Area,19-Dec,Whitefield,3,1564.0,3.0,1.0,103.0
Super built-up  Area,18-Mar,Margondanahalli,2,1334.0,2.0,1.0,67.76
Super built-up  Area,18-May,Bommasandra,3,1365.0,3.0,1.0,53.96
Super built-up  Area,18-Aug,Whitefield,2,1240.0,2.0,2.0,41.0
Built-up  Area,Ready To Move,Hebbal,3,2250.0,3.0,2.0,219.0
Super built-up  Area,Ready To Move,KR Puram,2,1020.0,2.0,2.0,39.0
Built-up  Area,Ready To Move,Yelahanka New Town,2,1290.0,2.0,2.0,70.0
Plot  Area,Ready To Move,Attibele,3,1500.0,3.0,2.0,90.0
Super built-up  Area,Ready To Move,Billekahalli,3,1290.0,3.0,3.0,62.0
Super built-up  Area,Ready To Move,Jalahalli,3,1881.0,3.0,2.0,115.0
Super built-up  Area,Ready To Move,Jigani,2,943.0,2.0,2.0,49.5
Built-up  Area,18-Dec,Electronic City,2,1140.0,2.0,1.0,32.93
Plot  Area,18-Dec,Whitefield,3,1500.0,3.0,1.0,71.0
Super built-up  Area,Ready To Move,Uttarahalli,3,1290.0,2.0,2.0,56.12
Super built-up  Area,Ready To Move,Malleshwaram,4,2610.0,4.0,2.0,306.0
Super built-up  Area,Ready To Move,Anandapura,3,1576.0,3.0,2.0,58.7
Super built-up  Area,Ready To Move,Hebbal,4,4000.0,6.0,1.0,440.0
Super built-up  Area,18-Jun,Sarjapur  Road,2,1346.0,2.0,1.0,74.03
Super built-up  Area,Ready To Move,Hoodi,2,1181.0,2.0,2.0,55.0
Super built-up  Area,Ready To Move,Sanjay nagar,2,1180.0,2.0,3.0,80.0
Built-up  Area,Ready To Move,Amruthahalli,1,600.0,1.0,1.0,55.0
Super built-up  Area,Ready To Move,Ramagondanahalli,3,1910.0,3.0,2.0,131.0
Super built-up  Area,Ready To Move,Gottigere,2,1200.0,2.0,2.0,50.0
Super built-up  Area,Ready To Move,Electronics City Phase 1,2,1175.0,2.0,1.0,60.0
Super built-up  Area,Ready To Move,Whitefield,3,1404.0,2.0,2.0,59.0
Built-up  Area,Ready To Move,HSR Layout,2,1203.0,2.0,2.0,60.0
Super built-up  Area,Ready To Move,Somasundara Palya,3,1571.0,3.0,3.0,63.0
Super built-up  Area,18-Apr,Kammasandra,1,610.0,1.0,1.0,18.5
Super built-up  Area,Ready To Move,Ambalipura,2,1198.0,2.0,2.0,80.0
Plot  Area,Ready To Move,Chandapura,3,1200.0,3.0,2.0,65.0
Super built-up  Area,19-Sep,Kudlu Gate,3,1432.0,2.0,2.0,61.11
Super built-up  Area,Ready To Move,9th Phase JP Nagar,2,1331.95,2.0,2.0,69.0
Super built-up  Area,Ready To Move,Yeshwanthpur,3,1876.0,3.0,3.0,160.0
Plot  Area,Ready To Move,Akshaya Nagar,4,1200.0,4.0,2.0,125.0
Super built-up  Area,Ready To Move,Kanakpura Road,3,1665.0,3.0,2.0,74.9
Super built-up  Area,21-Dec,Electronic City,4,2093.0,4.0,2.0,134.0
Super built-up  Area,18-May,TC Palaya,3,1330.0,3.0,3.0,46.56
Built-up  Area,18-Dec,Talaghattapura,3,1800.0,3.0,1.0,84.0
Built-up  Area,Ready To Move,Chikkalasandra,3,1425.0,1.0,0.0,54.0
Super built-up  Area,Ready To Move,Raja Rajeshwari Nagar,2,1255.0,2.0,2.0,42.54
Built-up  Area,Ready To Move,Electronic City,2,750.0,2.0,1.0,19.5
Super built-up  Area,Ready To Move,Nagarbhavi,2,1225.0,2.0,3.0,58.0
Super built-up  Area,Ready To Move,Whitefield,3,1760.0,3.0,2.0,139.0
Super built-up  Area,Ready To Move,Chandapura,3,1095.0,2.0,2.0,28.0
Super built-up  Area,Ready To Move,Raja Rajeshwari Nagar,3,1530.0,3.0,3.0,64.86
Super built-up  Area,18-Feb,Kundalahalli,3,1724.0,3.0,3.0,140.0
Super built-up  Area,18-Mar,Horamavu Agara,2,1058.0,2.0,2.0,47.0
Super built-up  Area,18-Nov,Sarjapur  Road,2,1112.0,2.0,1.0,58.0
Super built-up  Area,Ready To Move,Vittasandra,3,1648.0,3.0,2.0,85.0
Super built-up  Area,18-Nov,Hoskote,1,509.0,1.0,1.0,23.0
Super built-up  Area,21-Dec,Talaghattapura,3,2265.0,3.0,3.0,159.0
Super built-up  Area,Ready To Move,Malleshpalya,2,1200.0,2.0,2.0,46.0
Built-up  Area,Ready To Move,Kaggadasapura,2,1150.0,2.0,2.0,45.0
Super built-up  Area,Ready To Move,Sarjapur  Road,2,1340.0,2.0,2.0,75.0
Built-up  Area,Ready To Move,Raja Rajeshwari Nagar,3,1850.0,3.0,1.0,98.0
Built-up  Area,Ready To Move,Doddathoguru,2,907.0,2.0,1.0,40.0
Plot  Area,Ready To Move,Benson Town,2,1688.0,2.0,0.0,280.0
Plot  Area,Ready To Move,Ulsoor,2,1160.0,2.0,1.0,130.0
Super built-up  Area,Ready To Move,Pai Layout,3,1600.0,2.0,1.0,65.0
Super built-up  Area,Ready To Move,Iblur Village,4,3596.0,5.0,1.0,251.0
Super built-up  Area,Ready To Move,Hosur Road,3,1464.0,3.0,2.0,56.0
Super built-up  Area,Ready To Move,Hennur,2,1295.0,2.0,1.0,62.0
Super built-up  Area,Ready To Move,Yelahanka New Town,3,1000.0,2.0,1.0,48.0
Super built-up  Area,Ready To Move,Channasandra,2,1010.0,2.0,1.0,32.0
Built-up  Area,18-May,Kasavanhalli,2,1121.0,2.0,2.0,75.0
Built-up  Area,Ready To Move,LB Shastri Nagar,2,1200.0,2.0,1.0,75.0
Super built-up  Area,Ready To Move,Sarakki Nagar,4,3124.0,6.0,3.0,349.0
Super built-up  Area,18-Sep,Bannerghatta Road,2,1246.0,2.0,2.0,47.35
Super built-up  Area,Ready To Move,7th Phase JP Nagar,3,1420.0,3.0,2.0,90.0
Carpet  Area,Ready To Move,Shivaji Nagar,2,600.0,1.0,1.0,65.0
Super built-up  Area,18-Apr,Electronic City,2,1355.0,2.0,1.0,73.0
Super built-up  Area,Ready To Move,Ambedkar Nagar,2,1425.0,2.0,1.0,94.0
Built-up  Area,Ready To Move,Chikkabanavar,8,4000.0,7.0,0.0,110.0
Super built-up  Area,Ready To Move,Electronics City Phase 1,3,1700.0,3.0,2.0,111.0
Super built-up  Area,21-Dec,Talaghattapura,3,2099.0,3.0,2.0,134.0
Super built-up  Area,19-Dec,Devanahalli,3,1520.0,2.0,1.0,69.76
Super built-up  Area,Ready To Move,Horamavu Banaswadi,2,1000.0,2.0,2.0,50.0
Super built-up  Area,Ready To Move,Sahakara Nagar,2,1291.0,2.0,2.0,72.3
Super built-up  Area,Ready To Move,Kanakpura Road,2,1339.0,2.0,2.0,67.0
Super built-up  Area,Ready To Move,Jakkur,2,1125.0,2.0,1.0,44.75
Built-up  Area,Ready To Move,CV Raman Nagar,2,1310.0,2.0,1.0,62.0
Super built-up  Area,Ready To Move,Bellandur,2,1096.0,2.0,2.0,40.0
Super built-up  Area,Ready To Move,Dasanapura,2,814.0,2.0,1.0,43.7
Plot  Area,Ready To Move,Sarjapur  Road,3,3500.0,3.0,2.0,275.0
Super built-up  Area,Ready To Move,Raja Rajeshwari Nagar,2,1140.0,2.0,2.0,44.0
Super built-up  Area,Ready To Move,Hebbal,4,4000.0,6.0,1.0,370.0
Super built-up  Area,Ready To Move,Sarjapur  Road,3,1850.0,3.0,2.0,89.0
Super built-up  Area,18-Dec,Whitefield,1,613.0,1.0,1.0,48.0
Carpet  Area,Ready To Move,Bannerghatta Road,3,1470.0,2.0,1.0,85.0
Plot  Area,Ready To Move,Frazer Town,1,896.0,1.0,0.0,100.0
Super built-up  Area,Ready To Move,Bannerghatta Road,2,1160.0,2.0,2.0,45.0
Built-up  Area,Ready To Move,Attibele,1,520.0,1.0,1.0,15.0
Super built-up  Area,Ready To Move,Electronic City,3,1360.0,2.0,1.0,64.99
Super built-up  Area,18-Aug,Chandapura,1,520.0,1.0,1.0,14.04
Super built-up  Area,Ready To Move,Ambalipura,3,1615.0,2.0,3.0,150.0
Built-up  Area,Ready To Move,Raja Rajeshwari Nagar,8,6000.0,8.0,3.0,215.0
Super built-up  Area,Ready To Move,Raja Rajeshwari Nagar,2,1140.0,2.0,2.0,39.0
Built-up  Area,Ready To Move,Ambedkar Nagar,3,2395.0,4.0,2.0,150.0
Super built-up  Area,Ready To Move,Thigalarapalya,3,2215.0,4.0,2.0,152.0
Super built-up  Area,Ready To Move,R.T. Nagar,3,1667.0,3.0,2.0,130.0
Super built-up  Area,Ready To Move,7th Phase JP Nagar,2,1530.0,2.0,1.0,108.0
Super built-up  Area,Ready To Move,Whitefield,3,1730.0,3.0,2.0,125.0
Built-up  Area,Ready To Move,JP Nagar,2,1048.0,2.0,1.0,44.0
Super built-up  Area,Ready To Move,Malleshpalya,2,1225.0,2.0,2.0,52.0
Super built-up  Area,Ready To Move,Kundalahalli,2,1175.0,2.0,1.0,65.0
Super built-up  Area,Ready To Move,Devanahalli,1,1075.0,2.0,2.0,52.57
Super built-up  Area,19-Dec,Electronic City Phase II,3,1651.0,3.0,1.0,49.53
Super built-up  Area,Ready To Move,8th Phase JP Nagar,3,1500.0,2.0,3.0,55.0
Super built-up  Area,Ready To Move,Doddathoguru,3,1783.0,3.0,3.0,85.0
Super built-up  Area,Ready To Move,Kereguddadahalli,2,1015.0,2.0,1.0,35.0
Built-up  Area,Ready To Move,Sarjapur  Road,4,2758.0,4.0,1.0,240.0
Super built-up  Area,18-Apr,Sarjapur  Road,2,1132.0,2.0,1.0,70.0
Plot  Area,Ready To Move,KR Puram,2,1200.0,2.0,0.0,75.0
Built-up  Area,Ready To Move,Hoodi,3,1490.0,3.0,0.0,85.0
Built-up  Area,18-Mar,Thanisandra,4,1917.0,4.0,2.0,130.0
Super built-up  Area,Ready To Move,Bhoganhalli,3,1703.0,3.0,2.0,120.0
Super built-up  Area,Ready To Move,Old Madras Road,2,1211.0,2.0,3.0,45.0
Built-up  Area,Ready To Move,Kudlu Gate,2,1310.0,2.0,2.0,53.0
Super built-up  Area,19-Dec,Marathahalli,2,1146.0,2.0,1.0,69.0
Super built-up  Area,Ready To Move,Kudlu,2,1041.0,2.0,1.0,53.0
Super built-up  Area,Ready To Move,Whitefield,3,1453.0,2.0,2.0,58.0
Super built-up  Area,19-Dec,Whitefield,1,877.0,1.0,1.0,59.0
Super built-up  Area,19-Dec,Kanakapura,3,1477.0,2.0,1.0,69.5
Built-up  Area,Ready To Move,Frazer Town,2,1420.0,2.0,0.0,120.0
Built-up  Area,Ready To Move,Sarjapur  Road,3,1380.0,2.0,2.0,55.0
Super built-up  Area,20-Sep,Hoodi,2,1258.5,2.0,0.0,59.135
Super built-up  Area,20-Dec,Varthur,3,1665.0,3.0,2.0,71.58
Super built-up  Area,Ready To Move,KR Puram,2,1245.0,2.0,1.0,60.0
Super built-up  Area,18-Apr,EPIP Zone,4,3360.0,5.0,2.0,221.0
Plot  Area,Ready To Move,Electronic City,3,2010.0,3.0,2.0,201.0
Super built-up  Area,Ready To Move,Thanisandra,2,1226.0,2.0,1.0,65.59
Super built-up  Area,Ready To Move,Raja Rajeshwari Nagar,1,510.0,1.0,1.0,22.0
Super built-up  Area,Ready To Move,LB Shastri Nagar,2,1000.0,2.0,1.0,49.5
Built-up  Area,Ready To Move,Sarjapur,3,1425.0,3.0,2.0,57.0
Super built-up  Area,18-Apr,Hosur Road,3,1919.0,3.0,2.0,117.0
Super built-up  Area,Ready To Move,Neeladri Nagar,3,2111.0,3.0,2.0,103.0
Super built-up  Area,Ready To Move,Bannerghatta Road,2,970.0,2.0,1.0,57.0
Super built-up  Area,Ready To Move,Jalahalli,3,1405.0,2.0,1.0,85.0
Super built-up  Area,Ready To Move,Gubbalala,2,1285.0,2.0,2.0,90.0
Super built-up  Area,18-May,Mahadevpura,2,1050.0,2.0,1.0,42.0
Super built-up  Area,Ready To Move,Hebbal,2,1349.0,2.0,1.0,96.8
Super built-up  Area,Ready To Move,Sarjapur  Road,4,4050.0,2.0,1.0,450.0
Super built-up  Area,Ready To Move,Sarjapur  Road,4,2425.0,5.0,1.0,195.0
Super built-up  Area,Ready To Move,Sultan Palaya,4,2200.0,3.0,3.0,80.0
Super built-up  Area,18-Feb,Haralur Road,3,1810.0,3.0,2.0,112.0
Super built-up  Area,Ready To Move,Cox Town,2,1200.0,2.0,2.0,140.0
Super built-up  Area,Ready To Move,Electronic City,2,1060.0,2.0,1.0,52.0
Super built-up  Area,Ready To Move,Kenchenahalli,2,1015.0,2.0,2.0,60.0
Plot  Area,Ready To Move,Hosakerehalli,5,1500.0,6.0,2.0,145.0
Super built-up  Area,Ready To Move,Kothanur,3,1454.0,3.0,3.0,71.5
Super built-up  Area,Ready To Move,Raja Rajeshwari Nagar,2,1187.0,2.0,2.0,40.14
Built-up  Area,Ready To Move,Billekahalli,3,1805.0,3.0,3.0,134.0
Built-up  Area,Ready To Move,Bannerghatta Road,3,1527.0,3.0,1.0,142.0
Super built-up  Area,Ready To Move,Yeshwanthpur,3,1675.0,3.0,2.0,92.13
Super built-up  Area,Ready To Move,Rachenahalli,2,1050.0,2.0,2.0,52.71
Super built-up  Area,Ready To Move,Bellandur,2,1262.0,2.0,2.0,47.0
Super built-up  Area,Ready To Move,Green Glen Layout,3,1715.0,3.0,3.0,112.0
Built-up  Area,Ready To Move,Whitefield,5,3453.0,4.0,0.0,231.0
Built-up  Area,Ready To Move,Raja Rajeshwari Nagar,2,1141.0,2.0,1.0,60.0
Super built-up  Area,18-Jun,Padmanabhanagar,4,4689.0,4.0,1.0,488.0
Super built-up  Area,Ready To Move,Ramakrishnappa Layout,3,2770.0,4.0,2.0,290.0
Super built-up  Area,Ready To Move,Manayata Tech Park,2,1100.0,2.0,2.0,48.0
Super built-up  Area,18-May,Mangammanapalya,3,1250.0,3.0,2.0,56.0
Super built-up  Area,Ready To Move,Ganga Nagar,1,600.0,1.0,0.0,38.0
Built-up  Area,Ready To Move,Himagiri Meadows,2,869.0,2.0,1.0,36.0
Super built-up  Area,Ready To Move,Adarsh Nagar,2,1270.0,2.0,1.0,50.0
Super built-up  Area,Ready To Move,Ramakrishnappa Layout,2,1500.0,2.0,2.0,185.0
Super built-up  Area,Ready To Move,Govindaraja Nagar Ward,2,840.0,2.0,2.0,45.0
Plot  Area,Ready To Move,Tharabanahalli,3,4395.0,3.0,2.0,240.0
Super built-up  Area,Ready To Move,Ganga Nagar,2,845.0,2.0,1.0,55.0
Built-up  Area,Ready To Move,Cholanayakanahalli,3,2511.0,3.0,3.0,205.0
Built-up  Area,Ready To Move,ISRO Layout,6,4400.0,6.0,3.0,250.0
Super built-up  Area,Ready To Move,Kodanda Reddy Layout,3,1660.0,2.0,2.0,105.0
Super built-up  Area,Ready To Move,Mysore Highway,3,1450.0,2.0,2.0,70.0
Plot  Area,Ready To Move,ISRO Layout,4,1200.0,4.0,2.0,155.0
Built-up  Area,Ready To Move,Devasthanagalu,2,1200.0,2.0,1.0,65.0
Built-up  Area,Ready To Move,T Dasarahalli,3,1200.0,3.0,1.0,90.0
Super built-up  Area,Ready To Move,Green View Layout,2,1007.0,2.0,2.0,43.0
Super built-up  Area,Ready To Move,Shantiniketan Layout,2,1200.0,2.0,2.0,50.0
Super built-up  Area,Ready To Move,Peenya,2,966.0,2.0,2.0,49.9
Built-up  Area,Ready To Move,Jalahalli West,2,782.0,2.0,2.0,55.68
Super built-up  Area,Ready To Move,Lakshmiamma Garden,3,1800.0,3.0,3.0,120.0
Super built-up  Area,Ready To Move,Byatarayanapura,3,1413.0,2.0,2.0,75.0
Built-up  Area,Ready To Move,Shampura,4,2650.0,4.0,2.0,150.0
Super built-up  Area,22-Jan,Vajarahalli,2,945.0,2.0,1.0,54.0
Built-up  Area,Ready To Move,Peenya,3,1870.0,3.0,3.0,110.0
Plot  Area,Ready To Move,Ramaswamy Palya - Kammanahalli Main Road,4,1200.0,4.0,0.0,210.0
Super built-up  Area,19-Jan,Chandra Layout,3,1260.0,2.0,2.0,85.05
Super built-up  Area,Ready To Move,ISRO Layout,2,1000.0,2.0,1.0,60.0
Super built-up  Area,Ready To Move,Vishveshwarya Layout,7,4000.0,7.0,2.0,225.0
Super built-up  Area,Ready To Move,Basavanapura,3,1612.0,3.0,3.0,46.74
Super built-up  Area,Ready To Move,Sanjeevini Nagar,3,2795.0,4.0,2.0,235.0
Plot  Area,Ready To Move,Mahalakshmi Layout,4,3750.0,4.0,0.0,760.0
Built-up  Area,Ready To Move,Yarandahalli,3,1350.0,2.0,3.0,48.0
Super built-up  Area,Ready To Move,Keshava Nagar,3,1904.0,3.0,1.0,150.0
Super built-up  Area,Ready To Move,RMV Extension,3,2000.0,3.0,1.0,175.0
Super built-up  Area,Ready To Move,Tejaswini Nagar,3,1425.0,2.0,2.0,75.0
Built-up  Area,Ready To Move,Jai Bheema Nagar,3,1470.0,2.0,2.0,70.0
Plot  Area,Ready To Move,CHIKKATIRUPATHI,3,1500.0,3.0,2.0,100.0
Plot  Area,Ready To Move,8th block Koramangala,3,1846.0,3.0,2.0,300.0
Super built-up  Area,Ready To Move,Jakkuru Layout,2,1340.0,2.0,2.0,55.7
Built-up  Area,Ready To Move,MS Pallya,3,1783.0,3.0,1.0,115.0
Super built-up  Area,Ready To Move,Nagasandra,2,980.0,2.0,1.0,48.0
Super built-up  Area,Ready To Move,Langford Town,3,912.0,2.0,1.0,70.0
Built-up  Area,Ready To Move,Nagondanahalli,2,1207.0,2.0,2.0,43.5
Built-up  Area,18-Jun,"Off Sarjapur Road,",3,1798.0,3.0,2.0,89.0
Super built-up  Area,Ready To Move,Tala Cauvery Layout,3,1580.0,3.0,3.0,100.0
Super built-up  Area,Ready To Move,Ngef Layout,3,1415.0,3.0,3.0,78.0
Built-up  Area,Ready To Move,"Lakshminarayanapura, Electronic City Phase 2",4,2000.0,4.0,1.0,75.5
Super built-up  Area,Ready To Move,Muthurayya Swamy Layout,3,2405.0,4.0,2.0,260.0
Plot  Area,Ready To Move,Shantiniketan Layout,2,1500.0,2.0,1.0,115.0
Super built-up  Area,Ready To Move,Dodda Nekkundi Extension,2,1148.0,2.0,2.0,60.0
Super built-up  Area,Ready To Move,Mylasandra,2,1110.0,2.0,2.0,55.0
Super built-up  Area,Ready To Move,Dr Shivarama Karantha Nagar,3,1500.0,2.0,1.0,65.0
Super built-up  Area,18-Apr,Bank Of Baroda Colony,2,1080.0,2.0,2.0,39.0
Built-up  Area,Ready To Move,Kullappa Colony,2,1060.0,2.0,2.0,60.0
Plot  Area,Ready To Move,Mukkutam Nagar,8,2600.0,8.0,2.0,180.0
Super built-up  Area,Ready To Move,Ashwath Nagar,3,1644.0,3.0,3.0,84.0
Super built-up  Area,Ready To Move,Ncpr Industrial Layout,2,1285.0,2.0,3.0,72.5
Plot  Area,17-May,Meenakunte,3,4050.0,3.0,2.0,280.0
Built-up  Area,Ready To Move,Anand Nagar,2,1060.0,2.0,2.0,55.0
Super built-up  Area,18-Jun,Shree Ananth Nagar Layout,2,900.0,2.0,2.0,22.5
Built-up  Area,Ready To Move,Kundalahalli Colony,2,1280.0,2.0,1.0,69.0
Super built-up  Area,Ready To Move,Coffee Board Layout,3,3045.0,3.0,2.0,170.0
Super built-up  Area,Ready To Move,KUDLU MAIN ROAD,3,1464.0,3.0,2.0,46.0
Super built-up  Area,Ready To Move,Geleyara Balaga Layout,2,700.0,1.0,1.0,26.0
Plot  Area,Ready To Move,Sundara Nagar,2,900.0,2.0,1.0,110.0
Plot  Area,Ready To Move,Meenakunte,4,4111.0,4.0,2.0,250.0
Super built-up  Area,Ready To Move,Silver Springs Layout,2,1084.0,2.0,2.0,50.0
Carpet  Area,Ready To Move,Maruthi Sevanagar,2,950.0,2.0,2.0,47.0
Super built-up  Area,Ready To Move,RMV 2nd Stage,4,2000.0,4.0,0.0,120.0
Super built-up  Area,Ready To Move,Sunder Ram Shetty Nagar,3,1560.0,3.0,3.0,115.0
Super built-up  Area,18-Dec,Kodathi,2,850.0,2.0,2.0,27.0
Super built-up  Area,Ready To Move,Motappa Layout,2,1113.0,2.0,1.0,51.0
Plot  Area,Ready To Move,Akshaya Vana,4,1200.0,4.0,3.0,165.0
Super built-up  Area,Ready To Move,Manayata Tech Park,2,1200.0,2.0,2.0,55.0
Built-up  Area,Ready To Move,Basavanna Nagar,3,1645.0,3.0,2.0,95.0
Plot  Area,18-Mar,T.C PALYA,2,1200.0,2.0,0.0,79.0
Carpet  Area,Ready To Move,Muneshwara Nagar,2,1230.0,2.0,3.0,48.0
Plot  Area,Ready To Move,Bull Temple Road,3,1350.0,2.0,0.0,140.0
Super built-up  Area,Ready To Move,Prashanth Nagar,3,1800.0,3.0,0.0,150.0
Carpet  Area,Ready To Move,Sampigehalli,3,1592.0,3.0,2.0,75.0
Plot  Area,Ready To Move,RMV,3,2000.0,3.0,2.0,365.0
Super built-up  Area,Ready To Move,Banashankari3rd stage bigbazar,3,1762.0,3.0,1.0,125.0
Super built-up  Area,21-Dec,Bagalur Main Road,2,950.0,2.0,2.0,50.0
Super built-up  Area,Ready To Move,MS Pallya,3,1200.0,3.0,0.0,90.0
Plot  Area,Ready To Move,Binny Mills Employees Colony,4,1500.0,4.0,2.0,230.0
Super built-up  Area,19-Mar,Gopalapura,3,2023.71,3.0,2.0,275.0
Built-up  Area,20-Dec,"Hoodi Circle,",3,1629.0,3.0,2.0,79.0
Built-up  Area,Ready To Move,Ashirvad Colony,2,1460.0,2.0,1.0,58.0
Super built-up  Area,Ready To Move,Gokula Extension,4,1200.0,4.0,1.0,175.0
Plot  Area,Ready To Move,Kamakshipalya,2,1000.0,2.0,0.0,165.0
Super built-up  Area,Ready To Move,Sanne Amanikere,2,1185.0,2.0,2.0,38.0
Built-up  Area,Ready To Move,Amco Colony,3,1760.0,3.0,2.0,88.0
Super built-up  Area,Ready To Move,Samethanahalli,2,1069.0,2.0,1.0,55.0
Super built-up  Area,Ready To Move,Richmond Town,3,2150.0,4.0,2.0,240.0
Super built-up  Area,Ready To Move,Suddaguntepalya,3,1450.0,3.0,2.0,55.0
Super built-up  Area,18-Jul,Udayapur Village,3,1630.0,3.0,2.0,68.29
Plot  Area,Ready To Move,Thippasandra,4,1200.0,4.0,2.0,200.0
Built-up  Area,Ready To Move,Chikkabidarakallu,4,3309.0,4.0,3.0,325.0
Super built-up  Area,Ready To Move,1 Giri Nagar,11,5000.0,9.0,3.0,360.0
Super built-up  Area,Ready To Move,Hoysalanagar,2,850.0,2.0,1.0,30.0
Super built-up  Area,Ready To Move,Defence Colony,2,1150.0,2.0,2.0,126.0
Plot  Area,Ready To Move,2nd Stage Nagarbhavi,4,1500.0,4.0,2.0,220.0
Built-up  Area,Ready To Move,ITI Employees Layout,4,1200.0,4.0,1.0,230.0
Super built-up  Area,19-Jun,Kodigehalli,2,1270.0,2.0,1.0,98.0
Built-up  Area,Ready To Move,Patelappa Layout,2,1200.0,2.0,1.0,62.0
Super built-up  Area,Ready To Move,Ring Road Nagarbhavi,4,4800.0,4.0,2.0,235.0
Super built-up  Area,Ready To Move,NS Palya,2,1200.0,2.0,1.0,74.0
Super built-up  Area,Ready To Move,KUDLU MAIN ROAD,3,1464.0,3.0,2.0,56.0
Plot  Area,Ready To Move,Bank Avenue,4,2000.0,4.0,2.0,99.0
Super built-up  Area,Ready To Move,Surabhi Layout,3,1753.0,3.0,2.0,120.0
Super built-up  Area,Ready To Move,Omkar Nagar,2,1000.0,2.0,1.0,53.0
Plot  Area,17-Oct,Maragondanahalli,2,720.0,2.0,1.0,45.0
Built-up  Area,Ready To Move,Silk Board,3,1300.0,3.0,1.0,58.0
Built-up  Area,Ready To Move,Shampura,1,375.0,2.0,0.0,26.0
Super built-up  Area,Ready To Move,Kada Agrahara,2,1115.0,2.0,1.0,40.0
Plot  Area,Ready To Move,BHEL Layout,4,1200.0,3.0,1.0,165.0
Built-up  Area,Ready To Move,Medahalli,1,700.0,1.0,0.0,41.0
Super built-up  Area,Ready To Move,Kashi Nagar,4,1600.0,4.0,1.0,80.0
Built-up  Area,19-Jul,"Yemlur, Old Airport Road,",3,1595.0,3.0,2.0,115.0
Super built-up  Area,Ready To Move,VHBCS Layout,2,1353.0,2.0,2.0,110.0
Built-up  Area,Ready To Move,Ittamadu,1,1200.0,2.0,0.0,85.0
Super built-up  Area,18-Apr,Gattahalli,2,1028.0,2.0,1.0,45.5
Super built-up  Area,Ready To Move,Ramanjaneyanagar,3,1385.0,2.0,2.0,48.48
Built-up  Area,Ready To Move,7th Block Jayanagar,5,3000.0,3.0,1.0,528.0
Built-up  Area,Ready To Move,Byatarayanapura,3,1325.0,2.0,1.0,90.0
Plot  Area,Ready To Move,2nd Phase JP Nagar,3,2610.0,3.0,0.0,499.0
Super built-up  Area,Ready To Move,K G Colony,3,1600.0,2.0,2.0,50.0
Plot  Area,Ready To Move,Herohalli,2,1800.0,1.0,1.0,80.0
Super built-up  Area,Ready To Move,3rd Block Hrbr Layout,2,1056.0,2.0,1.0,80.0
Built-up  Area,Ready To Move,Ittamadu,2,1080.0,2.0,2.0,50.0
Built-up  Area,Ready To Move,Ashwini layout,2,1160.0,2.0,1.0,55.0
Super built-up  Area,Ready To Move,Marathalli bridge,3,1544.0,3.0,2.0,120.0
Plot  Area,Ready To Move,T.C PALYA,2,1200.0,2.0,0.0,65.0
Built-up  Area,Ready To Move,Byatarayanapura,1,540.0,1.0,1.0,36.0
Super built-up  Area,Ready To Move,Dooravani Nagar,3,1578.0,3.0,1.0,180.0
Super built-up  Area,Ready To Move,JCR Layout,2,1180.0,2.0,2.0,42.0
Plot  Area,Ready To Move,Papareddipalya,2,1600.0,2.0,0.0,115.0
Super built-up  Area,18-Jul,Venkatapura,1,416.0,1.0,1.0,18.5
Super built-up  Area,Ready To Move,Sneha Colony,2,1260.0,2.0,2.0,45.0
Built-up  Area,Ready To Move,RMV Extension,3,1630.0,3.0,2.0,85.0
Super built-up  Area,Ready To Move,Hosapalya,1,600.0,1.0,0.0,90.0
Built-up  Area,Ready To Move,Ashwini layout,1,834.0,1.0,1.0,60.0
Plot  Area,Ready To Move,Doddagubbi,3,1125.0,4.0,1.0,70.0
Super built-up  Area,18-May,Sector 6 HSR Layout,4,3000.0,5.0,2.0,260.0
Plot  Area,Ready To Move,ITI Layout,6,2160.0,5.0,1.0,250.0
Super built-up  Area,Ready To Move,Vasanthapura,3,1400.0,3.0,2.0,60.0
Carpet  Area,18-Jul,Hosahalli,3,1375.0,3.0,2.0,70.0
Super built-up  Area,Ready To Move,Jalahalli West,1,469.0,1.0,0.0,25.0
Super built-up  Area,Ready To Move,near Ramanashree California resort,6,3600.0,4.0,1.0,160.0
Plot  Area,Ready To Move,"6th block banashankari 3rd stage, 100 feet ORR",3,4000.0,3.0,1.0,660.0
Super built-up  Area,Ready To Move,Poornapragna Housing Society Layout,2,1160.0,2.0,2.0,52.2
Built-up  Area,18-Aug,Huskur,3,1220.0,2.0,1.0,35.23
Super built-up  Area,Ready To Move,Nagondanahalli,3,1641.0,3.0,2.0,66.0
Super built-up  Area,Ready To Move,Shanthala Nagar,2,1630.0,2.0,2.0,200.0
Super built-up  Area,18-Apr,Shantiniketan Layout,3,2072.0,3.0,2.0,108.0
Built-up  Area,Ready To Move,Herohalli,3,1200.0,2.0,0.0,70.0
Super built-up  Area,Ready To Move,Teachers Colony,3,1350.0,3.0,0.0,77.0
Built-up  Area,18-Mar,Bettahalsoor,4,4046.0,4.0,0.0,445.0
Super built-up  Area,18-Dec,Srinivasa Nagar,3,1180.0,2.0,2.0,78.34
Super built-up  Area,Ready To Move,Langford Town,2,1355.0,2.0,2.0,115.0
Plot  Area,Ready To Move,Sulthangunta,1,600.0,1.0,0.0,50.0
Super built-up  Area,Ready To Move,Ambedkar Colony,3,1875.0,3.0,2.0,165.0
Plot  Area,Ready To Move,Anjappa Layout,2,600.0,2.0,1.0,55.0
Built-up  Area,Ready To Move,Avalahalli,3,2300.0,3.0,3.0,120.0
Super built-up  Area,Ready To Move,Prakruthi Nagar,2,1240.0,2.0,2.0,60.0
Super built-up  Area,Ready To Move,Surabhi Layout,3,1750.0,3.0,1.0,120.0
Super built-up  Area,18-Apr,Sadaramangala,2,1230.0,2.0,2.0,43.48
Built-up  Area,Ready To Move,Maruthi Sevanagar,2,950.0,2.0,1.0,44.0
Plot  Area,Ready To Move,B Narayanapura,3,1092.0,2.0,1.0,98.5
Super built-up  Area,Ready To Move,Green Garden Layout,2,1045.0,2.0,0.0,45.0
Super built-up  Area,Ready To Move,Silver Springs Layout,3,1570.0,3.0,2.0,62.0
Built-up  Area,Ready To Move,Hoysalanagar,3,1325.0,3.0,1.0,57.0
Plot  Area,Ready To Move,Parappana Agrahara,4,1200.0,3.0,2.0,85.0
Super built-up  Area,Ready To Move,Narayana Nagar 1st Block,2,1202.0,2.0,1.0,48.0
Super built-up  Area,Ready To Move,KSRTC Layout,2,1200.0,2.0,3.0,62.5
Built-up  Area,Ready To Move,P&T Colony,1,425.0,1.0,0.0,20.03
Built-up  Area,Ready To Move,New Gurappana Palya,2,1100.0,2.0,0.0,48.0
Plot  Area,Ready To Move,Chelekare,1,600.0,1.0,1.0,60.0
Super built-up  Area,Ready To Move,Ambedkar Colony,2,1468.0,2.0,1.0,140.0
Plot  Area,Ready To Move,Palanahalli,4,4300.0,5.0,2.0,550.0
Super built-up  Area,Ready To Move,Vadarpalya,3,1750.0,3.0,2.0,85.0
Super built-up  Area,Ready To Move,V.V Puram,2,775.0,2.0,1.0,55.0
Super built-up  Area,Ready To Move,Vishwapriya Layout,2,820.0,2.0,1.0,30.0
Built-up  Area,Ready To Move,HMT Layout,2,1105.0,2.0,2.0,58.0
Super built-up  Area,Ready To Move,ITI Layout,3,1602.0,2.0,0.0,75.0
Super built-up  Area,Ready To Move,Richmond Town,3,1352.0,3.0,0.0,135.0
Plot  Area,18-Apr,4 Bedroom Farm House in Bagalur,4,10961.0,4.0,1.0,80.0
Super built-up  Area,18-Nov,manyata park,3,1780.0,3.0,1.0,84.83
Built-up  Area,Ready To Move,Vasanthapura,2,1022.0,2.0,2.0,40.0
Plot  Area,Ready To Move,Shirdi Sai Layout,4,1200.0,3.0,2.0,95.0
Super built-up  Area,Ready To Move,Kodbisanhalli,3,1976.0,3.0,1.0,184.0
Plot  Area,Ready To Move,Sathya Sai Layout,4,5500.0,4.0,2.0,600.0
Plot  Area,Ready To Move,Indiranagar HAL 2nd Stage,4,2400.0,4.0,1.0,640.0
Plot  Area,Ready To Move,Bendiganahalli,3,1200.0,3.0,0.0,95.0
Built-up  Area,Ready To Move,Hosakerehalli Layout,7,2500.0,6.0,2.0,115.0
Super built-up  Area,Ready To Move,Hennagara,2,823.0,2.0,1.0,28.0
Super built-up  Area,Ready To Move,Ferrar Nagar,2,1180.0,2.0,1.0,69.0
Super built-up  Area,Ready To Move,BAGUR,1,686.0,1.0,1.0,17.0
Plot  Area,Ready To Move,8th block Koramangala,2,1410.0,1.0,0.0,233.0
Super built-up  Area,Ready To Move,M.G Road,2,1250.0,2.0,0.0,200.0
Super built-up  Area,Ready To Move,Byatarayanapura,1,1300.0,1.0,0.0,200.0
Super built-up  Area,18-Mar,Naganathapura,2,1001.0,2.0,2.0,33.03
Built-up  Area,Ready To Move,Srinivasa Nagar,4,1500.0,4.0,2.0,180.0
Super built-up  Area,Ready To Move,Basavanagara,3,2400.0,2.0,0.0,80.0
Super built-up  Area,Ready To Move,Kaverappa Layout,2,1282.0,2.0,2.0,87.0
Super built-up  Area,17-Oct,Divya Unnathi Layout,3,1611.0,2.0,2.0,64.44
Built-up  Area,Ready To Move,Vasantha Vallabha Nagar,3,1500.0,2.0,2.0,95.0
Super built-up  Area,Ready To Move,sapthagiri Layout,2,1300.0,1.0,1.0,115.0
Super built-up  Area,Ready To Move,BEML Layout,2,1060.0,2.0,1.0,55.0
Built-up  Area,Ready To Move,Alur,1,530.0,1.0,1.0,20.0
Super built-up  Area,Ready To Move,Devarabisanahalli,2,1350.0,2.0,3.0,80.0
Built-up  Area,Ready To Move,Sidedahalli,2,900.0,2.0,0.0,27.0
Plot  Area,Ready To Move,Dwarka Nagar,8,2400.0,6.0,3.0,125.0
Super built-up  Area,Ready To Move,Hallehalli,2,1225.0,2.0,2.0,53.0
Super built-up  Area,Ready To Move,Vadarpalya,2,1141.0,2.0,0.0,62.0
Super built-up  Area,Ready To Move,Kattigenahalli,7,4100.0,7.0,2.0,140.0
Super built-up  Area,Ready To Move,Raghavendra Nagar,2,1175.0,2.0,2.0,48.27
Super built-up  Area,Ready To Move,KR Layout,1,950.0,1.0,1.0,40.0
Built-up  Area,Ready To Move,Kempapura,5,4200.0,5.0,2.0,225.0
Plot  Area,Ready To Move,BTM 1st Stage,4,1215.0,4.0,3.0,205.0
Super built-up  Area,Ready To Move,Kariyammana Agrahara,3,1800.0,3.0,3.0,90.0
Built-up  Area,Ready To Move,Hessarghatta,5,1600.0,4.0,0.0,125.0
Plot  Area,Ready To Move,Binnamangala,6,3968.0,5.0,2.0,900.0
Super built-up  Area,Ready To Move,Suraksha Nagar,3,1563.0,3.0,2.0,52.0
Plot  Area,Ready To Move,2nd Stage Nagarbhavi,6,3000.0,8.0,3.0,451.0
Plot  Area,Ready To Move,2nd Stage Nagarbhavi,6,2400.0,8.0,3.0,450.0
Super built-up  Area,Ready To Move,Vasanthapura,2,1135.0,2.0,1.0,39.73
Built-up  Area,Ready To Move,Basava Nagar,2,1405.0,2.0,2.0,70.0
Built-up  Area,Ready To Move,2nd Block Hrbr Layout,3,1480.0,3.0,2.0,90.0
Super built-up  Area,Ready To Move,Canara Bank Layout,3,1600.0,3.0,3.0,90.0
Super built-up  Area,Ready To Move,Naganathapura,2,720.0,2.0,1.0,120.0
Plot  Area,Ready To Move,Manjunath Nagar,4,1200.0,4.0,0.0,135.0
Super built-up  Area,Ready To Move,Basapura,2,1200.0,2.0,2.0,35.0
Plot  Area,Ready To Move,Singena Agrahara,3,1500.0,3.0,2.0,115.0
Plot  Area,Ready To Move,Sector 1 HSR Layout,4,2400.0,5.0,2.0,775.0
Super built-up  Area,17-Dec,Mango Garden Layout,3,1824.0,3.0,3.0,125.0
Plot  Area,Ready To Move,Kacharakanahalli,1,750.0,1.0,0.0,56.25
Super built-up  Area,Ready To Move,"Bidere Agarahara, Behind Safal market",2,1060.0,2.0,2.0,42.0
Plot  Area,19-Jan,Gopalkrishna Nagar,3,1500.0,3.0,2.0,62.0
Super built-up  Area,Ready To Move,Sai Gardens,2,1339.0,2.0,2.0,55.0
Super built-up  Area,Ready To Move,Dodda Kempaiah Layout,3,1600.0,3.0,2.0,75.0
Super built-up  Area,Ready To Move,Hanumanth Nagar,2,1225.0,2.0,2.0,55.11
Plot  Area,Ready To Move,Hunasamaranahalli,4,4000.0,4.0,2.0,675.0
Super built-up  Area,Ready To Move,RWF West Colony,2,1000.0,2.0,1.0,50.0
Plot  Area,Ready To Move,Bileshivale,4,6000.0,5.0,3.0,400.0
Built-up  Area,Ready To Move,Manayata Tech Park,3,2400.0,3.0,2.0,170.0
Super built-up  Area,Ready To Move,Kullappa Colony,2,1480.0,2.0,2.0,65.0
Super built-up  Area,Ready To Move,Williams Town,3,1500.0,2.0,2.0,98.0
Super built-up  Area,Ready To Move,Jaya Nagar East,3,3095.0,3.0,3.0,350.0
Carpet  Area,Ready To Move,Iggalur,2,910.0,2.0,1.0,30.5
Plot  Area,Ready To Move,Chokkanahalli,1,1200.0,1.0,1.0,28.0
Plot  Area,Ready To Move,Chikkaballapur,3,1500.0,3.0,3.0,100.0
Super built-up  Area,Ready To Move,VGP Layout,2,1133.0,2.0,2.0,55.0
Plot  Area,Ready To Move,Classic Paradise Layout,5,1560.0,5.0,1.0,145.0
Plot  Area,Ready To Move,Byappanahalli,5,2900.0,5.0,2.0,90.0
Super built-up  Area,Ready To Move,Vasanth nagar,3,1560.0,3.0,1.0,188.0
Super built-up  Area,Ready To Move,BEML Layout,3,2000.0,3.0,2.0,85.0
Plot  Area,Ready To Move,Siddapura,4,14000.0,3.0,2.0,800.0
Super built-up  Area,Ready To Move,Makali,1,485.0,1.0,1.0,15.0
Built-up  Area,Ready To Move,RWF West Colony,3,1384.0,3.0,2.0,62.28
Built-up  Area,Ready To Move,Maragondanahalli,3,1508.0,3.0,2.0,70.25
Built-up  Area,Ready To Move,Vibuthipura,4,2150.0,4.0,1.0,80.0
Super built-up  Area,Ready To Move,Suraksha Nagar,3,1600.0,3.0,2.0,52.0
Super built-up  Area,20-Dec,Jalahalli West,2,1250.0,2.0,1.0,62.0
Plot  Area,Ready To Move,Defence Layout,3,1200.0,3.0,1.0,130.0
Super built-up  Area,Ready To Move,Roopena Agrahara,2,1050.0,2.0,1.0,67.0
Super built-up  Area,Ready To Move,Dooravani Nagar,3,1596.0,3.0,1.0,105.0
Super built-up  Area,Ready To Move,Coconut Garden,3,1800.0,3.0,3.0,80.0
Super built-up  Area,Ready To Move,Gollahalli,2,1395.0,2.0,1.0,63.59
Super built-up  Area,Ready To Move,D Souza Layout,3,4634.0,4.0,3.0,1015.0
Plot  Area,Ready To Move,Bettahalsoor,3,1200.0,3.0,1.0,85.0
Built-up  Area,20-Dec,"ECC Road, Whitefield,",2,1132.0,2.0,1.0,67.0
Super built-up  Area,Ready To Move,Ashwath Nagar,2,1262.0,2.0,2.0,63.0
Super built-up  Area,Ready To Move,Seetharampalya,3,1515.0,3.0,3.0,88.0
Super built-up  Area,Ready To Move,Rukmaiah Layout,3,1655.0,3.0,2.0,86.06
Built-up  Area,Ready To Move,Maruthi Sevanagar,7,5000.0,7.0,2.0,299.0
Super built-up  Area,18-May,Devanahalli Int. Airport,2,1380.0,2.0,1.0,80.0
Super built-up  Area,Ready To Move,Puttanahalli,3,1450.0,3.0,1.0,65.0
Super built-up  Area,Ready To Move,Jakkuru Layout,2,1200.0,2.0,1.0,54.0
Built-up  Area,Ready To Move,Palanahalli,4,4346.0,5.0,2.0,500.0
Super built-up  Area,Ready To Move,Nagondanahalli,2,1178.0,2.0,3.0,47.0
Super built-up  Area,Ready To Move,2nd Phase Judicial Layout,3,1450.0,2.0,1.0,50.75
Built-up  Area,Ready To Move,BEML Layout,2,999.0,2.0,3.0,45.0
Super built-up  Area,Ready To Move,Richmond Town,3,2200.0,3.0,2.0,187.0
Built-up  Area,Ready To Move,"Sarjapur Road,",3,3329.0,3.0,2.0,330.0
Plot  Area,Ready To Move,Bagalur Main Road,4,3600.0,4.0,2.0,300.0
Super built-up  Area,Ready To Move,Byadarahalli,4,3500.0,3.0,3.0,450.0
Built-up  Area,Ready To Move,"Varthur Road,",3,1595.0,3.0,2.0,76.0
Built-up  Area,Ready To Move,Nagasandra,5,4050.0,5.0,2.0,140.0
Super built-up  Area,Ready To Move,Chikka Banaswadi,2,1093.0,2.0,2.0,65.0
Built-up  Area,Ready To Move,Outer Ring Road East,2,1367.0,2.0,2.0,62.0
Carpet  Area,Ready To Move,Vinayaka Nagar,3,1535.0,3.0,1.0,95.0
Super built-up  Area,Ready To Move,Dodda Kempaiah Layout,2,1015.0,2.0,1.0,45.0
Super built-up  Area,19-Mar,Hennur Busstop,2,1100.0,2.0,1.0,62.7
Super built-up  Area,Ready To Move,GB Palya,2,930.0,2.0,1.0,45.0
Built-up  Area,Ready To Move,AMS Layout,3,1650.0,2.0,2.0,80.0
Plot  Area,Ready To Move,9th Block Jayanagar,1,700.0,1.0,0.0,150.0
Super built-up  Area,Ready To Move,Ashwathnagar,3,2197.0,4.0,3.0,280.0
Super built-up  Area,18-Apr,Gaurava Nagar,3,1240.0,2.0,2.0,46.0
Built-up  Area,Ready To Move,Basapura,2,1100.0,2.0,1.0,60.0
Plot  Area,Ready To Move,Kengeri Satellite Town ( BDA SITE),4,1600.0,3.0,1.0,172.0
Built-up  Area,Ready To Move,AGS Layout,3,1450.0,2.0,2.0,85.0
Built-up  Area,Ready To Move,Srinagar,4,2000.0,3.0,1.0,166.0
Plot  Area,Ready To Move,Brigade Road,2,1420.0,1.0,0.0,220.0
Built-up  Area,Ready To Move,Hessarghatta,2,700.0,2.0,0.0,27.0
Super built-up  Area,Ready To Move,Belathur,2,1050.0,2.0,1.0,45.0
Super built-up  Area,18-Apr,Maruthi HBCS Layout,3,1250.0,3.0,3.0,39.5
Built-up  Area,Ready To Move,Srirampura,3,1756.0,3.0,3.0,100.0
Super built-up  Area,18-Jun,Devanahalli Road,3,1532.0,3.0,3.0,92.0
Built-up  Area,Ready To Move,Ejipura,3,1650.0,3.0,0.0,110.0
Built-up  Area,Ready To Move,Green Woods Layout,2,1200.0,2.0,2.0,66.0
Super built-up  Area,Ready To Move,Craig Park Layout,2,1010.0,2.0,3.0,148.0
Super built-up  Area,Ready To Move,Immadihalli,2,1180.0,2.0,2.0,48.0
Super built-up  Area,Ready To Move,Banagiri Nagar,3,1525.0,2.0,3.0,122.0
Super built-up  Area,Ready To Move,Hiremath Layout,3,1435.0,3.0,3.0,70.0
Super built-up  Area,Ready To Move,Muneshwara Nagar,3,1560.0,2.0,3.0,66.0
Built-up  Area,Ready To Move,Chikkasandra,2,1070.0,2.0,2.0,42.0
Plot  Area,Ready To Move,Bharath Housing Society Layout,4,2400.0,3.0,2.0,200.0
Built-up  Area,Ready To Move,3rd Block Jayanagar,2,1000.0,2.0,1.0,130.0
Built-up  Area,Ready To Move,Manjunatha Layout,2,1300.0,2.0,1.0,60.0
Plot  Area,Ready To Move,Konanakunte Cross,2,3040.0,1.0,1.0,180.0
Super built-up  Area,18-Aug,Banjara Layout,3,1294.0,2.0,2.0,48.0
Super built-up  Area,Ready To Move,Parappana Agrahara,2,1194.0,2.0,2.0,47.0
Super built-up  Area,Ready To Move,Abbaiah Reddy Layout,3,1310.0,2.0,3.0,50.0
Super built-up  Area,Ready To Move,Lakshmi Layout,3,1390.0,3.0,1.0,120.0
Plot  Area,Ready To Move,Tavarekere,4,1200.0,4.0,2.0,72.0
Super built-up  Area,Ready To Move,Immadihalli,2,1135.0,2.0,2.0,68.0
Super built-up  Area,Ready To Move,Srinivasa Nagar,2,900.0,2.0,1.0,55.0
Super built-up  Area,18-Apr,Thirumenahalli,3,1378.0,2.0,3.0,42.33
Super built-up  Area,Ready To Move,KPC Layout,2,1210.0,2.0,2.0,62.0
Super built-up  Area,Ready To Move,HOSUR MAIN ROAD,3,1464.0,3.0,2.0,56.0
Super built-up  Area,Ready To Move,Nandi Durga Road,3,2500.0,3.0,1.0,250.0
Carpet  Area,Ready To Move,Kumara Park,3,2200.0,4.0,2.0,350.0
Built-up  Area,Ready To Move,Daadys Gaarden Layout,3,1600.0,3.0,0.0,80.0
Super built-up  Area,18-May,Maruthi Nagar,3,1250.0,3.0,1.0,39.5
Plot  Area,18-May,Marsur,3,1000.0,4.0,3.0,66.0
Super built-up  Area,Ready To Move,Shampura,2,1200.0,2.0,3.0,53.0
Built-up  Area,Ready To Move,Kallumantapa,2,1100.0,2.0,2.0,50.0
Super built-up  Area,Ready To Move,Kaverappa Layout,2,1269.72,2.0,2.0,68.0
Plot  Area,Ready To Move,Malimakanapura,3,1168.0,3.0,0.0,70.0
Super built-up  Area,Ready To Move,Medahalli,2,1552.0,2.0,1.0,51.0
Plot  Area,Ready To Move,Kattigenahalli,4,2100.0,4.0,2.0,155.0
Super built-up  Area,Ready To Move,Rustam Bagh Layout,2,1300.0,2.0,2.0,65.0
Super built-up  Area,Ready To Move,Garden Layout,3,1515.0,3.0,3.0,93.93
Super built-up  Area,Ready To Move,Viswapriyanagar.begur Road.bommanahalli.,4,2400.0,5.0,1.0,85.0
Built-up  Area,19-Dec,"Hoodi Circle,",2,1243.0,2.0,1.0,58.0
Plot  Area,Ready To Move,2nd Stage Nagarbhavi,4,1200.0,4.0,2.0,245.0
Super built-up  Area,Ready To Move,T K Reddy Layout,3,1616.0,3.0,1.0,75.0
Built-up  Area,Ready To Move,Herohalli,5,1800.0,6.0,0.0,44.5
Built-up  Area,Ready To Move,"Pai layout , Mahadevapura",6,2700.0,4.0,2.0,214.0
Super built-up  Area,Ready To Move,frazertown,3,2000.0,3.0,2.0,210.0
Plot  Area,Ready To Move,Akshayanagara East,5,2400.0,4.0,1.0,300.0
Super built-up  Area,Ready To Move,Doddanekundi,3,1760.0,3.0,3.0,176.0
Built-up  Area,Ready To Move,Venkatadri Layout,1,595.0,1.0,1.0,42.0
Built-up  Area,Ready To Move,Mahaganapathy Nagar,2,1410.0,2.0,3.0,67.0
Built-up  Area,18-Dec,Huskur,2,1090.0,2.0,1.0,31.48
Super built-up  Area,Ready To Move,Belathur,2,1254.0,2.0,1.0,53.0
Built-up  Area,Ready To Move,Kattigenahalli,7,2800.0,7.0,2.0,125.0
Built-up  Area,Ready To Move,Rustam Bagh Layout,2,1170.0,2.0,2.0,86.0
Plot  Area,Ready To Move,Andrahalli,4,2200.0,4.0,3.0,235.0
Built-up  Area,Ready To Move,Vittal Nagar,2,1000.0,2.0,1.0,50.0
Built-up  Area,Ready To Move,3rd Block Banashankari,4,1700.0,2.0,1.0,550.0
Super built-up  Area,Ready To Move,Bhuvaneshwari Nagar,2,920.0,2.0,0.0,35.0
Super built-up  Area,Ready To Move,Shanthala Nagar,2,1450.0,1.0,0.0,230.0
Built-up  Area,Ready To Move,Jnanabharathi Layout,4,2400.0,3.0,2.0,142.0
Plot  Area,Ready To Move,Victoria Layout,5,2400.0,5.0,1.0,625.0
Super built-up  Area,Ready To Move,Doddanekundi,2,1280.0,2.0,2.0,40.0
Super built-up  Area,Ready To Move,5th Stage BEML Layout,3,2000.0,3.0,2.0,85.0
Carpet  Area,Ready To Move,Jaya Mahal layout,3,1650.0,3.0,3.0,175.0
Built-up  Area,Ready To Move,BSM Extension,2,840.0,2.0,2.0,27.0
Super built-up  Area,Ready To Move,Vijinapura,3,1670.0,3.0,3.0,91.86
Super built-up  Area,Ready To Move,P&T Layout,2,1242.0,2.0,3.0,39.7
Super built-up  Area,Ready To Move,Byrasandra,3,1690.0,2.0,2.0,55.0
Super built-up  Area,Ready To Move,Veerannapalya,3,1488.0,3.0,2.0,57.0
Built-up  Area,Ready To Move,Chowdeshwari Layout,3,1250.0,2.0,1.0,80.0
Plot  Area,Ready To Move,Anantapura,3,1650.0,4.0,2.0,160.0
Super built-up  Area,20-Jan,Badavala Nagar,3,1494.0,2.0,2.0,94.55
Super built-up  Area,Ready To Move,Rustam Bagh Layout,2,800.0,2.0,3.0,50.0
Super built-up  Area,Ready To Move,4th Block Koramangala,2,1225.0,2.0,2.0,150.0
Super built-up  Area,Ready To Move,Belatur,2,1260.0,2.0,2.0,58.0
Super built-up  Area,18-Dec,Lalbagh Road,4,3675.0,4.0,3.0,367.0
Plot  Area,Ready To Move,Kamakya Layout,2,1200.0,2.0,2.0,150.0
Super built-up  Area,Ready To Move,Nallurhalli,2,1250.0,2.0,2.0,65.0
Super built-up  Area,18-Aug,Chinnapanahalli,2,1225.0,2.0,2.0,48.0
Plot  Area,Ready To Move,Lingarajapuram,2,1350.0,2.0,1.0,80.0
Built-up  Area,Ready To Move,3rd Block HBR Layout,3,2000.0,3.0,1.0,100.0
Super built-up  Area,Ready To Move,Laxmi Sagar Layout,3,1614.0,3.0,1.0,110.0
Super built-up  Area,Ready To Move,Dodda Nekkundi Extension,2,1188.0,2.0,3.0,73.0
Super built-up  Area,Ready To Move,2nd Block Hrbr Layout,3,1480.0,3.0,2.0,90.0
Plot  Area,Ready To Move,Hongasandra,2,680.0,2.0,0.0,42.0
Plot  Area,Ready To Move,Harappanahalli,2,2400.0,2.0,1.0,95.0
Built-up  Area,Ready To Move,Basapura,2,1045.0,2.0,2.0,42.0
Built-up  Area,Ready To Move,Roopena Agrahara,2,955.0,2.0,3.0,53.55
Super built-up  Area,18-Oct,Chennammana Kere,2,1115.0,2.0,2.0,56.87
Super built-up  Area,Ready To Move,Kanaka Nagar,3,2479.13,3.0,1.0,215.0
Built-up  Area,Ready To Move,Tasker Town,2,1100.0,2.0,0.0,106.0
Super built-up  Area,Ready To Move,Govindpura,3,1690.0,3.0,2.0,75.0
Built-up  Area,19-Mar,NR Colony,2,1068.0,2.0,1.0,40.05
Super built-up  Area,Ready To Move,Agara Village,3,1925.0,3.0,2.0,120.0
Super built-up  Area,Ready To Move,Shettigere,1,650.0,1.0,1.0,26.0
Super built-up  Area,18-Mar,Kenchanehalli R R Nagar,3,1410.0,2.0,2.0,45.12
Super built-up  Area,18-Apr,Kumara Park,3,2000.0,3.0,3.0,207.0
Plot  Area,Ready To Move,BEL Road,2,1050.0,2.0,0.0,110.0
Super built-up  Area,Ready To Move,Byagadadhenahalli,3,1130.0,3.0,1.0,38.0
Super built-up  Area,Ready To Move,Ashwathnagar,3,2204.0,2.0,3.0,305.0
Built-up  Area,Ready To Move,Srinivasa Nagar,2,900.0,2.0,1.0,45.0
Super built-up  Area,Ready To Move,Doddabommasandra,3,1550.0,2.0,3.0,70.0
Super built-up  Area,Ready To Move,Maruthi Layout,2,916.0,2.0,1.0,42.0
Super built-up  Area,Ready To Move,Sree Narayana Nagar,3,1358.0,3.0,3.0,50.0
Super built-up  Area,Ready To Move,5th Block Hbr Layout,2,1206.0,2.0,2.0,56.0
Super built-up  Area,18-Dec,Tunganagara,3,1936.0,2.0,2.0,54.21
Built-up  Area,Ready To Move,Remco Bhel Layout,3,1685.0,2.0,1.0,110.0
Built-up  Area,Ready To Move,Chokkasandra,2,850.0,2.0,1.0,33.0
Super built-up  Area,18-Jul,2nd Block Hrbr Layout,3,1550.0,3.0,3.0,110.0
Built-up  Area,Ready To Move,Panduranga Nagar,1,500.0,1.0,0.0,20.0
Built-up  Area,Ready To Move,Sri Venkateshpura Layout,2,1146.0,2.0,1.0,38.5
Super built-up  Area,Ready To Move,Byadarahalli,3,3155.0,4.0,2.0,370.0
Super built-up  Area,Ready To Move,Jakkur Plantation,3,1765.0,3.0,3.0,105.0
Super built-up  Area,Ready To Move,Kaverappa Layout,2,1265.0,2.0,3.0,70.0
Built-up  Area,Ready To Move,Kaverappa Layout,2,1012.0,2.0,1.0,59.0
Super built-up  Area,Ready To Move,5th Block Hbr Layout,3,1270.0,2.0,2.0,70.0
Super built-up  Area,Ready To Move,Doddanekundi,3,2045.0,4.0,3.0,154.0
Built-up  Area,Ready To Move,Sir M V Nagar,7,4400.0,9.0,2.0,120.0
Plot  Area,Ready To Move,Bikasipura,6,2400.0,4.0,2.0,280.0
Super built-up  Area,Ready To Move,Basaveshwara Nagar Yelahanka,1,581.91,2.0,1.0,25.0
Plot  Area,Ready To Move,Sidedahalli,3,1158.0,2.0,2.0,85.0
Super built-up  Area,Ready To Move,Shree Ananth Nagar Layout,2,1210.0,2.0,2.0,60.0
Super built-up  Area,Ready To Move,2nd Phase Judicial Layout,2,1150.0,2.0,1.0,40.25
Built-up  Area,Ready To Move,Yemlur,2,1100.0,2.0,2.0,55.0
Super built-up  Area,Ready To Move,Race Course Road,4,4750.0,5.0,2.0,600.0
Plot  Area,Ready To Move,Gkvk Layout,3,1350.0,3.0,3.0,195.0
Plot  Area,Ready To Move,Bank Of Baroda Colony,4,2400.0,5.0,2.0,350.0
Super built-up  Area,Ready To Move,Sector 1 HSR Layout,3,1840.0,3.0,2.0,155.0
Plot  Area,Ready To Move,Bank Of Baroda Colony,2,1350.0,2.0,1.0,185.0
Built-up  Area,Ready To Move,St. John's Road,2,824.0,2.0,0.0,60.0
Super built-up  Area,18-Aug,Doopanahalli,3,1340.0,2.0,1.0,100.0
Built-up  Area,Ready To Move,Sathanur,3,1620.0,2.0,1.0,110.0
Built-up  Area,Ready To Move,ITI Layout,3,1533.0,3.0,2.0,115.0
Plot  Area,Ready To Move,Ramamohanapuram,4,2800.0,3.0,2.0,500.0
Built-up  Area,Ready To Move,Tejaswini Nagar,3,1560.0,3.0,2.0,85.0
Super built-up  Area,Ready To Move,kanakapura road,3,1375.0,2.0,3.0,48.06
Super built-up  Area,Ready To Move,Kaveri Nagar,1,750.0,1.0,2.0,25.0
Super built-up  Area,Ready To Move,Sundar Ram Shetty Nagar,3,1375.0,2.0,3.0,85.0
Plot  Area,Ready To Move,Sector 6 HSR Layout,3,3800.0,3.0,0.0,580.0
Built-up  Area,Ready To Move,Nelamangala,2,1095.0,2.0,0.0,40.0
Super built-up  Area,18-Jul,Udayapur Village,3,1440.0,2.0,2.0,60.33
Super built-up  Area,Ready To Move,"Kirloskar layout, Basaveshwarnagar",2,1200.0,2.0,1.0,49.5
Super built-up  Area,Ready To Move,Alfa Garden Layout,2,975.0,2.0,1.0,43.0
Super built-up  Area,Ready To Move,2nd Phase JP Nagar,5,2800.0,4.0,2.0,200.0
Plot  Area,Ready To Move,2nd Stage Nagarbhavi,4,1350.0,4.0,1.0,200.0
Super built-up  Area,Ready To Move,Hessarghatta,2,900.0,2.0,2.0,42.0
Built-up  Area,Ready To Move,Hoodi Layout,3,1500.0,3.0,2.0,88.0
Built-up  Area,Ready To Move,Gaundanapalya,2,1010.0,2.0,2.0,46.0
Super built-up  Area,Ready To Move,Laxmi Sagar Layout,2,1140.0,2.0,1.0,76.0
Super built-up  Area,Ready To Move,Outer Ring Road East,2,1198.0,2.0,1.0,84.0
Built-up  Area,Ready To Move,5th block Koramangala,4,4000.0,4.0,1.0,520.0
Plot  Area,Ready To Move,Nelamangala,4,1470.0,4.0,2.0,34.5
Built-up  Area,Ready To Move,JakkurYelahanka,2,1370.0,2.0,2.0,75.0
Super built-up  Area,Ready To Move,Yemlur,2,1316.0,2.0,3.0,55.5
Plot  Area,Ready To Move,Ngef Layout,2,3000.0,2.0,0.0,510.0
Plot  Area,Ready To Move,Bileshivale,6,2400.0,7.0,2.0,110.0
Super built-up  Area,Ready To Move,2nd Phase JP Nagar,2,1000.0,1.0,1.0,55.0
Plot  Area,Ready To Move,Manjunatha Layout,2,1200.0,2.0,2.0,125.0
Built-up  Area,Ready To Move,Kashi Nagar,2,1200.0,2.0,2.0,50.0
Super built-up  Area,18-Nov,B Narayanapura,2,1313.0,2.0,1.0,58.27
Super built-up  Area,Ready To Move,Ashwathnagar,2,936.0,2.0,2.0,42.0
Super built-up  Area,Ready To Move,Nagasandra,3,1470.0,2.0,2.0,110.0
Built-up  Area,Ready To Move,Upkar Layout,1,1050.0,1.0,1.0,70.0
Plot  Area,Ready To Move,Sunkadakatte,3,1200.0,2.0,0.0,80.0
Super built-up  Area,Ready To Move,Someshwara Layout,4,1200.0,4.0,3.0,169.0
Super built-up  Area,Ready To Move,Kacharakanahalli,2,1256.0,2.0,1.0,60.0
Built-up  Area,Ready To Move,Jalahalli West,2,1020.0,2.0,1.0,37.0
Super built-up  Area,Ready To Move,Vasanth nagar,3,3025.0,3.0,0.0,500.0
Built-up  Area,Ready To Move,Suddaguntepalya,2,830.0,2.0,0.0,34.0
Plot  Area,Ready To Move,Kathreguppe,4,3200.0,4.0,2.0,1200.0
Super built-up  Area,Ready To Move,Channasandra Layout,2,1210.0,2.0,2.0,40.0
Plot  Area,Ready To Move,HAL 3rd Stage,3,1865.0,3.0,3.0,350.0
Super built-up  Area,Ready To Move,Doctors Layout,2,1520.0,2.0,3.0,62.0
Built-up  Area,Ready To Move,1st Block HRBR Layout,3,2300.0,3.0,2.0,80.0
Built-up  Area,Ready To Move,Austin Town,1,400.0,1.0,0.0,14.0
Super built-up  Area,18-Apr,Vishwapriya Nagar,2,946.0,2.0,1.0,38.0
Plot  Area,Ready To Move,Bahubali Nagar,5,1575.0,4.0,0.0,150.0
Built-up  Area,Ready To Move,RMV 2nd Stage,2,860.0,1.0,1.0,43.0
Super built-up  Area,Ready To Move,Lottegolla Halli,4,3750.0,3.0,2.0,550.0
Built-up  Area,Ready To Move,Kodbisanhalli,4,4800.0,5.0,3.0,629.0
Super built-up  Area,Ready To Move,Nandini Layout,2,1200.0,2.0,2.0,70.0
Built-up  Area,Ready To Move,HMT Layout,3,1700.0,3.0,2.0,80.0
Super built-up  Area,Ready To Move,Basapura,2,1100.0,2.0,1.0,60.0
Plot  Area,Ready To Move,Bileshivale,5,6040.0,4.0,2.0,170.0
Super built-up  Area,Ready To Move,B Channasandra,2,1300.0,2.0,1.0,79.0
Super built-up  Area,Ready To Move,Harappanahalli,2,1311.0,2.0,2.0,48.0
Super built-up  Area,Ready To Move,Dollars Colony,4,3500.0,4.0,3.0,350.0
Super built-up  Area,Ready To Move,Arehalli,3,1400.0,2.0,2.0,55.0
Built-up  Area,Ready To Move,Cambridge  road,3,1000.0,2.0,0.0,110.0
Built-up  Area,Ready To Move,Hennur Gardens,3,1942.0,3.0,2.0,102.0
Built-up  Area,Ready To Move,Ashirvad Colony,2,1000.0,2.0,2.0,53.0
Plot  Area,Ready To Move,Cholanayakanahalli,5,3000.0,6.0,3.0,1000.0
Plot  Area,Ready To Move,Thyagaraja Nagar,1,800.0,1.0,1.0,100.0
Super built-up  Area,Ready To Move,Veerannapalya,2,950.0,2.0,2.0,45.0
Super built-up  Area,Ready To Move,Howthinarayanappa Garden,2,1022.0,2.0,2.0,52.0
Plot  Area,Ready To Move,Basavanagara,4,2000.0,3.0,2.0,25.0
Plot  Area,Ready To Move,Marsur,4,1800.0,4.0,2.0,145.0
Super built-up  Area,18-May,SRINIVASAPURA,2,990.0,2.0,1.0,44.55
Built-up  Area,Ready To Move,Cambridge Layout,3,2400.0,3.0,1.0,260.0
Built-up  Area,Ready To Move,Ramakrishnappa Layout,3,2770.0,3.0,1.0,460.0
Super built-up  Area,Ready To Move,Maragondanahalli,3,1533.0,3.0,2.0,85.0
Plot  Area,Ready To Move,3rd Block Banashankari,6,2400.0,8.0,2.0,650.0
Super built-up  Area,Ready To Move,Doddakannelli,3,1475.0,3.0,2.0,70.0
Built-up  Area,Ready To Move,Anand Nagar,2,1135.0,2.0,3.0,55.0
Plot  Area,Ready To Move,Patelappa Layout,3,1200.0,3.0,3.0,225.0
Super built-up  Area,Ready To Move,Pulkeshi Nagar,2,1452.55,2.0,3.0,110.0
Built-up  Area,Ready To Move,"Thanisandra Main Road,",3,2357.0,3.0,2.0,151.0
Super built-up  Area,Ready To Move,Jayanagar,2,1170.0,2.0,3.0,105.0
Super built-up  Area,18-Jul,banashankari stage iii sa,3,1411.0,3.0,2.0,91.72
Super built-up  Area,Ready To Move,Manayata Tech Park,2,1200.0,3.0,2.0,44.0
Super built-up  Area,Ready To Move,Jayanagar,3,3095.0,3.0,3.0,375.0
Built-up  Area,Ready To Move,Amruthnagar,2,1350.0,2.0,1.0,67.5
Plot  Area,Ready To Move,MS Pallya,3,1100.0,3.0,1.0,78.0
Super built-up  Area,18-May,Alfa Garden Layout,2,1240.0,2.0,2.0,43.79
Super built-up  Area,Ready To Move,Palace Guttahalli,4,3600.0,4.0,2.0,365.0
Super built-up  Area,Ready To Move,Akshya Nagar,2,1175.0,2.0,2.0,48.27
Built-up  Area,Ready To Move,Akshaya Vana,4,4000.0,4.0,3.0,170.0
Built-up  Area,Ready To Move,Hennur Gardens,3,1945.0,3.0,3.0,120.0
Super built-up  Area,18-Oct,Chennammana Kere,3,1465.0,2.0,3.0,74.72
Super built-up  Area,Ready To Move,Victoria Layout,3,1650.0,3.0,1.0,165.0
Plot  Area,Ready To Move,BCC Layout,4,1500.0,5.0,1.0,230.0
Plot  Area,Ready To Move,Mathikere,3,1550.0,2.0,1.0,150.0
Super built-up  Area,Ready To Move,Motappa Layout,3,1360.0,2.0,1.0,59.27
Built-up  Area,Ready To Move,Friends Colony,3,1150.0,2.0,1.0,75.0
Plot  Area,Ready To Move,Doddabidrakallu,3,1200.0,3.0,1.0,74.0
Super built-up  Area,Ready To Move,Arehalli,3,1229.0,3.0,1.0,86.03
Built-up  Area,Ready To Move,Tala Cauvery Layout,2,1030.0,2.0,3.0,61.0
Built-up  Area,Ready To Move,Sri Balaji Krupa Layout,1,600.0,1.0,0.0,32.0
Super built-up  Area,Ready To Move,8th block Koramangala,2,1165.0,2.0,1.0,135.0
Super built-up  Area,Ready To Move,Bidadi,2,1107.0,2.0,2.0,33.0
Super built-up  Area,Ready To Move,Nallurhalli,3,1520.0,3.0,3.0,80.0
Built-up  Area,Ready To Move,Teachers Colony,4,3000.0,4.0,2.0,240.0
Super built-up  Area,Ready To Move,Belathur,2,1050.0,2.0,1.0,38.0
Super built-up  Area,Ready To Move,Sampige Layout,2,1315.0,2.0,2.0,90.0
Super built-up  Area,Ready To Move,Amruthnagar,2,1210.0,2.0,2.0,72.0
Super built-up  Area,18-May,Virgonagar,3,1215.0,3.0,1.0,42.2
Built-up  Area,Ready To Move,"Kudlu Village,",3,1445.0,3.0,2.0,64.0
Super built-up  Area,Ready To Move,Rajiv Gandhi Nagar,2,1170.0,2.0,2.0,68.0
Plot  Area,Ready To Move,Bidadi,2,1600.0,2.0,2.0,110.0
Plot  Area,Ready To Move,Sector 4 HSR Layout,4,2400.0,4.0,2.0,700.0
Built-up  Area,Ready To Move,Bhagyalakshmi Avenue,2,955.0,1.0,2.0,34.01
Super built-up  Area,Ready To Move,Cholanayakanahalli,3,1370.0,2.0,2.0,75.0
Super built-up  Area,Ready To Move,Doddakannelli,2,1187.0,2.0,2.0,45.0
Super built-up  Area,Ready To Move,Abbaiah Reddy Layout,2,1100.0,2.0,1.0,38.45
Super built-up  Area,Ready To Move,Dinnur,3,1700.0,3.0,1.0,97.0
Super built-up  Area,Ready To Move,Rustam Bagh Layout,3,1900.0,3.0,3.0,160.0
Super built-up  Area,Ready To Move,Vasantha Vallabha Nagar,3,1360.0,3.0,3.0,55.0
Built-up  Area,Ready To Move,Vyalikaval,2,1100.0,2.0,1.0,75.0
Built-up  Area,Ready To Move,"Sarjapur Road,",3,1929.0,3.0,2.0,115.0
Built-up  Area,Ready To Move,"Banaswadi,",4,3161.0,4.0,3.0,214.0
Built-up  Area,Ready To Move,Chinnapanahalli,2,1020.0,2.0,2.0,40.0
Plot  Area,Ready To Move,Anand Nagar,3,3515.0,3.0,1.0,420.0
Super built-up  Area,Ready To Move,Balaji Gardens Layout,2,1051.0,2.0,1.0,33.0
Built-up  Area,17-Sep,HAL 2nd Stage,2,1226.0,3.0,1.0,135.0
Super built-up  Area,Ready To Move,Devarabeesana Halli,2,1100.0,2.0,1.0,70.0
Plot  Area,Ready To Move,1st Block HRBR Layout,7,2400.0,7.0,3.0,355.0
Super built-up  Area,Ready To Move,Byrasandra,3,1455.0,2.0,2.0,56.0
Built-up  Area,Ready To Move,Bikasipura,4,4200.0,4.0,2.0,255.0
Plot  Area,Ready To Move,Tippenahalli,2,1200.0,2.0,0.0,55.0
Super built-up  Area,Ready To Move,Prestige Sunrise,1,700.0,1.0,1.0,41.0
Super built-up  Area,Ready To Move,Akshaya Vana,3,1300.0,2.0,1.0,49.0
Built-up  Area,Ready To Move,1st Stage Indira Nagar,2,1400.0,2.0,1.0,67.0
Super built-up  Area,Ready To Move,Srigandada Kaval,2,1200.0,2.0,0.0,53.0
Super built-up  Area,Ready To Move,Channasandra Layout,3,1535.0,3.0,1.0,55.0
Plot  Area,Ready To Move,Mathikere Extension,3,3000.0,3.0,0.0,250.0
Super built-up  Area,Ready To Move,Viswajit Layout,2,1100.0,2.0,3.0,61.0
Plot  Area,Ready To Move,Adityanagar,1,1260.0,1.0,0.0,41.0
Plot  Area,Ready To Move,BDS Layout,1,1500.0,1.0,0.0,37.5
Built-up  Area,Ready To Move,Mysore Highway,1,600.0,1.0,1.0,17.0
Built-up  Area,Ready To Move,Narayana Nagar 1st Block,3,1360.0,2.0,2.0,65.0
Super built-up  Area,Ready To Move,Gopalkrishna Nagar,2,1165.0,2.0,2.0,75.0
Plot  Area,Ready To Move,Shanthi Layout,3,1272.0,4.0,0.0,75.0
Built-up  Area,Ready To Move,Jeevan bima nagar,2,965.0,2.0,1.0,45.0
Plot  Area,Ready To Move,Esther Enclave Layout,5,1600.0,5.0,2.0,140.0
Super built-up  Area,Ready To Move,Keerthi Layout,2,780.0,2.0,2.0,25.0
Super built-up  Area,Ready To Move,Ganga Nagar Extension,3,1000.0,2.0,1.0,65.0
Super built-up  Area,Ready To Move,Shikaripalya,2,1121.0,2.0,1.0,43.72
Plot  Area,Ready To Move,Huttanahalli,3,2400.0,4.0,2.0,325.0
Built-up  Area,Ready To Move,Ambedkar Colony,2,1463.0,1.0,1.0,142.0
Super built-up  Area,Ready To Move,Reliable Woods Layout,3,1306.0,2.0,2.0,58.0
Super built-up  Area,Ready To Move,4th T block Jayanagar,3,2401.0,3.0,2.0,185.0
Built-up  Area,Ready To Move,Jayanagar,3,1875.0,2.0,3.0,235.0
Plot  Area,Ready To Move,Marsur,3,1200.0,3.0,1.0,90.0
Super built-up  Area,18-Aug,Vibhutipura Extension,2,1225.0,2.0,2.0,47.0
Built-up  Area,Ready To Move,Chandra Layout,1,890.0,1.0,1.0,75.0
Super built-up  Area,Ready To Move,Hagadur,2,1110.0,2.0,2.0,51.0
Plot  Area,18-Apr,Popular Colony,2,1300.0,2.0,0.0,54.0
Plot  Area,Ready To Move,8th block Koramangala,3,2400.0,3.0,2.0,290.0
Built-up  Area,Ready To Move,Soundarya Layout,2,960.0,2.0,2.0,32.0
Super built-up  Area,Ready To Move,"Banashankari 6th Stage ,Subramanyapura",3,1690.0,3.0,2.0,100.0
Built-up  Area,Ready To Move,Samethanahalli,2,799.0,2.0,1.0,38.0
Super built-up  Area,Ready To Move,Amarjyothi Colony,3,1355.0,3.0,1.0,61.0
Plot  Area,Ready To Move,Pattanagere,2,1350.0,2.0,0.0,90.0
Super built-up  Area,Ready To Move,Dollars Layout,3,1460.0,3.0,2.0,88.0
Super built-up  Area,Ready To Move,RMV Extension,3,1685.0,3.0,2.0,95.0
Super built-up  Area,Ready To Move,Parappana Agrahara,2,1194.0,2.0,2.0,46.0
Plot  Area,18-Apr,Kurubarahalli,1,800.0,1.0,0.0,52.0
Plot  Area,Ready To Move,Bileshivale,4,4000.0,5.0,1.0,280.0
Super built-up  Area,Ready To Move,ISRO Layout,2,1180.0,2.0,3.0,52.0
Super built-up  Area,18-May,Ashirvad Colony,2,1100.0,2.0,2.0,53.0
Plot  Area,Ready To Move,Bhuvaneswari Nagar,2,792.0,2.0,1.0,70.0
Super built-up  Area,Ready To Move,Varanasi,5,2000.0,4.0,1.0,103.0
Plot  Area,Ready To Move,Shantiniketan Layout,5,2400.0,5.0,2.0,235.0
Built-up  Area,Ready To Move,Gopal Reddy Layout,3,2100.0,3.0,1.0,75.0
Super built-up  Area,18-Apr,Roopena Agrahara,3,1215.0,2.0,2.0,46.5
Plot  Area,Ready To Move,sankeswari,1,461.82,1.0,1.0,31.7
Plot  Area,18-Feb,T c palya,3,1500.0,2.0,0.0,85.0
Super built-up  Area,Ready To Move,Govindraja Nagar,2,1065.0,2.0,3.0,50.0
Super built-up  Area,18-Feb,Virat Nagar,2,1205.0,2.0,2.0,42.18
Super built-up  Area,Ready To Move,Chennammanakere Achukattu,2,1260.0,2.0,1.0,75.0
Built-up  Area,18-Jul,"Maragondana Halli, kr puram, old madras road",2,1199.0,2.0,2.0,50.0
Super built-up  Area,Ready To Move,Jp nagar 8th Phase .,10,12000.0,12.0,2.0,525.0
Super built-up  Area,Ready To Move,Volagerekallahalli,2,1070.0,2.0,2.0,33.0
Built-up  Area,Ready To Move,Sanjeevini Nagar,3,2820.0,3.0,2.0,285.0
Built-up  Area,Ready To Move,Kanakapura Road,3,1950.0,3.0,2.0,130.0
Super built-up  Area,18-Nov,Govindpura,2,1326.0,2.0,1.0,62.17
Super built-up  Area,Ready To Move,3rd Block Jayanagar,3,1350.0,2.0,2.0,140.0
Plot  Area,Ready To Move,Outer Ring Road East,4,4051.0,4.0,3.0,345.0
Plot  Area,Ready To Move,J P Nagar 7th Phase Ramayya City,4,1200.0,4.0,2.0,350.0
Super built-up  Area,Ready To Move,Shanthala Nagar,5,8321.0,5.0,3.0,2700.0
Super built-up  Area,Ready To Move,Green Domain Layout,3,2100.0,3.0,3.0,170.0
Built-up  Area,Ready To Move,Cleveland Town,3,1991.0,3.0,2.0,160.0
Built-up  Area,20-Dec,"Hoodi Circle,",2,1234.0,2.0,1.0,61.0
Built-up  Area,Ready To Move,Syndicate Bank Colony,3,1200.0,3.0,2.0,66.0
Built-up  Area,Ready To Move,Kada Agrahara,3,2220.0,4.0,2.0,65.0
Plot  Area,19-Dec,"Off Sarjapur road,",4,3000.0,4.0,3.0,342.0
Plot  Area,Ready To Move,M C Layout,6,2400.0,6.0,2.0,245.0
Built-up  Area,Ready To Move,Nanjappa Layout,2,1069.0,2.0,2.0,55.0
Plot  Area,Ready To Move,BEL Layout,2,1375.0,2.0,1.0,105.0
Super built-up  Area,20-Dec,Akshayanagara East,3,1693.0,3.0,2.0,108.0
Super built-up  Area,Ready To Move,JCR Layout,2,1160.0,2.0,1.0,41.75
Plot  Area,Ready To Move,Sri Kanteshwara Nagar,3,1200.0,3.0,0.0,200.0
Built-up  Area,Ready To Move,Bellari Road,2,900.0,2.0,1.0,45.0
Super built-up  Area,Ready To Move,Varanasi,2,1175.0,2.0,1.0,48.0
Built-up  Area,Ready To Move,Abbaiah Reddy Layout,2,1200.0,2.0,2.0,50.0
Built-up  Area,Ready To Move,Jyothi Nagar,2,600.0,2.0,1.0,23.0
Super built-up  Area,Ready To Move,Tata Nagar,2,1364.0,2.0,2.0,70.0
Super built-up  Area,Ready To Move,RK Layout 2nd Stage,3,1150.0,2.0,2.0,77.5
Super built-up  Area,Ready To Move,Tirumanahalli,2,1146.0,2.0,1.0,39.5
Super built-up  Area,Ready To Move,Mylasandra,2,1110.0,2.0,2.0,41.0
Built-up  Area,Ready To Move,Motappa Layout,2,1156.0,2.0,2.0,49.5
Super built-up  Area,Ready To Move,Mangammanapalya,2,1058.0,2.0,2.0,60.0
Built-up  Area,Ready To Move,Raghuvanahalli,1,900.0,1.0,1.0,30.0
Super built-up  Area,Ready To Move,Devarabeesana Halli,3,1672.0,3.0,2.0,150.0
Super built-up  Area,Ready To Move,MCECHS  layout,3,1500.0,2.0,2.0,65.0
Super built-up  Area,Ready To Move,Geddalahalli,2,1400.0,2.0,2.0,65.0
Built-up  Area,Ready To Move,Brindavan Nagar,3,1250.0,3.0,2.0,139.0
Super built-up  Area,Ready To Move,Ambedkar Colony,2,1468.0,3.0,2.0,130.0
Super built-up  Area,Ready To Move,Seetharampalya,2,1166.0,2.0,1.0,53.0
Built-up  Area,Ready To Move,Mariyannapalya,2,900.0,2.0,3.0,46.0
Built-up  Area,Ready To Move,Kanaka Nagar,3,1190.0,3.0,1.0,55.0
Built-up  Area,Ready To Move,Palace Road,3,1480.0,2.0,0.0,145.0
Super built-up  Area,Ready To Move,MCECHS  layout,3,1500.0,3.0,2.0,65.0
Super built-up  Area,18-Apr,Kodigehalli,2,1086.0,2.0,1.0,33.66
Super built-up  Area,Ready To Move,Nelamangala,2,820.0,2.0,2.0,24.0
Super built-up  Area,Ready To Move,Pulikeshi Nagar,3,2280.0,3.0,2.0,285.0
Super built-up  Area,19-Dec,Domlur Layout,3,2000.0,3.0,2.0,200.0
Built-up  Area,Ready To Move,B Narayanapura,3,1460.0,2.0,3.0,73.0
Super built-up  Area,Ready To Move,Anand Nagar,3,1080.0,2.0,2.0,75.0
Super built-up  Area,Ready To Move,Vijaya Bank Layout,3,2400.0,2.0,1.0,150.0
Built-up  Area,Ready To Move,Raghuvanahalli,2,1070.0,2.0,1.0,35.0
Super built-up  Area,Ready To Move,Wilson Garden,2,1125.0,2.0,1.0,75.0
Built-up  Area,Ready To Move,Dooravani Nagar,3,1596.0,3.0,0.0,95.0
Built-up  Area,Ready To Move,Challaghatta,3,1639.0,3.0,3.0,123.0
Super built-up  Area,Ready To Move,Nyanappana Halli,2,920.0,2.0,3.0,37.0
Super built-up  Area,22-Dec,2nd Phase Judicial Layout,1,525.0,1.0,1.0,26.0
Super built-up  Area,Ready To Move,Indira Nagar 3rd Stage,3,1740.0,3.0,2.0,199.0
Carpet  Area,Ready To Move,Gokula Extension,3,1372.0,2.0,1.0,90.0
Built-up  Area,Ready To Move,Hoysalanagar,2,885.0,2.0,3.0,40.0
Super built-up  Area,Ready To Move,Ramakrishnappa Layout,5,6200.0,5.0,2.0,720.0
Super built-up  Area,Ready To Move,AGS Layout,3,1490.0,2.0,1.0,59.6
Built-up  Area,Ready To Move,Vishwanatha Nagenahalli,4,1650.0,4.0,0.0,99.0
Built-up  Area,Ready To Move,KR Garden,2,925.0,2.0,2.0,63.0
Plot  Area,Ready To Move,Kanakadasa Layout,4,1200.0,3.0,1.0,95.0
Plot  Area,Ready To Move,Mallathahalli,2,1200.0,2.0,0.0,79.0
Super built-up  Area,18-Apr,Jayamahal Extension,3,2500.0,3.0,2.0,270.0
Plot  Area,Ready To Move,Laxminarayana Layout,4,1584.0,3.0,2.0,145.0
Super built-up  Area,Ready To Move,Dooravani Nagar,3,1570.0,3.0,1.0,115.0
Plot  Area,Ready To Move,Banagiri Nagar,3,1350.0,3.0,1.0,380.0
Built-up  Area,Ready To Move,Akshya Nagar,6,2400.0,6.0,0.0,130.0
Super built-up  Area,Ready To Move,Basaveshwara Nagar Yelahanka,3,1680.0,3.0,2.0,85.0
Super built-up  Area,Ready To Move,HOSUR MAIN ROAD,2,1464.0,2.0,2.0,56.0
Built-up  Area,Ready To Move,Sahyadri Layout,3,1750.0,3.0,1.0,180.0
Plot  Area,Ready To Move,Mathikere SBM colony,2,1500.0,1.0,0.0,160.0
Plot  Area,Ready To Move,"white field,kadugodi",6,2100.0,6.0,2.0,275.0
Plot  Area,Ready To Move,Mahalakshmi Layout,4,1575.0,5.0,1.0,158.0
Built-up  Area,Ready To Move,Bagalur,2,1200.0,2.0,3.0,50.0
Built-up  Area,Ready To Move,Vinayak Nagar,1,705.0,1.0,2.0,36.5
Super built-up  Area,Ready To Move,P Krishnappa Layout,3,1340.0,3.0,3.0,77.0
Super built-up  Area,Ready To Move,Green Garden Layout,3,1800.0,3.0,2.0,70.0
Super built-up  Area,Ready To Move,Crimson Layout,2,1230.0,2.0,2.0,57.0
Plot  Area,Ready To Move,Adityanagar,1,1260.0,1.0,1.0,41.0
Plot  Area,Ready To Move,RMV 2nd Stage,2,1200.0,2.0,1.0,216.0
Plot  Area,Ready To Move,Kanaka Nagar,2,1200.0,2.0,1.0,125.0
Built-up  Area,Ready To Move,Hanumantha Nagar,4,1270.0,2.0,1.0,175.0
Built-up  Area,Ready To Move,Bagalakunte,1,700.0,1.0,1.0,162.0
Plot  Area,Ready To Move,T Dasarahalli,3,1200.0,3.0,2.0,130.0
Super built-up  Area,18-May,Muthurayya Swamy Layout,4,3595.0,6.0,2.0,360.0
Super built-up  Area,Ready To Move,Thirumenahalli,2,1100.0,2.0,1.0,39.5
Super built-up  Area,Ready To Move,Lavelle Road,3,2500.0,3.0,2.0,425.0
Super built-up  Area,Ready To Move,Dollars Colony,4,3100.0,5.0,1.0,385.0
Super built-up  Area,Ready To Move,Rajiv Gandhi Nagar,2,1219.0,2.0,2.0,40.0
Plot  Area,Ready To Move,Goraguntepalya,4,1200.0,4.0,1.0,150.0
Plot  Area,Ready To Move,Rajankunte,3,3259.0,3.0,0.0,270.0
Super built-up  Area,Ready To Move,6th Block Rajaji Nagar,4,3200.0,3.0,3.0,190.0
Super built-up  Area,Ready To Move,MLA Layout,2,970.0,2.0,1.0,40.0
Built-up  Area,Ready To Move,Venkatadri Layout,1,596.0,1.0,1.0,42.0
Super built-up  Area,Ready To Move,Koramangala Industrial Layout,16,10000.0,16.0,2.0,550.0
Plot  Area,Ready To Move,Kyalasanahalli,4,1200.0,4.0,3.0,110.0
Super built-up  Area,Ready To Move,Ambedkar Colony,3,1910.0,3.0,1.0,190.0
Built-up  Area,Ready To Move,B Narayanapura,3,1405.0,2.0,2.0,70.0
Super built-up  Area,Ready To Move,Siddapura,3,1800.0,3.0,3.0,65.0
Built-up  Area,Ready To Move,Devarabeesana Halli,3,1750.0,3.0,3.0,149.0
Super built-up  Area,Ready To Move,Motappa Layout,3,1360.0,2.0,1.0,65.0
Super built-up  Area,19-Jun,Byrasandra,2,985.0,2.0,1.0,63.0
Super built-up  Area,16-Jul,Victoria Layout,2,1300.0,2.0,1.0,129.0
Super built-up  Area,Ready To Move,Rustam Bagh Layout,3,1490.0,2.0,3.0,88.0
Super built-up  Area,Ready To Move,Byagadadhenahalli,2,620.0,1.0,1.0,25.0
Plot  Area,Ready To Move,Meenakunte,4,4428.0,4.0,2.0,255.0
Super built-up  Area,Ready To Move,Basapura,2,1301.0,2.0,2.0,55.0
Super built-up  Area,Ready To Move,Thippasandra,1,650.0,1.0,0.0,30.0
Super built-up  Area,Ready To Move,Banagiri Nagar,3,1500.0,2.0,2.0,89.99
Plot  Area,Ready To Move,Kumara Park,4,2700.0,6.0,2.0,675.0
Plot  Area,Ready To Move,Nagadevanahalli,4,1350.0,4.0,2.0,145.0
Super built-up  Area,Ready To Move,Roopena Agrahara,1,910.0,1.0,1.0,42.0
Super built-up  Area,18-May,Madiwala,3,1250.0,3.0,2.0,39.0
Super built-up  Area,Ready To Move,Rajarajeshwari Nagara,3,2000.0,3.0,2.0,85.0
Plot  Area,18-Apr,KR Layout,4,4800.0,4.0,0.0,700.0
Built-up  Area,Ready To Move,Celebrity Paradise Layout,1,532.0,1.0,1.0,22.49
Super built-up  Area,Ready To Move,St Thomas Town,3,1060.0,3.0,1.0,62.0
Super built-up  Area,Ready To Move,Ckikkakammana Halli,2,902.0,2.0,2.0,42.0
Super built-up  Area,Ready To Move,Munivenkatppa Layout,2,1550.0,2.0,3.0,160.0
Super built-up  Area,Ready To Move,Vijaya Bank Layout,3,1374.0,2.0,2.0,70.0
Super built-up  Area,Ready To Move,Ferrar Nagar,4,2145.0,4.0,2.0,125.0
Built-up  Area,Ready To Move,Bank Of Baroda Colony,2,1080.0,2.0,1.0,55.0
Built-up  Area,Ready To Move,Kamala Nagar,2,1000.0,2.0,1.0,80.0
Super built-up  Area,Ready To Move,Kumarapalli,2,1240.0,2.0,2.0,52.6
Built-up  Area,15-Jun,Outer Ring Road East,3,1500.0,2.0,0.0,97.0
Super built-up  Area,19-Mar,Marenahalli,3,1865.0,4.0,2.0,140.0
Super built-up  Area,18-Aug,HAL 3rd Stage,2,1200.0,2.0,2.0,49.0
Plot  Area,Ready To Move,Marsur,3,1200.0,3.0,1.0,120.0
Built-up  Area,Ready To Move,Nagawara Junction,4,3500.0,4.0,2.0,245.0
Carpet  Area,Ready To Move,Lingarajapuram,2,1203.0,2.0,1.0,59.86
Super built-up  Area,Ready To Move,Vasantha Vallabha Nagar,3,1600.0,3.0,2.0,76.0
Plot  Area,Ready To Move,Chandra Layout,2,815.0,3.0,2.0,160.0
Super built-up  Area,Ready To Move,Maithri Layout,2,1134.0,2.0,1.0,40.0
Super built-up  Area,Ready To Move,Vasanthapura,2,995.0,2.0,1.0,34.82
Super built-up  Area,18-Dec,Raja Rajeshwari Nagar 5th Stage,3,1320.0,2.0,2.0,73.0
Plot  Area,Ready To Move,Nanjappa Garden,6,2150.0,6.0,3.0,205.0
Super built-up  Area,18-Oct,Chennammana Kere,2,1100.0,2.0,2.0,56.1
Built-up  Area,Ready To Move,Vayunandana Layout,5,2400.0,5.0,2.0,120.0
Plot  Area,Ready To Move,Geetanjali Layout,4,1200.0,4.0,2.0,300.0
Plot  Area,Ready To Move,Kenchenhalli,2,675.0,3.0,1.0,52.0
Super built-up  Area,Ready To Move,"EPIP AREA, WHITEFIELD",3,1801.0,3.0,2.0,139.0
Built-up  Area,Ready To Move,1st Stage Domlur,3,1350.0,2.0,2.0,65.0
Built-up  Area,Ready To Move,"RMV extension stage 2, rmv extension",4,2990.0,4.0,2.0,324.0
Plot  Area,Ready To Move,Kalhalli,2,2400.0,2.0,1.0,160.0
Super built-up  Area,18-May,Tavarekere,3,1250.0,3.0,2.0,40.0
Built-up  Area,18-May,Kamakshipalya,2,1150.0,2.0,1.0,75.0
Plot  Area,Ready To Move,Hadosiddapura,3,1200.0,3.0,2.0,165.0
Super built-up  Area,Ready To Move,Vijaya Bank Colony,3,1400.0,2.0,2.0,62.0
Super built-up  Area,Ready To Move,Kumarapalli,3,1488.0,2.0,3.0,60.0
Plot  Area,Ready To Move,Lakkasandra,9,4500.0,9.0,2.0,166.0
Built-up  Area,Ready To Move,"JP Nagar 8th Phase,",3,1853.0,3.0,2.0,82.0
Super built-up  Area,Ready To Move,Kachanayakanahalli,2,861.0,2.0,1.0,35.0
Built-up  Area,Ready To Move,Nagaraja Garden,2,1256.0,2.0,1.0,62.8
Super built-up  Area,Ready To Move,Tejaswini Nagar,3,1390.0,2.0,2.0,80.0
Super built-up  Area,Ready To Move,Ashwath Nagar,3,1550.0,2.0,2.0,90.0
Built-up  Area,18-Jul,Huskur,3,1310.0,2.0,1.0,37.83
Built-up  Area,Ready To Move,6th block Koramangala,3,2350.0,3.0,2.0,400.0
Plot  Area,Ready To Move,4th Block Koramangala,4,2400.0,4.0,2.0,500.0
Super built-up  Area,Ready To Move,Nagadevanahalli,2,1080.0,2.0,2.0,39.0
Plot  Area,Ready To Move,KSRTC Layout,4,1500.0,4.0,0.0,110.0
Built-up  Area,20-Dec,"JP nagar 9th Phase,",3,1531.0,3.0,2.0,72.0
Super built-up  Area,Ready To Move,Keshava Nagar,3,1839.0,3.0,3.0,165.0
Plot  Area,Ready To Move,Dollars Layout,4,4200.0,4.0,1.0,760.0
Built-up  Area,Ready To Move,Vignana Nagar,2,1200.0,2.0,2.0,55.0
Super built-up  Area,Ready To Move,4th Block Jayanagar,2,900.0,2.0,1.0,70.0
Super built-up  Area,Ready To Move,Karnataka Shabarimala,4,1200.0,6.0,3.0,70.0
Plot  Area,Ready To Move,Singena Agrahara,3,1500.0,3.0,2.0,149.0
Built-up  Area,Ready To Move,Canara Bank Colony,3,1650.0,2.0,1.0,52.0
Built-up  Area,Ready To Move,Hanumagiri,2,1100.0,2.0,1.0,38.0
Plot  Area,Ready To Move,Cholanayakanahalli,1,750.0,2.0,0.0,50.0
Plot  Area,Ready To Move,BEML Layout,5,2400.0,4.0,1.0,225.0
Built-up  Area,Ready To Move,Seshadripuram,2,600.0,3.0,2.0,75.0
Built-up  Area,Ready To Move,Vijaya Bank Layout,3,1605.0,2.0,3.0,85.0
Super built-up  Area,Ready To Move,Akshayanagara West,2,1205.0,2.0,2.0,60.0
Plot  Area,18-Jul,Prasanth Extension,2,1200.0,3.0,1.0,46.14
Super built-up  Area,Ready To Move,Chikkathoguru,1,1500.0,1.0,1.0,19.5
Super built-up  Area,Ready To Move,Doctors Layout,2,1125.0,2.0,1.0,44.0
Plot  Area,Ready To Move,Anand nagar,2,1200.0,2.0,0.0,70.0
Plot  Area,Ready To Move,West of Chord Road,2,1200.0,2.0,1.0,160.0
Super built-up  Area,Ready To Move,Keshava Nagar,3,1904.0,3.0,3.0,155.0
Super built-up  Area,Ready To Move,Ramakrishnappa Layout,3,2770.0,4.0,3.0,315.0
Built-up  Area,19-Dec,"Hoodi Circle,",1,813.0,1.0,1.0,39.0
Plot  Area,Ready To Move,Junnasandra,4,3884.0,4.0,3.0,240.0
Plot  Area,Ready To Move,Handenahalli,4,4750.0,2.0,1.0,120.0
Super built-up  Area,Ready To Move,Banagiri Nagar,3,1630.0,2.0,2.0,97.78
Built-up  Area,Ready To Move,Nagadevanahalli,2,1090.0,2.0,1.0,36.0
Built-up  Area,Ready To Move,"Sarjapur Road,",4,2425.0,4.0,3.0,173.0
Super built-up  Area,18-Apr,manyata tech park,2,1150.0,2.0,1.0,56.0
Super built-up  Area,Ready To Move,Divya Unnathi Layout,2,1141.0,2.0,2.0,49.0
Super built-up  Area,Ready To Move,Ashwathnagar,2,936.0,2.0,2.0,43.0
Built-up  Area,Ready To Move,Gopalkrishna Nagar,2,1280.0,2.0,1.0,75.0
Super built-up  Area,Ready To Move,Wilson Garden,1,735.0,1.0,1.0,75.0
Built-up  Area,Ready To Move,Sarvabhouma Nagar,1,500.0,1.0,0.0,24.0
Built-up  Area,Ready To Move,Hoysalanagar,2,1100.0,2.0,1.0,50.0
Plot  Area,Ready To Move,SMV layout,3,1200.0,4.0,0.0,145.0
Plot  Area,Ready To Move,Roopena Agrahara,2,1200.0,2.0,1.0,100.0
Plot  Area,Ready To Move,CQAL LAYOUT C BLOCK,3,1200.0,3.0,1.0,160.0
Super built-up  Area,Ready To Move,Channasandra Layout,3,1265.0,2.0,1.0,82.0
Built-up  Area,18-May,"Near Electronic City,",4,3200.0,5.0,1.0,150.0
Super built-up  Area,Ready To Move,Virat Nagar,2,1196.0,2.0,2.0,56.81
Built-up  Area,Ready To Move,Kacharakanahalli,3,1850.0,3.0,3.0,98.0
Plot  Area,17-Dec,Bagalakunte,4,2360.0,4.0,2.0,150.0
Super built-up  Area,Ready To Move,Banashankari stage 2,2,1030.0,2.0,1.0,77.25
Super built-up  Area,Ready To Move,Doddanakundi Industrial Area 2,2,1512.0,1.0,2.0,65.01
Super built-up  Area,Ready To Move,OLd Gurappanapalya,3,2000.0,3.0,2.0,160.0
Built-up  Area,20-Dec,"ECC Road, Whitefield,",3,1575.0,3.0,2.0,93.0
Built-up  Area,Ready To Move,Ramanjaneyanagar,3,1300.0,2.0,2.0,70.0
Carpet  Area,Ready To Move,Chikkadunnasandra,2,975.0,2.0,2.0,50.0
Super built-up  Area,Ready To Move,Akshya Nagar,2,1380.0,2.0,1.0,75.0
Super built-up  Area,18-May,Indranagar  100ft road defence colony,5,5800.0,5.0,2.0,80.0
Built-up  Area,Ready To Move,Canara Bank Colony,2,1000.0,2.0,2.0,45.0
Super built-up  Area,Ready To Move,Wajid layout thanisandra,4,3000.0,5.0,2.0,100.0
Super built-up  Area,Ready To Move,B Channasandra,2,1080.0,2.0,1.0,45.0
Plot  Area,Ready To Move,Laxmi Sagar Layout,3,3100.0,3.0,3.0,250.0
Plot  Area,Ready To Move,Achins Road,7,2100.0,7.0,0.0,410.0
Built-up  Area,Ready To Move,Uvce Layout,2,1190.0,2.0,2.0,100.0
Super built-up  Area,Ready To Move,Panduranga Nagar,3,1827.0,3.0,3.0,100.0
Super built-up  Area,Ready To Move,New Thippasandra,3,1500.0,3.0,3.0,95.0
Super built-up  Area,Ready To Move,Gattigere,2,1180.0,2.0,2.0,63.0
Super built-up  Area,18-Jan,Roopena Agrahara,3,1300.0,3.0,2.0,47.0
Built-up  Area,Ready To Move,Kamakshipalya,3,1155.0,2.0,0.0,60.0
Built-up  Area,Ready To Move,Yemlur,4,7000.0,5.0,2.0,2050.0
Super built-up  Area,20-Jan,Badavala Nagar,2,1274.0,2.0,1.0,81.0
Built-up  Area,Ready To Move,Maragondanahalli,3,1540.0,3.0,2.0,68.0
Super built-up  Area,Ready To Move,P&T Layout,2,1206.0,2.0,3.0,38.5
Super built-up  Area,Ready To Move,Basavanna Nagar,3,1645.0,3.0,2.0,95.0
Plot  Area,Ready To Move,Canara Bank Layout,4,1200.0,4.0,2.0,170.0
Plot  Area,Ready To Move,singapura paradise,4,1200.0,4.0,1.0,140.0
Super built-up  Area,Ready To Move,Kannur,3,1200.0,2.0,1.0,55.0
Super built-up  Area,18-Apr,Thirumenahalli,2,1161.0,2.0,2.0,36.69
Super built-up  Area,Ready To Move,Dollars Colony,2,1097.0,2.0,3.0,65.0
Plot  Area,Ready To Move,4th Block Koramangala,4,2400.0,4.0,0.0,550.0
Super built-up  Area,Ready To Move,Defence Colony,4,6600.0,4.0,2.0,986.0
Built-up  Area,Ready To Move,Cambridge Layout,4,1600.0,3.0,1.0,165.0
Built-up  Area,Ready To Move,Byagadadhenahalli,2,620.0,2.0,1.0,22.0
Built-up  Area,Ready To Move,Jayanagar,2,900.0,2.0,2.0,110.0
Built-up  Area,Ready To Move,Sampangi Rama Nagar,2,1200.0,2.0,1.0,125.0
Super built-up  Area,Ready To Move,Jalahalli West,2,1355.0,2.0,3.0,75.0
Super built-up  Area,Ready To Move,BEML Layout 5th stage,3,2000.0,3.0,2.0,85.0
Plot  Area,18-Mar,Hunasamaranahalli,4,7500.0,4.0,2.0,900.0
Super built-up  Area,Ready To Move,Pragathi Nagar,2,1280.0,2.0,1.0,49.75
Built-up  Area,Ready To Move,Ramesh Nagar,2,4200.0,1.0,2.0,160.0
Super built-up  Area,Ready To Move,HAL 2nd Stage,3,1490.0,2.0,2.0,300.0
Plot  Area,Ready To Move,8th block Koramangala,4,1650.0,3.0,1.0,300.0
Super built-up  Area,Ready To Move,Sathya Sai Layout,4,4104.0,4.0,3.0,360.0
Super built-up  Area,18-Apr,Silk Board,2,1215.0,2.0,2.0,49.85
Super built-up  Area,Ready To Move,Puttanahalli,2,1076.0,2.0,2.0,52.0
Plot  Area,Ready To Move,Virat Nagar,2,2080.0,2.0,1.0,150.0
Super built-up  Area,Ready To Move,Kundalahalli Colony,2,1505.0,2.0,2.0,90.0
Plot  Area,Ready To Move,Dwarka Nagar,3,1200.0,3.0,3.0,95.75
Super built-up  Area,Ready To Move,Amblipura,3,1810.0,4.0,3.0,148.0
Super built-up  Area,Ready To Move,Doddagubbi,2,1250.0,2.0,3.0,39.0
Super built-up  Area,Ready To Move,Gopalkrishna Nagar,3,1530.0,2.0,1.0,97.0
Built-up  Area,Ready To Move,Tata Nagar,3,1500.0,3.0,2.0,70.0
Plot  Area,Ready To Move,Sunkadakatte,4,2000.0,5.0,0.0,80.0
Super built-up  Area,18-Mar,Rajarajeshwari nagar,3,1410.0,2.0,2.0,45.12
Super built-up  Area,Ready To Move,Rajarajeshwarinagar,3,2000.0,3.0,2.0,85.0
Plot  Area,Ready To Move,Jinkethimmanahalli,3,1500.0,2.0,1.0,130.0
Super built-up  Area,Ready To Move,Daadys Gaarden Layout,3,1600.0,3.0,3.0,72.0
Plot  Area,Ready To Move,Vishwapriya Nagar,6,2100.0,6.0,2.0,71.0
Super built-up  Area,Ready To Move,Vimanapura,3,2500.0,3.0,3.0,75.0
Super built-up  Area,Ready To Move,Dodsworth Layout,2,1400.0,2.0,2.0,80.0
Super built-up  Area,Ready To Move,Sector 1 HSR Layout,3,1533.0,3.0,2.0,150.0
Super built-up  Area,Ready To Move,Amarjyothi Colony,2,1100.0,2.0,2.0,38.0
Plot  Area,Ready To Move,MS Pallya,8,2400.0,9.0,3.0,350.0
Super built-up  Area,Ready To Move,Jalahalli West,2,745.0,2.0,0.0,50.0
Built-up  Area,Ready To Move,Devasthanagalu,3,1460.0,3.0,2.0,70.0
Super built-up  Area,19-Jul,Yemlur,2,1355.0,2.0,1.0,95.0
Super built-up  Area,Ready To Move,Avalahalli,1,833.0,1.0,1.0,49.0
Plot  Area,Ready To Move,Cambridge Layout,5,1750.0,5.0,1.0,450.0
Plot  Area,Ready To Move,Doddanekundi,4,3250.0,5.0,1.0,850.0
Super built-up  Area,Ready To Move,Vasantapura main road,2,1037.0,2.0,1.0,36.28
Super built-up  Area,Ready To Move,Sector 6 HSR Layout,4,3000.0,5.0,2.0,270.0
Built-up  Area,Ready To Move,Basavanapura,2,1220.0,2.0,2.0,68.0
Plot  Area,Ready To Move,CQAL Layout,4,3811.0,3.0,2.0,475.0
Plot  Area,Ready To Move,Mathikere,3,1095.0,3.0,0.0,215.0
Super built-up  Area,Ready To Move,Venugopal Reddy Layout,3,1545.0,3.0,3.0,85.0
Super built-up  Area,Ready To Move,BEML Layout,3,2000.0,2.0,2.0,85.0
Built-up  Area,Ready To Move,Lake City,2,780.0,2.0,1.0,35.0
Plot  Area,Ready To Move,Lakshmipura,2,1350.0,2.0,1.0,110.0
Super built-up  Area,Ready To Move,Pragathi Nagar,2,1350.0,2.0,2.0,41.0
Super built-up  Area,Ready To Move,Vijaya Bank Layout,3,1200.0,2.0,1.0,68.0
Super built-up  Area,20-Jan,Badavala Nagar,3,1842.0,3.0,2.0,115.0
Super built-up  Area,18-Aug,Hongasandra,2,1150.0,2.0,2.0,49.0
Plot  Area,Ready To Move,Maruthi Extension,5,2000.0,4.0,2.0,180.0
Super built-up  Area,Ready To Move,S R Layout,2,1096.0,2.0,2.0,48.0
Super built-up  Area,Ready To Move,GD Layout,2,1094.0,2.0,1.0,44.0
Super built-up  Area,Ready To Move,Vittal Nagar,2,1100.0,2.0,2.0,49.0
Built-up  Area,Ready To Move,Maruthi Sevanagar,4,1280.0,4.0,1.0,115.0
Plot  Area,Ready To Move,RMV 2nd Stage,3,4470.0,3.0,2.0,700.0
Plot  Area,Ready To Move,Shirdi Sai Nagar,3,1200.0,3.0,0.0,85.0
Super built-up  Area,Ready To Move,Hagadur,2,1086.0,2.0,1.0,47.5
Super built-up  Area,Ready To Move,Wilson Garden,3,1655.0,3.0,2.0,155.0
Super built-up  Area,19-Jan,"JP Nagar 7th Phase,",2,1150.0,2.0,1.0,74.0
Built-up  Area,Ready To Move,Raghuvanahalli,3,1440.0,3.0,2.0,65.8
Plot  Area,Ready To Move,J C Nagar,3,1200.0,2.0,0.0,108.0
Super built-up  Area,Ready To Move,Sadduguntepalya,2,1200.0,2.0,2.0,75.0
Super built-up  Area,Ready To Move,Vishwapriya Layout,2,1235.0,2.0,2.0,60.0
Built-up  Area,Ready To Move,Mallathahalli,3,1225.0,3.0,3.0,60.0
Built-up  Area,Ready To Move,Doddakammanahalli,3,1550.0,2.0,1.0,60.0
Super built-up  Area,Ready To Move,HMT Layout,3,1650.0,3.0,2.0,75.0
Built-up  Area,Ready To Move,Chikkathoguru,2,1113.0,2.0,2.0,46.0
Plot  Area,Ready To Move,BEL Road,2,1500.0,2.0,0.0,203.0
Super built-up  Area,Ready To Move,Kodigehalli,2,1200.0,2.0,2.0,48.0
Plot  Area,Ready To Move,Bidrahalli,3,1800.0,2.0,0.0,72.0
Plot  Area,Ready To Move,Medi Agrahara,4,1350.0,4.0,2.0,85.0
Carpet  Area,Ready To Move,4th Block Koramangala,9,4500.0,9.0,2.0,500.0
Super built-up  Area,20-Dec,whitefiled,2,935.0,2.0,1.0,32.73
Plot  Area,Ready To Move,Subbannaiah Palya,2,600.0,3.0,2.0,85.0
Built-up  Area,Ready To Move,Vadarpalya,5,2500.0,5.0,2.0,120.0
Built-up  Area,Ready To Move,Richards Town,3,1550.0,3.0,2.0,160.0
Built-up  Area,Ready To Move,Manorayana Palya,2,1140.0,2.0,2.0,52.0
Carpet  Area,Ready To Move,BCC Layout,2,1050.0,2.0,3.0,40.0
Plot  Area,Ready To Move,Jeevan bima nagar,3,1705.0,2.0,1.0,290.0
Built-up  Area,Ready To Move,Vinayak Nagar,3,1758.0,3.0,2.0,95.0
Super built-up  Area,18-Dec,Gopalapura,4,3179.0,5.0,3.0,351.0
Super built-up  Area,Ready To Move,Kada Agrahara,3,909.0,2.0,1.0,40.0
Built-up  Area,Ready To Move,Basavanapura,2,1200.0,3.0,0.0,85.0
Plot  Area,Ready To Move,Madanayakahalli,2,1200.0,2.0,1.0,34.0
Plot  Area,Ready To Move,Mahalakshmi Puram,6,2400.0,6.0,2.0,408.0
Plot  Area,Ready To Move,Richmond Town,4,1800.0,5.0,2.0,500.0
Plot  Area,Ready To Move,Mahalakshmi Puram,2,1290.0,1.0,0.0,225.0
Super built-up  Area,19-Jun,Kodigehalli,1,655.0,1.0,1.0,53.0
Built-up  Area,Ready To Move,4th Block Koramangala,3,1800.0,3.0,3.0,140.0
Built-up  Area,Ready To Move,Jaladarsini Layout,2,1000.0,2.0,2.0,48.0
Super built-up  Area,18-May,Basavanapura,2,1095.0,2.0,2.0,38.52
Built-up  Area,19-Mar,4th T block Jayanagar,4,3900.0,4.0,2.0,333.0
Plot  Area,Ready To Move,Attur Layout,3,2400.0,4.0,2.0,200.0
Super built-up  Area,Ready To Move,Basavanna Nagar,3,1645.0,3.0,2.0,87.5
Plot  Area,Ready To Move,A Narayanapura,4,1650.0,4.0,3.0,320.0
Super built-up  Area,Ready To Move,Brooke Bond First Cross,2,1252.0,2.0,2.0,55.0
Super built-up  Area,Ready To Move,Kundalahalli Colony,3,2600.0,3.0,2.0,140.0
Super built-up  Area,Ready To Move,Tasker Town,2,950.0,2.0,1.0,60.0
Built-up  Area,19-Dec,"Hoodi Circle,",4,2107.0,4.0,3.0,95.0
Super built-up  Area,Ready To Move,Glass Factory Layout,3,1450.0,3.0,3.0,68.0
Super built-up  Area,Ready To Move,Raghavendra Nagar,3,2431.0,3.0,1.0,100.0
Plot  Area,Ready To Move,Milk Colony,4,1200.0,4.0,2.0,240.0
Super built-up  Area,Ready To Move,Coffee Board Layout,2,1155.0,2.0,3.0,56.0
Super built-up  Area,18-Aug,Shirdi Sai Layout,2,1450.0,2.0,3.0,62.63
Super built-up  Area,Ready To Move,Near ullas theater,3,1900.0,3.0,2.0,205.0
Built-up  Area,Ready To Move,Amruthnagar,2,1365.0,3.0,2.0,60.0
Super built-up  Area,Ready To Move,Chikkakannalli,3,1402.0,2.0,2.0,85.0
Built-up  Area,Ready To Move,Bhuvaneswari Nagar,3,1550.0,3.0,1.0,75.0
Super built-up  Area,Ready To Move,Yeshwanthpur Industrial Suburb,3,2100.0,3.0,2.0,240.0
Plot  Area,Ready To Move,Nandi Hills,4,5000.0,4.0,2.0,290.0
Super built-up  Area,19-Dec,Thanisandra main road,2,1804.0,2.0,1.0,285.0
Super built-up  Area,Ready To Move,Rajarajeshwari nagar,3,2000.0,3.0,2.0,85.0
Super built-up  Area,Ready To Move,Ashirvad Colony,2,1100.0,2.0,1.0,45.0
Plot  Area,Ready To Move,SMV layout,3,1200.0,3.0,0.0,140.0
Built-up  Area,Ready To Move,Peenya,2,814.0,2.0,1.0,55.0
Built-up  Area,Ready To Move,Saptagiri Layout,2,1100.0,2.0,2.0,44.0
Plot  Area,Ready To Move,Vijaya Bank Layout,5,2400.0,5.0,2.0,400.0
Super built-up  Area,Ready To Move,Doddabanahalli,2,830.0,2.0,2.0,37.0
Super built-up  Area,Ready To Move,Mathikere,3,1590.0,3.0,0.0,120.0
Built-up  Area,18-May,Vijayabank bank layout,2,1100.0,2.0,1.0,48.0
Super built-up  Area,Ready To Move,Ramanjaneyanagar,3,1230.0,2.0,2.0,53.51
Super built-up  Area,18-Oct,6th block Koramangala,3,1450.0,2.0,3.0,89.6
Super built-up  Area,Ready To Move,D Group Employees Layout,4,1200.0,4.0,1.0,230.0
Built-up  Area,Ready To Move,Tala Cauvery Layout,2,1340.0,2.0,3.0,77.0
Plot  Area,18-May,Yemlur,8,12000.0,9.0,2.0,1900.0
Built-up  Area,Ready To Move,Basavanapura,2,1135.0,2.0,2.0,32.91
Built-up  Area,Ready To Move,"Whitefield,",3,1745.0,3.0,2.0,77.0
Super built-up  Area,Ready To Move,Kempegowda Nagar,3,1665.0,3.0,2.0,105.0
Super built-up  Area,17-Dec,Bellari Road,2,1220.0,2.0,2.0,48.79
Plot  Area,Ready To Move,Vaderahalli,4,2300.0,4.0,2.0,200.0
Super built-up  Area,20-Dec,Akshayanagara East,2,1210.0,2.0,1.0,76.0
Super built-up  Area,Ready To Move,Mallathahalli,2,1100.0,2.0,1.0,46.0
Built-up  Area,18-Apr,Peenya,3,1286.0,3.0,1.0,67.0
Built-up  Area,Ready To Move,Samethanahalli,2,1141.0,2.0,2.0,40.0
Plot  Area,Ready To Move,4th Phase JP Nagar,5,2250.0,5.0,1.0,360.0
Carpet  Area,Ready To Move,K R C kothanur,2,1140.0,2.0,3.0,45.0
Super built-up  Area,Ready To Move,Nyanappana Halli,2,1065.0,2.0,1.0,58.0
Super built-up  Area,Ready To Move,Kengeri Hobli,3,1082.0,2.0,0.0,42.0
Super built-up  Area,18-May,Maithri Layout,2,1290.0,2.0,3.0,40.63
Built-up  Area,Ready To Move,"Sarjapur Road,",3,1636.0,3.0,2.0,97.0
Super built-up  Area,Ready To Move,Richards Town,4,3600.0,4.0,3.0,450.0
Super built-up  Area,Ready To Move,Badavala Nagar,3,1494.0,2.0,2.0,94.55
Built-up  Area,Ready To Move,Vignana Nagar,3,1450.0,3.0,3.0,42.0
Super built-up  Area,18-Apr,Sai Gardens,2,1120.0,2.0,2.0,40.0
Plot  Area,18-Feb,Nelamangala,3,1200.0,3.0,2.0,72.0
Plot  Area,Ready To Move,Singanayakanahalli,3,1500.0,2.0,0.0,65.0
Super built-up  Area,Ready To Move,Attur Layout,6,3000.0,8.0,2.0,90.0
Plot  Area,Ready To Move,SBM Colony,3,1350.0,2.0,2.0,280.0
Super built-up  Area,Ready To Move,Vignana Nagar,2,1100.0,2.0,2.0,47.0
Plot  Area,Ready To Move,Udaya Nagar,2,1000.0,1.0,1.0,75.0
Super built-up  Area,Ready To Move,Suraksha Nagar,3,1388.0,3.0,3.0,69.99
Super built-up  Area,Ready To Move,VGP Layout,2,1176.0,2.0,2.0,44.0
Plot  Area,Ready To Move,5th Block Hbr Layout,4,1200.0,4.0,2.0,205.0
Plot  Area,Ready To Move,Vaishnavi Layout,4,4830.0,5.0,1.0,390.0
Built-up  Area,Ready To Move,Cottonpet,2,850.0,2.0,1.0,75.0
Carpet  Area,Ready To Move,Naganathapura,2,1103.0,2.0,1.0,55.0
Built-up  Area,Ready To Move,Vimanapura,3,1600.0,3.0,1.0,64.0
Built-up  Area,Ready To Move,Seetharampalya,2,1100.0,2.0,1.0,55.0
Super built-up  Area,Ready To Move,Kundalahalli Colony,3,2065.0,3.0,2.0,130.0
Built-up  Area,Ready To Move,Defence Colony,2,1150.0,2.0,2.0,125.0
Super built-up  Area,Ready To Move,Thomas Town,2,1250.0,2.0,2.0,59.0
Built-up  Area,Ready To Move,Pragathi Nagar,2,1115.0,2.0,0.0,46.0
Built-up  Area,Ready To Move,RMV 2nd Stage,3,2550.0,4.0,2.0,290.0
Super built-up  Area,Ready To Move,Shampura,2,700.0,1.0,2.0,35.0
Built-up  Area,Ready To Move,Venkatapura,4,3080.0,2.0,1.0,285.0
Carpet  Area,Ready To Move,Venugopal Reddy Layout,2,1130.0,2.0,1.0,52.0
Super built-up  Area,Ready To Move,4th Block Koramangala,4,3400.0,6.0,2.0,420.0
Super built-up  Area,Ready To Move,Kuvempu Nagar,1,450.0,1.0,1.0,25.0
Super built-up  Area,Ready To Move,Cleveland Town,2,1100.0,2.0,1.0,85.0
Super built-up  Area,18-Aug,Indra Nagar,3,1550.0,3.0,2.0,258.0
Super built-up  Area,18-Apr,Peenya,2,966.0,2.0,1.0,49.0
Plot  Area,Ready To Move,Bagalur Main Road,5,4400.0,4.0,1.0,350.0
Built-up  Area,Ready To Move,3rd Phase JP Nagar,3,1550.0,2.0,2.0,79.0
Super built-up  Area,Ready To Move,Basapura,3,1540.0,2.0,2.0,70.0
Super built-up  Area,Ready To Move,Jayanagar,2,1036.0,2.0,2.0,110.0
Super built-up  Area,18-Aug,4th Phase JP Nagar,2,1070.0,2.0,2.0,38.9
Super built-up  Area,Ready To Move,kanakapura main road,2,1041.0,2.0,1.0,36.44
Built-up  Area,Ready To Move,Shampura,3,1400.0,3.0,1.0,70.0
Plot  Area,Ready To Move,Nagaraja Garden,4,1376.0,4.0,1.0,156.0
Carpet  Area,Ready To Move,Mathikere,3,1150.0,2.0,0.0,60.0
Super built-up  Area,Ready To Move,Reliaable Tranquil Layout,3,1508.0,3.0,1.0,75.0
Super built-up  Area,Ready To Move,Vignana Nagar,2,1110.0,2.0,2.0,58.0
Super built-up  Area,Ready To Move,Lottegolla Halli,3,1950.0,3.0,2.0,90.0
Super built-up  Area,18-May,Devanahalli Int. Airport,2,1080.0,2.0,1.0,62.0
Super built-up  Area,19-Jan,Mailasandra,2,999.0,2.0,1.0,43.66
Super built-up  Area,Ready To Move,Chelekare,2,1180.0,2.0,2.0,40.0
Plot  Area,Ready To Move,8th Block Jayanagar,2,2800.0,2.0,0.0,650.0
Super built-up  Area,Ready To Move,Atmananda Colony,2,1127.0,2.0,2.0,55.0
Built-up  Area,Ready To Move,Doopanahalli,3,1475.0,2.0,1.0,200.0
Plot  Area,Ready To Move,Baba Nagar,3,1200.0,3.0,3.0,96.25
Super built-up  Area,Ready To Move,Nagadevanahalli,3,1250.0,2.0,2.0,65.0
Super built-up  Area,Ready To Move,Byatarayanapura,4,2631.0,3.0,2.0,200.0
Built-up  Area,Ready To Move,Mahalakshmi Puram,2,830.0,2.0,1.0,60.0
Super built-up  Area,Ready To Move,Badrappa Layout,2,1500.0,2.0,2.0,88.0
Built-up  Area,18-Dec,"Off Sarjapur Road,",3,1518.0,3.0,2.0,76.0
Built-up  Area,18-Jan,Lal Bahadur Shastri Nagar,2,856.0,2.0,1.0,48.0
Super built-up  Area,Ready To Move,Naganathapura,2,1143.0,2.0,1.0,62.0
Super built-up  Area,Ready To Move,Volagerekallahalli,2,1070.0,2.0,2.0,33.15
Built-up  Area,Ready To Move,6th block Koramangala,2,1117.0,2.0,1.0,110.0
Super built-up  Area,Ready To Move,Venkatadri Layout,1,600.0,1.0,1.0,43.0
Built-up  Area,Ready To Move,HMT Layout,4,7500.0,4.0,2.0,425.0
Built-up  Area,Ready To Move,Shantiniketan Layout,2,925.0,2.0,2.0,48.0
Super built-up  Area,Ready To Move,Baba Nagar,2,1100.0,2.0,2.0,52.0
Plot  Area,Ready To Move,Kurubarahalli,3,1200.0,3.0,0.0,70.0
Super built-up  Area,Ready To Move,HAL 2nd Stage,3,2100.0,3.0,2.0,252.0
Built-up  Area,Ready To Move,Puttappa Layout,4,2675.0,4.0,2.0,290.0
Built-up  Area,Ready To Move,"Ananthanagar Phase 1,Electronic City , phase 2",2,1016.0,2.0,1.0,45.9
Super built-up  Area,Ready To Move,Ngef Layout,3,1800.0,3.0,2.0,88.0
Super built-up  Area,Ready To Move,Kattigenahalli,2,1062.0,2.0,2.0,47.0
Built-up  Area,Ready To Move,Doddakannelli,3,1477.0,2.0,2.0,80.0
Super built-up  Area,Ready To Move,Byadarahalli,4,3500.0,5.0,2.0,450.0
Super built-up  Area,Ready To Move,Doddabommasandra,9,42000.0,8.0,3.0,175.0
Plot  Area,Ready To Move,4th T block Jayanagar,4,2080.0,4.0,2.0,440.0
Super built-up  Area,Ready To Move,Kempegowda Nagar,3,1793.0,3.0,2.0,98.0
Super built-up  Area,Ready To Move,Bethel Nagar,2,960.0,2.0,1.0,33.0
Super built-up  Area,Ready To Move,Byagadadhenahalli,2,620.0,2.0,1.0,23.0
Built-up  Area,Ready To Move,Kirloskar Layout,3,1400.0,3.0,2.0,35.0
Plot  Area,18-Apr,tc.palya,2,1020.0,2.0,1.0,62.0
Super built-up  Area,Ready To Move,Dollar Scheme Colony,4,3563.0,6.0,1.0,310.0
Super built-up  Area,Ready To Move,Konanakunte Cross,2,1165.0,2.0,2.0,47.0
Super built-up  Area,Ready To Move,Omarbagh Layout,4,3300.0,5.0,3.0,318.0
Plot  Area,Ready To Move,anjananager magdi road,3,1200.0,3.0,1.0,165.0
Plot  Area,Ready To Move,Kodipalya,4,1440.0,4.0,0.0,88.0
Super built-up  Area,Ready To Move,Aishwarya Crystal Layout,3,2250.0,3.0,1.0,113.0
Super built-up  Area,18-May,Madiwala,3,1250.0,3.0,2.0,43.0
Super built-up  Area,Ready To Move,2nd Block Jayanagar,3,1718.0,3.0,3.0,223.0
Plot  Area,Ready To Move,Syndicate Bank Colony,4,1500.0,4.0,3.0,240.0
Super built-up  Area,Ready To Move,CQAL Layout,3,1200.0,2.0,2.0,75.0
Super built-up  Area,Ready To Move,Nayandanahalli,2,985.0,2.0,1.0,55.0
Super built-up  Area,Ready To Move,Vijaya Bank Layout,3,1700.0,2.0,2.0,68.5
Super built-up  Area,Ready To Move,Varanasi,5,2000.0,4.0,1.0,99.0
Super built-up  Area,Ready To Move,DUO Layout,3,1643.0,3.0,2.0,75.0
Built-up  Area,Ready To Move,Daadys Gaarden Layout,3,1740.0,3.0,2.0,55.0
Super built-up  Area,18-Mar,Srinivas Colony,3,4400.0,3.0,1.0,901.0
Plot  Area,Ready To Move,Vishveshwarya Layout,1,750.0,1.0,1.0,30.0
Built-up  Area,Ready To Move,Sampangi Rama Nagar,2,1030.0,2.0,2.0,80.0
Super built-up  Area,Ready To Move,BTM 1st Stage,3,1852.0,2.0,2.0,95.0
Built-up  Area,18-Mar,Moodalapalya,2,1150.0,2.0,2.0,69.0
Built-up  Area,Ready To Move,Nelamangala,4,2600.0,3.0,1.0,95.0
Built-up  Area,Ready To Move,Nayandanahalli,3,1350.0,2.0,3.0,68.0
Super built-up  Area,Ready To Move,Gokaula Extension,3,1500.0,2.0,1.0,90.0
Plot  Area,Ready To Move,Subash Nagar,2,900.0,2.0,0.0,55.0
Built-up  Area,Ready To Move,Vishveshwarya Layout,4,2000.0,4.0,1.0,75.0
Built-up  Area,Ready To Move,Pattanagere,2,850.0,2.0,0.0,35.0
Super built-up  Area,Ready To Move,ISRO Layout,3,1310.0,2.0,3.0,68.0
Plot  Area,18-May,RTO ullalu,2,600.0,4.0,1.0,110.0
Super built-up  Area,Ready To Move,Austin Town,2,1250.0,2.0,1.0,60.0
Super built-up  Area,19-Oct,Carmelaram,2,970.0,2.0,2.0,35.0
Built-up  Area,Ready To Move,Doddanekundi,2,1148.0,2.0,1.0,59.0
Built-up  Area,Ready To Move,Cottonpet,4,1750.0,2.0,1.0,225.0
Built-up  Area,Ready To Move,Shikaripalya,3,1350.0,3.0,1.0,60.0
Built-up  Area,Ready To Move,Hennur Bande,2,1100.0,2.0,1.0,78.0
Plot  Area,Ready To Move,"ravindra nagar, T.dasarahalli peenya",2,1180.0,2.0,2.0,74.0
Built-up  Area,Ready To Move,Rajankunte,3,4510.0,4.0,3.0,200.0
Super built-up  Area,Ready To Move,1st Block BEL Layout,3,1540.0,3.0,2.0,85.0
Super built-up  Area,19-Dec,Kodathi,3,1033.0,2.0,2.0,31.5
Super built-up  Area,Ready To Move,Richards Town,3,1800.0,3.0,0.0,230.0
Super built-up  Area,Ready To Move,Anantapura,2,1200.0,2.0,2.0,37.0
Super built-up  Area,Ready To Move,Hosahalli Extension,3,2000.0,3.0,2.0,120.0
Built-up  Area,18-Jul,Bennigana Halli,3,2000.0,3.0,1.0,145.0
Super built-up  Area,Ready To Move,Makali,1,500.0,1.0,1.0,15.0
Super built-up  Area,Ready To Move,Seethappa Layout,2,850.0,2.0,1.0,42.0
Built-up  Area,18-Dec,Huskur,2,1165.0,2.0,1.0,33.64
Built-up  Area,Ready To Move,Shampura,3,1475.0,3.0,3.0,78.0
Plot  Area,Ready To Move,Singapura Village,4,2230.0,4.0,1.0,130.0
Plot  Area,Ready To Move,Jnanabharathi Layout,4,2200.0,5.0,1.0,100.0
Super built-up  Area,Ready To Move,Akshayanagara East,3,1519.0,3.0,2.0,67.23
Super built-up  Area,20-Jul,Langford Gardens,3,2777.29,5.0,2.0,650.0
Built-up  Area,18-Dec,"Bellandur,",4,3160.0,4.0,3.0,206.0
Plot  Area,18-Apr,2nd Block Jayanagar,4,4920.0,5.0,2.0,1150.0
Plot  Area,Ready To Move,Ejipura,2,922.0,2.0,1.0,70.0
Built-up  Area,Ready To Move,Victoria Layout,2,850.0,2.0,1.0,72.0
Plot  Area,Ready To Move,Attur Layout,2,1200.0,1.0,0.0,65.0
Super built-up  Area,Ready To Move,Shikaripalya,3,1442.0,3.0,2.0,56.24
Super built-up  Area,Ready To Move,Richmond Town,2,1233.0,2.0,3.0,100.0
Super built-up  Area,Ready To Move,5th Block Hbr Layout,2,1312.0,2.0,3.0,69.0
Super built-up  Area,Ready To Move,Marasandra,3,1840.0,3.0,3.0,85.0
Built-up  Area,Ready To Move,Bhuvaneshwari Nagar,2,1100.0,2.0,2.0,57.0
Super built-up  Area,Ready To Move,AGS Layout,2,1040.0,2.0,1.0,46.79
Plot  Area,Ready To Move,Kalkere Channasandra,2,1200.0,2.0,0.0,53.0
Built-up  Area,Ready To Move,Ashirvad Colony,4,2050.0,3.0,1.0,100.0
Super built-up  Area,Ready To Move,Doddabanahalli,2,800.0,2.0,2.0,30.0
Super built-up  Area,Ready To Move,Shakthi Nagar,2,1125.0,2.0,2.0,36.0
Plot  Area,Ready To Move,AGS Layout,3,1936.0,3.0,0.0,110.0
Super built-up  Area,Ready To Move,Coffee Board Layout,3,1652.5,3.0,2.0,90.0
Super built-up  Area,Ready To Move,Vishwanatha Nagenahalli,3,2159.0,3.0,2.0,110.0
Plot  Area,Ready To Move,south,3,2400.0,2.0,0.0,480.0
Plot  Area,Ready To Move,Rainbow Drive,3,1500.0,3.0,2.0,138.0
Super built-up  Area,Ready To Move,Kamala Nagar,2,700.0,2.0,0.0,43.0
Built-up  Area,Ready To Move,3rd Block Koramangala,3,1750.0,3.0,3.0,170.0
Plot  Area,Ready To Move,Kanaka Nagar,3,1365.0,3.0,0.0,99.0
Built-up  Area,Ready To Move,Mathikere,6,1800.0,3.0,2.0,105.0
Plot  Area,Ready To Move,Basaveshwara Nagar Yelahanka,3,900.0,4.0,2.0,180.0
Super built-up  Area,Ready To Move,Peenya,2,708.0,1.0,1.0,55.0
Built-up  Area,Ready To Move,Wilson Garden,3,1680.0,3.0,3.0,135.0
Super built-up  Area,Ready To Move,Jakkasandra Extension,2,990.0,2.0,2.0,58.0
Built-up  Area,Ready To Move,Seshadripuram,2,1240.0,2.0,1.0,100.0
Built-up  Area,Ready To Move,Ganesha Block,3,1810.0,3.0,3.0,118.0
Super built-up  Area,19-Dec,4th Block Jayanagar,3,2005.0,3.0,2.0,240.0
Super built-up  Area,Ready To Move,Shikaripalya,2,1265.0,2.0,1.0,58.0
Built-up  Area,Ready To Move,Friends Colony,2,1035.0,2.0,2.0,44.0
Built-up  Area,Ready To Move,2nd Block Jayanagar,2,1000.0,2.0,1.0,97.0
Plot  Area,Ready To Move,Malur Hosur Road,6,2800.0,4.0,3.0,100.0
Plot  Area,Ready To Move,Lakshmipura Vidyaanyapura,8,3500.0,6.0,2.0,120.0
Built-up  Area,Ready To Move,Nagaraja Garden,3,1430.0,3.0,1.0,78.65
Plot  Area,Ready To Move,Nagawara Junction,2,600.0,2.0,0.0,30.0
Built-up  Area,Ready To Move,Hegganahalli,1,1200.0,2.0,1.0,45.0
Built-up  Area,18-Aug,Rajanna Layout,2,1116.0,2.0,1.0,37.6
Built-up  Area,Ready To Move,Devasthanagalu,2,1090.0,2.0,2.0,45.0
Plot  Area,Ready To Move,Hallehalli,4,1260.0,4.0,2.0,65.0
Super built-up  Area,Ready To Move,Jayamahal Extension,4,2250.0,4.0,1.0,400.0
Plot  Area,Ready To Move,2nd Stage Nagarbhavi,4,1200.0,4.0,1.0,225.0
Plot  Area,Ready To Move,Wilson Garden,6,4000.0,6.0,3.0,850.0
Super built-up  Area,Ready To Move,Green View Layout,2,1000.0,2.0,1.0,36.0
Super built-up  Area,18-Apr,Marenahalli,1,840.0,1.0,0.0,75.0
Super built-up  Area,Ready To Move,Shettigere,3,1760.0,2.0,1.0,116.0
Super built-up  Area,Ready To Move,Badavala Nagar,2,1145.0,2.0,2.0,57.0
Built-up  Area,Ready To Move,Rahat Bagh,4,3900.0,5.0,1.0,550.0
Super built-up  Area,Ready To Move,Omarbagh Layout,4,3317.5,5.0,0.0,268.5
Plot  Area,Ready To Move,Chikkasandra,2,600.0,1.0,1.0,52.0
Super built-up  Area,Ready To Move,Devarabeesana Halli,3,1670.0,3.0,2.0,160.0
Super built-up  Area,Ready To Move,Akshayanagara West,2,1410.0,2.0,2.0,75.0
Built-up  Area,18-Feb,Escorts Colony,5,2400.0,5.0,2.0,93.0
Super built-up  Area,18-Dec,Srinivasa Nagar,3,1200.0,2.0,2.0,75.6
Plot  Area,Ready To Move,3rd Block Hrbr Layout,4,1200.0,3.0,1.0,210.0
Plot  Area,18-May,"asha township, off hennur road",5,2400.0,5.0,3.0,285.0
Plot  Area,Ready To Move,1A Block Koramangala,4,2360.0,4.0,1.0,650.0
Super built-up  Area,Ready To Move,Near International Airport,4,2100.0,4.0,2.0,150.0
Plot  Area,Ready To Move,Sector 1 HSR Layout,2,600.0,2.0,1.0,120.0
Super built-up  Area,Ready To Move,NTI Layout,2,1200.0,2.0,2.0,52.5
Super built-up  Area,18-May,Vasanth nagar,4,2328.0,4.0,1.0,528.0
Built-up  Area,Ready To Move,Glass Factory Layout,3,1539.0,3.0,2.0,60.0
Super built-up  Area,Ready To Move,Dasappa Layout,2,920.0,2.0,1.0,46.0
Built-up  Area,Ready To Move,4th T block Jayanagar,4,1550.0,4.0,1.0,120.0
Super built-up  Area,20-Jun,Sonam Layout,2,905.0,2.0,1.0,50.0
Super built-up  Area,Ready To Move,CR Layout,3,1495.0,3.0,2.0,200.0
Super built-up  Area,Ready To Move,Vishveshwarya Layout,6,2100.0,6.0,0.0,92.0
Super built-up  Area,Ready To Move,BTM 4th Stage,3,1455.0,2.0,2.0,55.0
Super built-up  Area,Ready To Move,Jalahalli West,1,550.0,1.0,1.0,23.0
Plot  Area,Ready To Move,Vishveshwarya Layout,4,7000.0,4.0,2.0,210.0
Super built-up  Area,Ready To Move,Srinivasa Nagar,5,4000.0,3.0,0.0,130.0
Super built-up  Area,18-May,Gollahalli,2,1060.0,2.0,1.0,53.0
Super built-up  Area,Ready To Move,AGS Layout,3,1080.0,2.0,2.0,75.0
Super built-up  Area,Ready To Move,Gollahalli,3,1570.0,3.0,2.0,78.0
Super built-up  Area,Ready To Move,Arekempanahalli,3,1537.0,3.0,2.0,110.0
Super built-up  Area,Ready To Move,Devarabeesana Halli,3,1750.0,3.0,2.0,150.0
Built-up  Area,Ready To Move,Chamundi Nagar,7,2800.0,7.0,1.0,250.0
Super built-up  Area,Ready To Move,Silk Board,2,1020.0,2.0,3.0,48.0
Super built-up  Area,Ready To Move,MRCR Layout,2,1191.0,2.0,1.0,90.0
Super built-up  Area,18-Apr,Kacharakanahalli,2,865.0,2.0,1.0,35.11
Built-up  Area,Ready To Move,Shettihalli,4,2100.0,4.0,1.0,90.0
Plot  Area,Ready To Move,Marsur,3,1200.0,3.0,1.0,150.0
Super built-up  Area,Ready To Move,OLd Gurappanapalya,4,2849.0,5.0,2.0,250.0
Built-up  Area,Ready To Move,Doctors Layout,2,1000.0,2.0,2.0,42.0
Super built-up  Area,18-Aug,Udaya Nagar,2,1225.0,2.0,2.0,47.0
Plot  Area,Ready To Move,New Thippasandra,6,2400.0,6.0,3.0,400.0
Super built-up  Area,Ready To Move,Maithri Layout,3,1685.0,3.0,2.0,60.0
Super built-up  Area,Ready To Move,Kachanayakanahalli,2,827.0,2.0,1.0,45.0
Super built-up  Area,Ready To Move,Vishwanatha Nagenahalli,2,1050.0,2.0,1.0,50.0
Super built-up  Area,18-Jan,Vasanth nagar,4,4750.0,6.0,1.0,1102.0
Plot  Area,Ready To Move,2nd Block Hrbr Layout,3,4273.0,3.0,2.0,1100.0
Super built-up  Area,Ready To Move,B Narayanapura,2,1060.0,2.0,1.0,49.27
Super built-up  Area,Ready To Move,Sai Gardens,2,1261.0,2.0,2.0,61.0
Super built-up  Area,Ready To Move,Manayata Tech Park,2,1100.0,2.0,2.0,46.0
Plot  Area,Ready To Move,Ullal Road,4,3400.0,4.0,2.0,190.0
Super built-up  Area,Ready To Move,Doddakammanahalli,2,1180.0,2.0,2.0,56.0
Super built-up  Area,Ready To Move,Jakkasandra Extension,2,1205.0,2.0,1.0,70.0
Super built-up  Area,Ready To Move,BEML Layout,2,1194.0,2.0,1.0,65.0
Super built-up  Area,18-Apr,Jagajyothi layout,2,1250.0,2.0,3.0,58.0
Super built-up  Area,Ready To Move,Nobo Nagar,3,1424.0,2.0,3.0,55.0
Super built-up  Area,Ready To Move,Krishna Reddy Layout,3,1250.0,3.0,1.0,55.0
Plot  Area,18-Mar,Kuvempu Layout,3,2200.0,4.0,2.0,160.0
Built-up  Area,Ready To Move,Srirampura,2,1230.0,2.0,3.0,55.0
Super built-up  Area,Ready To Move,Maithri Layout,3,1540.0,3.0,3.0,76.0
Super built-up  Area,Ready To Move,Kaveri Nagar,3,1900.0,3.0,3.0,155.0
Plot  Area,Ready To Move,T G extension,2,1200.0,1.0,2.0,95.0
Plot  Area,18-Mar,2nd Block Koramangala,7,5400.0,5.0,2.0,972.0
Super built-up  Area,Ready To Move,JCR Layout,2,1060.0,2.0,2.0,37.0
Super built-up  Area,Ready To Move,Devi Nagar,2,1100.0,2.0,1.0,61.0
Plot  Area,Ready To Move,GKW Layout,4,1350.0,4.0,2.0,225.0
Super built-up  Area,18-May,8th Block Jayanagar,2,1100.0,2.0,2.0,110.0
Built-up  Area,Ready To Move,OLd Gurappanapalya,3,1942.0,3.0,1.0,155.0
Plot  Area,Ready To Move,AMS Layout,3,1200.0,4.0,2.0,80.0
Super built-up  Area,Ready To Move,rr nagar,2,1400.0,2.0,2.0,60.0
Built-up  Area,Ready To Move,"Varthur Road,",2,1330.0,2.0,1.0,64.0
Super built-up  Area,Ready To Move,VGP Layout,3,1515.0,3.0,3.0,90.0
Super built-up  Area,Ready To Move,KUDLU MAIN ROAD,3,1464.0,3.0,3.0,56.0
Super built-up  Area,Ready To Move,Green Woods Layout,2,1206.0,2.0,1.0,53.0
Plot  Area,Ready To Move,Roopena Agrahara,4,1200.0,4.0,1.0,95.0
Built-up  Area,Ready To Move,Stage-4 Bommanahalli,2,1250.0,2.0,1.0,58.0
Super built-up  Area,18-Aug,Venkateshpuram,2,625.0,2.0,1.0,24.0
Built-up  Area,21-Dec,"Judicial Layout, Kanakapura Road,",3,1300.0,3.0,2.0,64.0
Built-up  Area,Ready To Move,Kurubarahalli,1,1200.0,1.0,0.0,69.0
Super built-up  Area,18-May,Vishwapriya Layout,3,1250.0,3.0,2.0,38.0
Super built-up  Area,Ready To Move,Dodsworth Layout,3,1717.0,3.0,3.0,99.0
Built-up  Area,Ready To Move,Mullur,3,2099.0,3.0,2.0,95.0
Plot  Area,Ready To Move,Hegganahalli,1,1200.0,1.0,0.0,48.0
Plot  Area,Ready To Move,Prashanth Nagar,5,4050.0,4.0,1.0,600.0
Built-up  Area,Ready To Move,Nagaraja Garden,3,1430.0,2.0,1.0,78.65
Super built-up  Area,Ready To Move,VGP Layout,3,2108.0,3.0,3.0,85.0
Super built-up  Area,Ready To Move,Ejipura,2,1190.0,2.0,1.0,70.0
Built-up  Area,21-Dec,"Judicial Layout, Kanakapura Road,",2,900.0,2.0,1.0,41.0
Super built-up  Area,19-Dec,J.P.nagar 6th Phase.Sarakki Nagar,4,2690.0,4.0,2.0,185.0
Built-up  Area,Ready To Move,1st Block BEL Layout,4,1800.0,5.0,1.0,250.0
Super built-up  Area,19-Dec,Dodsworth Layout,3,1594.0,3.0,2.0,99.0
Super built-up  Area,Ready To Move,Kaverappa Layout,2,1250.0,2.0,1.0,68.0
Plot  Area,Ready To Move,Kothnur Narayanapura,2,1290.0,1.0,0.0,77.5
Built-up  Area,Ready To Move,Amruthnagar,2,1150.0,2.0,1.0,48.0
Super built-up  Area,Ready To Move,Ambedkar Colony,2,1464.0,2.0,1.0,145.0
Plot  Area,Ready To Move,Lakshmipura,2,1200.0,2.0,0.0,75.0
Built-up  Area,Ready To Move,Hongasandra,2,1065.0,2.0,1.0,45.0
Plot  Area,Ready To Move,BEL Road,5,4000.0,4.0,2.0,1000.0
Super built-up  Area,Ready To Move,Doddabele,2,750.0,2.0,1.0,36.0
Built-up  Area,Ready To Move,Race Course Road,4,2500.0,4.0,1.0,450.0
Super built-up  Area,Ready To Move,Srirampuram,3,1485.0,2.0,1.0,156.0
Super built-up  Area,Ready To Move,Ejipura,3,2070.0,3.0,3.0,135.0
Built-up  Area,Ready To Move,Manorayana Palya,3,1600.0,2.0,2.0,75.0
Super built-up  Area,Ready To Move,Abbaiah Reddy Layout,2,1100.0,2.0,1.0,38.49
Super built-up  Area,Ready To Move,Lingarajapuram,2,800.0,2.0,1.0,55.0
Built-up  Area,Ready To Move,Vasantha Vallabha Nagar,2,900.0,1.0,1.0,44.0
Super built-up  Area,Ready To Move,Ganga Nagar,3,1480.0,2.0,2.0,125.0
Plot  Area,Ready To Move,Sadahalli,3,3800.0,2.0,2.0,130.0
Super built-up  Area,Ready To Move,Mathikere,2,1500.0,2.0,2.0,130.0
Super built-up  Area,Ready To Move,Anand nagar,3,2010.0,3.0,3.0,125.0
Super built-up  Area,Ready To Move,Sathya Layout,3,1504.0,2.0,2.0,100.0
Super built-up  Area,Ready To Move,Thyagaraja Nagar,5,2000.0,4.0,2.0,145.0
Super built-up  Area,Ready To Move,Shree Ananth Nagar Layout,2,2040.0,2.0,2.0,59.0
Super built-up  Area,18-May,Shanti Nagar,3,1602.0,2.0,1.0,165.0
Plot  Area,Ready To Move,2nd Stage Arekere Mico Layout,4,1200.0,4.0,1.0,130.0
Built-up  Area,Ready To Move,Jayamahal,3,1800.0,3.0,1.0,220.0
Plot  Area,Ready To Move,Veer Sandra,3,1500.0,3.0,0.0,72.0
Built-up  Area,Ready To Move,Chennappa Layout,3,1280.0,2.0,1.0,48.0
Super built-up  Area,Ready To Move,Bhuvaneshwari Nagar,2,900.0,2.0,1.0,45.0
Super built-up  Area,Ready To Move,Raja Rajeshwari Nagar 5th Stage,2,1095.0,2.0,1.0,38.33
Super built-up  Area,18-Oct,Chennammana Kere,2,1145.0,2.0,2.0,58.4
Super built-up  Area,Ready To Move,RMV Extension Stage 2,3,1862.0,3.0,3.0,120.0
Built-up  Area,Ready To Move,Sadanand Nagar,3,2700.0,3.0,3.0,200.0
Built-up  Area,18-Dec,"Whietfield,",3,1677.0,3.0,2.0,98.0
Built-up  Area,Ready To Move,Hosapalya,8,2500.0,8.0,3.0,95.0
Built-up  Area,Ready To Move,Hennur Gardens,3,1490.0,2.0,1.0,115.0
Super built-up  Area,Ready To Move,Tejaswini Nagar,3,1550.0,3.0,1.0,59.0
Super built-up  Area,Ready To Move,Jeevan bima nagar,3,1740.0,3.0,3.0,120.0
Super built-up  Area,Ready To Move,B Narayanapura,2,1020.0,2.0,2.0,60.0
Super built-up  Area,Ready To Move,Basava Nagar,1,550.0,1.0,1.0,16.0
Super built-up  Area,Ready To Move,Volagerekallahalli,2,1492.0,2.0,2.0,65.0
Super built-up  Area,Ready To Move,Lavakusha Nagar,3,1431.0,3.0,2.0,65.0
Plot  Area,18-May,Outer Ring Road East,3,3664.0,3.0,2.0,325.0
Plot  Area,Ready To Move,Singanayakanahalli,2,690.0,2.0,0.0,42.0
Plot  Area,Ready To Move,Mahalakshmi Puram,4,1500.0,5.0,3.0,233.0
Super built-up  Area,Ready To Move,Vittal Mallya Road,2,1030.0,2.0,2.0,300.0
Super built-up  Area,Ready To Move,Brindavan Nagar,3,1520.0,3.0,2.0,111.0
Built-up  Area,Ready To Move,Dena Bank Colony,3,1391.0,2.0,3.0,64.5
Plot  Area,Ready To Move,Kadabagere,4,1200.0,4.0,2.0,86.0
Plot  Area,Ready To Move,1st Block HBR Layout,5,2500.0,6.0,3.0,500.0
Super built-up  Area,Ready To Move,Seetharampalya,2,1250.0,2.0,2.0,90.0
Super built-up  Area,Ready To Move,High grounds,3,1900.0,2.0,2.0,190.0
Built-up  Area,Ready To Move,Doddabidrakallu,2,900.0,2.0,1.0,33.0
Super built-up  Area,18-May,Shanti Nagar,3,1602.0,2.0,1.0,170.0
Super built-up  Area,Ready To Move,Jnana Ganga Nagar,2,1230.0,2.0,2.0,70.0
Super built-up  Area,Ready To Move,Ejipura,3,1600.0,3.0,3.0,95.0
Built-up  Area,Ready To Move,Lingarajapuram,1,450.0,1.0,2.0,60.0
Super built-up  Area,Ready To Move,Austin Town,1,600.0,2.0,0.0,23.0
Built-up  Area,Ready To Move,Dollar Scheme Colony,4,3463.0,6.0,0.0,310.0
Plot  Area,Ready To Move,Jinkethimmanahalli,2,1200.0,2.0,0.0,85.0
Super built-up  Area,18-Jun,Kothnoor Dinne,2,1200.0,2.0,2.0,35.0
Built-up  Area,Ready To Move,Devi Nagar,2,1200.0,2.0,2.0,45.0
Super built-up  Area,Ready To Move,New Gurappana Palya,3,2000.0,4.0,2.0,130.0
Plot  Area,Ready To Move,Guddadahalli,4,1350.0,4.0,2.0,140.0
Super built-up  Area,Ready To Move,Vasanthpura,3,995.0,2.0,2.0,34.82
Plot  Area,Ready To Move,Kasthuri Nagar East Of NGEF,6,2400.0,7.0,2.0,460.0
Super built-up  Area,Ready To Move,VGP Layout,2,1000.0,2.0,1.0,44.0
Super built-up  Area,18-Jul,"TR Mill Road, Chamarajpet",2,1175.0,2.0,2.0,79.0
Built-up  Area,Ready To Move,Ittamadu,2,1200.0,2.0,0.0,43.0
Super built-up  Area,Ready To Move,Ganga Nagar,2,1112.0,2.0,3.0,68.0
Super built-up  Area,Ready To Move,Medahalli,2,990.0,2.0,3.0,35.0
Built-up  Area,Ready To Move,Green View Layout,2,1107.0,2.0,2.0,40.0
Built-up  Area,Ready To Move,Maruthi Nagar,2,1158.0,2.0,3.0,75.0
Plot  Area,Ready To Move,Nandi Hills,4,3200.0,4.0,2.0,200.0
Plot  Area,17-Dec,HAL 2nd Stage,2,600.0,3.0,2.0,145.0
Built-up  Area,18-Dec,Huskur,2,1125.0,2.0,1.0,32.49
Super built-up  Area,Ready To Move,Ramesh Nagar,2,1200.0,2.0,0.0,90.0
Super built-up  Area,Ready To Move,BEML Layout,2,1200.0,2.0,2.0,67.0
Super built-up  Area,Ready To Move,Chokkanahalli,2,1266.67,2.0,0.0,69.0
Super built-up  Area,Ready To Move,Kariyammana Agrahara,3,1800.0,3.0,2.0,90.0
Super built-up  Area,22-Dec,2nd Phase Judicial Layout,3,1300.0,3.0,2.0,64.0
Plot  Area,Ready To Move,NS Palya,2,2000.0,2.0,1.0,160.0
Super built-up  Area,Ready To Move,Kundalahalli Colony,3,1800.0,3.0,3.0,95.0
Super built-up  Area,Ready To Move,Ganga Nagar,3,1410.0,3.0,2.0,65.0
Plot  Area,Ready To Move,Jakkasandra Extension,4,2679.0,5.0,2.0,280.0
Plot  Area,18-Mar,T.C PALYA,2,1230.0,2.0,0.0,75.0
Built-up  Area,Ready To Move,Chennappa Layout,2,1080.0,2.0,2.0,44.8
Carpet  Area,Ready To Move,Doddabommasandra,8,3150.0,5.0,2.0,145.0
Plot  Area,Ready To Move,Nagadevanahalli,2,2400.0,2.0,2.0,135.0
Plot  Area,Ready To Move,tc.palya,2,880.0,2.0,1.0,48.0
Super built-up  Area,Ready To Move,Subash Nagar,2,1150.0,2.0,2.0,45.0
Super built-up  Area,Ready To Move,Stage-4 Bommanahalli,2,1194.0,2.0,0.0,55.0
Built-up  Area,Ready To Move,Chokkahalli,3,2000.0,3.0,1.0,90.0
Built-up  Area,Ready To Move,Bellari Road,2,1025.0,2.0,0.0,42.5
Super built-up  Area,Ready To Move,Ashirvad Colony,2,1022.0,2.0,2.0,57.0
Plot  Area,Ready To Move,Akshya Nagar,2,1200.0,2.0,1.0,76.0
Super built-up  Area,Ready To Move,Telecom Layout,2,1200.0,1.0,1.0,54.0
Super built-up  Area,Ready To Move,Vikram Nagar,2,950.0,2.0,2.0,38.0
Super built-up  Area,Ready To Move,Amblipura,3,1605.0,3.0,2.0,100.0
Built-up  Area,Ready To Move,Doddakammanahalli,3,1542.0,3.0,2.0,98.0
Built-up  Area,Ready To Move,Sarvabhouma Nagar,2,1012.0,2.0,0.0,42.0
Super built-up  Area,Ready To Move,Shampura,3,1700.0,3.0,3.0,75.0
Built-up  Area,Ready To Move,MS Pallya,5,3600.0,5.0,0.0,110.0
Super built-up  Area,Ready To Move,ITI Layout,2,1333.0,2.0,2.0,77.27
Built-up  Area,Ready To Move,Herohalli,3,1100.0,3.0,1.0,110.0
Built-up  Area,Ready To Move,Doopanahalli,2,1050.0,2.0,1.0,70.0
Built-up  Area,18-Dec,Huskur,2,1140.0,2.0,1.0,32.92
Plot  Area,Ready To Move,Nagasandra,4,1310.0,3.0,3.0,95.0
Super built-up  Area,Ready To Move,Devi Nagar,3,2000.0,3.0,2.0,105.0
Super built-up  Area,Ready To Move,Virupakshapura,2,1075.0,2.0,1.0,55.0
Plot  Area,Ready To Move,Muthyala Nagar,4,1200.0,4.0,2.0,165.0
Built-up  Area,Ready To Move,Richmond Town,3,1100.0,2.0,1.0,145.0
Built-up  Area,Ready To Move,Samethanahalli,2,1069.0,2.0,1.0,55.0
Plot  Area,Ready To Move,Kyalasanahalli,3,1200.0,3.0,2.0,99.0
Built-up  Area,Ready To Move,Coconut Grove Layout,2,1007.0,2.0,2.0,43.0
Super built-up  Area,Ready To Move,Amrita Nagar,6,4250.0,6.0,3.0,150.0
Super built-up  Area,Ready To Move,Austin Town,2,1000.0,2.0,1.0,60.0
Built-up  Area,Ready To Move,Venkatapura,3,5720.0,3.0,0.0,350.0
Super built-up  Area,Ready To Move,Kadabagere,2,675.0,1.0,1.0,15.0
Super built-up  Area,Ready To Move,Kodbisanhalli,2,1012.0,2.0,1.0,59.0
Built-up  Area,Ready To Move,Kumara Park,2,1150.0,2.0,0.0,250.0
Built-up  Area,Ready To Move,Anand Nagar,2,1800.0,2.0,0.0,300.0
Super built-up  Area,Ready To Move,Akshaya Vana,3,1280.0,2.0,2.0,49.0
Built-up  Area,Ready To Move,Peenya,4,1200.0,4.0,1.0,140.0
Super built-up  Area,Ready To Move,2nd Phase Judicial Layout,3,1350.0,2.0,2.0,47.25
Plot  Area,Ready To Move,Gowdanapalya,2,600.0,2.0,2.0,39.0
Super built-up  Area,Ready To Move,Nagadevanahalli,3,1240.0,2.0,2.0,65.0
Built-up  Area,Ready To Move,Ashwathnagar,2,1100.0,2.0,2.0,55.0
Super built-up  Area,20-Nov,RR Layout,3,1700.0,3.0,2.0,111.0
Super built-up  Area,Ready To Move,Vinayaka Nagar,2,1340.0,2.0,1.0,65.0
Super built-up  Area,Ready To Move,Gollahalli,2,1600.0,2.0,1.0,31.0
Built-up  Area,Ready To Move,Billapura,3,1780.0,3.0,0.0,110.0
Built-up  Area,Ready To Move,Srirampuram,1,650.0,1.0,3.0,500.0
Plot  Area,Ready To Move,MS Pallya,5,1800.0,4.0,1.0,68.0
Plot  Area,Ready To Move,Srinagar,3,1080.0,3.0,2.0,149.0
Built-up  Area,Ready To Move,KHB Colony Extension,3,900.0,2.0,0.0,65.0
Super built-up  Area,Ready To Move,Devasthanagalu,2,946.0,2.0,2.0,45.0
Plot  Area,Ready To Move,Attur Layout,4,1200.0,3.0,2.0,160.0
Super built-up  Area,Ready To Move,Kaverappa Layout,3,1540.0,3.0,3.0,85.0
Plot  Area,Ready To Move,2nd Phase JP Nagar,3,1200.0,3.0,1.0,190.0
Super built-up  Area,Ready To Move,Dollars Layout,3,2456.0,3.0,3.0,220.0
Super built-up  Area,17-Oct,Divya Unnathi Layout,3,1610.0,2.0,2.0,64.4
Plot  Area,Ready To Move,Anjana Nagar,2,1530.0,2.0,1.0,185.0
Plot  Area,Ready To Move,Subramanya Nagar,1,840.0,1.0,1.0,150.0
Super built-up  Area,Ready To Move,Janatha Colony,3,1439.0,3.0,1.0,57.23
Super built-up  Area,Ready To Move,Silk Board,3,1435.0,2.0,1.0,60.0
Super built-up  Area,Ready To Move,Jakkur Plantation,3,1717.0,3.0,3.0,120.0
Super built-up  Area,Ready To Move,Doddakammanahalli,3,1409.0,2.0,3.0,62.0
Super built-up  Area,Ready To Move,Veersandra,2,1250.0,2.0,1.0,50.0
Built-up  Area,Ready To Move,Munivenkatppa Layout,2,1475.0,2.0,2.0,171.0
Plot  Area,Ready To Move,Lakshmipura,2,1225.0,2.0,0.0,65.0
Built-up  Area,Ready To Move,Harsha Layout,1,650.0,1.0,0.0,16.0
Super built-up  Area,Ready To Move,Tata Nagar,3,1750.0,3.0,3.0,75.0
Super built-up  Area,Ready To Move,Sathya Layout,3,1504.0,2.0,2.0,102.0
Super built-up  Area,Ready To Move,New Thippasandra,2,1116.0,2.0,1.0,49.8
Super built-up  Area,Ready To Move,Chennammana Kere,4,1800.0,4.0,1.0,145.0
Plot  Area,Ready To Move,BEML Layout,3,1200.0,5.0,2.0,325.0
Super built-up  Area,Ready To Move,Shanti Nagar,4,3000.0,4.0,2.0,240.0
Super built-up  Area,Ready To Move,Tigalarpalya,2,1150.0,2.0,1.0,60.0
Carpet  Area,Ready To Move,2nd Block Bel Layout,3,1625.0,3.0,3.0,92.0
Super built-up  Area,Ready To Move,sarjapura main road,4,2400.0,4.0,3.0,250.0
Super built-up  Area,Ready To Move,Kumbena Agrahara,2,1180.0,2.0,2.0,50.0
Super built-up  Area,Ready To Move,Coconut Grove Layout,2,1272.0,2.0,2.0,51.5
Super built-up  Area,Ready To Move,Hiremath Layout,3,1490.0,2.0,1.0,92.0
Plot  Area,17-Aug,Anekal - Hosur Road,4,2400.0,5.0,2.0,140.0
Super built-up  Area,17-Jun,Nallurhalli,2,1044.0,2.0,1.0,60.0
Super built-up  Area,Ready To Move,Akshayanagara East,3,1595.0,3.0,2.0,70.39
Super built-up  Area,Ready To Move,Ashwath Nagar,3,1640.0,3.0,3.0,84.0
Super built-up  Area,Ready To Move,MCECHS  layout,2,1200.0,2.0,2.0,54.0
Super built-up  Area,Ready To Move,4th Block Jayanagar,3,1567.2,2.0,0.0,190.0
Built-up  Area,Ready To Move,Jyothi Nagar,2,959.0,2.0,1.0,42.5
Super built-up  Area,Ready To Move,Akshaya Vana,2,1141.0,2.0,1.0,55.0
Super built-up  Area,Ready To Move,Rajiv Gandhi Nagar,2,1293.0,2.0,2.0,75.0
Super built-up  Area,Ready To Move,Silver Springs Layout,3,1885.0,3.0,3.0,90.0
Super built-up  Area,Ready To Move,Vasanthapura,2,1050.0,2.0,2.0,47.0
Super built-up  Area,Ready To Move,Canara Bank Colony,3,1374.0,2.0,2.0,88.0
Super built-up  Area,Ready To Move,Crimson Layout,2,1250.0,2.0,2.0,60.0
Super built-up  Area,18-May,Virat Nagar,2,1110.0,2.0,2.0,52.0
Plot  Area,18-Apr,Yemlur,4,11000.0,5.0,3.0,2000.0
Built-up  Area,18-Mar,Ramamurthy Nagar Extension,3,1350.0,3.0,2.0,48.6
Plot  Area,Ready To Move,"2nd phase jp nagar, jp nagar",3,1200.0,3.0,1.0,205.0
Built-up  Area,18-May,Mathikere Extension,4,2000.0,2.0,1.0,160.0
Super built-up  Area,Ready To Move,Ashwini layout,1,834.0,1.0,1.0,62.0
Plot  Area,Ready To Move,Moodalapalya,1,600.0,1.0,0.0,52.0
Plot  Area,Ready To Move,BEML Layout 5th Stage,4,1200.0,5.0,2.0,325.0
Super built-up  Area,Ready To Move,Cholanayakanahalli,4,2000.0,4.0,1.0,135.0
Super built-up  Area,Ready To Move,Jakkur Plantation,3,2750.0,3.0,2.0,260.0
Plot  Area,Ready To Move,4th T block Jayanagar,4,2400.0,4.0,2.0,480.0
Built-up  Area,Ready To Move,Canara Bank Colony,2,900.0,2.0,3.0,35.0
Super built-up  Area,18-Apr,Kamdhenu Nagar,2,1000.0,2.0,1.0,46.0
Super built-up  Area,Ready To Move,Vinayaka Nagar,2,1200.0,2.0,2.0,52.0
Plot  Area,Ready To Move,HAL 2nd Stage,3,2700.0,3.0,0.0,500.0
Super built-up  Area,Ready To Move,Brindavan Nagar,2,1280.0,2.0,2.0,90.0
Built-up  Area,Ready To Move,Reliaable Tranquil Layout,2,1190.0,2.0,1.0,55.0
Super built-up  Area,Ready To Move,RMV,3,2075.0,3.0,1.0,175.0
Super built-up  Area,Ready To Move,Pattanagere,3,1900.0,3.0,0.0,65.0
Plot  Area,Ready To Move,Himagiri Meadows,3,1240.0,4.0,1.0,180.0
Super built-up  Area,18-Nov,Govindpura,3,1578.0,3.0,1.0,73.9
Super built-up  Area,Ready To Move,Narayanappa Garden,2,1475.0,2.0,1.0,70.0
Super built-up  Area,Ready To Move,Hanumantha Nagar,2,2400.0,2.0,3.0,125.0
Plot  Area,Ready To Move,3rd Block Hrbr Layout,2,1200.0,2.0,1.0,200.0
Super built-up  Area,Ready To Move,RWF West Colony,3,1427.0,2.0,3.0,70.0
Super built-up  Area,Ready To Move,Seetharampalya,3,1350.0,3.0,2.0,68.0
Super built-up  Area,Ready To Move,Kanaka Nagar,3,2274.24,4.0,1.0,160.0
Super built-up  Area,Ready To Move,Stage-4 Bommanahalli,3,1455.0,2.0,2.0,55.0
Super built-up  Area,Ready To Move,Rest House Road,5,4900.0,5.0,2.0,980.0
Plot  Area,Ready To Move,Immadihalli,2,900.0,3.0,1.0,105.0
Built-up  Area,Ready To Move,Kempapura,3,1570.0,3.0,2.0,80.0
Super built-up  Area,Ready To Move,Dollars Colony,3,1350.0,3.0,0.0,75.0
Super built-up  Area,Ready To Move,Alur,1,470.0,2.0,1.0,10.0
Built-up  Area,Ready To Move,Vijay Nagar,6,2300.0,7.0,0.0,160.0
Plot  Area,Ready To Move,Hennur Bande,3,1313.0,4.0,2.0,150.0
Super built-up  Area,Ready To Move,Carmelaram,3,2515.0,4.0,3.0,155.0
Super built-up  Area,Ready To Move,Basapura,3,1440.0,3.0,2.0,72.0
Super built-up  Area,Ready To Move,Atmananda Colony,2,1200.0,2.0,1.0,56.0
Super built-up  Area,20-Dec,CMH Road,3,2665.0,3.0,1.0,350.0
Super built-up  Area,Ready To Move,Ankappa Layout,3,1670.0,3.0,2.0,75.0
Super built-up  Area,15-Oct,Byadarahalli,4,3500.0,5.0,2.0,450.0
Super built-up  Area,Ready To Move,Baba Nagar,2,700.0,2.0,1.0,29.0
Built-up  Area,Ready To Move,Upadhyaya Layout,3,1300.0,2.0,1.0,67.0
Super built-up  Area,18-Apr,Virat Nagar,3,1215.0,2.0,2.0,49.75
Built-up  Area,Ready To Move,Kallumantapa,2,1050.0,2.0,1.0,55.0
Built-up  Area,18-Apr,elachenahalli,2,1258.0,2.0,0.0,58.0
Plot  Area,Ready To Move,B K Nagar,6,2400.0,5.0,2.0,300.0
Super built-up  Area,Ready To Move,Vivek Nagar,8,3000.0,4.0,3.0,130.0
Super built-up  Area,19-Dec,Venkatapura,2,1235.0,2.0,1.0,140.0
Super built-up  Area,19-Mar,Gopalapura,4,3301.8,5.0,2.0,570.0
Built-up  Area,17-Mar,Meenakunte,3,3200.0,3.0,0.0,260.0
Plot  Area,Ready To Move,Banjara Layout,2,1200.0,2.0,2.0,70.0
Built-up  Area,Ready To Move,Thyagaraja Nagar,1,660.0,1.0,0.0,95.0
Built-up  Area,Ready To Move,Basavanna Nagar,3,1450.0,3.0,2.0,90.0
Super built-up  Area,Ready To Move,Dodsworth Layout,3,1893.0,3.0,2.0,115.0
Built-up  Area,Ready To Move,Raghuvanahalli,1,425.0,1.0,1.0,750.0
Super built-up  Area,Ready To Move,Chelekare,6,2400.0,6.0,2.0,98.0
Super built-up  Area,Ready To Move,Belatur,2,1250.0,2.0,1.0,43.0
Built-up  Area,Ready To Move,Srirampuram,3,1200.0,2.0,2.0,100.0
Built-up  Area,Ready To Move,Jakkuru Layout,2,1205.0,2.0,1.0,70.0
Plot  Area,18-Jul,Nelamangala,3,1500.0,3.0,2.0,90.0
Plot  Area,Ready To Move,Nagawara Junction,3,1200.0,3.0,2.0,200.0
Super built-up  Area,Ready To Move,Abbaiah Reddy Layout,2,1190.0,2.0,2.0,41.0
Super built-up  Area,Ready To Move,1st Block HRBR Layout,2,1250.0,2.0,1.0,67.0
Plot  Area,Ready To Move,Naganathapura,2,2260.0,3.0,1.0,80.0
Plot  Area,Ready To Move,Tavarekere,4,2700.0,3.0,2.0,90.0
Built-up  Area,Ready To Move,KG Halli,1,375.0,1.0,0.0,26.0
Super built-up  Area,Ready To Move,Cubbon Road,4,5422.0,6.0,2.0,1900.0
Super built-up  Area,Ready To Move,Lavelle Road,2,1000.0,2.0,0.0,150.0
Plot  Area,Ready To Move,Varanasi,2,800.0,3.0,1.0,59.5
Built-up  Area,Ready To Move,Kada Agrahara,3,909.0,2.0,1.0,43.0
Super built-up  Area,Ready To Move,Dodsworth Layout,2,1400.0,2.0,3.0,85.0
Built-up  Area,Ready To Move,Veerabhadra Nagar,3,1800.0,2.0,2.0,100.0
Built-up  Area,Ready To Move,Maruthi Nagar,2,850.0,1.0,0.0,35.5
Super built-up  Area,Ready To Move,Vidhyanagar Cross,2,1100.0,2.0,2.0,32.0
Plot  Area,Ready To Move,7th Block Jayanagar,4,2400.0,3.0,2.0,480.0
Built-up  Area,Ready To Move,Bellari Road,4,3500.0,2.0,1.0,350.0
Super built-up  Area,18-May,1st Stage Indira Nagar,2,1200.0,2.0,2.0,55.0
Built-up  Area,Ready To Move,Sunder Ram Shetty Nagar,3,1480.0,3.0,2.0,74.0
Super built-up  Area,Ready To Move,6th Block Jayanagar,3,2100.0,4.0,2.0,255.0
Built-up  Area,Ready To Move,Kadarenahalli,1,400.0,1.0,0.0,35.0
Super built-up  Area,Ready To Move,Punappa Layout,3,1310.0,2.0,1.0,55.0
Super built-up  Area,Ready To Move,Pampa Extension,2,993.0,2.0,3.0,45.5
Super built-up  Area,Ready To Move,Lavelle Road,2,985.0,2.0,1.0,156.0
Built-up  Area,Ready To Move,4th Block Koramangala,4,2400.0,5.0,3.0,180.0
Super built-up  Area,Ready To Move,Balaji Gardens Layout,1,825.0,2.0,1.0,40.0
Built-up  Area,Ready To Move,2nd Stage Nagarbhavi,4,3000.0,3.0,3.0,170.0
Super built-up  Area,Ready To Move,Hoysalanagar,3,1320.0,2.0,3.0,60.0
Built-up  Area,Ready To Move,Koramangala Industrial Layout,4,5000.0,5.0,2.0,600.0
Plot  Area,18-Apr,Basaveswarnagar,6,2400.0,4.0,2.0,420.0
Super built-up  Area,Ready To Move,Kallumantapa,2,1050.0,2.0,2.0,50.0
Plot  Area,Ready To Move,Vaishnavi Layout,4,4800.0,5.0,2.0,420.0
Super built-up  Area,Ready To Move,Jaymahal Road,3,3400.0,3.0,3.0,400.0
Plot  Area,Ready To Move,Naganathapura,1,600.0,1.0,0.0,33.0
Built-up  Area,Ready To Move,Suraksha Nagar,3,1569.0,3.0,0.0,70.0
Built-up  Area,18-Dec,"Off Sarjapur Road,",3,2600.0,3.0,2.0,147.0
Plot  Area,Ready To Move,Nagarbhavi Garden Villas Layout,4,1200.0,3.0,1.0,180.0
Super built-up  Area,18-Mar,Rajarajeshwari Nagara,3,1410.0,2.0,2.0,45.12
Super built-up  Area,Ready To Move,Vasanth nagar,4,2000.0,3.0,2.0,1063.0
Built-up  Area,Ready To Move,Agrahara Dasarahalli,1,800.0,1.0,0.0,72.0
Super built-up  Area,Ready To Move,B Narayanapura,2,1020.0,2.0,1.0,49.0
Super built-up  Area,18-Jul,T R Mill Road,3,1225.0,2.0,2.0,82.0
Plot  Area,Ready To Move,Victoria Layout,5,2400.0,5.0,3.0,625.0
Super built-up  Area,Ready To Move,Sanne Amanikere,1,655.0,1.0,2.0,27.0
Super built-up  Area,Ready To Move,Indira Nagar Stage 2,2,1196.0,2.0,1.0,96.0
Carpet  Area,Ready To Move,Hommadevanahalli,2,927.0,2.0,1.0,50.0
Plot  Area,Ready To Move,BTM Layout 2nd Stage 1st Phase,4,2400.0,5.0,2.0,395.0
Super built-up  Area,18-Mar,Tunganagara,1,600.0,1.0,0.0,18.0
Super built-up  Area,Ready To Move,T C Palya main Road,2,1175.0,2.0,1.0,48.72
Built-up  Area,Ready To Move,Vishwapriya Nagar,4,2800.0,4.0,1.0,200.0
Super built-up  Area,Ready To Move,Lake City,2,750.0,2.0,1.0,28.0
Super built-up  Area,Ready To Move,Vittal Nagar,2,1000.0,2.0,1.0,45.0
Super built-up  Area,19-Jun,Kodigehalli,3,1820.0,3.0,2.0,150.0
Super built-up  Area,Ready To Move,Richards Town,2,800.0,2.0,1.0,85.0
Super built-up  Area,Ready To Move,Bagalur,2,985.0,2.0,2.0,57.0
Plot  Area,Ready To Move,Jeevan bima nagar,4,1200.0,4.0,1.0,200.0
Super built-up  Area,Ready To Move,1 Immadihalli,11,6000.0,12.0,2.0,150.0
Built-up  Area,Ready To Move,RMV Extension Stage 2,7,3600.0,7.0,3.0,160.0
Plot  Area,Ready To Move,Devi Nagar,2,600.0,2.0,1.0,80.0
Plot  Area,Ready To Move,4th Block Koramangala,4,2400.0,4.0,3.0,600.0
Built-up  Area,Ready To Move,"JP Nagar 7th Phase,",3,1503.0,2.0,2.0,93.0
Plot  Area,Ready To Move,Sampigehalli,2,1200.0,2.0,1.0,61.0
Super built-up  Area,Ready To Move,Hennur Bande,3,2500.0,2.0,1.0,60.0
Super built-up  Area,Ready To Move,Kamakshipalya,3,1500.0,2.0,2.0,52.0
Super built-up  Area,18-Nov,B Narayanapura,3,1765.0,3.0,2.0,77.27
Built-up  Area,Ready To Move,Doddanakundi Industrial Area 2,3,1768.0,3.0,3.0,95.0
Plot  Area,17-Jul,Kumara Park,4,3500.0,5.0,1.0,800.0
Super built-up  Area,19-Aug,Shankarapuram,4,3060.0,4.0,2.0,350.0
Super built-up  Area,Ready To Move,Shetty Halli,1,800.0,1.0,2.0,32.0
Plot  Area,Ready To Move,AGB Layout,7,3000.0,6.0,3.0,145.0
Plot  Area,Ready To Move,2nd Stage Arekere Mico Layout,4,1200.0,4.0,1.0,235.0
Plot  Area,Ready To Move,Bidrahalli,1,600.0,1.0,1.0,35.0
Super built-up  Area,Ready To Move,Chinnapanahalli,2,1010.0,2.0,2.0,55.0
Super built-up  Area,Ready To Move,Bilal Nagar,2,650.0,1.0,1.0,20.0
Built-up  Area,Ready To Move,Banjara Layout,2,1050.0,2.0,1.0,64.8
Super built-up  Area,Ready To Move,Kanakapura Main Road,2,1080.0,2.0,1.0,37.8
Built-up  Area,Ready To Move,Palanahalli,4,3978.0,4.0,3.0,428.0
Plot  Area,Ready To Move,Suryanagar,2,1500.0,2.0,1.0,45.0
Super built-up  Area,Ready To Move,Nanjappa Layout,3,1800.0,3.0,3.0,85.0
Super built-up  Area,Ready To Move,Banagiri Nagar,3,2008.0,3.0,2.0,170.0
Super built-up  Area,Ready To Move,2nd Stage Arekere Mico Layout,3,2095.0,3.0,2.0,142.0
Super built-up  Area,Ready To Move,Duvasapalya,2,1190.0,2.0,1.0,48.6
Built-up  Area,Ready To Move,BCMC Layout,3,1600.0,2.0,2.0,88.0
Plot  Area,Ready To Move,Udaya Nagar,4,1350.0,4.0,2.0,160.0
Super built-up  Area,Ready To Move,Kengeri Satellite Town Stage II,1,500.0,1.0,1.0,20.0
Super built-up  Area,18-Aug,Vasantha Vallabha Nagar,3,1280.0,2.0,1.0,100.0
Super built-up  Area,18-May,Church Street,4,11000.0,4.0,1.0,1600.0
Super built-up  Area,Ready To Move,Srinivas Colony,3,2750.0,3.0,2.0,943.0
Built-up  Area,Ready To Move,Uday Nagar,3,1650.0,3.0,1.0,110.0
Super built-up  Area,Ready To Move,Mathikere,3,1500.0,2.0,2.0,75.0
Super built-up  Area,Ready To Move,Shree Ananth Nagar Layout,3,1176.0,2.0,1.0,45.0
Plot  Area,Ready To Move,Kamakshipalya,2,1044.0,2.0,2.0,85.0
Super built-up  Area,Ready To Move,Suddaguntepalya,3,1425.0,3.0,2.0,55.0
Plot  Area,Ready To Move,Chaitanya Ananya,4,1830.0,4.0,2.0,325.0
Built-up  Area,Ready To Move,Shankarapuram,2,900.0,1.0,0.0,130.0
Plot  Area,Ready To Move,Nagashetty Halli,2,840.0,1.0,1.0,99.0
Super built-up  Area,18-Aug,Byrasandra Extension,2,1285.0,2.0,2.0,45.0
Plot  Area,18-Apr,Gattahalli,3,2000.0,2.0,2.0,95.0
Super built-up  Area,Ready To Move,Outer Ring Road East,4,3870.0,4.0,2.0,411.0
Super built-up  Area,Ready To Move,Mallathahalli,3,1320.0,2.0,2.0,55.0
Super built-up  Area,Ready To Move,Richmond Town,3,1835.0,3.0,3.0,175.0
Super built-up  Area,18-Nov,manyata park,2,1322.0,2.0,1.0,61.99
Super built-up  Area,Ready To Move,Telecom Layout,3,1450.0,2.0,1.0,65.0
Super built-up  Area,Ready To Move,Alur,1,425.0,1.0,1.0,15.0
Built-up  Area,Ready To Move,Nelamangala,2,820.0,2.0,2.0,30.0
Super built-up  Area,Ready To Move,Richmond Town,4,2230.0,4.0,2.0,792.0
Carpet  Area,18-Apr,Bikasipura,3,1450.0,3.0,2.0,68.0
Super built-up  Area,Ready To Move,Richmond Town,4,2380.0,4.0,3.0,242.0
Plot  Area,Ready To Move,Virupakshapura,2,900.0,1.0,0.0,70.0
Super built-up  Area,Ready To Move,Keshava Nagar,2,1517.0,2.0,2.0,125.0
Super built-up  Area,Ready To Move,Sri Sai Layout,2,1000.0,2.0,2.0,35.0
Super built-up  Area,19-Dec,Thanisandra main road,3,3144.0,3.0,1.0,455.0
Super built-up  Area,18-May,Nagawara Junction,4,3602.0,4.0,2.0,280.0
Super built-up  Area,Ready To Move,Nagasandra,4,2400.0,4.0,1.0,145.0
Built-up  Area,Ready To Move,Vishwanatha Nagenahalli,3,2159.0,3.0,2.0,120.0
Plot  Area,18-Nov,Suragajakkanahalli,3,1200.0,3.0,2.0,72.0
Built-up  Area,Ready To Move,SK Garden,6,1850.0,3.0,0.0,175.0
Built-up  Area,Ready To Move,Gowdanapalya,1,510.0,1.0,0.0,34.0
Super built-up  Area,Ready To Move,PNS Layout,2,1166.0,2.0,3.0,65.0
Built-up  Area,Ready To Move,Venkatapura,3,2700.0,2.0,1.0,260.0
Plot  Area,Ready To Move,Mathikere,3,1350.0,2.0,0.0,175.0
Plot  Area,Ready To Move,Harsha Layout,4,2100.0,6.0,3.0,100.0
Built-up  Area,Ready To Move,1st Stage Indira Nagar,2,940.0,2.0,1.0,56.0
Super built-up  Area,18-Jun,Yarandahalli,2,1015.0,2.0,1.0,40.1
Super built-up  Area,Ready To Move,Kacharakanahalli,3,1400.0,3.0,3.0,69.0
Built-up  Area,Ready To Move,Ashwath Nagar,3,1645.0,3.0,2.0,95.0
Built-up  Area,Ready To Move,Kanaka Nagar,4,1600.0,4.0,2.0,90.0
Built-up  Area,Ready To Move,Jakkasandra Extension,2,1000.0,2.0,1.0,63.0
Super built-up  Area,Ready To Move,Nagashetty Halli,2,1350.0,2.0,2.0,65.0
Super built-up  Area,Ready To Move,Tigalarpalya,3,1998.0,3.0,2.0,117.0
Super built-up  Area,Ready To Move,Thomas Town,2,1300.0,2.0,2.0,60.0
Built-up  Area,21-Dec,"Electronic city Phase 1,",2,950.0,2.0,1.0,33.0
Super built-up  Area,Ready To Move,Sector 1 HSR Layout,3,1804.0,3.0,2.0,150.0
Super built-up  Area,Ready To Move,Naidu Layout,3,1350.0,3.0,2.0,81.0
Super built-up  Area,Ready To Move,Sugama Layout,2,826.0,2.0,2.0,36.0
Super built-up  Area,Ready To Move,Kada Agrahara,2,935.0,2.0,2.0,35.0
Super built-up  Area,Ready To Move,Hongasandra,2,1180.0,2.0,1.0,39.0
Built-up  Area,Ready To Move,Vishwanatha Nagenahalli,4,2200.0,3.0,0.0,115.0
Plot  Area,Ready To Move,Behind Don Bosco Church,4,1200.0,4.0,1.0,110.0
Super built-up  Area,Ready To Move,Bagalur,2,1500.0,2.0,1.0,50.0
Super built-up  Area,18-Dec,Seshadripuram,2,1217.0,2.0,1.0,164.0
Built-up  Area,Ready To Move,BHEL Layout,6,2400.0,4.0,1.0,170.0
Built-up  Area,Ready To Move,Devara Jeevanahalli,3,1650.0,3.0,0.0,52.0
Super built-up  Area,Ready To Move,1st Block HBR Layout,1,600.0,1.0,0.0,45.0
Super built-up  Area,19-Dec,Thanisandra main road,4,4110.0,4.0,2.0,590.0
Plot  Area,Ready To Move,Immadihalli,1,672.0,1.0,1.0,27.0
Plot  Area,Ready To Move,Shanthi Layout,3,1280.0,3.0,0.0,87.0
Super built-up  Area,Ready To Move,Anugrah Layout,3,1567.0,3.0,1.0,100.0
Super built-up  Area,Ready To Move,Bandepalya,2,1125.0,2.0,1.0,48.0
Super built-up  Area,Ready To Move,Bethel Nagar,1,560.0,1.0,0.0,19.0
Super built-up  Area,Ready To Move,Narayana Nagar 1st Block,3,1471.0,2.0,3.0,75.0
Plot  Area,Ready To Move,poornaprajna layout,2,900.0,2.0,0.0,128.0
Plot  Area,Ready To Move,Kadabagere,1,520.0,2.0,0.0,29.0
Built-up  Area,Ready To Move,Cambridge Layout,3,1950.0,3.0,3.0,230.0
Plot  Area,Ready To Move,BTM 4th Stage,1,600.0,1.0,0.0,58.0
Super built-up  Area,Ready To Move,AMS Layout,1,1000.0,1.0,1.0,19.0
Built-up  Area,Ready To Move,KR Garden,2,1300.0,2.0,2.0,60.0
Plot  Area,Ready To Move,BTM 1st Stage,1,375.0,1.0,0.0,40.0
Plot  Area,Ready To Move,Dollars Colony,3,7800.0,3.0,2.0,2000.0
Plot  Area,Ready To Move,Annapurneshwari Nagar,4,1200.0,5.0,2.0,270.0
Super built-up  Area,Ready To Move,Kundalahalli Colony,3,1477.0,2.0,2.0,75.0
Super built-up  Area,Ready To Move,Kaverappa Layout,2,1220.0,2.0,1.0,65.0
Super built-up  Area,Ready To Move,Geddalahalli,2,850.0,2.0,1.0,32.5
Super built-up  Area,18-Apr,Reliaable Tranquil Layout,2,1256.0,2.0,1.0,65.0
Super built-up  Area,Ready To Move,Basavanagara,3,1428.0,2.0,1.0,70.0
Super built-up  Area,Ready To Move,Shanti Nagar,2,1130.0,2.0,2.0,74.0
Super built-up  Area,Ready To Move,Bagalur,2,1407.0,2.0,1.0,83.87
Built-up  Area,Ready To Move,BSM Extension,2,900.0,2.0,3.0,45.0
Plot  Area,Ready To Move,Somanna Garden,4,1350.0,4.0,2.0,160.0
Super built-up  Area,Ready To Move,Munivenkatppa Layout,4,2375.0,3.0,2.0,260.0
Super built-up  Area,Ready To Move,RPC layout,2,1200.0,2.0,1.0,67.0
Built-up  Area,Ready To Move,"HSR Layout 7th sector,",3,1872.0,3.0,2.0,152.0
Super built-up  Area,Ready To Move,Gokula Extension,3,1400.0,3.0,2.0,90.0
Plot  Area,Ready To Move,Weavers Colony,1,812.0,1.0,1.0,26.0
Super built-up  Area,19-Aug,Kodathi,2,829.0,2.0,1.0,22.8
Super built-up  Area,Ready To Move,A Narayanapura,1,600.0,2.0,1.0,35.0
Built-up  Area,21-Dec,"Judicial Layout, Kanakapura Road,",2,700.0,2.0,1.0,35.0
Super built-up  Area,Ready To Move,Ankappa Layout,2,1105.0,2.0,2.0,50.0
Super built-up  Area,Ready To Move,Amruthnagar,2,1000.0,2.0,1.0,51.0
Super built-up  Area,18-Apr,Gattahalli,3,1240.0,2.0,1.0,63.0
Super built-up  Area,Ready To Move,HOSUR MAIN ROAD,3,1393.0,3.0,2.0,54.0
Built-up  Area,Ready To Move,Gulimangala,3,1640.0,3.0,2.0,70.0
Plot  Area,Ready To Move,Kithaganur,2,1200.0,2.0,0.0,62.0
Super built-up  Area,Ready To Move,HAL 2nd Stage,3,1600.0,3.0,1.0,125.0
Plot  Area,Ready To Move,Yemlur,4,8400.0,5.0,2.0,1675.0
Super built-up  Area,Ready To Move,Addischetan Layout,3,1495.0,3.0,2.0,55.0
Plot  Area,Ready To Move,Basavanagara,3,1200.0,2.0,1.0,300.0
Built-up  Area,Ready To Move,Stage-4 Bommanahalli,3,1400.0,3.0,2.0,53.0
Super built-up  Area,Ready To Move,Kallumantapa,2,1054.0,2.0,1.0,53.0
Super built-up  Area,18-Aug,Vimanapura,2,1275.0,2.0,2.0,47.0
Super built-up  Area,Ready To Move,Sadaramangala,2,1394.0,2.0,3.0,52.0
Super built-up  Area,Ready To Move,Konena Agrahara,2,1075.0,2.0,1.0,57.0
Built-up  Area,Ready To Move,Jakkur Plantation,3,1800.0,4.0,3.0,115.0
Super built-up  Area,Ready To Move,Hanumanth Nagar,2,1220.0,2.0,2.0,54.89
Super built-up  Area,Ready To Move,Raghavendra Layout,3,1499.0,3.0,2.0,89.0
Super built-up  Area,Ready To Move,Varsova Layout,3,1280.0,2.0,3.0,55.0
Super built-up  Area,18-Apr,Thirumenahalli,2,1161.0,2.0,3.0,36.69
Built-up  Area,Ready To Move,Richards Town,2,1050.0,2.0,2.0,65.0
Super built-up  Area,Ready To Move,Bhattarahalli,2,905.0,2.0,2.0,50.0
Super built-up  Area,Ready To Move,Srirampura,4,2736.0,4.0,2.0,130.0
Super built-up  Area,Ready To Move,Raja Rajeshwari Nagar 5th Stage,2,1056.0,2.0,2.0,55.0
Built-up  Area,Ready To Move,Raghavendra Layout,3,1770.0,3.0,2.0,90.0
Super built-up  Area,Ready To Move,Byadarahalli,3,3155.0,3.0,2.0,315.0
Built-up  Area,Ready To Move,Nayandanahalli,7,6500.0,7.0,1.0,104.0
Plot  Area,Ready To Move,HAL 2nd Stage,4,2400.0,4.0,1.0,650.0
Super built-up  Area,Ready To Move,RMV Extension,2,1152.0,2.0,1.0,57.0
Built-up  Area,Ready To Move,ISRO Layout,4,4200.0,4.0,2.0,255.0
Built-up  Area,Ready To Move,Arehalli,3,1350.0,2.0,2.0,65.0
Super built-up  Area,Ready To Move,Hennur Gardens,3,1464.0,2.0,1.0,135.0
Super built-up  Area,Ready To Move,Doddabommasandra,2,1300.0,2.0,3.0,32.0
Super built-up  Area,18-Apr,Kumara Park,2,1200.0,2.0,2.0,75.0
Super built-up  Area,Ready To Move,7th Block Jayanagar,3,1707.0,3.0,2.0,171.0
Super built-up  Area,Ready To Move,Kamala Nagar,1,565.0,1.0,1.0,33.0
Plot  Area,Ready To Move,Ramakrishnappa Layout,1,630.0,2.0,1.0,70.0
Plot  Area,18-Apr,tc.palya,2,1000.0,2.0,1.0,55.0
Built-up  Area,Ready To Move,Chikkathoguru,2,1045.0,2.0,2.0,42.0
Super built-up  Area,Ready To Move,Chelekare,2,1250.0,2.0,1.0,62.4
Plot  Area,Ready To Move,Bande Nallasandra,3,2400.0,4.0,1.0,130.0
Built-up  Area,Ready To Move,Sector 1 HSR Layout,3,1720.0,3.0,3.0,83.0
Carpet  Area,Ready To Move,Thirumenahalli,2,1100.0,2.0,2.0,70.0
Built-up  Area,Ready To Move,Raghuvanahalli,1,420.0,1.0,1.0,23.5
Built-up  Area,Ready To Move,Vasanthapura,2,940.0,2.0,1.0,40.0
Built-up  Area,Ready To Move,HAL Layout,3,1675.0,3.0,2.0,65.0
Super built-up  Area,Ready To Move,Upkar Layout,2,1225.0,2.0,2.0,71.05
Plot  Area,Ready To Move,Kenchenhalli,4,1350.0,4.0,1.0,90.0
Super built-up  Area,Ready To Move,Carmelaram,3,1732.5,3.0,0.0,91.855
Plot  Area,Ready To Move,Vidya Nagar,2,3760.0,2.0,0.0,280.0
Super built-up  Area,Ready To Move,Byadarahalli,3,3071.0,4.0,2.0,300.0
Built-up  Area,Ready To Move,Singapura Village,2,850.0,2.0,0.0,34.0
Super built-up  Area,Ready To Move,Akshaya Vana,3,1260.0,2.0,1.0,49.0
Built-up  Area,Ready To Move,Canara Bank Layout,3,1450.0,3.0,1.0,65.0
Plot  Area,Ready To Move,Samethanahalli,3,2100.0,3.0,0.0,70.0
Super built-up  Area,Ready To Move,Nallurhalli,3,1620.0,3.0,3.0,95.0
Built-up  Area,Ready To Move,Bagalakunte,1,560.0,1.0,1.0,21.0
Super built-up  Area,Ready To Move,Coconut Grove Layout,2,1156.0,2.0,2.0,46.0
Super built-up  Area,Ready To Move,Hiremath Layout,2,1140.0,2.0,2.0,56.0
Built-up  Area,Ready To Move,Sanjeevini Nagar,3,2250.0,3.0,2.0,180.0
Super built-up  Area,Ready To Move,Naidu Layout,3,1485.0,3.0,2.0,78.0
Plot  Area,Ready To Move,Shingapura,1,1350.0,2.0,0.0,45.0
Super built-up  Area,Ready To Move,8th block Koramangala,2,1209.0,2.0,2.0,100.0
Super built-up  Area,18-Jan,SHANTHINAGAR,3,1500.0,3.0,1.0,95.0
Super built-up  Area,Ready To Move,Bhuvaneshwari Nagar,2,1000.0,2.0,2.0,60.0
Built-up  Area,Ready To Move,Kumarapalli,3,1488.0,2.0,2.0,65.0
Plot  Area,Ready To Move,Someshwara Layout,4,1200.0,4.0,2.0,130.0
Built-up  Area,Ready To Move,Doopanahalli,3,2250.0,3.0,2.0,199.0
Super built-up  Area,Ready To Move,Munivenkatppa Layout,4,3700.0,4.0,2.0,314.0
Super built-up  Area,18-Apr,Satyasaibaba Layout,2,1190.0,2.0,3.0,42.25
Built-up  Area,Ready To Move,Queens Road,3,1405.0,3.0,0.0,169.0
Plot  Area,Ready To Move,Vaishnavi Layout,4,4800.0,6.0,2.0,420.0
Super built-up  Area,Ready To Move,Bellari Road,2,1050.0,2.0,1.0,43.5
Super built-up  Area,Ready To Move,Harsha Layout,1,500.0,1.0,1.0,16.0
Built-up  Area,Ready To Move,Shanthala Nagar,3,1600.0,3.0,2.0,180.0
Super built-up  Area,Ready To Move,Nyanappana Halli,2,1140.0,2.0,2.0,49.0
Super built-up  Area,18-Jun,RR Nagar,1,648.0,1.0,1.0,34.0
Super built-up  Area,Ready To Move,Tala Cauvery Layout,3,1720.0,2.0,2.0,126.0
Super built-up  Area,Ready To Move,Cambridge Layout,3,1756.0,3.0,2.0,307.0
Built-up  Area,Ready To Move,Hagadur,2,1100.0,2.0,2.0,45.0
Super built-up  Area,Ready To Move,Singapura Village,2,825.0,2.0,1.0,35.0
Built-up  Area,Ready To Move,Hosakerehalli Layout,2,1080.0,2.0,3.0,64.0
Plot  Area,Ready To Move,Shanti Nagar,4,2600.0,4.0,2.0,523.0
Super built-up  Area,Ready To Move,Basapura,2,1100.0,2.0,1.0,61.0
Super built-up  Area,Ready To Move,Hosapalya,2,800.0,1.0,1.0,29.0
Super built-up  Area,Ready To Move,Doctors Layout,2,1225.0,2.0,1.0,47.0
Plot  Area,Ready To Move,2nd Block Koramangala,3,3000.0,3.0,1.0,550.0
Super built-up  Area,Ready To Move,Mysore Highway,1,535.0,1.0,1.0,35.0
Super built-up  Area,Ready To Move,Volagerekallahalli,2,1067.0,2.0,3.0,33.99
Super built-up  Area,Ready To Move,Glass Factory Layout,2,1152.0,2.0,1.0,42.0
Super built-up  Area,Ready To Move,Jagadish Nagar,3,1465.0,2.0,2.0,88.0
Super built-up  Area,Ready To Move,3rd Phase Iti Layout,2,1145.0,2.0,1.0,63.0
Built-up  Area,Ready To Move,south,4,3420.0,3.0,2.0,410.0
Super built-up  Area,Ready To Move,Green Domain Layout,2,1280.0,2.0,2.0,75.0
Plot  Area,18-May,"Ananthapura, T C palaya Main Road",2,680.0,3.0,2.0,60.0
Super built-up  Area,Ready To Move,Doctors Layout,3,1450.0,3.0,2.0,75.0
Built-up  Area,Ready To Move,Outer Ring Road East,3,1738.0,3.0,0.0,110.0
Plot  Area,Ready To Move,Singena Agrahara,3,1500.0,3.0,1.0,90.0
Super built-up  Area,18-May,Phase 1 Kammasandra,2,982.0,2.0,1.0,25.0
Built-up  Area,Ready To Move,Nandi Durga Road,2,2015.0,4.0,0.0,325.0
Plot  Area,Ready To Move,Sneha Colony,2,1050.0,2.0,1.0,110.0
Super built-up  Area,Ready To Move,Siddapura,2,1275.0,2.0,1.0,105.0
Built-up  Area,Ready To Move,Shampura,2,1187.0,2.0,2.0,42.0
Super built-up  Area,Ready To Move,Doddakammanahalli,3,1119.0,2.0,1.0,48.5
Super built-up  Area,Ready To Move,Poornapragna Housing Society Layout,3,1355.0,2.0,3.0,58.25
Super built-up  Area,18-Dec,Chennammana Kere,2,1095.0,2.0,2.0,55.85
Plot  Area,Ready To Move,Deepanjali Nagar,3,2320.0,2.0,0.0,160.0
Super built-up  Area,Ready To Move,Nallurhalli,3,1237.0,3.0,2.0,78.0
Plot  Area,18-May,Pulkeshi Nagar,1,588.0,1.0,0.0,88.2
Super built-up  Area,22-Dec,2nd Phase Judicial Layout,2,700.0,2.0,1.0,35.0
Super built-up  Area,Ready To Move,KUDLU MAIN ROAD,2,1464.0,2.0,2.0,56.0
Plot  Area,Ready To Move,Kengeri Hobli,2,1840.0,1.0,0.0,95.0
Plot  Area,Ready To Move,Kirloskar Layout,4,2400.0,4.0,2.0,89.0
Plot  Area,Ready To Move,SARJAPUR BAGALUR ROAD,4,10961.0,4.0,1.0,80.0
Plot  Area,Ready To Move,B Y Raveshwara Nagar,4,1200.0,2.0,1.0,140.0
Super built-up  Area,18-Nov,Govindpura,3,1639.0,3.0,1.0,77.89
Super built-up  Area,Ready To Move,Mahalakshmi Layout,2,1105.0,2.0,1.0,80.0
Plot  Area,Ready To Move,Banjara Layout,2,753.0,3.0,3.0,59.5
Built-up  Area,Ready To Move,KR Garden,3,1700.0,3.0,1.0,250.0
Super built-up  Area,Ready To Move,Vishwapriya Layout,2,770.0,2.0,2.0,30.0
Super built-up  Area,Ready To Move,Hoodi Layout,2,1160.0,2.0,2.0,75.0
Super built-up  Area,Ready To Move,Rest House Road,3,2500.0,3.0,2.0,400.0
Super built-up  Area,Ready To Move,Basapura,3,1294.0,2.0,2.0,52.0
Super built-up  Area,Ready To Move,Nagondanahalli,2,1095.0,2.0,1.0,45.0
Super built-up  Area,18-May,KEB Colony,2,1040.0,2.0,2.0,36.84
Super built-up  Area,Ready To Move,Gollahalli,3,1325.0,2.0,1.0,47.0
Super built-up  Area,Ready To Move,Green View Layout,2,1108.0,2.0,1.0,48.0
Super built-up  Area,Ready To Move,Gopalkrishna Nagar,2,1155.0,2.0,1.0,65.0
Super built-up  Area,Ready To Move,HOSUR RMAIN ROAD,3,1464.0,3.0,2.0,56.0
Super built-up  Area,Ready To Move,Hanumanth Nagar,3,1500.0,3.0,3.0,67.49
Super built-up  Area,Ready To Move,Konappana Agrahara,2,1060.0,2.0,1.0,42.5
Built-up  Area,Ready To Move,Jeevan bima nagar,2,984.0,2.0,2.0,125.0
Super built-up  Area,Ready To Move,Dodda Nekkundi Extension,2,1148.0,2.0,2.0,69.0
Super built-up  Area,Ready To Move,Jakkur Plantation,3,1719.0,3.0,2.0,110.0
Plot  Area,Ready To Move,Mahalakshmi Layout,9,4320.0,7.0,2.0,821.0
Super built-up  Area,Ready To Move,Rajasree Layout,3,1420.0,3.0,3.0,70.0
Plot  Area,18-Aug,Veer Sandra,4,3000.0,4.0,3.0,264.0
Super built-up  Area,Ready To Move,Chikkadunnasandra,3,1398.0,3.0,0.0,51.0
Built-up  Area,Ready To Move,3rd Block Hrbr Layout,2,1320.0,2.0,3.0,90.0
Super built-up  Area,Ready To Move,Shikaripalya,3,1285.0,2.0,2.0,45.0
Built-up  Area,18-Dec,"Off Sarjapur Road,",2,1161.0,2.0,1.0,59.0
Built-up  Area,Ready To Move,Tata Nagar,3,1504.0,3.0,2.0,67.0
Plot  Area,Ready To Move,Esther Enclave Layout,2,1230.0,2.0,0.0,68.0
Super built-up  Area,18-Jun,Sadaramangala,2,1260.0,2.0,1.0,62.0
Plot  Area,Ready To Move,Harappanahalli,4,4560.0,5.0,2.0,430.0
Plot  Area,Ready To Move,Jayamahal,4,2400.0,3.0,1.0,750.0
Built-up  Area,Ready To Move,Samethanahalli,2,799.0,2.0,1.0,35.0
Super built-up  Area,Ready To Move,Vinayaka Layout,5,2700.0,4.0,2.0,170.0
Super built-up  Area,Ready To Move,Thirumalashettyhally,2,1077.0,2.0,1.0,34.46
Built-up  Area,Ready To Move,New Gurappana Palya,5,3000.0,4.0,0.0,300.0
Super built-up  Area,Ready To Move,Vasanthapura,2,1500.0,2.0,2.0,65.0
Super built-up  Area,Ready To Move,Banagiri Nagar,3,1560.0,2.0,2.0,125.0
Super built-up  Area,18-May,Doddabanahalli,3,1290.0,3.0,2.0,45.33
Built-up  Area,Ready To Move,Kodbisanhalli,2,1012.0,2.0,2.0,59.0
Plot  Area,Ready To Move,Bharathnagar,2,1245.0,2.0,1.0,120.0
Plot  Area,Ready To Move,HAL 2nd Stage,4,2280.0,4.0,2.0,615.0
Super built-up  Area,Ready To Move,Gandhi Bazar,3,1485.0,2.0,3.0,110.0
Super built-up  Area,Ready To Move,MS Pallya,4,2400.0,4.0,1.0,88.0
Super built-up  Area,Ready To Move,Channasandra Layout,2,1115.0,2.0,1.0,50.0
Carpet  Area,Ready To Move,Challaghatta,2,1489.0,2.0,0.0,101.0
Super built-up  Area,Ready To Move,Defence Colony,4,2800.0,4.0,3.0,365.0
Super built-up  Area,Ready To Move,Canara Bank Colony,3,1600.0,2.0,1.0,90.0
Super built-up  Area,18-Apr,Reliaable Tranquil Layout,3,1508.0,3.0,1.0,75.0
Built-up  Area,Ready To Move,5th Block Jayanagar,1,1500.0,1.0,1.0,300.0
Built-up  Area,Ready To Move,Mahalakshmi Puram,6,3000.0,6.0,3.0,300.0
Built-up  Area,Ready To Move,ISRO Layout,2,1050.0,2.0,1.0,51.0
Super built-up  Area,Ready To Move,"Jayanagar,",3,1903.0,3.0,2.0,165.0
Super built-up  Area,Ready To Move,Asthagrama Layout,2,1200.0,2.0,2.0,38.0
Super built-up  Area,Ready To Move,Avalahalli,4,2996.0,4.0,3.0,200.0
Built-up  Area,Ready To Move,Manayata Tech Park,4,3400.0,4.0,2.0,200.0
Super built-up  Area,Ready To Move,Parappana Agrahara,2,1092.0,2.0,2.0,43.0
Built-up  Area,Ready To Move,ITI Layout,3,1602.0,2.0,1.0,75.0
Super built-up  Area,Ready To Move,Vasanthapura,2,1037.0,2.0,1.0,36.28
Super built-up  Area,22-Jan,Vajarahalli,1,551.0,1.0,1.0,30.0
Super built-up  Area,18-Mar,Rajarajesheari nagar,2,1400.0,2.0,1.0,44.8
Built-up  Area,Ready To Move,Millers Road,3,2850.0,4.0,3.0,460.0
Super built-up  Area,Ready To Move,Celebrity Paradise Layout,1,550.0,1.0,1.0,16.0
Plot  Area,Ready To Move,Yemlur,5,10000.0,5.0,2.0,1950.0
Plot  Area,Ready To Move,Vishveshwarya Layout,4,2000.0,3.0,0.0,90.0
Super built-up  Area,Ready To Move,Lavakusha Nagar,3,1780.0,3.0,1.0,100.0
Built-up  Area,Ready To Move,Sri Venkateshpura Layout,2,1050.0,2.0,1.0,49.5
Plot  Area,Ready To Move,3rd Block Banashankari,4,1200.0,4.0,1.0,175.0
Plot  Area,Ready To Move,Mahalakshmi Layout,4,1200.0,3.0,1.0,160.0
Built-up  Area,Ready To Move,Rajasree Layout,3,1310.0,3.0,3.0,90.0
Built-up  Area,Ready To Move,Hessarghatta,2,900.0,2.0,1.0,24.0
Super built-up  Area,Ready To Move,Dr Shivarama Karantha Nagar,2,1200.0,2.0,1.0,54.0
Built-up  Area,Ready To Move,Vibuthipura,3,1603.0,2.0,0.0,125.0
Super built-up  Area,Ready To Move,Krishna Reddy Layout,3,2180.0,3.0,2.0,285.0
Plot  Area,Ready To Move,Kamakshipalya,1,450.0,1.0,0.0,30.0
Super built-up  Area,Ready To Move,1st Stage Indira Nagar,4,3000.0,4.0,2.0,301.0
Super built-up  Area,Ready To Move,JCR Layout,2,1160.0,2.0,1.0,40.53
Built-up  Area,Ready To Move,Ganga Nagar,2,1200.0,3.0,2.0,52.0
Built-up  Area,Ready To Move,Brooke Bond First Cross,2,1275.0,2.0,3.0,69.0
Super built-up  Area,18-May,Dwaraka Nagar,3,1300.0,2.0,1.0,51.0
Super built-up  Area,Ready To Move,Keshava Nagar,3,1623.0,3.0,3.0,155.0
Super built-up  Area,18-Aug,Garebhavipalya,3,1275.0,3.0,2.0,55.0
Plot  Area,Ready To Move,7th Block Jayanagar,3,2400.0,3.0,0.0,408.0
Built-up  Area,Ready To Move,Sidedahalli,1,900.0,1.0,1.0,52.3
Super built-up  Area,Ready To Move,AGS Layout,2,1075.0,2.0,1.0,48.38
Super built-up  Area,Ready To Move,Lake City,2,780.0,2.0,1.0,31.0
Super built-up  Area,Ready To Move,Varsova Layout,2,1088.0,2.0,2.0,43.5
Super built-up  Area,Ready To Move,Parappana Agrahara,2,1194.0,2.0,2.0,45.0
Super built-up  Area,Ready To Move,Volagerekallahalli,2,1070.0,2.0,2.0,32.99
Super built-up  Area,Ready To Move,Marasandra,2,1000.0,2.0,1.0,31.0
Built-up  Area,Ready To Move,Nandini Layout,2,1200.0,2.0,1.0,110.0
Plot  Area,18-Apr,tc.palya,3,1400.0,2.0,1.0,78.0
Plot  Area,Ready To Move,Banjara Layout,3,900.0,3.0,1.0,79.0
Super built-up  Area,Ready To Move,Jaya Mahal layout,3,2648.0,3.0,3.0,238.0
Built-up  Area,Ready To Move,Sanne Amanikere,3,1455.0,2.0,1.0,45.0
Super built-up  Area,22-Jan,Vajarahalli,3,1475.0,3.0,1.0,80.0
Super built-up  Area,Ready To Move,Brooke Bond First Cross,3,1721.0,3.0,2.0,93.0
Built-up  Area,Ready To Move,Kodbisanhalli,3,1480.0,3.0,2.0,75.0
Super built-up  Area,Ready To Move,Kodigehalli,2,635.0,1.0,1.0,28.0
Plot  Area,Ready To Move,BEML Layout,2,2400.0,2.0,1.0,228.0
Built-up  Area,Ready To Move,Vaishnavi Layout,4,4800.0,4.0,3.0,420.0
Super built-up  Area,22-Jun,2nd Phase Judicial Layout,2,900.0,2.0,2.0,41.0
Built-up  Area,Ready To Move,Neelamangala,2,1163.0,2.0,2.0,68.0
Super built-up  Area,18-Apr,Pragathi Nagar,1,801.0,1.0,0.0,33.645
Built-up  Area,Ready To Move,Ngef Layout,4,2100.0,3.0,1.0,1000.0
Built-up  Area,Ready To Move,Amblipura,3,1300.0,2.0,1.0,80.0
Super built-up  Area,Ready To Move,Ramamurthy Nagar Extension,3,1540.0,3.0,2.0,65.0
Super built-up  Area,18-May,Doctors Layout,3,1215.0,2.0,2.0,46.8
Built-up  Area,Ready To Move,Bagalur,4,2400.0,4.0,3.0,135.0
Super built-up  Area,Ready To Move,Ganga Nagar,2,998.0,2.0,2.0,65.0
Plot  Area,Ready To Move,Maruthi Nagar,10,3300.0,9.0,2.0,450.0
Built-up  Area,Ready To Move,2nd Phase JP Nagar,2,1040.0,2.0,2.0,78.0
Super built-up  Area,Ready To Move,KSRTC Layout,3,1215.0,2.0,3.0,50.0
Super built-up  Area,Ready To Move,BSM Extension,2,975.0,2.0,2.0,45.0
Built-up  Area,Ready To Move,Ambedkar Colony,3,1907.0,2.0,1.0,200.0
Super built-up  Area,Ready To Move,Banashankari 6th Stage,2,1330.0,2.0,2.0,80.0
Plot  Area,Ready To Move,Dodsworth Layout,3,4446.0,3.0,2.0,410.0
Plot  Area,Ready To Move,Jnana Ganga Nagar,3,1320.0,2.0,1.0,95.0
Plot  Area,Ready To Move,Shetty Halli,5,8000.0,5.0,3.0,550.0
Super built-up  Area,Ready To Move,Konena Agrahara,2,1000.0,2.0,1.0,50.0
Super built-up  Area,Ready To Move,Vignana Nagar,2,1000.0,2.0,2.0,35.0
Super built-up  Area,18-Aug,Jeevan bima nagar,2,1225.0,2.0,2.0,48.0
Carpet  Area,Ready To Move,Munivenkatppa Layout,4,4500.0,3.0,0.0,225.0
Super built-up  Area,Ready To Move,Sadanand Nagar,3,3500.0,4.0,2.0,500.0
Plot  Area,Ready To Move,Brindavan Layout,4,2200.0,2.0,0.0,150.0
Plot  Area,Ready To Move,Bethel Nagar,3,1092.0,3.0,1.0,95.0
Built-up  Area,21-Dec,"Judicial Layout, Kanakapura Road,",3,1100.0,3.0,2.0,53.0
Super built-up  Area,Ready To Move,Chambenahalli,2,1170.0,2.0,3.0,50.0
Super built-up  Area,Ready To Move,B Narayanapura,2,1075.0,2.0,2.0,50.0
Super built-up  Area,Ready To Move,P&T Layout,2,935.0,2.0,1.0,45.9
Built-up  Area,Ready To Move,8th Block Jayanagar,6,2000.0,6.0,3.0,300.0
Super built-up  Area,Ready To Move,Dodda Banaswadi,2,1120.0,2.0,3.0,36.0
Built-up  Area,Ready To Move,Shanti Nagar,2,1130.0,2.0,1.0,75.0
Built-up  Area,18-May,Varanasi,2,1334.0,2.0,1.0,62.0
Built-up  Area,Ready To Move,Vishwapriya Layout,5,2800.0,5.0,3.0,130.0
Super built-up  Area,Ready To Move,cooketown,3,1900.0,3.0,2.0,190.0
Plot  Area,Ready To Move,Rajarajeshwarinagar,4,1200.0,5.0,2.0,325.0
Super built-up  Area,18-Apr,Peenya,2,966.0,2.0,2.0,50.0
Plot  Area,Ready To Move,AMS Layout,4,1200.0,4.0,1.0,110.0
Plot  Area,Ready To Move,Kodigehalli,4,1320.0,4.0,3.0,249.0
Super built-up  Area,18-May,Kathriguppe IV Phase,3,1630.0,3.0,2.0,131.0
Plot  Area,Ready To Move,Pampa Extension,4,1200.0,4.0,2.0,250.0
Built-up  Area,Ready To Move,KR Layout,1,1050.0,2.0,2.0,41.0
Super built-up  Area,Ready To Move,Akshaya Vana,2,1427.0,2.0,2.0,52.0
Plot  Area,19-Jan,Basaveshwara Nagar Yelahanka,3,3210.0,4.0,2.0,380.0
Super built-up  Area,Ready To Move,1Hoysalanagar,13,5425.0,13.0,0.0,275.0
Plot  Area,Ready To Move,Andrahalli,4,1200.0,4.0,2.0,135.0
Built-up  Area,Ready To Move,Gollahalli,2,1050.0,2.0,1.0,48.0
Built-up  Area,Ready To Move,Banjara Layout,4,3750.0,5.0,3.0,145.0
Plot  Area,Ready To Move,PC Palaya,2,900.0,2.0,1.0,48.0
Super built-up  Area,Ready To Move,Vasanthapura,2,978.0,2.0,1.0,34.22
Built-up  Area,Ready To Move,Sathya Sai Layout,4,4041.0,4.0,2.0,345.0
Super built-up  Area,19-Oct,Soppahalli,1,620.0,1.0,1.0,25.0
Built-up  Area,Ready To Move,Ejipura,2,1210.0,2.0,0.0,75.0
Super built-up  Area,18-Apr,Aavalahalli,2,1180.0,2.0,3.0,41.94
Built-up  Area,Ready To Move,Kodbisanhalli,3,1430.0,3.0,2.0,70.0
Plot  Area,Ready To Move,Kattigenahalli,2,1200.0,1.0,0.0,70.0
Super built-up  Area,Ready To Move,Basaveshwara Nagar Yelahanka,3,1950.0,4.0,3.0,95.0
Plot  Area,Ready To Move,Jayanti Nagar,2,1200.0,3.0,1.0,70.0
Super built-up  Area,18-May,New Gurappana Palya,3,1250.0,3.0,2.0,40.0
Built-up  Area,Ready To Move,Virudhu Nagar,2,1130.0,2.0,2.0,68.0
Super built-up  Area,Ready To Move,Kodbisanhalli,2,1245.0,1.0,3.0,60.0
Super built-up  Area,Ready To Move,Byrasandra,3,1390.0,2.0,1.0,50.0
Super built-up  Area,Ready To Move,Jakkur Plantation,3,2750.0,5.0,2.0,275.0
Built-up  Area,Ready To Move,Prakash Nagar,2,800.0,2.0,2.0,55.0
Super built-up  Area,Ready To Move,Cambridge Layout,2,1244.0,2.0,2.0,95.0
Plot  Area,Ready To Move,Bharat Nagar,3,1500.0,4.0,2.0,180.0
Built-up  Area,Ready To Move,Garebhavipalya,2,1200.0,2.0,1.0,75.0
Plot  Area,Ready To Move,Ramchandrapuram,1,400.0,2.0,1.0,50.0
Super built-up  Area,Ready To Move,Janatha Colony,2,1100.0,2.0,2.0,57.6
Super built-up  Area,Ready To Move,Vishwanatha Nagenahalli,3,2159.0,3.0,2.0,120.0
Plot  Area,Ready To Move,Gkvk Layout,3,1200.0,4.0,2.0,180.0
Built-up  Area,Ready To Move,Channasandra Layout,5,3100.0,6.0,1.0,165.0
Built-up  Area,Ready To Move,Hegganahalli,1,1200.0,1.0,0.0,48.0
Super built-up  Area,Ready To Move,Dodsworth Layout,2,1340.0,2.0,1.0,71.0
Super built-up  Area,Ready To Move,RMV Extension,3,1675.0,3.0,3.0,62.0
Super built-up  Area,Ready To Move,"Hoodi Circle,",2,1190.0,2.0,2.0,59.9
Super built-up  Area,Ready To Move,Veersandra,2,1250.0,2.0,1.0,55.0
Built-up  Area,Ready To Move,ITI Layout,2,1450.0,2.0,2.0,90.0
Super built-up  Area,Ready To Move,Ramanashree Enclave,2,1275.0,2.0,2.0,49.5
Plot  Area,Ready To Move,Banjara Layout,3,2500.0,4.0,0.0,140.0
Built-up  Area,Ready To Move,Bidadi,4,3600.0,4.0,0.0,225.0
Super built-up  Area,Ready To Move,Chikku Lakshmaiah Layout,3,2300.0,3.0,2.0,280.0
Built-up  Area,Ready To Move,Gnana Bharathi,9,3200.0,8.0,1.0,130.0
Plot  Area,Ready To Move,Pillahalli,3,1900.0,2.0,2.0,92.0
Super built-up  Area,18-May,Anugrah Layout,3,1250.0,3.0,3.0,40.0
Plot  Area,Ready To Move,Meenakunte,3,3900.0,3.0,3.0,250.0
Plot  Area,Ready To Move,Ramesh Nagar,2,1400.0,2.0,2.0,160.0
Super built-up  Area,Ready To Move,Hiremath Layout,3,1715.0,3.0,2.0,95.0
Super built-up  Area,Ready To Move,Ashok Nagar,2,703.0,2.0,1.0,60.0
Super built-up  Area,Ready To Move,Suddaguntepalya,3,1400.0,2.0,2.0,56.0
Plot  Area,Ready To Move,Kodigehalli,3,1200.0,4.0,1.0,156.0
Super built-up  Area,Ready To Move,Poornapragna Housing Society Layout,3,1270.0,2.0,2.0,57.15
Plot  Area,Ready To Move,Venkateswara Nagar,1,600.0,1.0,0.0,20.0
Plot  Area,Ready To Move,Chikkagubbi,4,4382.0,4.0,3.0,400.0
Plot  Area,Ready To Move,Poornapragna Housing Society Layout,3,2400.0,3.0,0.0,360.0
Super built-up  Area,Ready To Move,Banashankari 2 nd Stage,3,1030.0,2.0,2.0,77.25
Super built-up  Area,22-Jan,Vajarahalli,3,1254.0,2.0,1.0,70.0
Super built-up  Area,Ready To Move,Cambridge Layout,3,1669.0,3.0,2.0,298.0
Super built-up  Area,Ready To Move,Rajiv Gandhi Nagar,2,1293.0,2.0,2.0,80.0
Super built-up  Area,Ready To Move,MLA Layout,2,1050.0,2.0,1.0,36.0
Super built-up  Area,Ready To Move,Dodda Banaswadi,3,1500.0,3.0,2.0,56.0
Plot  Area,18-May,Esther Enclave Layout,2,1000.0,2.0,0.0,66.0
Super built-up  Area,Ready To Move,Dodda Nekkundi Extension,3,1864.0,3.0,3.0,115.0
Plot  Area,Ready To Move,KR Garden,2,1200.0,2.0,3.0,135.0
Super built-up  Area,Ready To Move,Dodda Nekkundi Extension,3,1950.0,2.0,2.0,89.5
Built-up  Area,Ready To Move,Annapurneshwari Nagar,4,2400.0,4.0,1.0,150.0
Super built-up  Area,Ready To Move,Kammagondahalli,2,1263.0,2.0,1.0,51.5
Built-up  Area,Ready To Move,D Group Employees Layout,5,4400.0,5.0,3.0,240.0
Super built-up  Area,Ready To Move,Alfa Garden Layout,2,1050.0,2.0,2.0,38.0
Super built-up  Area,Ready To Move,Banagiri Nagar,3,1525.0,2.0,2.0,91.48
Super built-up  Area,Ready To Move,Austin Town,2,975.0,2.0,1.0,60.0
Super built-up  Area,Ready To Move,Rammana Layout,3,2000.0,3.0,2.0,100.0
Built-up  Area,Ready To Move,Remco Bhel Layout,2,1220.0,2.0,0.0,56.0
Plot  Area,Ready To Move,A Narayanapura,1,1500.0,2.0,0.0,85.0
Plot  Area,Ready To Move,Marasandra,4,5000.0,5.0,3.0,300.0
Built-up  Area,Ready To Move,Rajapura,2,1000.0,2.0,0.0,50.0
Plot  Area,Ready To Move,Bagalakunte,2,1200.0,4.0,1.0,138.0
Built-up  Area,Ready To Move,RPC layout,2,1100.0,2.0,2.0,68.0
Plot  Area,Ready To Move,Vijaya Bank Layout,6,4000.0,6.0,2.0,460.0
Super built-up  Area,18-Mar,Phase 1 Kammasandra,2,1105.0,2.0,2.0,28.18
Super built-up  Area,Ready To Move,Amblipura,4,2950.0,4.0,2.0,250.0
Built-up  Area,Ready To Move,Hennur Gardens,3,1464.0,2.0,2.0,115.0
Super built-up  Area,Ready To Move,HMT Layout,3,1385.0,3.0,3.0,90.0
Super built-up  Area,Ready To Move,Volagerekallahalli,2,1205.0,2.0,1.0,47.0
Super built-up  Area,Ready To Move,Volagerekallahalli,2,1070.0,2.0,2.0,33.43
Super built-up  Area,Ready To Move,Kodathi,2,1070.0,2.0,1.0,52.0
Super built-up  Area,Ready To Move,Yeshwanthpur Industrial Suburb,2,1415.0,2.0,2.0,120.0
Built-up  Area,21-Dec,"Electronic city Phase 1,",3,1750.0,3.0,2.0,58.0
Super built-up  Area,18-Dec,Raja Rajeshwari Nagara,3,1537.0,3.0,2.0,81.0
Built-up  Area,Ready To Move,Chennappa Layout,2,1050.0,2.0,2.0,45.0
Plot  Area,Ready To Move,5th Block Jayanagar,4,10624.0,4.0,2.0,2340.0
Built-up  Area,Ready To Move,Shingapura,3,1255.0,2.0,1.0,60.0
Plot  Area,Ready To Move,Lal Bahadur Shastri Nagar,3,2400.0,2.0,2.0,185.0
Super built-up  Area,Ready To Move,Gollahalli,2,1170.0,2.0,1.0,45.51
Built-up  Area,Ready To Move,Nagawara Junction,2,1080.0,2.0,2.0,38.0
Super built-up  Area,Ready To Move,Thirupalya,2,1025.0,2.0,1.0,65.0
Built-up  Area,Ready To Move,New Thippasandra,2,1020.0,2.0,1.0,70.0
Super built-up  Area,Ready To Move,5th Block Hbr Layout,2,1100.0,2.0,2.0,48.0
Super built-up  Area,Ready To Move,Venugopal Reddy Layout,2,1155.0,2.0,2.0,69.0
Built-up  Area,Ready To Move,Vishveshwarya Layout,6,4000.0,6.0,0.0,230.0
Plot  Area,Ready To Move,Govindaraja Nagar Ward,5,2600.0,5.0,3.0,370.0
Plot  Area,Ready To Move,Gidada Konnenahalli,4,1200.0,4.0,2.0,240.0
Super built-up  Area,Ready To Move,Jayanagar,3,2030.0,2.0,1.0,182.0
Super built-up  Area,Ready To Move,Shikaripalya,3,1555.0,2.0,1.0,67.0
Super built-up  Area,Ready To Move,frazertown,3,2900.0,3.0,2.0,325.0
Super built-up  Area,Ready To Move,Off Bannergatta road,4,2180.0,4.0,3.0,115.0
Super built-up  Area,18-Apr,Konanakunte Cross,2,1050.0,2.0,2.0,35.0
Super built-up  Area,Ready To Move,Vaderahalli,3,1610.0,3.0,3.0,85.0
Built-up  Area,Ready To Move,Manorayana Palya,2,1500.0,2.0,0.0,145.0
Plot  Area,Ready To Move,Hiremath Layout,4,3150.0,3.0,1.0,135.0
Super built-up  Area,Ready To Move,Tirumanahalli,2,1255.0,2.0,1.0,56.7
Plot  Area,19-Mar,Hoskote near,2,600.0,2.0,2.0,29.5
Built-up  Area,Ready To Move,"Haralur Road,",4,2597.0,4.0,3.0,189.0
Super built-up  Area,Ready To Move,Mahaganapathy Nagar,2,1410.0,2.0,2.0,73.0
Built-up  Area,Ready To Move,Green View Layout,2,1150.0,2.0,1.0,42.0
Super built-up  Area,18-Jul,Udayapur Village,2,1170.0,2.0,2.0,53.11
Super built-up  Area,Ready To Move,Adugodi,2,1201.0,2.0,1.0,65.0
Super built-up  Area,Ready To Move,Thippasandra,1,660.0,1.0,0.0,30.0
Super built-up  Area,Ready To Move,ISRO Layout,3,1370.0,2.0,2.0,87.0
Plot  Area,Ready To Move,Bagalakunte,2,1050.0,2.0,0.0,40.0
Built-up  Area,Ready To Move,Austin Town,2,950.0,2.0,0.0,65.0
Plot  Area,Ready To Move,kg halli jalhalli west,3,980.0,3.0,1.0,80.0
Super built-up  Area,Ready To Move,Vasatha Vallbha Nagar,2,1080.0,2.0,1.0,37.8
Super built-up  Area,Ready To Move,BAGUR ROAD,3,1200.0,2.0,2.0,35.0
Built-up  Area,Ready To Move,Sidedahalli,2,750.0,2.0,0.0,20.0
Super built-up  Area,Ready To Move,Lavakusha Nagar,3,1535.0,3.0,1.0,72.0
Super built-up  Area,Ready To Move,Nallurhalli,2,1265.0,2.0,2.0,68.0
Built-up  Area,Ready To Move,Annasandrapalya,4,3500.0,4.0,0.0,150.0
Plot  Area,Ready To Move,Bileshivale,4,5400.0,4.0,2.0,250.0
Super built-up  Area,20-Apr,Shettigere,1,660.0,1.0,1.0,35.0
Super built-up  Area,Ready To Move,Byrasandra,2,1140.0,2.0,3.0,60.0
Built-up  Area,Ready To Move,5th Block Hbr Layout,5,3600.0,5.0,3.0,130.0
Super built-up  Area,Ready To Move,Dodda Nekkundi Extension,3,1458.0,2.0,2.0,87.0
Super built-up  Area,Ready To Move,Belathur,2,1081.0,2.0,1.0,39.0
Super built-up  Area,Ready To Move,Pampa Extension,2,1178.0,2.0,1.0,80.0
Super built-up  Area,Ready To Move,Attur Layout,7,4000.0,8.0,1.0,150.0
Built-up  Area,Ready To Move,Varsova Layout,4,2700.0,4.0,3.0,295.0
Super built-up  Area,Ready To Move,Hanumanth Nagar,2,1175.0,2.0,2.0,52.86
Plot  Area,Ready To Move,Cholanayakanahalli,2,1300.0,2.0,2.0,95.0
Built-up  Area,19-Mar,"Panathur Road,",1,936.0,1.0,0.0,53.0
Super built-up  Area,Ready To Move,Kaverappa Layout,2,1277.0,2.0,2.0,92.0
Super built-up  Area,Ready To Move,Gkvk Layout,2,1200.0,2.0,1.0,54.0
Plot  Area,Ready To Move,Vivek Nagar,2,1600.0,2.0,1.0,160.0
Plot  Area,Ready To Move,Bendiganahalli,5,2400.0,5.0,1.0,150.0
Plot  Area,Ready To Move,Domlur Layout,4,2400.0,4.0,2.0,595.0
Plot  Area,Ready To Move,Mylasandra,1,500.0,2.0,0.0,80.0
Plot  Area,Ready To Move,Parappana Agrahara,1,1200.0,1.0,0.0,45.0
Super built-up  Area,Ready To Move,Doddanakundi Industrial Area 2,2,1092.0,2.0,1.0,49.0
Super built-up  Area,Ready To Move,Kachanayakanahalli,2,827.0,2.0,0.0,34.0
Super built-up  Area,Ready To Move,Shanthi Pura,2,800.0,2.0,1.0,32.0
Super built-up  Area,Ready To Move,Basaveshwara Nagar Yelahanka,2,1055.0,2.0,1.0,43.0
Super built-up  Area,20-Apr,Viviani Road,3,2214.0,3.0,2.0,350.0
Super built-up  Area,Ready To Move,Keshava Nagar,3,1839.0,3.0,3.0,160.0
Built-up  Area,Ready To Move,Sampangirama Nagar,5,2760.0,5.0,2.0,140.0
Super built-up  Area,Ready To Move,Shankarapuram,2,925.0,2.0,1.0,100.0
Super built-up  Area,18-Aug,Byatarayanapura,1,650.0,1.0,1.0,50.0
Plot  Area,Ready To Move,Doctor Layout Rayasandra,2,2260.0,3.0,1.0,90.0
Super built-up  Area,18-Apr,Anwar Layout,1,720.0,1.0,0.0,32.39
Super built-up  Area,Ready To Move,Ullal Uppanagar,6,2400.0,5.0,2.0,75.0
Super built-up  Area,Ready To Move,Chandra Layout,3,1600.0,3.0,2.0,130.0
Super built-up  Area,Ready To Move,Devarabeesana Halli,2,1296.0,2.0,2.0,70.0
Super built-up  Area,Ready To Move,Doctors Layout,2,1125.0,2.0,1.0,55.0
Super built-up  Area,Ready To Move,Doddanakundi Industrial Area 2,2,1194.0,2.0,1.0,51.0
Built-up  Area,Ready To Move,Banashankari Stage I,5,3000.0,4.0,3.0,170.0
Built-up  Area,Ready To Move,Ramanjaneyanagar,4,2200.0,3.0,1.0,225.0
Super built-up  Area,Ready To Move,Byatarayanapura,2,1300.0,2.0,2.0,63.0
Super built-up  Area,Ready To Move,Vishwapriya Layout,2,910.0,2.0,3.0,36.0
Carpet  Area,Ready To Move,2nd Stage Nagarbhavi,5,4000.0,4.0,3.0,240.0
Built-up  Area,18-Apr,3rd Block Banashankari,3,1626.6,3.0,1.0,133.0
Built-up  Area,Ready To Move,Coconut Grove Layout,2,1007.0,2.0,2.0,48.0
Plot  Area,Ready To Move,Anjappa Layout,2,1348.0,2.0,0.0,100.0
Built-up  Area,18-Jun,"Off Sarjapur Road,",2,1298.0,2.0,1.0,65.0
Plot  Area,Ready To Move,Himagiri Meadows,4,1350.0,4.0,0.0,175.0
Super built-up  Area,Ready To Move,Motappa Layout,3,1312.0,2.0,1.0,56.5
Super built-up  Area,Ready To Move,Medahalli,2,760.0,2.0,2.0,38.5
Super built-up  Area,Ready To Move,Basava Nagar,3,1182.0,2.0,1.0,60.1
Super built-up  Area,Ready To Move,Avalahalli,2,1053.0,2.0,1.0,46.29
Super built-up  Area,18-Oct,Chennammana Kere,2,1035.0,2.0,2.0,52.79
Plot  Area,Ready To Move,Mahalakshmi Layout,8,4482.0,6.0,2.0,852.0
Plot  Area,Ready To Move,Michael Palaya,3,1200.0,3.0,0.0,200.0
Super built-up  Area,Ready To Move,Doddanakundi Industrial Area 2,3,1410.0,3.0,3.0,90.0
Super built-up  Area,Ready To Move,RBI Layout,3,1460.0,2.0,2.0,87.0
Super built-up  Area,Ready To Move,Lakshmiamma Garden,3,3000.0,3.0,1.0,265.0
Super built-up  Area,Ready To Move,Guni Agrahara,3,1200.0,2.0,2.0,120.0
Super built-up  Area,Ready To Move,Ganga Nagar,2,1250.0,2.0,2.0,65.0
Super built-up  Area,Ready To Move,BEL Road,3,1800.0,3.0,2.0,150.0
Plot  Area,Ready To Move,Madavara,2,1000.0,2.0,1.0,35.0
Built-up  Area,Ready To Move,Akash Nagar,2,967.0,2.0,1.0,47.8
Super built-up  Area,Ready To Move,Seetharampalya,3,1798.0,3.0,3.0,73.0
Super built-up  Area,Ready To Move,Cambridge Layout,3,2098.0,3.0,1.0,210.0
Super built-up  Area,Ready To Move,3rd Phase JP Nagar,3,2400.0,3.0,1.0,270.0
Super built-up  Area,Ready To Move,cooketown,3,1800.0,3.0,3.0,192.0
Super built-up  Area,19-Jan,Shauhardha Layout,1,509.0,1.0,1.0,20.0
Super built-up  Area,Ready To Move,Kaverappa Layout,4,3535.0,4.0,2.0,215.0
Super built-up  Area,Ready To Move,Omkar Nagar,4,1800.0,3.0,2.0,82.0
Super built-up  Area,Ready To Move,Chikkadunnasandra,3,1397.0,2.0,2.0,52.0
Plot  Area,Ready To Move,Bank Of Baroda Colony,5,2350.0,5.0,2.0,325.0
Carpet  Area,Ready To Move,Bhoopsandra,3,2050.0,3.0,2.0,135.0
Plot  Area,Ready To Move,Thirumenahalli,2,2100.0,1.0,1.0,200.0
Super built-up  Area,Ready To Move,Victoria Layout,2,1276.0,2.0,0.0,146.0
Super built-up  Area,17-Oct,Divya Unnathi Layout,2,1339.0,2.0,1.0,53.56
Built-up  Area,Ready To Move,Harohalli,2,1305.0,2.0,2.0,52.0
Super built-up  Area,Ready To Move,Ittamadu,3,1600.0,3.0,2.0,100.0
Built-up  Area,Ready To Move,Dollars Colony,4,2100.0,3.0,2.0,280.0
Super built-up  Area,Ready To Move,Stage-4 Bommanahalli,3,2300.0,2.0,2.0,69.0
Super built-up  Area,Ready To Move,3rd Block Koramangala,3,2100.0,3.0,1.0,270.0
Super built-up  Area,Ready To Move,2nd Phase JP Nagar,2,850.0,2.0,1.0,42.5
Built-up  Area,21-Dec,"Electronic city phase 1,",2,1150.0,2.0,1.0,39.0
Built-up  Area,Ready To Move,Jakkur Plantation,4,3500.0,4.0,3.0,320.0
Super built-up  Area,Ready To Move,Lavakusha Nagar,3,1545.0,3.0,2.0,65.0
Super built-up  Area,Ready To Move,Kuvempu Nagar,3,1540.0,3.0,2.0,150.0
Built-up  Area,Ready To Move,Sri Balaji Krupa Layout,4,3200.0,4.0,0.0,270.0
Plot  Area,Ready To Move,Domlur Layout,2,900.0,2.0,2.0,160.0
Built-up  Area,18-Jun,Anathanagar,2,1050.0,2.0,2.0,45.0
Super built-up  Area,Ready To Move,Basavanapura,2,1165.0,2.0,1.0,65.0
Built-up  Area,Ready To Move,St. John's Road,4,4000.0,4.0,2.0,630.0
Plot  Area,Ready To Move,adigondanhalli,2,1200.0,1.0,0.0,42.0
Built-up  Area,Ready To Move,"Whitefield,",2,1300.0,2.0,1.0,58.0
Super built-up  Area,Ready To Move,Thyagaraja Nagar,7,3000.0,6.0,3.0,180.0
Super built-up  Area,Ready To Move,Off Bannergatta Road,3,1645.0,3.0,2.0,87.0
Built-up  Area,Ready To Move,Kammagondahalli,6,2700.0,7.0,3.0,110.0
Super built-up  Area,Ready To Move,Kanakapura  Rod,3,1305.0,2.0,1.0,45.68
Super built-up  Area,Ready To Move,Kallumantapa,2,1255.0,2.0,3.0,65.0
Built-up  Area,Ready To Move,Byrathi Village,2,800.0,1.0,3.0,95.0
Plot  Area,Ready To Move,Krishna Nagar,4,1650.0,2.0,1.0,140.0
Super built-up  Area,18-Jan,Ashok Nagar,4,8321.0,5.0,2.0,2912.0
Super built-up  Area,Ready To Move,Naganathapura,3,1451.0,3.0,1.0,68.0
Plot  Area,Ready To Move,Meenakunte,3,4395.0,3.0,3.0,240.0
Super built-up  Area,Ready To Move,Abbaiah Reddy Layout,2,1100.0,2.0,2.0,38.5
Built-up  Area,Ready To Move,"Sarjapur Road,",3,1936.0,3.0,2.0,139.0
Super built-up  Area,19-Dec,Richmond Road,3,3500.0,3.0,1.0,630.0
Built-up  Area,Ready To Move,Upadhyaya Layout,2,935.0,2.0,0.0,40.0
Built-up  Area,Ready To Move,Ashwath Nagar,2,1220.0,2.0,3.0,65.0
Built-up  Area,18-Dec,Huskur,3,1400.0,2.0,1.0,40.43
Super built-up  Area,Ready To Move,Agrahara Dasarahalli,1,1200.0,1.0,0.0,65.0
Plot  Area,Ready To Move,Ittamadu,3,1800.0,3.0,0.0,95.0
Built-up  Area,Ready To Move,Avalahalli,3,2045.0,3.0,2.0,108.0
Super built-up  Area,Ready To Move,Tejaswini Nagar,3,1410.0,2.0,1.0,54.0
Super built-up  Area,Ready To Move,Govindapura,2,1310.0,2.0,1.0,88.0
Super built-up  Area,Ready To Move,Lottegolla Halli,2,1250.0,2.0,2.0,55.0
Built-up  Area,Ready To Move,Hosahalli Extension,5,2000.0,5.0,2.0,240.0
Built-up  Area,Ready To Move,3rd Phase JP Nagar,4,4500.0,4.0,3.0,345.0
Built-up  Area,Ready To Move,Byadarahalli,3,3155.0,4.0,2.0,316.0
Super built-up  Area,Ready To Move,Telecom Layout,2,1200.0,2.0,1.0,54.0
Super built-up  Area,Ready To Move,Hennur Gardens,2,1441.0,2.0,1.0,115.0
Super built-up  Area,Ready To Move,Kodipalya,1,418.0,1.0,1.0,17.0
Plot  Area,Ready To Move,Vishwapriya Nagar,3,1200.0,3.0,1.0,80.0
Built-up  Area,Ready To Move,ISRO Layout,2,1200.0,2.0,3.0,43.0
Plot  Area,Ready To Move,Postal Colony,3,1500.0,2.0,1.0,200.0
Super built-up  Area,Ready To Move,Kadabagere,2,675.0,2.0,2.0,13.5
Super built-up  Area,19-Dec,Anwar Layout,1,610.0,1.0,0.0,28.0
Plot  Area,Ready To Move,Bileshivale,6,2400.0,7.0,2.0,107.0
Built-up  Area,Ready To Move,Dodda Nekkundi Extension,3,1864.0,3.0,2.0,120.0
Built-up  Area,Ready To Move,Jakkasandra Extension,2,950.0,2.0,3.0,57.0
Built-up  Area,Ready To Move,Singapura Village,2,985.0,2.0,1.0,45.0
Super built-up  Area,18-May,Nallurhalli,2,1100.0,2.0,1.0,62.0
Super built-up  Area,Ready To Move,Puttanahalli,4,1530.0,3.0,3.0,87.0
Plot  Area,Ready To Move,Chandra Layout,3,1200.0,2.0,0.0,190.0
Plot  Area,Ready To Move,Akshaya Vana,4,1200.0,4.0,2.0,165.0
Super built-up  Area,Ready To Move,Kamakya Layout,4,2400.0,3.0,1.0,108.0
Plot  Area,Ready To Move,2nd Stage Nagarbhavi,4,1500.0,3.0,2.0,230.0
Plot  Area,Ready To Move,"MEI layout, Bagalgunte",3,1200.0,2.0,0.0,90.0
Built-up  Area,Ready To Move,Gnana Bharathi,6,3600.0,6.0,1.0,170.0
Super built-up  Area,Ready To Move,Keshava Nagar,2,1279.0,2.0,3.0,100.0
Super built-up  Area,18-May,SRINIVASAPURA,3,1525.0,3.0,2.0,68.63
Built-up  Area,Ready To Move,Sidedahalli,2,900.0,2.0,0.0,25.0
Built-up  Area,Ready To Move,Jeevanhalli,4,1200.0,2.0,2.0,35.0
Built-up  Area,Ready To Move,Ramamurthy Nagar Extension,2,1185.0,2.0,1.0,42.66
Plot  Area,Ready To Move,Mahalakshmi Puram,5,1550.0,3.0,1.0,250.0
Plot  Area,Ready To Move,"Gubbi Cross, Hennur Main Road",4,3600.0,4.0,2.0,300.0
Plot  Area,Ready To Move,Byrathi Village,3,1600.0,4.0,1.0,120.0
Plot  Area,Ready To Move,Sabari Nagar,2,1120.0,2.0,0.0,60.0
Super built-up  Area,Ready To Move,Ashraya Layout,6,5100.0,7.0,2.0,225.0
Built-up  Area,Ready To Move,"Thanisandra Main Road,",2,1308.0,2.0,1.0,86.0
Built-up  Area,Ready To Move,Infantry Road,4,2170.0,3.0,2.0,265.0
Plot  Area,Ready To Move,Sarvabhouma Nagar,5,1500.0,5.0,2.0,210.0
Super built-up  Area,Ready To Move,Byrasandra,2,1100.0,2.0,2.0,55.0
Super built-up  Area,Ready To Move,Neelamangala,2,1000.0,2.0,1.0,45.0
Super built-up  Area,17-Mar,Kammagondahalli,3,1347.0,2.0,2.0,55.0
Super built-up  Area,Ready To Move,Whitefield ECC Road,2,1225.0,2.0,2.0,71.05
Built-up  Area,18-Apr,Koppa,7,4000.0,7.0,2.0,90.0
Super built-up  Area,Ready To Move,Lavelle Road,3,1919.0,3.0,0.0,300.0
Plot  Area,18-Apr,Maruthi nagar kogilu,2,1200.0,3.0,0.0,78.0
Super built-up  Area,Ready To Move,Krishna Reddy Layout,3,2180.0,3.0,3.0,273.0
Super built-up  Area,Ready To Move,Jai Bheema Nagar,2,1339.0,2.0,2.0,55.0
Super built-up  Area,Ready To Move,Ayappa Nagar,3,1449.0,3.0,1.0,72.0
Plot  Area,Ready To Move,Chikkasandra,4,1200.0,4.0,2.0,180.0
Super built-up  Area,18-May,Brindavan Layout,2,1100.0,2.0,2.0,38.68
Super built-up  Area,Ready To Move,Billamaranahalli,2,1100.0,2.0,3.0,55.0
Super built-up  Area,Ready To Move,Hanumantha Nagar,8,3300.0,8.0,3.0,310.0
Plot  Area,Ready To Move,Prasanti Nagar,4,1200.0,4.0,1.0,190.0
Built-up  Area,Ready To Move,3rd Block Hrbr Layout,2,1300.0,2.0,3.0,95.0
Super built-up  Area,Ready To Move,Vignana Nagar,2,1350.0,2.0,2.0,89.5
Built-up  Area,Ready To Move,"Banasawadi,",3,2312.0,3.0,2.0,156.0
Built-up  Area,Ready To Move,Jayamahal,2,1175.0,2.0,1.0,70.0
Super built-up  Area,Ready To Move,Vinayaka Nagar,2,1145.0,2.0,2.0,51.0
Built-up  Area,Ready To Move,3rd Block Jayanagar,3,2150.0,3.0,3.0,240.0
Super built-up  Area,Ready To Move,Gulimangala,3,1690.0,3.0,3.0,50.0
Plot  Area,Ready To Move,Nagashetty Halli,4,1386.0,3.0,2.0,93.0
Super built-up  Area,Ready To Move,Devasandra Extension,2,1090.0,2.0,2.0,32.0
Super built-up  Area,Ready To Move,Channasandra Layout,3,2400.0,2.0,3.0,50.0
Plot  Area,Ready To Move,Kamala Nagar,3,2800.0,3.0,1.0,400.0
Super built-up  Area,Ready To Move,Nagasandra,3,1650.0,3.0,2.0,95.0
Super built-up  Area,Ready To Move,Suraksha Nagar,3,1559.0,3.0,2.0,62.0
Super built-up  Area,Ready To Move,Sathya Sai Layout,4,6652.0,6.0,1.0,510.0
Plot  Area,Ready To Move,Bank Of Baroda Colony,4,1350.0,4.0,3.0,240.0
Super built-up  Area,Ready To Move,Raja Rajeshwari Nagar 5th Stage,2,1060.0,2.0,1.0,52.0
Plot  Area,Ready To Move,Ganesha Block,3,2500.0,2.0,1.0,300.0
Super built-up  Area,Ready To Move,Banagiri Nagar,3,1500.0,2.0,2.0,120.0
Built-up  Area,Ready To Move,Byrathi Village,4,1700.0,3.0,2.0,55.0
Super built-up  Area,Ready To Move,Amblipura,4,3150.0,4.0,3.0,180.0
Built-up  Area,Ready To Move,Naganathapura,1,1200.0,1.0,0.0,39.82
Built-up  Area,Ready To Move,Konena Agrahara,5,3520.0,6.0,1.0,460.0
Super built-up  Area,Ready To Move,GD Layout,3,1330.0,2.0,2.0,68.0
Super built-up  Area,18-Dec,Sunkan palya,2,927.0,2.0,2.0,37.0
Built-up  Area,Ready To Move,Sunkadakatte,3,1200.0,3.0,1.0,68.0
Built-up  Area,Ready To Move,Jayanti Nagar,2,760.0,2.0,1.0,37.49
Super built-up  Area,Ready To Move,Yeshwanthpur Industrial Suburb,6,3800.0,6.0,2.0,390.0
Plot  Area,Ready To Move,Moodalapalya,1,410.0,1.0,1.0,48.0
Super built-up  Area,Ready To Move,BTM 1st Stage,3,1717.0,3.0,2.0,200.0
Plot  Area,Ready To Move,Gayathri Nagar,2,880.0,1.0,0.0,90.0
Super built-up  Area,18-Aug,Maruthi Nagar,3,1250.0,3.0,2.0,42.0
Built-up  Area,Ready To Move,Bhuvaneshwari Nagar,2,1280.0,2.0,2.0,68.48
Plot  Area,Ready To Move,Medahalli,3,1065.0,3.0,1.0,72.0
Super built-up  Area,Ready To Move,Old Mangammanapalya Road,3,3200.0,4.0,2.0,140.0
Built-up  Area,Ready To Move,Canara Bank Colony,3,1250.0,2.0,1.0,77.13
Super built-up  Area,Ready To Move,Ittamadu,3,1475.0,3.0,3.0,75.0
Carpet  Area,Ready To Move,Maruthi Sevanagar,4,2100.0,3.0,0.0,210.0
Super built-up  Area,Ready To Move,Hessarghatta,3,1330.0,3.0,2.0,65.0
Built-up  Area,17-Sep,Hongasandra,2,1065.0,2.0,2.0,45.0
Plot  Area,Ready To Move,Varsova Layout,6,7000.0,6.0,2.0,560.0
Super built-up  Area,Ready To Move,J C Nagar,3,1525.0,3.0,3.0,65.0
Built-up  Area,Ready To Move,Mahalakshmi Layout,2,1080.0,2.0,1.0,67.0
Built-up  Area,Ready To Move,Bagalur Main Road,2,1220.0,2.0,2.0,72.0
Super built-up  Area,Ready To Move,Govindapura,2,1500.0,2.0,2.0,60.0
Built-up  Area,Ready To Move,Doddakammanahalli,3,2500.0,4.0,2.0,65.0
Built-up  Area,Ready To Move,"Kanakapura Road,",3,1884.0,3.0,2.0,95.0
Built-up  Area,Ready To Move,Dena Bank Colony,2,1100.0,2.0,2.0,75.0
Plot  Area,Ready To Move,BTM 4th Stage,2,1350.0,2.0,0.0,90.0
Plot  Area,Ready To Move,Devanahalli Int. Airport,4,4800.0,5.0,2.0,350.0
Built-up  Area,Ready To Move,"Sarjapur Road,",3,1700.0,3.0,2.0,74.0
Plot  Area,Ready To Move,Hal old airport road,3,1200.0,3.0,2.0,110.0
Super built-up  Area,Ready To Move,Ganga Nagar,1,705.0,1.0,1.0,65.0
Super built-up  Area,Ready To Move,Anantapuram,3,1495.0,2.0,1.0,63.0
Built-up  Area,Ready To Move,Chikka Banaswadi,2,1250.0,2.0,3.0,75.0
Super built-up  Area,Ready To Move,Akshayanagara East,2,1230.0,2.0,1.0,50.0
Super built-up  Area,Ready To Move,Belatur,2,1275.0,2.0,2.0,59.0
Super built-up  Area,Ready To Move,Ramanjaneyanagar,2,1040.0,2.0,2.0,36.4
Plot  Area,18-Apr,Sathya Sai Layout,4,4304.0,4.0,2.0,699.0
Super built-up  Area,18-Jun,Javarandoddi,1,648.0,1.0,1.0,40.0
Super built-up  Area,19-Dec,Thanisandra main road,4,4209.0,4.0,2.0,602.0
Super built-up  Area,Ready To Move,Akshya Nagar,3,1320.0,2.0,1.0,58.0
Plot  Area,Ready To Move,Vijaypura,4,1200.0,5.0,1.0,150.0
Super built-up  Area,18-Oct,Chennammana Kere,3,1480.0,3.0,1.0,75.48
Super built-up  Area,Ready To Move,Austin Town,1,500.0,1.0,1.0,13.0
Plot  Area,Ready To Move,3rd Block Banashankari,5,2400.0,4.0,1.0,325.0
Super built-up  Area,Ready To Move,Doddanekundi,2,1128.0,2.0,2.0,48.4
Super built-up  Area,Ready To Move,Guddadahalli,2,1180.0,2.0,2.0,65.0
Built-up  Area,Ready To Move,Ejipura,2,1200.0,2.0,1.0,60.0
Super built-up  Area,18-Apr,Mangammanapalya,3,1250.0,3.0,2.0,39.5
Built-up  Area,Ready To Move,Chelekare,2,1000.0,2.0,1.0,45.0
Super built-up  Area,Ready To Move,Amam Enclave Layout,2,975.0,2.0,1.0,55.0
Built-up  Area,Ready To Move,Kashi Nagar,2,1190.0,2.0,2.0,42.0
Super built-up  Area,Ready To Move,Nanjappa Garden,2,1275.0,2.0,3.0,55.0
Built-up  Area,Ready To Move,Victoria Layout,2,1115.0,2.0,1.0,115.0
Super built-up  Area,18-Aug,4th Phase JP Nagar,2,1080.0,2.0,2.0,38.0
Super built-up  Area,Ready To Move,Gollahalli,2,1170.0,2.0,1.0,39.0
Super built-up  Area,Ready To Move,Anjappa Layout,2,1070.0,2.0,1.0,50.0
Super built-up  Area,Ready To Move,Shikaripalya,3,1532.0,3.0,2.0,59.75
Super built-up  Area,Ready To Move,AGS Layout,2,1150.0,2.0,1.0,46.0
Super built-up  Area,Ready To Move,Chikkakannalli,3,1495.0,3.0,2.0,90.0
Built-up  Area,Ready To Move,Aishwarya Crystal Layout,2,1053.0,2.0,0.0,51.0
Super built-up  Area,18-Apr,OLd Gurappanapalya,3,1250.0,3.0,2.0,39.0
Plot  Area,Ready To Move,Ramanagara Channapatna,4,1200.0,2.0,1.0,75.0
Built-up  Area,Ready To Move,Maheswari Nagar,2,1000.0,2.0,2.0,60.0
Super built-up  Area,Ready To Move,Doddabanahalli,2,830.0,2.0,2.0,26.0
Plot  Area,Ready To Move,Kamakya Layout,6,2750.0,6.0,3.0,200.0
Plot  Area,Ready To Move,Hsr layout sector3,4,1200.0,4.0,3.0,375.0
Built-up  Area,Ready To Move,Thyagraj Nagar,2,660.0,2.0,0.0,76.0
Built-up  Area,Ready To Move,Devasthanagalu,3,1470.0,2.0,3.0,60.0
Built-up  Area,Ready To Move,"Sarjapur Road,",2,1275.0,2.0,1.0,76.0
Super built-up  Area,18-Feb,Thirumenahalli,3,1602.0,3.0,2.0,56.0
Built-up  Area,20-Dec,"Hoodi Circle,",1,793.0,1.0,1.0,40.0
Super built-up  Area,18-May,Kothnoor Dinne,2,1100.0,2.0,2.0,38.0
Super built-up  Area,Ready To Move,Chikka Banaswadi,3,1555.0,3.0,3.0,73.0
Super built-up  Area,Ready To Move,Banagirinagar,3,1630.0,2.0,2.0,130.0
Super built-up  Area,Ready To Move,Suraksha Nagar,3,1563.0,3.0,2.0,63.0
Plot  Area,Ready To Move,Medaralli,4,1344.0,4.0,1.0,84.0
Super built-up  Area,Ready To Move,6th block Koramangala,3,3000.0,3.0,2.0,400.0
Plot  Area,Ready To Move,Ullal Uppanagar,2,1200.0,2.0,0.0,82.0
Super built-up  Area,Ready To Move,Doddanakundi Industrial Area 2,3,1419.0,3.0,2.0,85.0
Super built-up  Area,18-Apr,Sri Sai Layout,2,1195.0,2.0,2.0,42.4
Built-up  Area,Ready To Move,Versova Layout,3,2020.0,3.0,3.0,270.0
Built-up  Area,Ready To Move,Chikkajala,1,850.0,1.0,0.0,50.0
Built-up  Area,Ready To Move,Maruthi Sevanagar,2,933.0,2.0,0.0,55.0
Super built-up  Area,Ready To Move,BSM Extension,2,865.0,2.0,2.0,33.0
Super built-up  Area,Ready To Move,Udayagiri,3,1145.0,2.0,2.0,60.0
Plot  Area,Ready To Move,Madiwala,1,400.0,1.0,1.0,75.0
Super built-up  Area,18-Apr,Madiwala,3,1250.0,3.0,2.0,39.5
Super built-up  Area,Ready To Move,Shankarapuram,2,823.0,2.0,1.0,80.0
Built-up  Area,Ready To Move,Doddakannelli,2,1025.0,2.0,1.0,48.0
Plot  Area,18-Apr,Banjara Layout,4,1200.0,4.0,1.0,105.0
Plot  Area,Ready To Move,Chamundi Nagar,3,1750.0,3.0,2.0,120.0
Super built-up  Area,Ready To Move,Nagashetty Halli,2,750.0,2.0,0.0,40.0
Built-up  Area,Ready To Move,Shampura,7,2800.0,5.0,3.0,95.0
Super built-up  Area,18-Jan,Venkatapura,3,1300.0,3.0,2.0,46.0
Built-up  Area,Ready To Move,RMV,3,2750.0,5.0,2.0,550.0
Super built-up  Area,Ready To Move,Bhoopsandra,3,2150.0,3.0,0.0,170.0
Built-up  Area,Ready To Move,5th Block Hbr Layout,6,5100.0,5.0,3.0,300.0
Plot  Area,Ready To Move,Postal Colony,2,1500.0,1.0,0.0,218.0
Super built-up  Area,Ready To Move,pavitra paradise,3,2200.0,2.0,1.0,190.0
Super built-up  Area,Ready To Move,Jakkur Plantation,2,1368.0,2.0,3.0,87.0
Built-up  Area,Ready To Move,Reliaable Tranquil Layout,3,1507.0,3.0,1.0,80.0
Super built-up  Area,Ready To Move,kadubisnahalli,2,1160.0,2.0,2.0,57.0
Plot  Area,Ready To Move,Kithaganur,3,1200.0,3.0,1.0,70.0
Super built-up  Area,Ready To Move,Amblipura,2,1175.0,2.0,2.0,83.0
Super built-up  Area,Ready To Move,Lavelle Road,3,6729.0,4.0,2.0,900.0
Plot  Area,18-Aug,RMV 2nd Stage,4,1350.0,4.0,1.0,310.0
Super built-up  Area,Ready To Move,Mahalakshmi Layout,3,1200.0,2.0,3.0,110.0
Super built-up  Area,Ready To Move,Geddalahalli,2,893.0,2.0,2.0,34.5
Built-up  Area,Ready To Move,Rahmath Nagar,3,1400.0,3.0,2.0,98.0
Super built-up  Area,18-Feb,Chikkadunnasandra,2,1138.0,2.0,1.0,32.0
Built-up  Area,14-Jul,Kumbena Agrahara,3,1410.0,2.0,2.0,43.71
Built-up  Area,Ready To Move,Chikkanahalli,2,1052.0,2.0,2.0,52.0
Super built-up  Area,18-May,Jayanagar,3,2240.0,3.0,2.0,300.0
Super built-up  Area,Ready To Move,Canara Bank Colony,3,1300.0,3.0,2.0,42.25
Built-up  Area,Ready To Move,Dodda Banaswadi,3,1300.0,2.0,2.0,60.0
Plot  Area,Ready To Move,Halanayakanahalli,3,1520.0,3.0,1.0,165.0
Super built-up  Area,Ready To Move,Manayata Tech Park,2,1050.0,2.0,2.0,45.0
Super built-up  Area,Ready To Move,Maithri Layout,3,1567.0,2.0,3.0,62.0
Plot  Area,Ready To Move,Xavier Layout,3,1524.0,4.0,2.0,400.0
Super built-up  Area,Ready To Move,Ferrar Nagar,4,2360.0,3.0,2.0,185.0
Built-up  Area,Ready To Move,Surabhi Layout,3,1760.0,3.0,3.0,90.0
Super built-up  Area,Ready To Move,Air View Colony,2,1100.0,2.0,1.0,58.5
Built-up  Area,Ready To Move,Ayappa Nagar,2,1236.0,2.0,1.0,50.0
Plot  Area,Ready To Move,9th Block Jayanagar,4,1440.0,4.0,1.0,240.0
Super built-up  Area,Ready To Move,4th Phase JP Nagar,2,600.0,4.0,1.0,70.0
Plot  Area,Ready To Move,Kadugondanahalli,2,800.0,1.0,0.0,45.0
Plot  Area,17-Dec,akshaya nagar t c palya,4,1200.0,4.0,0.0,120.0
Plot  Area,Ready To Move,Laxmi Sagar Layout,3,1892.0,3.0,2.0,200.0
Built-up  Area,Ready To Move,Volagerekallahalli,2,1095.0,2.0,1.0,39.0
Super built-up  Area,Ready To Move,KR Garden,2,1050.0,2.0,2.0,65.0
Plot  Area,18-Jul,mvj engineering college,3,1200.0,3.0,1.0,56.53
Super built-up  Area,Ready To Move,2nd Phase Judicial Layout,3,1681.0,3.0,3.0,69.0
Super built-up  Area,Ready To Move,2nd Block Bel Layout,3,1625.0,3.0,3.0,92.0
Built-up  Area,Ready To Move,Shree Ananth Nagar Layout,2,1080.0,2.0,2.0,38.0
Built-up  Area,Ready To Move,RR Layout,5,2100.0,3.0,0.0,145.0
Super built-up  Area,Ready To Move,4th Block Koramangala,2,1269.0,2.0,2.0,97.0
Super built-up  Area,Ready To Move,Shikaripalya,2,1025.0,2.0,1.0,39.98
Super built-up  Area,18-Mar,Raja Rajashweri Nagar,3,1410.0,2.0,2.0,45.12
Super built-up  Area,Ready To Move,Thyagaraja Nagar,3,1270.0,2.0,2.0,95.25
Super built-up  Area,Ready To Move,VHBCS Layout,3,1353.0,2.0,2.0,110.0
Plot  Area,18-Feb,Jinkethimmanahalli,2,1200.0,2.0,1.0,68.0
Super built-up  Area,Ready To Move,basaveshwarnagar,3,1250.0,2.0,1.0,70.0
Super built-up  Area,19-Mar,Gopalapura,3,1950.2,3.0,2.0,261.0
Super built-up  Area,Ready To Move,Thyagaraja Nagar,2,1040.0,2.0,1.0,68.0
Super built-up  Area,19-Mar,Gopalapura,3,2171.66,3.0,2.0,298.0
Super built-up  Area,Ready To Move,Kanaka Nagar,2,900.0,2.0,1.0,40.0
Super built-up  Area,18-May,"Banashankari 3rd stage, Vivekanandanagar",3,1600.0,3.0,1.0,100.0
Plot  Area,Ready To Move,Annaiah Reddy Layout,1,540.0,1.0,0.0,22.0
Super built-up  Area,18-Dec,Gopalapura,3,1950.2,3.0,2.0,193.0
Super built-up  Area,Ready To Move,Atmananda Colony,2,1125.0,2.0,2.0,55.0
Super built-up  Area,Ready To Move,Channasandra Layout,3,1563.0,2.0,2.0,52.0
Plot  Area,Ready To Move,4th Block Jayanagar,7,2240.0,4.0,1.0,700.0
Super built-up  Area,Ready To Move,Amam Enclave Layout,2,1013.0,2.0,2.0,60.0
Super built-up  Area,Ready To Move,4th T block Jayanagar,3,2100.0,3.0,3.0,220.0
Carpet  Area,Ready To Move,Anantapura,3,1600.0,3.0,2.0,77.0
Super built-up  Area,Ready To Move,Ayappa Nagar,2,1190.0,2.0,1.0,48.0
Super built-up  Area,Ready To Move,Ashwath Nagar,3,1625.0,3.0,2.0,95.0
Super built-up  Area,Ready To Move,Classic Paradise Layout,2,1210.0,2.0,2.0,53.0
Plot  Area,Ready To Move,Nagasandra,2,1500.0,2.0,0.0,91.0
Plot  Area,Ready To Move,Jayanti Nagar,5,1600.0,5.0,2.0,140.0
Built-up  Area,Ready To Move,Doddakammanahalli,2,1160.0,2.0,3.0,55.0
Super built-up  Area,Ready To Move,Tasker Town,2,930.0,1.0,1.0,55.0
Super built-up  Area,Ready To Move,Nallurhalli,2,1053.0,2.0,3.0,44.0
Super built-up  Area,Ready To Move,Hoysalanagar,3,1325.0,2.0,3.0,56.0
Super built-up  Area,18-Nov,manyata,2,1169.0,2.0,1.0,50.11
Super built-up  Area,20-Jan,Badavala Nagar,2,1274.0,2.0,1.0,90.0
Built-up  Area,Ready To Move,Bhuvaneswari Nagar,4,2400.0,3.0,0.0,185.0
Super built-up  Area,18-Aug,2nd Phase JP Nagar,2,1070.0,2.0,2.0,38.0
Built-up  Area,Ready To Move,RWF West Colony,3,1427.0,2.0,2.0,85.0
Super built-up  Area,Ready To Move,Langford Town,2,2031.0,2.0,2.0,200.0
Plot  Area,Ready To Move,Maruthi Sevanagar,4,2000.0,3.0,1.0,180.0
Super built-up  Area,Ready To Move,Hessarghatta,2,1062.0,2.0,1.0,50.0
Super built-up  Area,Ready To Move,Mysore Highway,1,700.0,1.0,1.0,25.5
Plot  Area,Ready To Move,Kammagondahalli,3,1200.0,3.0,2.0,120.0
Super built-up  Area,Ready To Move,LIC Colony,2,1200.0,2.0,1.0,115.0
Super built-up  Area,Ready To Move,Glass Factory Layout,3,1450.0,3.0,3.0,65.0
Plot  Area,Ready To Move,Gaurava Nagar,5,1650.0,6.0,2.0,200.0
Super built-up  Area,Ready To Move,Dollars Colony,3,2000.0,3.0,3.0,200.0
Plot  Area,Ready To Move,Thyagaraja Nagar,1,1675.0,1.0,0.0,241.0
Super built-up  Area,Ready To Move,Siddapura,2,1150.0,2.0,2.0,90.0
Super built-up  Area,20-Dec,Akshayanagara East,1,595.0,1.0,1.0,40.0
Plot  Area,Ready To Move,Kumbalgodu,4,3750.0,4.0,2.0,190.0
Plot  Area,Ready To Move,Siddapura,3,5480.0,4.0,2.0,400.0
Built-up  Area,Ready To Move,Mallappa Layout,3,1500.0,3.0,2.0,75.0
Plot  Area,Ready To Move,Dodsworth Layout,3,5656.0,5.0,0.0,499.0
Super built-up  Area,Ready To Move,Vinayak Nagar,2,1300.0,2.0,1.0,33.0
Super built-up  Area,18-May,Silk Board,3,1250.0,3.0,2.0,54.0
Super built-up  Area,Ready To Move,Ankappa Layout,3,1425.0,2.0,2.0,65.0
Plot  Area,Ready To Move,Sidedahalli,2,1200.0,1.0,0.0,50.0
Plot  Area,Ready To Move,Versova Layout,4,3700.0,4.0,2.0,400.0
Carpet  Area,Ready To Move,Doopanahalli,3,1625.0,3.0,1.0,150.0
Built-up  Area,Ready To Move,3rd Stage Raja Rajeshwari Nagar,2,1300.0,3.0,1.0,65.0
Super built-up  Area,Ready To Move,Manayata Tech Park,2,1150.0,2.0,2.0,47.0
Super built-up  Area,Ready To Move,Coconut Grove Layout,3,1515.0,3.0,3.0,80.5
Super built-up  Area,Ready To Move,Byrasandra,2,1250.0,2.0,2.0,65.0
Super built-up  Area,18-May,Dominic Layout,3,1115.0,3.0,1.0,39.14
Super built-up  Area,Ready To Move,Silver Springs Layout,3,1550.0,2.0,3.0,70.0
Super built-up  Area,Ready To Move,Gopalkrishna Nagar,3,2505.0,3.0,2.0,165.0
Super built-up  Area,18-Oct,Chennammana Kere,3,1705.0,2.0,1.0,86.96
Super built-up  Area,Ready To Move,KAMAKIYA,3,1650.0,3.0,2.0,135.0
Super built-up  Area,Ready To Move,Wheelers Road,2,925.0,2.0,1.0,68.0
Super built-up  Area,Ready To Move,Alfa Garden Layout,2,1190.0,2.0,2.0,46.41
Plot  Area,Ready To Move,Sector 6 HSR Layout,6,2400.0,5.0,2.0,750.0
Built-up  Area,Ready To Move,Rajiv Gandhi Nagar,3,1750.0,3.0,2.0,100.0
Super built-up  Area,Ready To Move,Nagashetty Halli,4,16335.0,4.0,2.0,149.0
Super built-up  Area,Ready To Move,Doddagubbi,1,747.0,1.0,2.0,27.0
Super built-up  Area,Ready To Move,Motappa Layout,2,1113.0,2.0,1.0,52.0
Super built-up  Area,Ready To Move,Devarabeesana Halli,3,1738.0,3.0,2.0,110.0
Built-up  Area,Ready To Move,Kattigenahalli,6,3500.0,6.0,2.0,115.0
Super built-up  Area,Ready To Move,Soundarya Layout,2,900.0,2.0,2.0,27.0
Super built-up  Area,Ready To Move,Mahalakshmi Layout,3,1876.0,3.0,1.0,150.0
Super built-up  Area,Ready To Move,Brooke Bond First Cross,3,1720.0,3.0,1.0,95.0
Super built-up  Area,Ready To Move,Nagawara Junction,1,500.0,1.0,2.0,51.0
Built-up  Area,Ready To Move,Green View Layout,2,850.0,2.0,2.0,45.0
Super built-up  Area,18-Oct,Chennammanakere Achukattu,2,1020.0,2.0,2.0,52.0
Plot  Area,Ready To Move,"beml layout, basaveshwara nagar",3,2400.0,2.0,1.0,360.0
Plot  Area,Ready To Move,2nd Block Hrbr Layout,4,1350.0,4.0,3.0,235.0
Super built-up  Area,Ready To Move,Bank Of Baroda Colony,2,1005.0,2.0,2.0,40.0
Super built-up  Area,Ready To Move,Vijinapura,2,1290.0,2.0,2.0,71.95
Built-up  Area,Ready To Move,3rd Block Hrbr Layout,3,1650.0,3.0,2.0,140.0
Built-up  Area,Ready To Move,Chennappa Layout,2,1220.0,2.0,2.0,52.0
Built-up  Area,Ready To Move,1st Block HBR Layout,4,3150.0,4.0,2.0,150.0
Built-up  Area,Ready To Move,Kadugondanahalli,5,2000.0,5.0,2.0,75.0
Super built-up  Area,Ready To Move,Sadhguru Layout,1,2559.0,1.0,1.0,55.0
Super built-up  Area,Ready To Move,Tejaswini Nagar,1,720.0,1.0,2.0,28.0
Built-up  Area,Ready To Move,Richards Town,2,1100.0,2.0,1.0,90.0
Super built-up  Area,Ready To Move,Chikbasavanapura,2,1220.0,2.0,2.0,60.0
Built-up  Area,21-Dec,"Electronic City Phase 1,",3,1500.0,3.0,2.0,50.0
Super built-up  Area,Ready To Move,"JP Nagar 8th Phase,",4,5000.0,5.0,2.0,250.0
Super built-up  Area,Ready To Move,Lake City,1,600.0,1.0,1.0,22.8
Super built-up  Area,Ready To Move,Bhagyalakshmi Avenue,1,540.0,1.0,2.0,24.0
Super built-up  Area,Ready To Move,Dodda Banaswadi,3,1650.0,3.0,2.0,78.0
Super built-up  Area,18-Apr,Chuchangatta Colony,3,1250.0,3.0,2.0,44.0
Super built-up  Area,18-Aug,Hanuman Nagar,3,2072.0,3.0,2.0,108.0
Built-up  Area,Ready To Move,Shree Ananth Nagar Layout,2,1154.0,2.0,1.0,57.0
Super built-up  Area,Ready To Move,Devasthanagalu,2,1057.0,2.0,1.0,42.0
Plot  Area,18-May,Doddagubbi,4,1200.0,4.0,1.0,85.0
Super built-up  Area,Ready To Move,Gulimangala,2,980.0,2.0,3.0,35.0
Plot  Area,Ready To Move,1st Stage Indira Nagar,4,2400.0,4.0,1.0,500.0
Super built-up  Area,18-Dec,Tunganagara,3,1270.0,2.0,1.0,35.56
Super built-up  Area,Ready To Move,4th T block Jayanagar,3,2400.0,3.0,2.0,185.0
Built-up  Area,Ready To Move,Nagasandra,8,4000.0,8.0,3.0,160.0
Super built-up  Area,22-Jan,Vajarahalli,3,1432.0,3.0,2.0,79.0
Super built-up  Area,Ready To Move,Seetharampalya,3,1500.0,3.0,3.0,90.0
Super built-up  Area,Ready To Move,Byadarahalli,4,3500.0,3.0,3.0,425.0
Built-up  Area,Ready To Move,Siddapura,4,3100.0,5.0,0.0,425.0
Super built-up  Area,Ready To Move,Kengeri Satellite Town KHB Apartment,3,1100.0,2.0,2.0,45.0
Super built-up  Area,Ready To Move,Tirumanahalli,2,1260.0,2.0,1.0,55.0
Plot  Area,Ready To Move,Subhash Nagar,4,1200.0,4.0,1.0,110.0
Plot  Area,Ready To Move,Sunkadakatte,1,600.0,1.0,0.0,24.0
Super built-up  Area,Ready To Move,Carmelaram,3,1770.0,3.0,2.0,99.0
Plot  Area,Ready To Move,Vasanth nagar,6,2295.0,3.0,0.0,650.0
Super built-up  Area,Ready To Move,Jogupalya,3,1800.0,3.0,1.0,130.0
Super built-up  Area,Ready To Move,Kuvempu Nagar,2,1375.0,2.0,1.0,45.0
Super built-up  Area,18-Mar,Vasanth nagar,4,4750.0,6.0,1.0,948.0
Super built-up  Area,Ready To Move,Gopalkrishna Nagar,3,1570.0,2.0,2.0,95.0
Super built-up  Area,20-Apr,Langford Gardens,3,2777.29,5.0,2.0,649.0
Super built-up  Area,Ready To Move,Shanti Nagar,3,2250.0,3.0,0.0,180.0
Built-up  Area,Ready To Move,Defence Colony,2,1270.0,2.0,2.0,172.0
Super built-up  Area,Ready To Move,Akshayanagara East,2,1145.0,2.0,2.0,44.0
Built-up  Area,Ready To Move,Doddanakunte,5,2700.0,5.0,2.0,150.0
Built-up  Area,18-Mar,Bettahalsoor,5,3210.0,2.0,2.0,353.0
Super built-up  Area,18-Jun,Madiwala,2,1165.0,2.0,2.0,45.0
Super built-up  Area,Ready To Move,Duddanahalli,3,1340.0,2.0,2.0,47.0
Plot  Area,Ready To Move,"Beml layout, Rajarajeshwari nagar",4,1200.0,5.0,2.0,325.0
Super built-up  Area,Ready To Move,Yemlur,2,1210.0,2.0,1.0,60.0
Super built-up  Area,Ready To Move,Sector 1 HSR Layout,3,1684.0,3.0,2.0,86.0
Super built-up  Area,Ready To Move,Sai Gardens,3,1686.0,3.0,3.0,77.0
Super built-up  Area,Ready To Move,Bikasipura,3,1654.0,3.0,3.0,82.0
Built-up  Area,Ready To Move,Gulakamale,2,1200.0,2.0,3.0,50.0
Super built-up  Area,Ready To Move,Mahalakshmi Puram,3,1950.0,3.0,3.0,132.0
Plot  Area,Ready To Move,Konanakunte Cross,3,1200.0,2.0,2.0,130.0
Built-up  Area,Ready To Move,Arishinakunte,4,2400.0,4.0,1.0,150.0
Super built-up  Area,Ready To Move,Jakkasandra,3,1600.0,3.0,2.0,102.0
Built-up  Area,Ready To Move,Shanthala Nagar,3,3290.0,4.0,2.0,460.0
Super built-up  Area,18-May,Chellikere,2,1088.0,2.0,2.0,46.0
Super built-up  Area,Ready To Move,Chikkadunnasandra,2,1200.0,2.0,2.0,45.0
Built-up  Area,Ready To Move,Kavika Layout,6,1800.0,6.0,2.0,101.0
Carpet  Area,Ready To Move,Dinnur,2,1100.0,2.0,2.0,65.0
Super built-up  Area,17-Sep,Lingarajapuram,2,1035.0,2.0,2.0,55.0
Super built-up  Area,Ready To Move,Nandini Layout,2,600.0,3.0,2.0,72.0
Super built-up  Area,Ready To Move,Zuzuvadi,3,1200.0,3.0,3.0,75.0
Super built-up  Area,Ready To Move,Harsha Layout,1,450.0,1.0,1.0,20.0
Super built-up  Area,Ready To Move,Infantry Road,5,4000.0,5.0,2.0,680.0
Super built-up  Area,Ready To Move,Kanakapura main  Road,3,1495.0,2.0,2.0,52.33
Plot  Area,Ready To Move,B Channasandra,5,1650.0,5.0,1.0,450.0
Super built-up  Area,Ready To Move,Jakkur Plantation,3,1719.0,3.0,3.0,95.0
Super built-up  Area,Ready To Move,Vishwapriya Layout,2,890.0,2.0,3.0,37.0
Super built-up  Area,Ready To Move,Reliaable Tranquil Layout,2,1190.0,2.0,1.0,55.0
Super built-up  Area,Ready To Move,Virupakshapura,2,1162.0,2.0,1.0,48.0
Super built-up  Area,Ready To Move,Bhagyalakshmi Avenue,1,540.0,1.0,1.0,22.5
Built-up  Area,Ready To Move,Singapura Village,2,970.0,2.0,0.0,45.0
Super built-up  Area,Ready To Move,Sathya Layout,2,1084.0,2.0,1.0,51.0
Super built-up  Area,Ready To Move,Doddabanahalli,3,1500.0,3.0,2.0,85.0
Super built-up  Area,Ready To Move,Seetharampalya,3,1360.0,2.0,2.0,73.0
Built-up  Area,Ready To Move,"Sarjapur Road,",2,1182.0,2.0,1.0,64.0
Plot  Area,Ready To Move,Agrahara Dasarahalli,3,1350.0,1.0,0.0,120.0
Super built-up  Area,Ready To Move,KEB Colony,3,1500.0,3.0,1.0,90.0
Super built-up  Area,Ready To Move,Chikku Lakshmaiah Layout,3,2292.0,2.0,1.0,285.0
Plot  Area,Ready To Move,Sri Balaji Krupa Layout,4,1750.0,4.0,2.0,263.0
Super built-up  Area,Ready To Move,Hennur Gardens,3,1945.0,3.0,2.0,135.0
Plot  Area,Ready To Move,HAL 2nd Stage,5,2040.0,4.0,1.0,500.0
Super built-up  Area,18-Jul,Shantiniketan Layout,4,2710.0,5.0,3.0,142.0
Super built-up  Area,Ready To Move,Ramanashree Enclave,2,1075.0,2.0,2.0,58.0
Built-up  Area,Ready To Move,Devi Nagar,3,1410.0,3.0,3.0,68.0
Super built-up  Area,Ready To Move,Kenchenhalli,3,1786.0,3.0,2.0,79.99
Super built-up  Area,Ready To Move,BCMC Layout,3,1369.0,2.0,3.0,72.0
Super built-up  Area,Ready To Move,Gollahalli,2,1418.0,2.0,1.0,62.0
Super built-up  Area,Ready To Move,Nayandanahalli,2,1035.0,2.0,2.0,60.0
Super built-up  Area,Ready To Move,Sindhi Colony,5,5665.84,7.0,2.0,988.0
Super built-up  Area,18-Apr,Nanjappa Layout,2,1232.0,2.0,1.0,94.28
Super built-up  Area,Ready To Move,Chinnapanahalli,2,980.0,2.0,1.0,41.0
Super built-up  Area,Ready To Move,Sathya Sai Layout,4,6652.0,6.0,1.0,660.0
Super built-up  Area,Ready To Move,Maragondanahalli,2,1307.0,2.0,2.0,59.0
Super built-up  Area,18-May,Roopena Agrahara,3,1215.0,2.0,2.0,49.86
Super built-up  Area,Ready To Move,Kanakapur main road,2,1025.0,2.0,2.0,43.04
Built-up  Area,19-Dec,Church Street,4,2920.0,4.0,3.0,536.0
Built-up  Area,Ready To Move,BCC Layout,4,2700.0,3.0,2.0,230.0
Super built-up  Area,Ready To Move,Mariyannapalya,2,1125.0,2.0,2.0,46.0
Super built-up  Area,Ready To Move,Nobo Nagar,2,1200.0,2.0,2.0,45.0
Plot  Area,Ready To Move,Sathya Sai Layout,4,6688.0,6.0,1.0,700.0
Super built-up  Area,Ready To Move,Crimson Layout,3,1830.0,3.0,2.0,95.0
Built-up  Area,Ready To Move,"Thanisandra Main Road,",4,2872.0,4.0,3.0,183.0
Super built-up  Area,Ready To Move,Kumarapalli,3,1486.0,2.0,2.0,65.0
Built-up  Area,Ready To Move,Medahalli,9,4600.0,9.0,2.0,150.0
Super built-up  Area,19-Jun,Mallathahalli,2,1100.0,2.0,2.0,64.08
Super built-up  Area,Ready To Move,Dodda Nekkundi Extension,3,1975.0,3.0,3.0,90.0
Built-up  Area,Ready To Move,Doddabommasandra,2,1600.0,2.0,1.0,90.0
Super built-up  Area,18-May,Puttanahalli,2,1100.0,2.0,2.0,32.0
Super built-up  Area,Ready To Move,Makali,1,530.0,1.0,1.0,18.0
Built-up  Area,Ready To Move,Green View Layout,2,1010.0,2.0,1.0,41.0
Plot  Area,Ready To Move,Prasanna layout Herohalli,6,1800.0,5.0,1.0,140.0
Super built-up  Area,Ready To Move,Kodbisanhalli,2,1012.0,2.0,1.0,62.0
Super built-up  Area,Ready To Move,Hadosiddapura,2,1090.0,2.0,2.0,55.0
Built-up  Area,Ready To Move,Sarvobhogam Nagar,3,1490.0,3.0,0.0,140.0
Super built-up  Area,Ready To Move,Near International Airport,2,1330.0,2.0,1.0,56.0
Plot  Area,Ready To Move,Ramakrishnappa Layout,4,9200.0,4.0,2.0,2600.0
Built-up  Area,Ready To Move,Palace Road,2,1650.0,1.0,1.0,130.0
Plot  Area,Ready To Move,Defence Colony,6,8000.0,6.0,3.0,2800.0
Super built-up  Area,Ready To Move,Singanayakanahalli,3,1480.0,2.0,0.0,75.0
Super built-up  Area,Ready To Move,Jalahalli West,2,745.0,2.0,1.0,36.0
Plot  Area,Ready To Move,Rajarajeshwari nagar,4,1200.0,5.0,2.0,325.0
Super built-up  Area,Ready To Move,Gopalkrishna Nagar,2,1155.0,2.0,1.0,64.0
Super built-up  Area,Ready To Move,Reliaable Tranquil Layout,3,1508.0,3.0,1.0,77.0
Built-up  Area,Ready To Move,7th Block Jayanagar,3,1903.0,2.0,1.0,293.0
Carpet  Area,19-Jan,Hennur Bande,2,1200.0,2.0,3.0,70.0
Super built-up  Area,Ready To Move,12th cross srinivas nagar banshankari 3rd stage,1,1800.0,1.0,1.0,200.0
Plot  Area,Ready To Move,5th Stage BEML Layout,4,1200.0,5.0,2.0,325.0
Plot  Area,Ready To Move,Havanur extension,3,2000.0,2.0,2.0,360.0
Built-up  Area,Ready To Move,Abshot Layout,2,1140.0,1.0,1.0,185.0
Super built-up  Area,Ready To Move,Maragondanahalli,2,1095.0,2.0,1.0,57.0
Built-up  Area,Ready To Move,Reliaable Tranquil Layout,2,1256.0,2.0,1.0,65.0
Plot  Area,18-Jan,Weavers Colony,1,812.0,1.0,0.0,26.0
Super built-up  Area,18-Jul,Udayapur Village,3,1440.0,2.0,2.0,63.93
Super built-up  Area,Ready To Move,Annaiah Reddy Layout,2,1075.0,2.0,2.0,48.0
Plot  Area,Ready To Move,Rajarajeshwari Nagara,4,1200.0,5.0,2.0,325.0
Super built-up  Area,Ready To Move,Richards Town,4,3600.0,5.0,2.0,400.0
